trial_id,protocol_id,country,region,therapeutic_area,phase,indication,sponsor_type,protocol_complexity_score,num_visits,num_inclusion_criteria,num_exclusion_criteria,biomarker_required,prior_therapy_restriction,placebo_controlled,site_pi_id,pi_experience_years,pi_prior_trials_same_indication,coordinator_count,gcp_training_valid,competing_trials_same_indication_region,eligible_patient_pool_estimate,expected_duration_years,estimated_start_date,actual_first_patient_in,actual_last_patient_in,estimated_completion_date,fpi_delay_days,recruitment_window_days,schedule_slip_days,start_quarter,start_year,regulatory_authority_type,regulatory_submission_date,regulatory_approval_date,regulatory_delay_days,import_license_required,ec_type,ec_submission_date,ec_approval_date,ec_approval_delay_days,ec_submission_to_fpi_days,num_ec_amendments,adv_poster,adv_pamphlet,adv_email,adv_online,adv_newsletter,adv_newspaper,adv_radio,adv_tv,adv_community_presentation,adv_other,adv_other_specify,num_active_strategies,num_passive_strategies,total_strategies,active_outreach_flag,passive_only_flag,digital_flag,ad_cost_total,screen_failure_rate,actual_enrolled,enrollment_rate_per_month,best_channel,best_channel_label
SITE-00000,PROTO-C_NEURO,Poland,Europe,Neurology,II,Alzheimer's,Academic,7,14,10,12,1,0,0,PI-020,9,2,3,1,4,56,4.0,2021-06-10,2021-07-22,2025-03-25,2025-05-07,42,1342,-43,3,2021,EMA,2020-11-26,2021-03-24,118,1,CEC,2021-01-18,2021-03-25,66,185,2,1,1,1,0,0,0,0,1,1,0,,2,3,5,1,0,1,6250,0.529,43,0.96,adv_community_presentation,Community
SITE-00001,PROTO-C_NEURO,India,Asia,Neurology,II,Alzheimer's,Academic,7,14,10,12,1,0,0,PI-024,9,0,1,1,4,79,3.9,2022-12-31,2023-02-27,2026-11-06,2026-10-28,58,1348,9,1,2023,Other,2022-09-05,2022-10-18,43,1,LEC,2022-10-20,2022-11-18,29,130,1,1,1,1,0,0,0,0,0,0,1,Patient registry outreach,2,2,4,1,0,1,1450,0.526,64,1.42,adv_email,Email
SITE-00002,PROTO-C_NEURO,Poland,Europe,Neurology,II,Alzheimer's,Academic,7,14,10,12,1,0,0,PI-028,4,7,5,1,4,123,3.3,2023-05-21,2023-07-10,2026-08-23,2026-08-25,50,1140,-2,3,2023,EMA,2023-02-22,2023-04-07,44,1,LEC,2023-03-18,2023-04-15,28,114,0,1,1,1,0,0,0,0,0,0,0,,1,2,3,1,0,1,850,0.545,104,2.74,adv_email,Email
SITE-00003,PROTO-B_CARDIO,Spain,Europe,Cardiology,II,Heart Failure,Biotech,5,9,8,10,0,1,1,PI-002,24,2,1,1,0,1028,2.1,2021-09-16,2022-03-21,2024-02-04,2024-01-31,186,685,4,1,2022,EMA,2021-06-30,2021-12-13,166,1,LEC,2021-08-05,2021-09-01,27,228,2,1,1,0,1,0,1,0,1,0,0,,1,4,5,1,0,1,7350,0.482,400,17.52,adv_online,Online
SITE-00004,PROTO-A_ONCO,Japan,Asia,Oncology,III,NSCLC,Pharma,8,18,12,15,1,1,1,PI-027,24,4,4,0,5,223,1.7,2021-12-12,2021-12-14,2023-06-26,2023-07-10,2,559,-14,4,2021,PMDA,2021-06-17,2021-10-20,125,1,CEC,2021-07-16,2021-09-17,63,151,1,1,1,0,1,0,0,1,0,0,1,Patient registry outreach,2,3,5,1,0,1,3650,0.616,108,5.8,adv_online,Online
SITE-00005,PROTO-C_NEURO,Germany,Europe,Neurology,II,Alzheimer's,Academic,7,14,10,12,1,0,0,PI-001,17,9,1,1,0,110,1.5,2021-12-04,2021-12-14,2023-03-03,2023-04-05,10,444,-33,4,2021,EMA,2021-04-21,2021-07-27,97,1,CEC,2021-06-04,2021-09-10,98,193,1,1,1,1,0,0,1,0,0,0,0,,1,3,4,1,0,1,1650,0.608,144,9.73,adv_email,Email
SITE-00006,PROTO-A_ONCO,Germany,Europe,Oncology,III,NSCLC,Pharma,8,18,12,15,1,1,1,PI-008,5,0,1,1,7,146,1.2,2021-09-10,2021-11-08,2022-09-20,2022-08-12,59,316,39,4,2021,EMA,2021-01-29,2021-05-05,96,1,CEC,2021-03-12,2021-07-21,131,241,4,1,1,1,0,0,0,0,0,0,0,,1,2,3,1,0,1,850,0.532,17,1.61,adv_email,Email
SITE-00007,PROTO-B_CARDIO,Poland,Europe,Cardiology,II,Heart Failure,Biotech,5,9,8,10,0,1,1,PI-026,24,0,2,1,2,1052,2.6,2021-05-05,2021-06-27,2023-11-29,2023-11-25,53,885,4,2,2021,EMA,2020-12-26,2021-04-04,99,1,LEC,2021-02-22,2021-04-04,41,125,1,1,1,0,0,0,1,0,0,0,0,,0,3,3,0,1,0,1150,0.377,400,13.56,adv_poster,Poster
SITE-00008,PROTO-A_ONCO,USA,North America,Oncology,III,NSCLC,Pharma,8,18,12,15,1,1,1,PI-001,13,2,2,1,4,158,2.7,2022-03-11,2022-02-24,2024-10-08,2024-10-01,-15,957,7,1,2022,FDA,2021-09-17,2021-12-24,98,0,IRB,2021-10-25,2022-01-19,86,122,0,1,1,0,0,0,0,0,0,0,0,,0,2,2,0,1,0,350,0.664,67,2.1,adv_poster,Poster
SITE-00009,PROTO-A_ONCO,India,Asia,Oncology,III,NSCLC,Pharma,8,18,12,15,1,1,1,PI-010,17,1,3,1,6,294,3.0,2021-02-12,2021-06-25,2024-03-31,2024-04-06,133,1010,-6,2,2021,Other,2020-11-13,2021-03-17,124,1,LEC,2020-12-04,2021-01-05,32,203,0,1,0,0,1,0,0,0,0,1,0,,2,1,3,1,0,1,1800,0.559,162,4.81,adv_community_presentation,Community
SITE-00010,PROTO-A_ONCO,Poland,Europe,Oncology,III,NSCLC,Pharma,8,18,12,15,1,1,1,PI-012,18,2,5,1,4,219,1.9,2021-01-19,2021-05-08,2023-01-05,2022-12-06,109,607,30,2,2021,EMA,2020-10-02,2021-01-15,105,1,LEC,2020-10-30,2020-12-29,60,190,4,1,0,1,1,0,0,0,0,0,1,Patient registry outreach,3,1,4,1,0,1,2500,0.529,115,5.68,adv_email,Email
SITE-00011,PROTO-A_ONCO,Poland,Europe,Oncology,III,NSCLC,Pharma,8,18,12,15,1,1,1,PI-028,7,2,2,1,2,126,2.7,2021-12-31,2022-04-22,2024-10-02,2024-10-26,112,894,-24,2,2022,EMA,2021-10-15,2022-01-23,100,1,LEC,2021-11-10,2021-12-21,41,163,3,1,1,0,0,0,0,0,0,1,0,,1,2,3,1,0,0,750,0.563,66,2.21,adv_community_presentation,Community
SITE-00012,PROTO-A_ONCO,USA,North America,Oncology,III,NSCLC,Pharma,8,18,12,15,1,1,1,PI-016,22,1,5,1,5,151,3.1,2022-02-19,2022-06-14,2025-06-04,2025-05-26,115,1086,9,2,2022,FDA,2021-11-01,2022-04-23,173,0,IRB,2021-11-13,2022-02-04,83,213,3,1,1,0,0,0,0,0,0,0,0,,0,2,2,0,1,0,350,0.533,119,3.29,adv_poster,Poster
SITE-00013,PROTO-A_ONCO,USA,North America,Oncology,III,NSCLC,Pharma,8,18,12,15,1,1,1,PI-025,7,6,1,1,7,52,1.1,2022-05-26,2022-06-07,2023-05-29,2023-06-14,12,356,-16,2,2022,FDA,2022-01-04,2022-03-29,84,0,CEC,2022-03-02,2022-05-06,65,97,8,1,1,0,0,0,0,0,0,1,0,,1,2,3,1,0,0,750,0.621,9,0.76,adv_community_presentation,Community
SITE-00014,PROTO-A_ONCO,USA,North America,Oncology,III,NSCLC,Pharma,8,18,12,15,1,1,1,PI-026,16,8,3,1,7,159,1.8,2023-09-11,2023-06-13,2025-02-28,2025-03-10,-90,626,-10,2,2023,FDA,2023-03-14,2023-06-04,82,0,CEC,2023-03-29,2023-06-15,78,76,1,1,1,1,0,0,0,0,0,0,0,,1,2,3,1,0,1,850,0.523,69,3.31,adv_email,Email
SITE-00015,PROTO-B_CARDIO,UK,Europe,Cardiology,II,Heart Failure,Biotech,5,9,8,10,0,1,1,PI-026,14,1,1,1,3,827,3.6,2021-01-08,2021-06-22,2024-10-14,2024-09-15,165,1210,29,2,2021,MHRA,2020-08-27,2021-01-30,156,1,LEC,2020-10-22,2020-11-25,34,243,2,0,1,1,0,0,0,0,0,0,0,,1,1,2,1,0,1,650,0.367,400,9.92,adv_email,Email
SITE-00016,PROTO-B_CARDIO,USA,North America,Cardiology,II,Heart Failure,Biotech,5,9,8,10,0,1,1,PI-024,21,4,2,1,4,1197,2.5,2023-08-24,2023-08-28,2026-01-28,2026-01-11,4,884,17,3,2023,FDA,2023-04-02,2023-05-22,50,0,IRB,2023-05-03,2023-07-04,62,117,1,1,0,1,1,0,1,0,0,1,1,Patient registry outreach,4,2,6,1,0,1,3700,0.357,400,13.57,adv_email,Email
SITE-00017,PROTO-B_CARDIO,India,Asia,Cardiology,II,Heart Failure,Biotech,5,9,8,10,0,1,1,PI-011,16,3,2,1,3,1091,2.8,2021-11-16,2022-02-11,2024-08-28,2024-07-29,87,929,30,1,2022,Other,2021-08-11,2021-09-12,32,1,LEC,2021-09-02,2021-10-27,55,162,2,1,1,1,0,0,0,0,0,1,0,,2,2,4,1,0,1,1250,0.454,400,12.92,adv_email,Email
SITE-00018,PROTO-A_ONCO,USA,North America,Oncology,III,NSCLC,Pharma,8,18,12,15,1,1,1,PI-027,2,4,4,1,6,171,2.1,2022-11-22,2023-03-06,2025-02-20,2025-02-24,104,717,-4,1,2023,FDA,2022-07-17,2023-01-07,174,0,IRB,2022-08-10,2022-10-01,52,208,4,1,1,1,0,0,1,0,0,0,0,,1,3,4,1,0,1,1650,0.598,56,2.34,adv_email,Email
SITE-00019,PROTO-B_CARDIO,Germany,Europe,Cardiology,II,Heart Failure,Biotech,5,9,8,10,0,1,1,PI-026,16,2,5,1,3,1039,2.8,2023-07-21,2023-09-14,2026-04-08,2026-02-22,55,937,45,3,2023,EMA,2023-01-25,2023-03-22,56,1,CEC,2023-03-18,2023-05-27,70,180,3,0,1,1,0,1,0,0,0,1,0,,2,2,4,1,0,1,1350,0.46,400,12.81,adv_email,Email
SITE-00020,PROTO-A_ONCO,UK,Europe,Oncology,III,NSCLC,Pharma,8,18,12,15,1,1,1,PI-020,9,3,2,1,2,150,2.0,2022-03-12,2022-06-13,2024-02-17,2024-01-03,93,614,45,2,2022,MHRA,2021-10-24,2022-01-24,92,1,LEC,2021-12-07,2022-02-05,60,188,3,1,1,0,0,0,1,0,0,0,0,,0,3,3,0,1,0,1150,0.577,68,3.32,adv_poster,Poster
SITE-00021,PROTO-A_ONCO,USA,North America,Oncology,III,NSCLC,Pharma,8,18,12,15,1,1,1,PI-029,9,2,3,1,3,179,2.4,2022-02-28,2022-04-15,2024-08-08,2024-07-28,46,846,11,2,2022,FDA,2021-11-30,2022-03-17,107,0,IRB,2021-12-10,2022-01-26,47,126,3,0,0,0,0,0,0,0,0,1,0,,1,0,1,1,0,0,400,0.606,73,2.59,adv_community_presentation,Community
SITE-00022,PROTO-B_CARDIO,Germany,Europe,Cardiology,II,Heart Failure,Biotech,5,9,8,10,0,1,1,PI-017,20,2,3,0,4,731,3.6,2021-10-12,2021-12-11,2025-03-03,2025-02-17,60,1178,14,4,2021,EMA,2021-03-10,2021-08-15,158,1,CEC,2021-03-21,2021-07-25,126,265,3,0,1,0,0,1,0,0,0,1,0,,1,2,3,1,0,0,850,0.451,400,10.19,adv_community_presentation,Community
SITE-00023,PROTO-B_CARDIO,Poland,Europe,Cardiology,II,Heart Failure,Biotech,5,9,8,10,0,1,1,PI-021,8,3,5,1,1,782,3.7,2023-05-03,2023-09-11,2027-03-26,2027-05-12,131,1292,-47,3,2023,EMA,2022-12-29,2023-05-29,151,1,LEC,2023-02-13,2023-03-21,36,210,1,1,1,0,0,0,0,0,0,1,0,,1,2,3,1,0,0,750,0.348,400,9.29,adv_community_presentation,Community
SITE-00024,PROTO-C_NEURO,Germany,Europe,Neurology,II,Alzheimer's,Academic,7,14,10,12,1,0,0,PI-008,18,5,1,1,6,42,2.1,2022-10-03,2022-10-11,2024-08-12,2024-08-03,8,671,9,4,2022,EMA,2022-03-01,2022-05-11,71,1,CEC,2022-04-19,2022-07-15,87,175,3,0,0,1,1,0,0,1,0,0,0,,2,1,3,1,0,1,3200,0.507,28,1.25,adv_email,Email
SITE-00025,PROTO-A_ONCO,Canada,North America,Oncology,III,NSCLC,Pharma,8,18,12,15,1,1,1,PI-013,10,1,2,1,4,233,3.2,2023-06-02,2023-07-03,2026-08-11,2026-08-21,31,1135,-10,3,2023,Other,2023-01-11,2023-05-02,111,0,IRB,2023-02-12,2023-05-11,88,141,1,1,1,1,0,1,0,0,0,0,0,,1,3,4,1,0,1,1150,0.672,112,2.96,adv_email,Email
SITE-00026,PROTO-B_CARDIO,Japan,Asia,Cardiology,II,Heart Failure,Biotech,5,9,8,10,0,1,1,PI-026,13,1,2,0,1,1074,1.2,2022-04-22,2022-04-22,2023-04-23,2023-03-28,0,366,26,2,2022,PMDA,2021-09-27,2022-02-24,150,1,CEC,2021-10-22,2022-01-31,101,182,0,1,1,1,0,0,0,0,1,0,0,,1,3,4,1,0,1,5850,0.44,400,32.79,adv_email,Email
SITE-00027,PROTO-A_ONCO,Poland,Europe,Oncology,III,NSCLC,Pharma,8,18,12,15,1,1,1,PI-008,7,6,4,1,3,190,2.2,2023-07-26,2023-11-04,2025-09-18,2025-10-02,101,684,-14,4,2023,EMA,2023-05-01,2023-06-04,34,1,CEC,2023-05-15,2023-07-04,50,173,5,0,1,0,0,0,0,0,0,0,0,,0,1,1,0,1,0,150,0.584,97,4.25,adv_pamphlet,Pamphlet
SITE-00028,PROTO-A_ONCO,Japan,Asia,Oncology,III,NSCLC,Pharma,8,18,12,15,1,1,1,PI-010,16,0,3,1,2,94,3.6,2021-02-09,2021-05-02,2024-09-02,2024-08-22,82,1219,11,2,2021,PMDA,2020-10-31,2021-01-24,85,1,LEC,2020-11-12,2020-12-30,48,171,2,1,1,0,0,1,0,0,0,1,1,Patient registry outreach,2,3,5,1,0,0,1650,0.617,94,2.31,adv_community_presentation,Community
SITE-00029,PROTO-B_CARDIO,Poland,Europe,Cardiology,II,Heart Failure,Biotech,5,9,8,10,0,1,1,PI-001,8,4,5,1,6,966,3.3,2022-08-09,2022-08-20,2025-09-05,2025-08-18,11,1112,18,3,2022,EMA,2022-02-12,2022-04-19,66,1,CEC,2022-03-08,2022-05-19,72,165,2,1,1,1,0,1,1,0,0,1,0,,2,4,6,1,0,1,2350,0.369,400,10.79,adv_email,Email
SITE-00030,PROTO-B_CARDIO,UK,Europe,Cardiology,II,Heart Failure,Biotech,5,9,8,10,0,1,1,PI-029,12,4,5,1,4,1170,3.6,2022-01-17,2022-03-23,2025-07-22,2025-06-29,65,1217,23,1,2022,MHRA,2021-09-24,2021-12-09,76,1,LEC,2021-10-24,2021-12-11,48,150,4,0,0,1,0,0,0,0,0,0,0,,1,0,1,1,0,1,500,0.452,400,9.86,adv_email,Email
SITE-00031,PROTO-A_ONCO,Canada,North America,Oncology,III,NSCLC,Pharma,8,18,12,15,1,1,1,PI-008,21,2,1,1,3,148,3.0,2022-05-16,2022-08-07,2025-07-06,2025-08-13,83,1064,-38,3,2022,Other,2022-02-27,2022-06-08,101,0,IRB,2022-03-21,2022-04-30,40,139,2,0,0,1,1,1,0,0,0,0,0,,2,1,3,1,0,1,2000,0.54,122,3.44,adv_email,Email
SITE-00032,PROTO-B_CARDIO,Germany,Europe,Cardiology,II,Heart Failure,Biotech,5,9,8,10,0,1,1,PI-013,2,3,2,0,4,1072,3.7,2021-01-09,2021-04-14,2024-07-29,2024-10-01,95,1202,-64,2,2021,EMA,2020-07-03,2020-09-11,70,1,CEC,2020-08-20,2020-12-15,117,237,5,0,1,1,0,0,0,0,0,0,0,,1,1,2,1,0,1,650,0.459,400,9.98,adv_email,Email
SITE-00033,PROTO-A_ONCO,Poland,Europe,Oncology,III,NSCLC,Pharma,8,18,12,15,1,1,1,PI-015,20,1,3,1,5,20,1.1,2021-12-19,2022-04-19,2023-03-02,2023-04-02,121,317,-31,2,2022,EMA,2021-09-05,2022-01-06,123,1,LEC,2021-11-02,2021-12-03,31,168,3,1,0,0,1,1,0,0,0,1,0,,2,2,4,1,0,1,2100,0.664,5,0.47,adv_community_presentation,Community
SITE-00034,PROTO-A_ONCO,USA,North America,Oncology,III,NSCLC,Pharma,8,18,12,15,1,1,1,PI-005,17,4,5,1,4,134,1.9,2021-01-28,2021-02-14,2022-11-30,2022-10-15,17,654,46,1,2021,FDA,2020-09-24,2020-10-28,34,0,IRB,2020-11-09,2021-01-12,64,97,2,1,1,0,0,1,0,0,0,1,0,,1,3,4,1,0,0,1050,0.556,91,4.17,adv_community_presentation,Community
SITE-00035,PROTO-A_ONCO,Spain,Europe,Oncology,III,NSCLC,Pharma,8,18,12,15,1,1,1,PI-005,16,2,2,0,2,224,2.9,2021-02-04,2021-05-06,2023-12-25,2024-01-04,91,963,-10,2,2021,EMA,2020-11-11,2020-12-22,41,1,LEC,2020-11-25,2021-01-20,56,162,2,1,1,0,1,0,0,0,0,0,0,,1,2,3,1,0,1,1550,0.559,257,8.01,adv_online,Online
SITE-00036,PROTO-C_NEURO,USA,North America,Neurology,II,Alzheimer's,Academic,7,14,10,12,1,0,0,PI-011,24,2,2,1,3,98,1.6,2023-09-03,2023-09-28,2025-03-20,2025-03-19,25,539,1,3,2023,FDA,2023-03-20,2023-06-26,98,0,IRB,2023-05-16,2023-08-06,82,135,2,0,0,1,1,1,0,0,0,1,0,,3,1,4,1,0,1,2400,0.556,74,4.12,adv_community_presentation,Community
SITE-00037,PROTO-A_ONCO,USA,North America,Oncology,III,NSCLC,Pharma,8,18,12,15,1,1,1,PI-011,22,2,5,1,4,233,2.8,2023-08-26,2023-09-06,2026-05-02,2026-03-18,11,969,45,3,2023,FDA,2023-03-01,2023-04-08,38,0,IRB,2023-04-25,2023-07-29,95,134,3,1,1,0,0,1,1,0,1,0,0,,0,5,5,0,1,0,6450,0.557,186,5.76,adv_newsletter,Newsletter
SITE-00038,PROTO-C_NEURO,USA,North America,Neurology,II,Alzheimer's,Academic,7,14,10,12,1,0,0,PI-009,23,1,4,1,5,52,2.2,2021-12-11,2022-01-11,2024-03-03,2024-03-07,31,782,-4,1,2022,FDA,2021-08-13,2021-12-28,137,0,IRB,2021-09-22,2021-10-28,36,111,1,1,0,0,1,0,0,0,1,0,0,,1,2,3,1,0,1,6400,0.493,34,1.3,adv_online,Online
SITE-00039,PROTO-C_NEURO,Brazil,LATAM,Neurology,II,Alzheimer's,Academic,7,14,10,12,1,0,0,PI-007,11,4,3,1,5,106,1.7,2021-04-18,2021-09-13,2023-02-16,2023-01-06,148,521,41,3,2021,Other,2020-12-14,2021-06-11,179,1,LEC,2021-01-13,2021-03-06,52,243,1,1,1,1,0,0,0,0,0,1,1,Patient registry outreach,3,2,5,1,0,1,1850,0.588,56,3.22,adv_community_presentation,Community
SITE-00040,PROTO-A_ONCO,USA,North America,Oncology,III,NSCLC,Pharma,8,18,12,15,1,1,1,PI-005,2,3,4,1,2,178,2.8,2021-03-08,2021-03-22,2023-10-25,2023-11-10,14,947,-16,1,2021,FDA,2020-09-12,2021-01-05,115,0,CEC,2020-09-24,2021-01-04,102,179,5,1,0,0,0,0,0,0,0,0,0,,0,1,1,0,1,0,200,0.574,79,2.5,adv_poster,Poster
SITE-00041,PROTO-A_ONCO,Spain,Europe,Oncology,III,NSCLC,Pharma,8,18,12,15,1,1,1,PI-010,7,5,5,1,3,127,3.8,2023-08-27,2023-12-14,2027-08-05,2027-08-03,109,1330,2,4,2023,EMA,2023-07-06,2023-09-28,84,1,LEC,2023-07-18,2023-08-17,30,149,4,1,0,1,1,1,0,0,0,0,0,,2,2,4,1,0,1,2200,0.591,106,2.39,adv_email,Email
SITE-00042,PROTO-A_ONCO,Brazil,LATAM,Oncology,III,NSCLC,Pharma,8,18,12,15,1,1,1,PI-007,2,4,3,0,3,179,1.2,2021-01-12,2021-06-10,2022-05-23,2022-05-24,149,347,-1,2,2021,Other,2020-09-05,2021-02-22,170,1,LEC,2020-10-12,2020-12-02,51,241,2,1,1,1,0,0,0,0,0,0,0,,1,2,3,1,0,1,850,0.578,46,3.98,adv_email,Email
SITE-00043,PROTO-A_ONCO,Japan,Asia,Oncology,III,NSCLC,Pharma,8,18,12,15,1,1,1,PI-028,18,2,4,1,4,200,2.1,2021-04-02,2021-04-13,2023-03-08,2023-03-08,11,694,0,2,2021,PMDA,2020-09-20,2021-01-13,115,1,CEC,2020-11-05,2021-02-28,115,159,0,1,0,0,0,0,0,0,1,1,1,Patient registry outreach,2,2,4,1,0,0,6200,0.52,127,5.49,adv_community_presentation,Community
SITE-00044,PROTO-C_NEURO,UK,Europe,Neurology,II,Alzheimer's,Academic,7,14,10,12,1,0,0,PI-014,24,1,2,1,7,84,3.1,2022-07-26,2022-12-10,2025-09-21,2025-09-02,137,1016,19,4,2022,MHRA,2022-04-08,2022-07-04,87,1,LEC,2022-04-27,2022-06-18,52,227,3,1,1,1,0,0,0,0,0,0,0,,1,2,3,1,0,1,850,0.568,37,1.09,adv_email,Email
SITE-00045,PROTO-C_NEURO,Australia,APAC,Neurology,II,Alzheimer's,Academic,7,14,10,12,1,0,0,PI-010,20,1,5,1,3,141,2.5,2021-12-03,2022-01-11,2024-05-24,2024-05-21,39,864,3,1,2022,Other,2021-08-09,2021-11-19,102,1,LEC,2021-09-27,2021-10-24,27,106,1,0,1,1,0,0,0,0,0,1,0,,2,1,3,1,0,1,1050,0.506,144,5.0,adv_community_presentation,Community
SITE-00046,PROTO-C_NEURO,USA,North America,Neurology,II,Alzheimer's,Academic,7,14,10,12,1,0,0,PI-005,10,3,4,1,8,82,2.4,2023-06-23,2023-07-16,2025-11-18,2025-11-27,23,856,-9,3,2023,FDA,2023-02-21,2023-06-16,115,0,IRB,2023-03-25,2023-04-30,36,113,2,1,0,0,0,0,0,0,0,0,0,,0,1,1,0,1,0,200,0.506,29,1.02,adv_poster,Poster
SITE-00047,PROTO-C_NEURO,USA,North America,Neurology,II,Alzheimer's,Academic,7,14,10,12,1,0,0,PI-007,9,3,2,1,6,98,2.6,2021-08-22,2021-09-14,2024-02-16,2024-01-19,23,885,28,3,2021,FDA,2021-03-27,2021-05-09,43,0,IRB,2021-04-17,2021-07-13,87,150,5,1,0,0,0,0,0,0,0,0,0,,0,1,1,0,1,0,200,0.468,34,1.15,adv_poster,Poster
SITE-00048,PROTO-A_ONCO,India,Asia,Oncology,III,NSCLC,Pharma,8,18,12,15,1,1,1,PI-003,17,2,2,1,4,127,3.9,2021-04-27,2021-07-11,2025-01-12,2025-01-30,75,1281,-18,3,2021,Other,2020-09-17,2021-01-18,123,1,CEC,2020-10-15,2021-03-08,144,269,2,1,1,0,0,0,0,0,1,1,0,,1,3,4,1,0,0,5750,0.605,96,2.25,adv_community_presentation,Community
SITE-00049,PROTO-A_ONCO,India,Asia,Oncology,III,NSCLC,Pharma,8,18,12,15,1,1,1,PI-010,23,2,5,1,4,150,2.3,2022-12-05,2023-03-05,2025-05-01,2025-05-05,90,788,-4,1,2023,Other,2022-09-12,2023-01-09,119,1,LEC,2022-09-27,2022-11-21,55,159,0,1,1,0,0,0,1,0,0,0,0,,0,3,3,0,1,0,1150,0.634,70,2.66,adv_poster,Poster
SITE-00050,PROTO-B_CARDIO,UK,Europe,Cardiology,II,Heart Failure,Biotech,5,9,8,10,0,1,1,PI-007,7,1,3,1,2,623,3.0,2021-05-28,2021-12-09,2024-08-28,2024-08-12,195,993,16,4,2021,MHRA,2021-01-24,2021-07-21,178,1,LEC,2021-03-22,2021-04-25,34,262,5,1,0,0,0,0,0,0,0,1,0,,1,1,2,1,0,0,600,0.367,400,12.08,adv_community_presentation,Community
SITE-00051,PROTO-B_CARDIO,Japan,Asia,Cardiology,II,Heart Failure,Biotech,5,9,8,10,0,1,1,PI-008,15,2,2,1,2,644,2.4,2022-11-10,2023-02-25,2025-03-27,2025-03-04,107,761,23,1,2023,PMDA,2022-06-03,2022-10-09,128,1,CEC,2022-06-22,2022-09-12,82,248,2,1,1,0,1,1,0,0,1,1,0,,2,4,6,1,0,1,7250,0.397,400,15.77,adv_online,Online
SITE-00052,PROTO-A_ONCO,UK,Europe,Oncology,III,NSCLC,Pharma,8,18,12,15,1,1,1,PI-021,8,5,2,1,3,227,3.7,2021-07-29,2021-12-15,2025-07-04,2025-06-22,139,1297,12,4,2021,MHRA,2021-05-15,2021-10-21,159,1,LEC,2021-06-05,2021-06-30,25,193,3,1,0,1,0,1,1,0,0,1,0,,2,3,5,1,0,1,2200,0.594,195,4.51,adv_email,Email
SITE-00053,PROTO-A_ONCO,Poland,Europe,Oncology,III,NSCLC,Pharma,8,18,12,15,1,1,1,PI-012,7,4,4,1,3,166,3.6,2022-01-07,2022-05-23,2025-10-21,2025-11-21,136,1247,-31,2,2022,EMA,2021-09-23,2022-02-20,150,1,LEC,2021-11-15,2021-12-23,38,189,3,1,1,0,1,0,1,0,0,0,0,,1,3,4,1,0,1,2350,0.669,104,2.5,adv_online,Online
SITE-00054,PROTO-C_NEURO,Spain,Europe,Neurology,II,Alzheimer's,Academic,7,14,10,12,1,0,0,PI-008,2,2,4,1,2,109,2.0,2022-03-18,2022-06-21,2024-04-09,2024-04-24,95,658,-15,2,2022,EMA,2021-10-22,2022-04-12,172,1,LEC,2021-12-08,2022-02-12,66,195,0,0,0,1,1,0,1,0,0,0,0,,2,1,3,1,0,1,2500,0.569,67,3.05,adv_email,Email
SITE-00055,PROTO-B_CARDIO,UK,Europe,Cardiology,II,Heart Failure,Biotech,5,9,8,10,0,1,1,PI-012,15,1,2,0,8,962,2.9,2022-09-25,2022-12-23,2025-08-18,2025-08-10,89,969,8,4,2022,MHRA,2022-05-31,2022-10-27,149,1,LEC,2022-06-23,2022-08-28,66,183,0,1,1,1,1,0,1,0,0,1,1,Patient registry outreach,4,3,7,1,0,1,3850,0.457,400,12.38,adv_email,Email
SITE-00056,PROTO-C_NEURO,Germany,Europe,Neurology,II,Alzheimer's,Academic,7,14,10,12,1,0,0,PI-027,22,1,4,1,1,158,3.6,2022-04-27,2022-06-02,2025-10-05,2025-09-02,36,1221,33,2,2022,EMA,2021-10-19,2022-02-12,116,1,CEC,2021-12-12,2022-02-02,52,172,0,1,1,0,1,0,0,0,0,0,0,,1,2,3,1,0,1,1550,0.535,210,5.16,adv_online,Online
SITE-00057,PROTO-C_NEURO,Australia,APAC,Neurology,II,Alzheimer's,Academic,7,14,10,12,1,0,0,PI-007,7,1,1,1,5,54,2.9,2021-05-22,2021-07-31,2024-02-22,2024-03-16,70,936,-23,3,2021,Other,2020-12-08,2021-03-31,113,1,LEC,2021-01-31,2021-04-08,67,181,3,1,1,0,0,0,0,0,0,1,0,,1,2,3,1,0,0,750,0.57,27,0.87,adv_community_presentation,Community
SITE-00058,PROTO-A_ONCO,India,Asia,Oncology,III,NSCLC,Pharma,8,18,12,15,1,1,1,PI-006,12,1,1,1,6,183,3.6,2021-06-23,2021-07-30,2024-12-03,2025-01-05,37,1222,-33,3,2021,Other,2021-01-02,2021-04-25,113,1,CEC,2021-02-03,2021-05-05,91,177,3,0,1,0,1,0,0,0,0,0,0,,1,1,2,1,0,1,1350,0.68,56,1.37,adv_online,Online
SITE-00059,PROTO-C_NEURO,Poland,Europe,Neurology,II,Alzheimer's,Academic,7,14,10,12,1,0,0,PI-024,4,2,4,1,2,78,1.4,2021-02-18,2021-05-07,2022-07-02,2022-07-05,78,421,-3,2,2021,EMA,2020-10-25,2020-12-31,67,1,LEC,2020-11-26,2021-01-09,44,162,2,1,1,0,0,0,0,0,0,0,0,,0,2,2,0,1,0,350,0.556,29,2.07,adv_poster,Poster
SITE-00060,PROTO-C_NEURO,Japan,Asia,Neurology,II,Alzheimer's,Academic,7,14,10,12,1,0,0,PI-028,8,2,4,1,0,20,2.2,2022-04-20,2022-07-07,2024-06-25,2024-06-25,78,719,0,3,2022,PMDA,2021-11-25,2022-01-31,67,1,LEC,2022-01-22,2022-03-31,68,166,4,1,1,0,1,0,0,0,0,0,0,,1,2,3,1,0,1,1550,0.581,16,0.67,adv_online,Online
SITE-00061,PROTO-A_ONCO,Japan,Asia,Oncology,III,NSCLC,Pharma,8,18,12,15,1,1,1,PI-005,19,5,4,0,3,214,3.5,2023-06-18,2023-08-09,2026-09-25,2026-10-09,52,1143,-14,3,2023,PMDA,2022-10-17,2023-03-04,138,1,CEC,2022-11-27,2023-04-18,142,255,1,1,1,0,0,0,0,0,1,1,0,,1,3,4,1,0,0,5750,0.668,203,5.33,adv_community_presentation,Community
SITE-00062,PROTO-C_NEURO,UK,Europe,Neurology,II,Alzheimer's,Academic,7,14,10,12,1,0,0,PI-009,18,4,5,1,2,64,3.9,2023-06-02,2023-08-21,2027-03-24,2027-06-12,80,1311,-80,3,2023,MHRA,2022-12-19,2023-05-05,137,1,CEC,2023-02-14,2023-04-25,70,188,2,1,1,1,0,1,1,0,0,0,0,,1,4,5,1,0,1,1950,0.588,86,1.97,adv_email,Email
SITE-00063,PROTO-A_ONCO,UK,Europe,Oncology,III,NSCLC,Pharma,8,18,12,15,1,1,1,PI-006,9,2,5,0,4,234,3.6,2023-06-25,2023-11-11,2027-02-14,2027-01-02,139,1191,43,4,2023,MHRA,2023-03-31,2023-06-03,64,1,LEC,2023-04-21,2023-05-26,35,204,3,1,1,1,1,1,1,0,0,0,0,,2,4,6,1,0,1,3150,0.638,107,2.7,adv_email,Email
SITE-00064,PROTO-C_NEURO,Germany,Europe,Neurology,II,Alzheimer's,Academic,7,14,10,12,1,0,0,PI-014,14,3,2,1,2,147,2.2,2021-04-21,2021-09-06,2023-08-14,2023-09-02,138,707,-19,3,2021,EMA,2020-12-01,2021-05-15,165,1,LEC,2021-01-18,2021-03-12,53,231,3,0,1,0,1,0,1,0,0,0,0,,1,2,3,1,0,1,2150,0.498,141,5.98,adv_online,Online
SITE-00065,PROTO-B_CARDIO,India,Asia,Cardiology,II,Heart Failure,Biotech,5,9,8,10,0,1,1,PI-019,16,2,2,1,5,907,1.3,2021-08-29,2021-12-15,2023-01-24,2023-01-19,108,405,5,4,2021,Other,2021-05-11,2021-09-13,125,1,LEC,2021-06-07,2021-07-22,45,191,1,1,0,0,0,0,1,0,0,1,0,,1,2,3,1,0,0,1400,0.45,400,29.63,adv_community_presentation,Community
SITE-00066,PROTO-A_ONCO,USA,North America,Oncology,III,NSCLC,Pharma,8,18,12,15,1,1,1,PI-024,2,4,3,1,3,152,1.1,2021-04-11,2021-03-10,2022-02-20,2022-02-05,-32,347,15,1,2021,FDA,2020-08-03,2020-10-12,70,0,CEC,2020-09-09,2021-02-03,147,182,1,0,1,1,1,0,0,0,0,0,0,,2,1,3,1,0,1,1850,0.563,36,3.11,adv_email,Email
SITE-00067,PROTO-C_NEURO,USA,North America,Neurology,II,Alzheimer's,Academic,7,14,10,12,1,0,0,PI-010,7,3,4,1,4,122,1.3,2022-08-09,2022-09-04,2023-11-03,2023-10-26,26,425,8,3,2022,FDA,2022-03-22,2022-05-14,53,0,IRB,2022-05-08,2022-07-13,66,119,3,1,0,1,0,0,0,0,0,0,0,,1,1,2,1,0,1,700,0.552,51,3.6,adv_email,Email
SITE-00068,PROTO-C_NEURO,UK,Europe,Neurology,II,Alzheimer's,Academic,7,14,10,12,1,0,0,PI-028,6,1,5,1,9,57,1.9,2021-02-14,2021-06-22,2023-02-26,2023-03-03,128,614,-5,2,2021,MHRA,2020-11-03,2021-03-10,127,1,LEC,2020-12-22,2021-01-14,23,182,3,1,1,1,1,0,0,0,0,1,0,,3,2,5,1,0,1,2450,0.48,14,0.68,adv_community_presentation,Community
SITE-00069,PROTO-C_NEURO,Germany,Europe,Neurology,II,Alzheimer's,Academic,7,14,10,12,1,0,0,PI-006,21,3,2,1,3,93,2.2,2022-02-26,2022-05-03,2024-02-23,2024-04-04,66,661,-41,2,2022,EMA,2021-07-29,2021-10-27,90,1,CEC,2021-08-22,2022-01-11,142,254,1,1,1,0,0,0,0,0,0,1,0,,1,2,3,1,0,0,750,0.519,88,3.99,adv_community_presentation,Community
SITE-00070,PROTO-A_ONCO,USA,North America,Oncology,III,NSCLC,Pharma,8,18,12,15,1,1,1,PI-019,17,3,5,1,10,101,2.4,2021-12-18,2022-01-26,2024-03-18,2024-02-10,39,782,37,1,2022,FDA,2021-06-05,2021-08-12,68,0,IRB,2021-07-27,2021-10-29,94,183,7,1,0,1,0,0,0,0,0,0,0,,1,1,2,1,0,1,700,0.6,23,0.88,adv_email,Email
SITE-00071,PROTO-A_ONCO,USA,North America,Oncology,III,NSCLC,Pharma,8,18,12,15,1,1,1,PI-010,18,2,3,0,5,135,3.0,2021-04-24,2021-05-26,2024-04-23,2024-04-18,32,1063,5,2,2021,FDA,2020-12-08,2021-04-25,138,0,IRB,2021-01-12,2021-04-09,87,134,1,1,0,1,0,0,0,0,0,0,1,Patient registry outreach,2,1,3,1,0,1,1300,0.641,66,1.86,adv_email,Email
SITE-00072,PROTO-C_NEURO,Japan,Asia,Neurology,II,Alzheimer's,Academic,7,14,10,12,1,0,0,PI-019,9,3,1,1,3,117,3.2,2023-09-16,2023-10-31,2026-11-08,2026-11-03,45,1104,5,4,2023,PMDA,2023-05-12,2023-06-14,33,1,LEC,2023-07-02,2023-08-14,43,121,2,1,1,1,0,0,0,0,0,0,0,,1,2,3,1,0,1,850,0.593,79,2.15,adv_email,Email
SITE-00073,PROTO-C_NEURO,India,Asia,Neurology,II,Alzheimer's,Academic,7,14,10,12,1,0,0,PI-015,14,2,1,1,2,53,4.0,2023-01-10,2023-04-04,2027-01-21,2026-11-30,84,1388,52,2,2023,Other,2022-10-06,2022-12-28,83,1,LEC,2022-11-05,2022-12-16,41,150,1,1,1,0,0,1,0,0,0,1,0,,1,3,4,1,0,0,1050,0.5,71,1.53,adv_community_presentation,Community
SITE-00074,PROTO-C_NEURO,Japan,Asia,Neurology,II,Alzheimer's,Academic,7,14,10,12,1,0,0,PI-025,24,2,2,1,8,69,1.5,2022-06-28,2022-06-20,2023-09-10,2023-09-11,-8,447,-1,2,2022,PMDA,2021-12-03,2022-03-25,112,1,CEC,2022-01-30,2022-04-02,62,141,1,1,1,1,0,0,0,0,1,1,1,Patient registry outreach,3,3,6,1,0,1,6850,0.686,16,1.07,adv_community_presentation,Community
SITE-00075,PROTO-C_NEURO,Germany,Europe,Neurology,II,Alzheimer's,Academic,7,14,10,12,1,0,0,PI-020,23,4,3,1,2,79,1.1,2022-07-19,2022-11-25,2023-10-24,2023-10-17,129,333,7,4,2022,EMA,2022-03-25,2022-09-15,174,1,CEC,2022-04-15,2022-06-25,71,224,2,1,0,0,0,0,1,0,0,0,0,,0,2,2,0,1,0,1000,0.564,58,5.23,adv_poster,Poster
SITE-00076,PROTO-A_ONCO,Germany,Europe,Oncology,III,NSCLC,Pharma,8,18,12,15,1,1,1,PI-016,10,2,1,1,3,171,2.6,2022-08-06,2022-11-09,2025-03-17,2025-03-19,95,859,-2,4,2022,EMA,2022-04-09,2022-08-05,118,1,CEC,2022-05-22,2022-07-15,54,171,1,1,1,1,0,0,0,0,0,0,0,,1,2,3,1,0,1,850,0.59,115,4.02,adv_email,Email
SITE-00077,PROTO-B_CARDIO,Germany,Europe,Cardiology,II,Heart Failure,Biotech,5,9,8,10,0,1,1,PI-008,3,3,3,1,6,1129,2.7,2023-03-28,2023-06-21,2025-12-11,2025-12-07,85,904,4,2,2023,EMA,2022-11-12,2023-04-19,158,1,CEC,2022-12-10,2023-02-28,80,193,2,1,0,1,0,0,0,0,0,1,0,,2,1,3,1,0,1,1100,0.44,400,13.27,adv_email,Email
SITE-00078,PROTO-C_NEURO,USA,North America,Neurology,II,Alzheimer's,Academic,7,14,10,12,1,0,0,PI-029,21,0,1,1,3,55,3.0,2021-12-04,2021-12-19,2024-10-22,2024-11-17,15,1038,-26,4,2021,FDA,2021-07-17,2021-11-05,111,0,IRB,2021-08-05,2021-10-21,77,136,4,1,1,0,1,0,0,0,0,1,0,,2,2,4,1,0,1,1950,0.584,47,1.36,adv_community_presentation,Community
SITE-00079,PROTO-B_CARDIO,Germany,Europe,Cardiology,II,Heart Failure,Biotech,5,9,8,10,0,1,1,PI-025,9,3,2,1,5,1193,1.1,2023-09-15,2023-12-03,2024-11-02,2024-10-02,79,335,31,4,2023,EMA,2023-05-07,2023-10-04,150,1,CEC,2023-05-19,2023-08-26,99,198,1,0,0,0,0,0,0,0,0,0,0,,0,0,0,0,0,0,0,0.452,349,31.25,none,None
SITE-00080,PROTO-A_ONCO,Germany,Europe,Oncology,III,NSCLC,Pharma,8,18,12,15,1,1,1,PI-023,6,4,5,1,5,166,1.9,2021-08-27,2021-09-29,2023-04-12,2023-04-15,33,560,-3,3,2021,EMA,2021-01-30,2021-04-15,75,1,CEC,2021-02-21,2021-07-02,131,220,1,1,1,0,0,1,0,0,0,0,0,,0,3,3,0,1,0,650,0.657,32,1.71,adv_newsletter,Newsletter
SITE-00081,PROTO-C_NEURO,UK,Europe,Neurology,II,Alzheimer's,Academic,7,14,10,12,1,0,0,PI-001,16,7,2,1,5,114,2.8,2023-04-12,2023-06-01,2025-12-21,2025-11-08,50,934,43,2,2023,MHRA,2022-09-23,2023-02-27,157,1,CEC,2022-11-10,2023-01-22,73,203,2,1,1,1,0,0,0,0,0,0,0,,1,2,3,1,0,1,850,0.554,112,3.6,adv_email,Email
SITE-00082,PROTO-A_ONCO,Spain,Europe,Oncology,III,NSCLC,Pharma,8,18,12,15,1,1,1,PI-028,20,1,5,1,4,96,3.6,2022-12-17,2023-02-05,2026-07-13,2026-06-21,50,1254,22,1,2023,EMA,2022-08-10,2022-11-29,111,1,LEC,2022-10-07,2022-11-23,47,121,2,1,1,1,0,0,0,0,0,0,0,,1,2,3,1,0,1,850,0.585,67,1.6,adv_email,Email
SITE-00083,PROTO-B_CARDIO,Poland,Europe,Cardiology,II,Heart Failure,Biotech,5,9,8,10,0,1,1,PI-018,5,6,5,1,5,1134,1.8,2023-09-18,2023-12-10,2025-06-21,2025-07-18,83,559,-27,4,2023,EMA,2023-06-23,2023-08-27,65,1,LEC,2023-07-28,2023-09-06,40,135,2,1,1,1,0,0,1,0,0,0,0,,1,3,4,1,0,1,1650,0.478,400,21.47,adv_email,Email
SITE-00084,PROTO-B_CARDIO,Poland,Europe,Cardiology,II,Heart Failure,Biotech,5,9,8,10,0,1,1,PI-001,7,4,4,1,4,1112,3.9,2023-09-11,2023-10-06,2027-07-05,2027-08-02,25,1368,-28,4,2023,EMA,2023-05-20,2023-07-16,57,1,LEC,2023-06-18,2023-08-13,56,110,0,0,1,0,1,0,0,0,0,0,0,,1,1,2,1,0,1,1350,0.41,400,8.77,adv_online,Online
SITE-00085,PROTO-B_CARDIO,India,Asia,Cardiology,II,Heart Failure,Biotech,5,9,8,10,0,1,1,PI-025,21,4,3,1,1,923,1.4,2022-04-04,2022-06-20,2023-08-08,2023-09-10,77,414,-33,2,2022,Other,2021-12-26,2022-03-13,77,1,LEC,2022-02-03,2022-03-05,30,137,1,1,1,1,1,0,0,0,0,1,0,,3,2,5,1,0,1,2450,0.378,400,28.99,adv_email,Email
SITE-00086,PROTO-C_NEURO,Spain,Europe,Neurology,II,Alzheimer's,Academic,7,14,10,12,1,0,0,PI-028,3,2,3,1,7,135,3.8,2023-07-29,2023-10-09,2027-05-08,2027-03-29,72,1307,40,4,2023,EMA,2023-04-14,2023-07-11,88,1,LEC,2023-06-03,2023-07-15,42,128,2,1,1,0,1,0,0,0,0,0,0,,1,2,3,1,0,1,1550,0.541,55,1.26,adv_online,Online
SITE-00087,PROTO-B_CARDIO,UK,Europe,Cardiology,II,Heart Failure,Biotech,5,9,8,10,0,1,1,PI-018,6,2,3,1,2,1019,2.3,2023-07-15,2023-09-26,2025-09-15,2025-08-28,73,720,18,3,2023,MHRA,2023-01-07,2023-04-08,91,1,CEC,2023-03-03,2023-05-02,60,207,3,0,1,0,1,1,0,0,0,0,0,,1,2,3,1,0,1,1650,0.39,400,16.67,adv_online,Online
SITE-00088,PROTO-C_NEURO,USA,North America,Neurology,II,Alzheimer's,Academic,7,14,10,12,1,0,0,PI-021,21,2,5,1,2,74,3.5,2022-06-24,2022-05-17,2025-10-01,2025-10-26,-38,1233,-25,2,2022,FDA,2022-01-05,2022-03-11,65,0,CEC,2022-01-27,2022-04-17,80,110,2,1,1,1,0,0,0,0,0,0,1,Patient registry outreach,2,2,4,1,0,1,1450,0.615,109,2.65,adv_email,Email
SITE-00089,PROTO-B_CARDIO,UK,Europe,Cardiology,II,Heart Failure,Biotech,5,9,8,10,0,1,1,PI-022,17,4,5,0,5,869,2.4,2021-07-30,2021-10-28,2024-01-05,2024-01-07,90,799,-2,4,2021,MHRA,2021-03-25,2021-05-11,47,1,LEC,2021-05-21,2021-07-14,54,160,2,1,0,1,1,1,0,0,0,1,0,,3,2,5,1,0,1,2600,0.418,400,15.02,adv_email,Email
SITE-00090,PROTO-B_CARDIO,Canada,North America,Cardiology,II,Heart Failure,Biotech,5,9,8,10,0,1,1,PI-022,7,3,3,0,4,935,1.8,2022-12-26,2023-01-20,2024-10-07,2024-09-14,25,626,23,1,2023,Other,2022-09-19,2022-10-31,42,0,IRB,2022-10-02,2022-11-22,51,110,2,1,1,1,0,1,1,0,0,1,0,,2,4,6,1,0,1,2350,0.356,400,19.17,adv_email,Email
SITE-00091,PROTO-B_CARDIO,Japan,Asia,Cardiology,II,Heart Failure,Biotech,5,9,8,10,0,1,1,PI-023,14,3,5,1,2,1203,3.0,2021-06-29,2021-08-21,2024-03-25,2024-04-03,53,947,-9,3,2021,PMDA,2020-10-30,2021-01-24,86,1,CEC,2020-12-08,2021-04-18,131,256,4,1,1,1,0,1,0,0,0,1,0,,2,3,5,1,0,1,1550,0.434,400,12.67,adv_email,Email
SITE-00092,PROTO-B_CARDIO,UK,Europe,Cardiology,II,Heart Failure,Biotech,5,9,8,10,0,1,1,PI-027,14,4,1,1,4,1157,2.5,2022-12-27,2023-02-28,2025-06-25,2025-06-01,63,848,24,1,2023,MHRA,2022-07-25,2022-10-20,87,1,LEC,2022-09-15,2022-11-22,68,166,0,0,1,1,0,1,0,1,0,1,1,Patient registry outreach,3,3,6,1,0,1,3450,0.323,400,14.15,adv_email,Email
SITE-00093,PROTO-A_ONCO,Germany,Europe,Oncology,III,NSCLC,Pharma,8,18,12,15,1,1,1,PI-014,24,4,2,1,3,133,1.3,2021-10-10,2022-02-07,2023-01-12,2022-12-12,120,339,31,1,2022,EMA,2021-05-29,2021-10-10,134,1,CEC,2021-06-19,2021-09-06,79,233,3,1,1,1,1,0,1,0,0,0,0,,2,3,5,1,0,1,2850,0.586,74,6.55,adv_email,Email
SITE-00094,PROTO-C_NEURO,UK,Europe,Neurology,II,Alzheimer's,Academic,7,14,10,12,1,0,0,PI-023,6,1,4,1,6,112,3.5,2022-07-27,2022-08-08,2025-11-15,2025-12-30,12,1195,-45,3,2022,MHRA,2022-01-22,2022-04-16,84,1,CEC,2022-03-17,2022-05-05,49,144,0,1,0,1,0,0,0,0,1,1,1,Patient registry outreach,3,2,5,1,0,1,6700,0.57,36,0.9,adv_community_presentation,Community
SITE-00095,PROTO-C_NEURO,USA,North America,Neurology,II,Alzheimer's,Academic,7,14,10,12,1,0,0,PI-004,24,3,2,1,6,57,1.6,2022-10-19,2022-12-04,2024-06-08,2024-06-28,46,552,-20,4,2022,FDA,2022-05-31,2022-10-17,139,0,IRB,2022-06-15,2022-08-28,74,172,1,1,1,0,1,0,0,0,1,0,0,,1,3,4,1,0,1,6550,0.599,30,1.63,adv_online,Online
SITE-00096,PROTO-A_ONCO,Canada,North America,Oncology,III,NSCLC,Pharma,8,18,12,15,1,1,1,PI-024,8,1,3,1,4,151,2.0,2022-01-16,2022-03-04,2024-01-23,2024-01-19,47,690,4,1,2022,Other,2021-09-18,2022-01-24,128,0,IRB,2021-09-28,2021-12-16,79,157,2,1,1,1,0,0,0,0,0,0,0,,1,2,3,1,0,1,850,0.536,68,2.96,adv_email,Email
SITE-00097,PROTO-C_NEURO,UK,Europe,Neurology,II,Alzheimer's,Academic,7,14,10,12,1,0,0,PI-022,17,4,4,1,2,81,3.8,2022-05-09,2022-07-23,2026-02-15,2026-02-21,75,1303,-6,3,2022,MHRA,2022-02-05,2022-03-12,35,1,LEC,2022-03-09,2022-04-26,48,136,1,0,1,1,1,0,0,0,0,1,0,,3,1,4,1,0,1,2250,0.506,131,3.02,adv_community_presentation,Community
SITE-00098,PROTO-C_NEURO,Germany,Europe,Neurology,II,Alzheimer's,Academic,7,14,10,12,1,0,0,PI-021,4,3,3,0,3,108,1.5,2021-08-25,2021-09-15,2022-12-08,2023-01-08,21,449,-31,3,2021,EMA,2021-02-21,2021-05-19,87,1,CEC,2021-03-16,2021-07-12,118,183,0,1,1,0,1,1,0,0,0,1,0,,2,3,5,1,0,1,2250,0.623,28,1.87,adv_community_presentation,Community
SITE-00099,PROTO-C_NEURO,Brazil,LATAM,Neurology,II,Alzheimer's,Academic,7,14,10,12,1,0,0,PI-023,13,3,4,0,5,142,2.6,2023-09-27,2023-11-17,2026-03-29,2026-04-23,51,863,-25,4,2023,Other,2023-05-10,2023-06-25,46,1,CEC,2023-07-01,2023-08-27,57,139,3,1,1,1,1,1,0,0,0,0,0,,2,3,5,1,0,1,2350,0.507,83,2.89,adv_email,Email
SITE-00100,PROTO-A_ONCO,USA,North America,Oncology,III,NSCLC,Pharma,8,18,12,15,1,1,1,PI-016,5,2,4,1,4,214,1.4,2023-07-04,2023-06-26,2024-09-17,2024-09-24,-8,449,-7,2,2023,FDA,2022-12-09,2023-03-27,108,0,IRB,2023-02-03,2023-05-13,99,143,4,1,1,0,1,0,0,1,0,0,0,,1,3,4,1,0,1,3050,0.422,104,6.95,adv_online,Online
SITE-00101,PROTO-B_CARDIO,USA,North America,Cardiology,II,Heart Failure,Biotech,5,9,8,10,0,1,1,PI-013,2,1,2,1,3,1142,3.0,2021-06-30,2021-06-16,2024-06-01,2024-06-14,-14,1081,-13,2,2021,FDA,2021-02-12,2021-04-06,53,0,IRB,2021-04-04,2021-05-05,31,73,1,1,0,1,1,0,0,0,0,1,0,,3,1,4,1,0,1,2300,0.347,400,11.1,adv_email,Email
SITE-00102,PROTO-A_ONCO,India,Asia,Oncology,III,NSCLC,Pharma,8,18,12,15,1,1,1,PI-029,23,3,1,0,2,170,2.9,2022-05-20,2022-08-27,2025-02-27,2025-04-05,99,915,-37,3,2022,Other,2022-01-01,2022-03-10,68,1,LEC,2022-01-30,2022-04-07,67,209,4,1,1,0,0,0,1,0,0,1,0,,1,3,4,1,0,0,1550,0.569,206,6.75,adv_community_presentation,Community
SITE-00103,PROTO-A_ONCO,Germany,Europe,Oncology,III,NSCLC,Pharma,8,18,12,15,1,1,1,PI-027,21,2,3,1,3,191,1.1,2022-01-31,2022-03-11,2023-01-22,2023-02-10,39,317,-19,1,2022,EMA,2021-07-01,2021-10-25,116,1,CEC,2021-08-24,2021-12-27,125,199,0,1,1,1,1,0,0,0,0,0,0,,2,2,4,1,0,1,2050,0.629,76,7.19,adv_email,Email
SITE-00104,PROTO-C_NEURO,Spain,Europe,Neurology,II,Alzheimer's,Academic,7,14,10,12,1,0,0,PI-008,23,4,4,1,6,146,3.0,2021-11-22,2022-03-18,2024-12-02,2024-10-16,116,990,47,1,2022,EMA,2021-07-23,2021-12-30,160,1,LEC,2021-09-18,2021-11-05,48,181,0,0,1,1,0,1,0,0,0,0,0,,1,2,3,1,0,1,950,0.584,85,2.58,adv_email,Email
SITE-00105,PROTO-B_CARDIO,Japan,Asia,Cardiology,II,Heart Failure,Biotech,5,9,8,10,0,1,1,PI-022,24,2,3,1,3,873,1.9,2022-06-07,2022-07-08,2024-03-04,2024-03-21,31,605,-17,3,2022,PMDA,2021-09-29,2021-11-16,48,1,CEC,2021-11-20,2022-04-11,142,230,1,1,1,1,0,0,0,0,0,0,0,,1,2,3,1,0,1,850,0.349,400,19.83,adv_email,Email
SITE-00106,PROTO-C_NEURO,Canada,North America,Neurology,II,Alzheimer's,Academic,7,14,10,12,1,0,0,PI-026,12,4,1,1,5,83,2.2,2021-03-20,2021-03-27,2023-05-04,2023-05-09,7,768,-5,1,2021,Other,2020-10-05,2021-02-17,135,0,IRB,2020-11-21,2021-02-09,80,126,3,0,1,0,1,0,0,0,0,0,0,,1,1,2,1,0,1,1350,0.566,36,1.41,adv_online,Online
SITE-00107,PROTO-A_ONCO,USA,North America,Oncology,III,NSCLC,Pharma,8,18,12,15,1,1,1,PI-024,4,1,4,1,3,189,1.9,2022-06-12,2022-05-21,2024-03-01,2024-03-01,-22,650,0,2,2022,FDA,2021-12-29,2022-01-31,33,0,IRB,2022-02-07,2022-04-24,76,103,2,1,0,1,0,0,0,0,0,1,0,,2,1,3,1,0,1,1100,0.647,49,2.26,adv_email,Email
SITE-00108,PROTO-B_CARDIO,Japan,Asia,Cardiology,II,Heart Failure,Biotech,5,9,8,10,0,1,1,PI-013,6,0,2,1,3,880,2.8,2022-11-14,2023-01-29,2025-07-17,2025-08-20,76,900,-34,1,2023,PMDA,2022-05-18,2022-10-02,137,1,CEC,2022-06-29,2022-09-18,81,214,1,1,0,0,1,0,0,1,0,1,0,,2,2,4,1,0,1,3300,0.372,400,13.33,adv_online,Online
SITE-00109,PROTO-B_CARDIO,USA,North America,Cardiology,II,Heart Failure,Biotech,5,9,8,10,0,1,1,PI-008,11,3,5,1,3,1264,2.2,2021-10-21,2022-02-26,2024-04-17,2024-07-08,128,781,-82,1,2022,FDA,2021-07-26,2022-01-07,165,0,IRB,2021-08-07,2021-09-24,48,203,1,0,1,1,0,1,0,0,0,0,0,,1,2,3,1,0,1,950,0.446,400,15.36,adv_email,Email
SITE-00110,PROTO-A_ONCO,USA,North America,Oncology,III,NSCLC,Pharma,8,18,12,15,1,1,1,PI-023,18,4,5,0,2,125,3.0,2021-06-28,2021-06-17,2024-05-12,2024-05-27,-11,1060,-15,2,2021,FDA,2020-12-23,2021-05-12,140,0,CEC,2021-02-02,2021-04-14,71,135,3,1,1,0,0,0,0,0,0,0,0,,0,2,2,0,1,0,350,0.573,160,4.53,adv_poster,Poster
SITE-00111,PROTO-C_NEURO,Spain,Europe,Neurology,II,Alzheimer's,Academic,7,14,10,12,1,0,0,PI-023,15,6,3,1,6,52,3.1,2022-09-02,2022-09-25,2025-08-20,2025-08-12,23,1060,8,3,2022,EMA,2022-04-27,2022-07-03,67,1,LEC,2022-05-22,2022-07-20,59,126,2,1,0,1,1,1,0,0,0,0,0,,2,2,4,1,0,1,2200,0.617,23,0.65,adv_email,Email
SITE-00112,PROTO-C_NEURO,USA,North America,Neurology,II,Alzheimer's,Academic,7,14,10,12,1,0,0,PI-017,24,2,3,1,6,103,1.4,2021-04-11,2021-04-18,2022-08-23,2022-08-14,7,492,9,2,2021,FDA,2020-12-07,2021-01-30,54,0,IRB,2021-01-13,2021-02-28,46,95,1,1,1,0,0,0,0,0,0,0,0,,0,2,2,0,1,0,350,0.53,33,2.01,adv_poster,Poster
SITE-00113,PROTO-B_CARDIO,Brazil,LATAM,Cardiology,II,Heart Failure,Biotech,5,9,8,10,0,1,1,PI-018,3,4,2,1,2,1105,1.9,2023-06-12,2023-11-06,2025-07-08,2025-05-31,147,610,38,4,2023,Other,2023-04-03,2023-08-06,125,1,LEC,2023-04-18,2023-05-28,40,202,0,1,1,1,1,0,0,0,0,1,0,,3,2,5,1,0,1,2450,0.535,400,19.67,adv_email,Email
SITE-00114,PROTO-C_NEURO,India,Asia,Neurology,II,Alzheimer's,Academic,7,14,10,12,1,0,0,PI-006,11,2,3,1,2,104,3.6,2022-01-11,2022-06-13,2025-09-13,2025-09-14,153,1188,-1,2,2022,Other,2021-10-04,2022-01-15,103,1,LEC,2021-11-19,2021-12-20,31,206,3,0,1,1,1,0,1,0,0,1,0,,3,2,5,1,0,1,3050,0.566,90,2.27,adv_community_presentation,Community
SITE-00115,PROTO-C_NEURO,Germany,Europe,Neurology,II,Alzheimer's,Academic,7,14,10,12,1,0,0,PI-027,23,3,1,1,6,104,1.2,2021-04-21,2021-06-13,2022-04-08,2022-04-18,53,299,-10,2,2021,EMA,2020-09-20,2021-01-07,109,1,CEC,2020-10-17,2021-02-10,116,239,5,1,1,1,0,0,0,0,0,0,1,Patient registry outreach,2,2,4,1,0,1,1450,0.6,25,2.51,adv_email,Email
SITE-00116,PROTO-C_NEURO,Canada,North America,Neurology,II,Alzheimer's,Academic,7,14,10,12,1,0,0,PI-004,8,3,4,1,3,36,1.6,2021-05-03,2021-05-27,2022-11-24,2022-11-07,24,546,17,2,2021,Other,2020-12-16,2021-03-18,92,0,IRB,2021-01-27,2021-04-08,71,120,3,0,0,1,0,1,0,0,0,1,0,,2,1,3,1,0,1,1200,0.556,19,1.04,adv_community_presentation,Community
SITE-00117,PROTO-C_NEURO,Germany,Europe,Neurology,II,Alzheimer's,Academic,7,14,10,12,1,0,0,PI-007,16,6,2,1,5,98,2.5,2022-07-04,2022-08-06,2024-12-25,2025-02-15,33,872,-52,3,2022,EMA,2022-04-09,2022-07-01,83,1,LEC,2022-05-15,2022-06-11,27,83,0,1,0,0,1,0,0,0,0,1,0,,2,1,3,1,0,1,1800,0.605,48,1.65,adv_community_presentation,Community
SITE-00118,PROTO-A_ONCO,UK,Europe,Oncology,III,NSCLC,Pharma,8,18,12,15,1,1,1,PI-018,17,4,3,1,2,177,3.2,2023-08-19,2023-12-27,2027-01-23,2027-02-15,130,1123,-23,4,2023,MHRA,2023-05-16,2023-10-24,161,1,LEC,2023-06-18,2023-07-08,20,192,1,0,1,0,1,0,0,0,0,1,0,,2,1,3,1,0,1,1750,0.549,215,5.74,adv_community_presentation,Community
SITE-00119,PROTO-C_NEURO,India,Asia,Neurology,II,Alzheimer's,Academic,7,14,10,12,1,0,0,PI-014,3,5,1,1,5,97,3.9,2022-11-27,2022-11-28,2026-08-05,2026-06-27,1,1346,39,4,2022,Other,2022-04-28,2022-08-07,101,1,CEC,2022-05-27,2022-09-18,114,185,1,1,1,0,1,1,0,0,0,1,0,,2,3,5,1,0,1,2250,0.487,61,1.36,adv_community_presentation,Community
SITE-00120,PROTO-C_NEURO,USA,North America,Neurology,II,Alzheimer's,Academic,7,14,10,12,1,0,0,PI-022,23,3,2,1,3,98,1.5,2021-03-02,2021-04-05,2022-08-29,2022-08-10,34,511,19,2,2021,FDA,2020-10-19,2021-01-21,94,0,IRB,2020-11-13,2021-01-07,55,143,2,1,1,0,0,0,0,0,0,0,0,,0,2,2,0,1,0,350,0.495,82,4.81,adv_poster,Poster
SITE-00121,PROTO-C_NEURO,Japan,Asia,Neurology,II,Alzheimer's,Academic,7,14,10,12,1,0,0,PI-015,19,1,2,1,5,141,3.1,2021-05-10,2021-07-20,2024-05-12,2024-06-06,71,1027,-25,3,2021,PMDA,2021-01-21,2021-03-29,67,1,LEC,2021-02-22,2021-03-29,35,148,3,0,1,0,0,0,0,0,0,1,0,,1,1,2,1,0,0,550,0.546,86,2.51,adv_community_presentation,Community
SITE-00122,PROTO-B_CARDIO,Brazil,LATAM,Cardiology,II,Heart Failure,Biotech,5,9,8,10,0,1,1,PI-024,17,3,3,1,1,931,3.1,2023-09-20,2024-03-09,2027-01-10,2026-12-25,171,1037,16,1,2024,Other,2023-06-29,2023-11-06,130,1,LEC,2023-08-02,2023-08-31,29,220,1,0,1,1,0,0,1,0,1,0,0,,1,3,4,1,0,1,6450,0.407,400,11.57,adv_email,Email
SITE-00123,PROTO-B_CARDIO,Japan,Asia,Cardiology,II,Heart Failure,Biotech,5,9,8,10,0,1,1,PI-014,17,2,1,1,0,997,2.5,2022-01-11,2022-04-22,2024-07-27,2024-08-08,101,827,-12,2,2022,PMDA,2021-10-29,2021-12-12,44,1,LEC,2021-11-22,2021-12-24,32,151,3,1,0,1,0,0,0,0,0,1,1,Patient registry outreach,3,1,4,1,0,1,1700,0.443,400,14.51,adv_email,Email
SITE-00124,PROTO-B_CARDIO,Japan,Asia,Cardiology,II,Heart Failure,Biotech,5,9,8,10,0,1,1,PI-027,23,1,2,1,5,1177,2.8,2021-06-10,2021-06-22,2024-01-30,2024-03-25,12,952,-55,2,2021,PMDA,2021-02-02,2021-05-05,92,1,LEC,2021-03-03,2021-05-06,64,111,4,1,1,1,0,0,0,1,0,1,0,,2,3,5,1,0,1,2750,0.431,400,12.61,adv_email,Email
SITE-00125,PROTO-B_CARDIO,Brazil,LATAM,Cardiology,II,Heart Failure,Biotech,5,9,8,10,0,1,1,PI-009,3,5,4,1,6,1005,3.6,2022-09-11,2023-02-07,2026-08-01,2026-08-16,149,1271,-15,1,2023,Other,2022-07-13,2023-01-01,172,1,LEC,2022-08-02,2022-08-26,24,189,1,1,1,1,1,1,0,0,1,1,1,Patient registry outreach,4,4,8,1,0,1,8350,0.336,400,9.44,adv_email,Email
SITE-00126,PROTO-B_CARDIO,Poland,Europe,Cardiology,II,Heart Failure,Biotech,5,9,8,10,0,1,1,PI-026,20,1,2,1,8,1194,2.5,2022-06-04,2022-07-12,2024-10-05,2024-09-13,38,816,22,3,2022,EMA,2021-12-14,2022-01-22,39,1,CEC,2022-01-28,2022-05-05,97,165,2,1,1,1,1,1,0,0,0,0,0,,2,3,5,1,0,1,2350,0.497,400,14.71,adv_email,Email
SITE-00127,PROTO-B_CARDIO,Japan,Asia,Cardiology,II,Heart Failure,Biotech,5,9,8,10,0,1,1,PI-011,20,2,5,1,6,945,1.8,2021-06-29,2021-07-25,2023-02-23,2023-02-17,26,578,6,3,2021,PMDA,2020-12-23,2021-02-16,55,1,CEC,2021-02-12,2021-04-29,76,163,0,1,1,1,0,0,0,0,0,0,0,,1,2,3,1,0,1,850,0.411,400,20.76,adv_email,Email
SITE-00128,PROTO-B_CARDIO,Australia,APAC,Cardiology,II,Heart Failure,Biotech,5,9,8,10,0,1,1,PI-013,16,4,2,1,4,838,2.6,2021-01-13,2021-05-13,2023-09-12,2023-09-09,120,852,3,2,2021,Other,2020-10-17,2021-02-13,119,1,LEC,2020-10-29,2020-12-16,48,196,2,1,1,0,1,0,0,0,0,0,1,Patient registry outreach,2,2,4,1,0,1,2150,0.44,400,14.08,adv_online,Online
SITE-00129,PROTO-A_ONCO,USA,North America,Oncology,III,NSCLC,Pharma,8,18,12,15,1,1,1,PI-010,11,3,4,1,3,164,2.0,2022-05-11,2022-07-19,2024-06-07,2024-06-01,69,689,6,3,2022,FDA,2021-12-12,2022-05-13,152,0,IRB,2022-01-03,2022-03-13,69,197,2,0,1,0,1,0,1,0,1,1,1,Patient registry outreach,3,3,6,1,0,1,8150,0.515,140,6.1,adv_community_presentation,Community
SITE-00130,PROTO-B_CARDIO,Germany,Europe,Cardiology,II,Heart Failure,Biotech,5,9,8,10,0,1,1,PI-008,10,5,3,1,7,832,2.8,2023-05-11,2023-05-30,2025-11-18,2025-10-26,19,903,23,2,2023,EMA,2022-10-15,2022-12-11,57,1,CEC,2022-12-13,2023-03-12,89,168,2,0,0,1,1,0,0,0,0,0,0,,2,0,2,1,0,1,1700,0.417,400,13.29,adv_email,Email
SITE-00131,PROTO-C_NEURO,Poland,Europe,Neurology,II,Alzheimer's,Academic,7,14,10,12,1,0,0,PI-010,16,8,4,1,6,88,3.2,2021-02-13,2021-04-19,2024-03-30,2024-02-20,65,1076,39,2,2021,EMA,2020-10-25,2020-12-09,45,1,LEC,2020-11-23,2021-01-04,42,147,3,1,0,0,0,0,0,0,0,0,0,,0,1,1,0,1,0,200,0.556,52,1.45,adv_poster,Poster
SITE-00132,PROTO-B_CARDIO,Germany,Europe,Cardiology,II,Heart Failure,Biotech,5,9,8,10,0,1,1,PI-023,22,2,5,1,3,1079,2.8,2022-03-22,2022-06-05,2024-11-20,2024-08-22,75,899,90,2,2022,EMA,2021-09-03,2022-02-01,151,1,CEC,2021-10-18,2022-01-19,93,230,3,1,0,1,1,0,0,0,1,0,0,,2,2,4,1,0,1,6900,0.429,400,13.35,adv_email,Email
SITE-00133,PROTO-A_ONCO,Spain,Europe,Oncology,III,NSCLC,Pharma,8,18,12,15,1,1,1,PI-015,17,4,2,0,5,20,2.6,2022-07-28,2023-03-12,2025-07-01,2025-06-30,227,842,1,1,2023,EMA,2022-05-11,2022-10-04,146,1,LEC,2022-05-25,2022-06-30,36,291,2,1,1,1,0,1,0,0,0,0,0,,1,3,4,1,0,1,1150,0.547,8,0.29,adv_email,Email
SITE-00134,PROTO-A_ONCO,Japan,Asia,Oncology,III,NSCLC,Pharma,8,18,12,15,1,1,1,PI-023,14,2,1,1,3,128,3.1,2022-11-10,2022-12-27,2025-09-10,2025-08-22,47,988,19,4,2022,PMDA,2022-03-23,2022-07-02,101,1,CEC,2022-04-19,2022-09-03,137,252,3,1,1,0,1,1,0,0,0,0,0,,1,3,4,1,0,1,1850,0.589,86,2.61,adv_online,Online
SITE-00135,PROTO-C_NEURO,UK,Europe,Neurology,II,Alzheimer's,Academic,7,14,10,12,1,0,0,PI-019,13,2,4,0,5,74,3.1,2021-09-09,2021-11-24,2024-09-17,2024-10-25,76,1028,-38,4,2021,MHRA,2021-05-05,2021-07-18,74,1,LEC,2021-07-03,2021-07-28,25,144,1,1,0,1,0,0,0,0,0,1,0,,2,1,3,1,0,1,1100,0.51,58,1.69,adv_community_presentation,Community
SITE-00136,PROTO-A_ONCO,Poland,Europe,Oncology,III,NSCLC,Pharma,8,18,12,15,1,1,1,PI-002,14,5,3,1,5,243,3.1,2023-01-31,2023-03-10,2025-12-16,2026-01-05,38,1012,-20,1,2023,EMA,2022-06-27,2022-08-17,51,1,CEC,2022-08-03,2022-11-21,110,219,1,1,0,0,1,0,0,0,0,0,1,Patient registry outreach,2,1,3,1,0,1,2000,0.512,223,6.61,adv_online,Online
SITE-00137,PROTO-C_NEURO,USA,North America,Neurology,II,Alzheimer's,Academic,7,14,10,12,1,0,0,PI-002,8,2,4,1,2,130,3.8,2022-01-30,2022-01-16,2025-09-21,2025-09-21,-14,1344,0,1,2022,FDA,2021-07-22,2021-10-29,99,0,CEC,2021-08-27,2021-11-02,67,142,3,1,0,0,1,0,1,0,0,0,0,,1,2,3,1,0,1,2200,0.55,111,2.48,adv_online,Online
SITE-00138,PROTO-B_CARDIO,Japan,Asia,Cardiology,II,Heart Failure,Biotech,5,9,8,10,0,1,1,PI-019,6,4,2,1,5,937,2.5,2021-05-27,2021-08-24,2023-10-12,2023-11-03,89,779,-22,3,2021,PMDA,2020-12-04,2021-05-07,154,1,CEC,2021-01-11,2021-04-29,108,225,2,0,0,1,1,0,0,0,0,1,1,Patient registry outreach,4,0,4,1,0,1,2700,0.426,400,15.4,adv_email,Email
SITE-00139,PROTO-B_CARDIO,Spain,Europe,Cardiology,II,Heart Failure,Biotech,5,9,8,10,0,1,1,PI-006,11,1,4,1,8,969,3.2,2021-12-12,2022-03-14,2025-02-17,2025-01-27,92,1071,21,1,2022,EMA,2021-09-27,2021-11-10,44,1,LEC,2021-10-11,2021-11-07,27,154,0,0,0,1,1,1,0,0,0,1,0,,3,1,4,1,0,1,2400,0.516,400,11.2,adv_email,Email
SITE-00140,PROTO-A_ONCO,Germany,Europe,Oncology,III,NSCLC,Pharma,8,18,12,15,1,1,1,PI-006,22,1,2,1,6,175,3.8,2022-03-01,2022-06-22,2025-12-11,2026-01-15,113,1268,-35,2,2022,EMA,2021-08-27,2021-10-09,43,1,CEC,2021-10-13,2022-01-13,92,252,1,1,0,0,0,0,0,0,0,1,0,,1,1,2,1,0,0,600,0.662,82,1.94,adv_community_presentation,Community
SITE-00141,PROTO-A_ONCO,Poland,Europe,Oncology,III,NSCLC,Pharma,8,18,12,15,1,1,1,PI-017,24,5,3,0,2,227,3.1,2021-11-27,2022-01-26,2024-12-19,2024-11-27,60,1058,22,1,2022,EMA,2021-07-23,2021-10-05,74,1,LEC,2021-09-14,2021-10-25,41,134,1,1,0,1,0,1,0,1,0,0,0,,1,3,4,1,0,1,2500,0.507,332,9.41,adv_email,Email
SITE-00142,PROTO-B_CARDIO,USA,North America,Cardiology,II,Heart Failure,Biotech,5,9,8,10,0,1,1,PI-020,3,5,1,1,3,1102,2.4,2021-04-19,2021-03-31,2023-07-04,2023-08-04,-19,825,-31,1,2021,FDA,2020-10-23,2021-01-28,97,0,IRB,2020-12-07,2021-02-27,82,114,4,1,1,1,1,0,1,1,0,1,0,,3,4,7,1,0,1,4750,0.473,400,14.55,adv_email,Email
SITE-00143,PROTO-B_CARDIO,USA,North America,Cardiology,II,Heart Failure,Biotech,5,9,8,10,0,1,1,PI-020,6,3,4,1,7,1096,1.8,2022-11-28,2023-01-18,2024-10-14,2024-10-12,51,635,2,1,2023,FDA,2022-07-30,2023-01-09,163,0,IRB,2022-08-23,2022-10-16,54,148,1,0,0,0,1,0,0,0,0,0,0,,1,0,1,1,0,1,1200,0.487,355,16.77,adv_online,Online
SITE-00144,PROTO-A_ONCO,USA,North America,Oncology,III,NSCLC,Pharma,8,18,12,15,1,1,1,PI-022,6,3,3,1,2,197,3.9,2022-03-06,2022-03-02,2025-12-29,2026-01-10,-4,1398,-12,1,2022,FDA,2021-12-02,2022-02-13,73,0,IRB,2021-12-24,2022-02-16,54,68,1,1,0,0,0,0,0,0,1,0,0,,0,2,2,0,1,0,5200,0.524,146,3.13,adv_poster,Poster
SITE-00145,PROTO-C_NEURO,Germany,Europe,Neurology,II,Alzheimer's,Academic,7,14,10,12,1,0,0,PI-016,22,5,2,1,1,91,1.1,2021-10-05,2022-01-09,2022-10-16,2022-11-23,96,280,-38,1,2022,EMA,2021-04-28,2021-09-29,154,1,LEC,2021-06-19,2021-08-27,69,204,3,1,0,1,1,0,0,0,0,1,0,,3,1,4,1,0,1,2300,0.542,84,9.0,adv_community_presentation,Community
SITE-00146,PROTO-C_NEURO,UK,Europe,Neurology,II,Alzheimer's,Academic,7,14,10,12,1,0,0,PI-023,9,4,5,1,4,65,2.3,2023-01-23,2023-05-17,2025-05-30,2025-06-22,114,744,-23,2,2023,MHRA,2022-08-15,2023-01-25,163,1,CEC,2022-10-12,2022-11-27,46,217,1,1,1,0,1,0,0,1,0,1,0,,2,3,5,1,0,1,3450,0.613,27,1.09,adv_community_presentation,Community
SITE-00147,PROTO-C_NEURO,USA,North America,Neurology,II,Alzheimer's,Academic,7,14,10,12,1,0,0,PI-002,14,3,2,0,3,84,3.9,2022-01-07,2022-05-23,2026-03-23,2026-03-06,136,1400,17,2,2022,FDA,2021-10-27,2022-04-13,168,0,IRB,2021-11-08,2021-12-12,34,196,2,1,0,0,1,0,0,0,0,0,0,,1,1,2,1,0,1,1400,0.536,94,2.01,adv_online,Online
SITE-00148,PROTO-C_NEURO,Australia,APAC,Neurology,II,Alzheimer's,Academic,7,14,10,12,1,0,0,PI-025,9,1,1,1,3,103,3.5,2022-01-14,2022-04-09,2025-06-16,2025-06-22,85,1164,-6,2,2022,Other,2021-09-13,2021-11-09,57,1,LEC,2021-10-28,2021-12-30,63,163,3,0,1,1,0,0,0,1,0,0,1,Patient registry outreach,2,2,4,1,0,1,2750,0.486,97,2.5,adv_email,Email
SITE-00149,PROTO-B_CARDIO,India,Asia,Cardiology,II,Heart Failure,Biotech,5,9,8,10,0,1,1,PI-012,3,2,5,1,5,1454,2.0,2021-11-19,2022-01-13,2023-10-21,2023-10-22,55,646,-1,1,2022,Other,2021-07-13,2021-08-24,42,1,CEC,2021-07-27,2021-10-30,95,170,1,1,1,0,1,1,0,0,0,0,0,,1,3,4,1,0,1,1850,0.357,400,18.58,adv_online,Online
SITE-00150,PROTO-A_ONCO,Spain,Europe,Oncology,III,NSCLC,Pharma,8,18,12,15,1,1,1,PI-023,15,3,2,1,3,174,2.0,2021-11-26,2022-04-01,2024-02-07,2024-02-21,126,677,-14,2,2022,EMA,2021-07-21,2022-01-12,175,1,LEC,2021-09-17,2021-10-24,37,196,1,0,1,0,1,1,0,1,0,0,0,,1,3,4,1,0,1,3150,0.548,58,2.57,adv_online,Online
SITE-00151,PROTO-B_CARDIO,Spain,Europe,Cardiology,II,Heart Failure,Biotech,5,9,8,10,0,1,1,PI-022,19,9,3,1,3,859,2.0,2021-01-16,2021-05-08,2023-01-23,2023-01-16,112,625,7,2,2021,EMA,2020-09-05,2020-10-25,50,1,LEC,2020-11-02,2020-12-26,54,187,1,1,0,1,0,1,0,0,0,1,0,,2,2,4,1,0,1,1400,0.402,400,19.2,adv_email,Email
SITE-00152,PROTO-C_NEURO,Germany,Europe,Neurology,II,Alzheimer's,Academic,7,14,10,12,1,0,0,PI-029,11,2,2,1,5,117,3.0,2022-04-12,2022-07-03,2025-02-12,2025-01-18,82,955,25,3,2022,EMA,2021-10-11,2022-02-16,128,1,CEC,2021-11-17,2022-02-22,97,228,4,0,1,0,0,0,0,1,0,1,0,,1,2,3,1,0,0,2050,0.468,65,2.04,adv_community_presentation,Community
SITE-00153,PROTO-C_NEURO,Poland,Europe,Neurology,II,Alzheimer's,Academic,7,14,10,12,1,0,0,PI-015,19,0,2,1,3,79,1.2,2022-02-16,2022-06-22,2023-05-03,2023-04-26,126,315,7,2,2022,EMA,2021-09-12,2022-02-26,167,1,CEC,2021-10-12,2021-12-20,69,253,4,1,1,0,0,0,0,0,0,0,1,Patient registry outreach,1,2,3,1,0,0,950,0.448,45,4.29,adv_other,Other
SITE-00154,PROTO-C_NEURO,Japan,Asia,Neurology,II,Alzheimer's,Academic,7,14,10,12,1,0,0,PI-015,15,0,1,1,2,63,1.6,2022-11-11,2022-11-02,2024-03-23,2024-03-24,-9,507,-1,4,2022,PMDA,2022-04-16,2022-06-08,53,1,CEC,2022-05-06,2022-09-06,123,180,1,1,0,1,0,0,0,0,0,1,0,,2,1,3,1,0,1,1100,0.589,37,2.19,adv_community_presentation,Community
SITE-00155,PROTO-B_CARDIO,USA,North America,Cardiology,II,Heart Failure,Biotech,5,9,8,10,0,1,1,PI-028,9,2,5,1,6,724,2.1,2023-07-05,2023-07-03,2025-07-17,2025-09-07,-2,745,-52,3,2023,FDA,2023-03-05,2023-06-09,96,0,IRB,2023-04-23,2023-06-02,40,71,2,1,1,1,0,0,0,0,0,0,0,,1,2,3,1,0,1,850,0.378,400,16.11,adv_email,Email
SITE-00156,PROTO-A_ONCO,India,Asia,Oncology,III,NSCLC,Pharma,8,18,12,15,1,1,1,PI-027,17,2,1,1,12,122,2.5,2021-09-14,2021-10-17,2024-02-12,2024-02-09,33,848,3,4,2021,Other,2021-04-25,2021-06-10,46,1,LEC,2021-06-05,2021-08-03,59,134,2,0,0,0,0,0,0,0,0,0,0,,0,0,0,0,0,0,0,0.605,11,0.39,none,None
SITE-00157,PROTO-B_CARDIO,Japan,Asia,Cardiology,II,Heart Failure,Biotech,5,9,8,10,0,1,1,PI-024,18,4,1,1,2,673,2.9,2021-05-01,2021-07-06,2024-02-07,2024-02-24,66,946,-17,3,2021,PMDA,2020-11-12,2021-02-06,86,1,CEC,2020-12-11,2021-03-30,109,207,0,1,1,1,1,0,0,0,0,0,0,,2,2,4,1,0,1,2050,0.31,400,12.68,adv_email,Email
SITE-00158,PROTO-C_NEURO,India,Asia,Neurology,II,Alzheimer's,Academic,7,14,10,12,1,0,0,PI-008,12,5,3,1,7,79,2.9,2022-09-18,2022-12-07,2025-08-11,2025-09-01,80,978,-21,4,2022,Other,2022-06-03,2022-08-04,62,1,LEC,2022-06-27,2022-08-12,46,163,2,0,0,1,0,0,0,0,0,0,0,,1,0,1,1,0,1,500,0.587,35,1.07,adv_email,Email
SITE-00159,PROTO-A_ONCO,Poland,Europe,Oncology,III,NSCLC,Pharma,8,18,12,15,1,1,1,PI-025,18,3,4,1,4,40,3.7,2022-05-19,2022-09-04,2026-02-10,2026-01-19,108,1255,22,3,2022,EMA,2022-01-18,2022-05-20,122,1,LEC,2022-03-06,2022-05-02,57,182,2,0,0,1,1,0,1,0,0,0,0,,2,1,3,1,0,1,2500,0.554,43,1.03,adv_email,Email
SITE-00160,PROTO-B_CARDIO,Brazil,LATAM,Cardiology,II,Heart Failure,Biotech,5,9,8,10,0,1,1,PI-011,12,2,3,1,5,1050,1.4,2021-06-11,2021-10-19,2022-10-21,2022-10-24,130,367,-3,4,2021,Other,2021-02-10,2021-04-11,60,1,LEC,2021-03-24,2021-05-22,59,209,4,1,0,0,1,1,1,0,0,1,0,,2,3,5,1,0,1,2900,0.407,400,32.7,adv_online,Online
SITE-00161,PROTO-B_CARDIO,Poland,Europe,Cardiology,II,Heart Failure,Biotech,5,9,8,10,0,1,1,PI-005,16,3,5,1,4,1085,1.8,2022-11-23,2023-03-12,2024-09-16,2024-10-13,109,554,-27,1,2023,EMA,2022-08-11,2022-11-19,100,1,LEC,2022-08-30,2022-11-02,64,194,1,1,1,0,1,1,1,0,0,0,0,,1,4,5,1,0,1,2650,0.375,400,21.66,adv_online,Online
SITE-00162,PROTO-C_NEURO,USA,North America,Neurology,II,Alzheimer's,Academic,7,14,10,12,1,0,0,PI-001,3,6,4,1,2,68,3.5,2022-09-06,2022-10-14,2026-02-14,2026-03-11,38,1219,-25,4,2022,FDA,2022-03-23,2022-06-21,90,0,IRB,2022-05-12,2022-08-15,95,155,3,0,1,0,0,1,0,0,0,1,0,,1,2,3,1,0,0,850,0.613,56,1.38,adv_community_presentation,Community
SITE-00163,PROTO-C_NEURO,Poland,Europe,Neurology,II,Alzheimer's,Academic,7,14,10,12,1,0,0,PI-014,18,1,5,1,5,20,1.4,2021-04-28,2021-07-22,2022-08-28,2022-09-08,85,402,-11,3,2021,EMA,2020-12-22,2021-02-03,43,1,LEC,2021-02-08,2021-03-25,45,164,1,1,1,1,1,1,0,0,0,0,0,,2,3,5,1,0,1,2350,0.588,6,0.45,adv_email,Email
SITE-00164,PROTO-C_NEURO,UK,Europe,Neurology,II,Alzheimer's,Academic,7,14,10,12,1,0,0,PI-018,4,1,4,1,5,86,3.5,2021-12-22,2022-05-07,2025-09-03,2025-09-07,136,1215,-4,2,2022,MHRA,2021-08-28,2022-01-23,148,1,LEC,2021-10-19,2021-11-19,31,200,0,1,0,1,0,0,0,0,0,1,0,,2,1,3,1,0,1,1100,0.539,43,1.06,adv_community_presentation,Community
SITE-00165,PROTO-C_NEURO,UK,Europe,Neurology,II,Alzheimer's,Academic,7,14,10,12,1,0,0,PI-011,2,3,5,1,6,68,3.7,2021-05-18,2021-10-19,2025-03-22,2025-05-11,154,1250,-50,4,2021,MHRA,2021-03-02,2021-06-21,111,1,LEC,2021-03-29,2021-05-02,34,204,2,1,0,0,1,0,0,1,0,1,0,,2,2,4,1,0,1,3300,0.604,28,0.67,adv_community_presentation,Community
SITE-00166,PROTO-C_NEURO,Brazil,LATAM,Neurology,II,Alzheimer's,Academic,7,14,10,12,1,0,0,PI-015,14,3,1,1,4,91,3.4,2023-06-29,2023-09-13,2026-11-02,2026-12-04,76,1146,-32,3,2023,Other,2023-02-11,2023-06-14,123,1,LEC,2023-04-03,2023-06-08,66,163,3,0,1,0,0,0,0,0,0,0,0,,0,1,1,0,1,0,150,0.545,71,1.86,adv_pamphlet,Pamphlet
SITE-00167,PROTO-C_NEURO,Japan,Asia,Neurology,II,Alzheimer's,Academic,7,14,10,12,1,0,0,PI-009,20,2,1,1,1,59,2.6,2022-08-01,2022-11-04,2025-02-17,2025-03-05,95,836,-16,4,2022,PMDA,2022-03-14,2022-07-28,136,1,CEC,2022-04-10,2022-06-13,64,208,1,0,1,0,1,1,0,0,0,1,0,,2,2,4,1,0,1,2050,0.511,86,3.09,adv_community_presentation,Community
SITE-00168,PROTO-C_NEURO,USA,North America,Neurology,II,Alzheimer's,Academic,7,14,10,12,1,0,0,PI-017,10,3,1,1,6,71,3.6,2022-03-22,2022-02-06,2025-07-19,2025-08-06,-44,1259,-18,1,2022,FDA,2021-06-30,2021-11-07,130,0,CEC,2021-08-16,2022-01-11,148,174,2,1,0,1,1,1,1,0,0,0,0,,2,3,5,1,0,1,3000,0.361,58,1.38,adv_email,Email
SITE-00169,PROTO-C_NEURO,Australia,APAC,Neurology,II,Alzheimer's,Academic,7,14,10,12,1,0,0,PI-015,18,1,3,1,7,20,1.3,2022-04-24,2022-05-24,2023-06-17,2023-07-06,30,389,-19,2,2022,Other,2021-10-22,2022-01-07,77,1,CEC,2021-11-20,2022-03-19,119,185,1,0,0,1,1,1,0,0,0,0,1,Patient registry outreach,3,1,4,1,0,1,2600,0.578,4,0.31,adv_email,Email
SITE-00170,PROTO-A_ONCO,Germany,Europe,Oncology,III,NSCLC,Pharma,8,18,12,15,1,1,1,PI-016,6,2,5,1,6,255,2.2,2022-12-09,2023-03-27,2025-02-24,2025-03-02,108,700,-6,1,2023,EMA,2022-07-05,2022-10-12,99,1,CEC,2022-09-01,2022-11-03,63,207,3,1,1,1,0,0,0,0,0,1,0,,2,2,4,1,0,1,1250,0.582,62,2.66,adv_email,Email
SITE-00171,PROTO-B_CARDIO,USA,North America,Cardiology,II,Heart Failure,Biotech,5,9,8,10,0,1,1,PI-020,6,3,2,1,5,838,2.4,2021-01-20,2021-01-16,2023-05-21,2023-07-02,-4,855,-42,1,2021,FDA,2020-08-24,2020-11-15,83,0,IRB,2020-10-21,2020-12-23,63,87,0,1,0,0,1,1,0,0,0,1,0,,2,2,4,1,0,1,2100,0.338,400,14.04,adv_online,Online
SITE-00172,PROTO-C_NEURO,Japan,Asia,Neurology,II,Alzheimer's,Academic,7,14,10,12,1,0,0,PI-017,13,5,4,1,2,129,1.4,2022-12-24,2023-04-14,2024-06-30,2024-06-25,111,443,5,2,2023,PMDA,2022-09-24,2022-12-28,95,1,LEC,2022-10-31,2022-12-02,32,165,3,0,1,1,1,1,0,1,0,0,1,Patient registry outreach,3,3,6,1,0,1,4250,0.54,85,5.76,adv_email,Email
SITE-00173,PROTO-C_NEURO,UK,Europe,Neurology,II,Alzheimer's,Academic,7,14,10,12,1,0,0,PI-004,23,4,1,1,2,160,2.7,2023-07-31,2023-12-01,2026-05-05,2026-05-07,123,886,-2,4,2023,MHRA,2023-04-14,2023-07-04,81,1,LEC,2023-05-24,2023-07-11,48,191,0,1,1,0,1,0,0,0,0,1,0,,2,2,4,1,0,1,1950,0.517,245,8.3,adv_community_presentation,Community
SITE-00174,PROTO-B_CARDIO,UK,Europe,Cardiology,II,Heart Failure,Biotech,5,9,8,10,0,1,1,PI-013,11,2,3,1,3,1192,3.0,2023-07-22,2023-12-21,2026-10-08,2026-10-30,152,1022,-22,4,2023,MHRA,2023-04-23,2023-09-29,159,1,LEC,2023-06-12,2023-07-10,28,192,2,1,0,0,0,0,0,0,0,0,0,,0,1,1,0,1,0,200,0.378,400,11.74,adv_poster,Poster
SITE-00175,PROTO-C_NEURO,Spain,Europe,Neurology,II,Alzheimer's,Academic,7,14,10,12,1,0,0,PI-008,13,2,5,1,5,38,1.6,2021-10-08,2022-05-06,2023-09-27,2023-08-06,210,509,52,2,2022,EMA,2021-08-14,2021-12-26,134,1,LEC,2021-08-28,2021-09-21,24,251,1,1,1,0,0,0,0,0,0,0,0,,0,2,2,0,1,0,350,0.562,15,0.88,adv_poster,Poster
SITE-00176,PROTO-C_NEURO,Brazil,LATAM,Neurology,II,Alzheimer's,Academic,7,14,10,12,1,0,0,PI-028,11,1,1,1,4,58,3.0,2021-07-06,2021-10-21,2024-06-25,2024-07-22,107,978,-27,4,2021,Other,2021-02-18,2021-05-31,102,1,CEC,2021-04-09,2021-06-02,54,195,2,1,1,1,0,1,1,0,0,0,0,,1,4,5,1,0,1,1950,0.516,43,1.32,adv_email,Email
SITE-00177,PROTO-B_CARDIO,USA,North America,Cardiology,II,Heart Failure,Biotech,5,9,8,10,0,1,1,PI-021,12,4,2,1,5,984,3.3,2021-10-05,2021-09-11,2024-11-08,2024-11-30,-24,1154,-22,3,2021,FDA,2021-02-06,2021-06-22,136,0,CEC,2021-04-06,2021-07-21,106,158,5,1,1,1,0,0,0,0,0,0,0,,1,2,3,1,0,1,850,0.339,400,10.4,adv_email,Email
SITE-00178,PROTO-B_CARDIO,Spain,Europe,Cardiology,II,Heart Failure,Biotech,5,9,8,10,0,1,1,PI-027,20,3,2,1,4,979,1.8,2021-09-10,2021-11-30,2023-06-30,2023-06-13,81,577,17,4,2021,EMA,2021-05-28,2021-08-16,80,1,LEC,2021-06-18,2021-08-19,62,165,2,1,1,0,0,0,0,0,0,0,0,,0,2,2,0,1,0,350,0.523,400,20.8,adv_poster,Poster
SITE-00179,PROTO-A_ONCO,Poland,Europe,Oncology,III,NSCLC,Pharma,8,18,12,15,1,1,1,PI-024,17,3,2,1,4,134,2.5,2023-01-05,2023-03-22,2025-06-22,2025-06-27,76,823,-5,1,2023,EMA,2022-10-03,2022-11-24,52,1,LEC,2022-11-12,2022-12-20,38,130,0,1,1,0,0,1,0,0,1,0,1,Patient registry outreach,1,4,5,1,0,0,6250,0.701,73,2.66,adv_other,Other
SITE-00180,PROTO-B_CARDIO,Brazil,LATAM,Cardiology,II,Heart Failure,Biotech,5,9,8,10,0,1,1,PI-026,8,0,1,1,5,836,2.8,2023-03-03,2023-05-03,2025-11-08,2025-09-30,61,920,39,2,2023,Other,2022-09-10,2023-01-08,120,1,CEC,2022-10-27,2023-01-16,81,188,2,1,0,0,1,1,0,0,0,0,0,,1,2,3,1,0,1,1700,0.481,368,12.0,adv_online,Online
SITE-00181,PROTO-A_ONCO,USA,North America,Oncology,III,NSCLC,Pharma,8,18,12,15,1,1,1,PI-012,8,0,2,1,3,27,2.7,2022-02-14,2021-12-26,2024-07-20,2024-07-26,-50,937,-6,4,2021,FDA,2021-06-03,2021-10-11,130,0,CEC,2021-07-15,2021-11-28,136,164,1,1,1,0,1,0,0,0,0,0,0,,1,2,3,1,0,1,1550,0.599,12,0.38,adv_online,Online
SITE-00182,PROTO-B_CARDIO,Spain,Europe,Cardiology,II,Heart Failure,Biotech,5,9,8,10,0,1,1,PI-023,5,2,1,1,3,893,3.8,2022-12-27,2023-03-13,2026-11-03,2026-09-29,76,1331,35,1,2023,EMA,2022-09-27,2022-12-26,90,1,LEC,2022-10-31,2022-12-06,36,133,0,1,1,1,0,0,0,1,0,1,0,,2,3,5,1,0,1,2750,0.456,400,9.02,adv_email,Email
SITE-00183,PROTO-C_NEURO,UK,Europe,Neurology,II,Alzheimer's,Academic,7,14,10,12,1,0,0,PI-020,4,4,1,1,2,92,3.0,2021-03-22,2021-06-14,2024-02-18,2024-02-05,84,979,13,2,2021,MHRA,2020-10-08,2021-03-05,148,1,CEC,2020-11-08,2021-01-17,70,218,1,1,1,1,0,0,0,0,0,0,0,,1,2,3,1,0,1,850,0.504,76,2.33,adv_email,Email
SITE-00184,PROTO-A_ONCO,Brazil,LATAM,Oncology,III,NSCLC,Pharma,8,18,12,15,1,1,1,PI-003,14,5,3,1,2,264,1.8,2022-09-11,2022-11-08,2024-04-26,2024-05-10,58,535,-14,4,2022,Other,2022-02-25,2022-08-07,163,1,CEC,2022-04-01,2022-08-04,125,221,1,1,1,0,0,0,0,0,0,0,0,,0,2,2,0,1,0,350,0.405,255,14.3,adv_poster,Poster
SITE-00185,PROTO-A_ONCO,USA,North America,Oncology,III,NSCLC,Pharma,8,18,12,15,1,1,1,PI-021,9,3,5,1,3,172,1.9,2021-10-18,2021-08-03,2023-05-24,2023-05-04,-76,659,20,3,2021,FDA,2021-03-07,2021-06-03,88,0,CEC,2021-04-16,2021-07-27,102,109,0,1,1,1,0,0,0,0,0,0,0,,1,2,3,1,0,1,850,0.529,103,4.69,adv_email,Email
SITE-00186,PROTO-B_CARDIO,UK,Europe,Cardiology,II,Heart Failure,Biotech,5,9,8,10,0,1,1,PI-023,12,4,3,0,3,1030,3.5,2021-11-03,2021-12-28,2025-04-28,2025-05-21,55,1217,-23,4,2021,MHRA,2021-06-24,2021-09-30,98,1,LEC,2021-08-01,2021-09-22,52,149,1,1,1,1,0,0,0,0,0,0,1,Patient registry outreach,2,2,4,1,0,1,1450,0.442,400,9.86,adv_email,Email
SITE-00187,PROTO-B_CARDIO,Germany,Europe,Cardiology,II,Heart Failure,Biotech,5,9,8,10,0,1,1,PI-025,22,2,4,1,5,1097,3.7,2021-06-10,2021-08-16,2025-02-03,2025-02-23,67,1267,-20,3,2021,EMA,2021-03-04,2021-04-18,45,1,LEC,2021-04-02,2021-04-29,27,136,4,1,0,0,1,1,0,0,0,1,0,,2,2,4,1,0,1,2100,0.383,400,9.47,adv_online,Online
SITE-00188,PROTO-C_NEURO,USA,North America,Neurology,II,Alzheimer's,Academic,7,14,10,12,1,0,0,PI-004,22,3,1,1,6,74,2.7,2022-03-16,2022-05-06,2024-12-11,2024-10-29,51,950,43,2,2022,FDA,2021-10-07,2022-03-06,150,0,IRB,2021-10-24,2022-01-25,93,194,1,1,1,0,1,0,0,0,1,0,0,,1,3,4,1,0,1,6550,0.603,37,1.17,adv_online,Online
SITE-00189,PROTO-C_NEURO,Canada,North America,Neurology,II,Alzheimer's,Academic,7,14,10,12,1,0,0,PI-027,21,5,5,1,3,26,3.5,2022-03-19,2022-03-27,2025-08-13,2025-08-28,8,1235,-15,1,2022,Other,2021-11-04,2022-02-23,111,0,IRB,2022-01-01,2022-02-17,47,85,3,1,0,0,1,0,0,0,0,0,0,,1,1,2,1,0,1,1400,0.529,38,0.92,adv_online,Online
SITE-00190,PROTO-A_ONCO,Germany,Europe,Oncology,III,NSCLC,Pharma,8,18,12,15,1,1,1,PI-017,14,4,2,1,2,129,2.6,2022-07-12,2022-07-04,2024-11-05,2024-11-04,-8,855,1,3,2022,EMA,2021-12-02,2022-03-08,96,1,CEC,2021-12-25,2022-04-17,113,191,1,1,1,0,0,0,0,0,0,0,0,,0,2,2,0,1,0,350,0.549,116,4.07,adv_poster,Poster
SITE-00191,PROTO-A_ONCO,India,Asia,Oncology,III,NSCLC,Pharma,8,18,12,15,1,1,1,PI-001,8,4,3,1,8,192,3.2,2021-06-06,2021-11-10,2024-11-28,2024-12-30,157,1114,-32,4,2021,Other,2021-04-11,2021-09-18,160,1,LEC,2021-04-21,2021-05-23,32,203,3,1,0,0,1,0,0,1,0,0,0,,1,2,3,1,0,1,2900,0.526,58,1.56,adv_online,Online
SITE-00192,PROTO-A_ONCO,Poland,Europe,Oncology,III,NSCLC,Pharma,8,18,12,15,1,1,1,PI-012,15,3,3,1,3,129,1.4,2021-03-11,2021-07-05,2022-08-18,2022-10-07,116,409,-50,3,2021,EMA,2020-11-21,2021-03-07,106,1,LEC,2021-01-14,2021-02-04,21,172,2,1,0,0,1,0,0,0,0,0,0,,1,1,2,1,0,1,1400,0.558,48,3.52,adv_online,Online
SITE-00193,PROTO-A_ONCO,USA,North America,Oncology,III,NSCLC,Pharma,8,18,12,15,1,1,1,PI-003,20,2,4,1,6,164,3.0,2021-12-11,2022-01-19,2024-12-16,2024-11-23,39,1062,23,1,2022,FDA,2021-07-06,2021-11-28,145,0,IRB,2021-08-02,2021-11-09,99,170,0,1,1,0,0,0,0,0,0,0,0,,0,2,2,0,1,0,350,0.624,64,1.81,adv_poster,Poster
SITE-00194,PROTO-A_ONCO,Japan,Asia,Oncology,III,NSCLC,Pharma,8,18,12,15,1,1,1,PI-002,9,3,3,1,5,274,1.4,2022-03-30,2022-04-30,2023-06-14,2023-07-20,31,410,-36,2,2022,PMDA,2021-08-14,2022-02-03,173,1,CEC,2021-10-06,2022-01-15,101,206,2,1,1,1,0,0,0,0,0,0,0,,1,2,3,1,0,1,850,0.571,83,6.07,adv_email,Email
SITE-00195,PROTO-C_NEURO,India,Asia,Neurology,II,Alzheimer's,Academic,7,14,10,12,1,0,0,PI-011,4,4,4,1,3,96,2.8,2022-07-28,2022-09-30,2025-04-24,2025-05-11,64,937,-17,3,2022,Other,2022-04-10,2022-07-10,91,1,LEC,2022-05-30,2022-07-02,33,123,1,0,1,1,0,0,0,0,0,0,0,,1,1,2,1,0,1,650,0.646,42,1.34,adv_email,Email
SITE-00196,PROTO-C_NEURO,UK,Europe,Neurology,II,Alzheimer's,Academic,7,14,10,12,1,0,0,PI-003,11,0,4,1,6,46,2.8,2023-09-02,2023-11-25,2026-07-05,2026-06-28,84,953,7,4,2023,MHRA,2023-03-22,2023-09-17,179,1,LEC,2023-05-18,2023-07-26,69,191,2,1,1,1,0,0,1,0,0,1,0,,2,3,5,1,0,1,2050,0.703,10,0.31,adv_community_presentation,Community
SITE-00197,PROTO-B_CARDIO,Germany,Europe,Cardiology,II,Heart Failure,Biotech,5,9,8,10,0,1,1,PI-006,24,1,3,1,3,719,3.0,2021-05-19,2021-09-12,2024-06-30,2024-07-27,116,1022,-27,3,2021,EMA,2020-12-15,2021-05-28,164,1,CEC,2020-12-25,2021-02-22,59,261,3,1,1,0,0,1,1,0,0,1,0,,1,4,5,1,0,0,1850,0.315,400,11.74,adv_community_presentation,Community
SITE-00198,PROTO-A_ONCO,USA,North America,Oncology,III,NSCLC,Pharma,8,18,12,15,1,1,1,PI-005,7,1,2,1,7,118,3.1,2022-07-04,2022-08-06,2025-07-23,2025-08-18,33,1082,-26,3,2022,FDA,2022-02-02,2022-06-03,121,0,IRB,2022-03-14,2022-06-17,95,145,3,0,1,0,0,0,0,1,0,0,0,,0,2,2,0,1,0,1650,0.65,30,0.83,adv_pamphlet,Pamphlet
SITE-00199,PROTO-A_ONCO,Poland,Europe,Oncology,III,NSCLC,Pharma,8,18,12,15,1,1,1,PI-010,21,3,5,1,7,107,3.1,2022-10-27,2023-03-06,2026-01-24,2026-02-18,130,1055,-25,1,2023,EMA,2022-06-22,2022-12-07,168,1,LEC,2022-08-12,2022-09-18,37,206,1,1,1,1,0,0,0,0,0,0,0,,1,2,3,1,0,1,850,0.638,43,1.22,adv_email,Email
SITE-00200,PROTO-C_NEURO,Spain,Europe,Neurology,II,Alzheimer's,Academic,7,14,10,12,1,0,0,PI-007,10,3,3,1,2,40,1.8,2023-05-29,2023-08-13,2025-03-07,2025-02-17,76,572,18,3,2023,EMA,2023-03-04,2023-04-09,36,1,LEC,2023-03-25,2023-05-10,46,141,3,1,0,0,0,0,1,0,0,0,0,,0,2,2,0,1,0,1000,0.602,17,0.89,adv_poster,Poster
SITE-00201,PROTO-C_NEURO,USA,North America,Neurology,II,Alzheimer's,Academic,7,14,10,12,1,0,0,PI-001,16,2,3,1,3,135,3.1,2022-08-01,2022-09-02,2025-08-29,2025-08-09,32,1092,20,3,2022,FDA,2022-03-16,2022-07-21,127,0,IRB,2022-04-16,2022-06-25,70,139,4,1,0,1,0,1,1,0,0,1,0,,2,3,5,1,0,1,2200,0.527,116,3.19,adv_community_presentation,Community
SITE-00202,PROTO-C_NEURO,Poland,Europe,Neurology,II,Alzheimer's,Academic,7,14,10,12,1,0,0,PI-006,9,5,2,1,3,53,2.6,2021-10-01,2022-01-07,2024-05-22,2024-06-13,98,866,-22,1,2022,EMA,2021-07-01,2021-09-07,68,1,LEC,2021-07-21,2021-08-30,40,170,0,1,0,0,1,0,0,1,0,0,0,,1,2,3,1,0,1,2900,0.525,49,1.7,adv_online,Online
SITE-00203,PROTO-B_CARDIO,Australia,APAC,Cardiology,II,Heart Failure,Biotech,5,9,8,10,0,1,1,PI-012,16,3,3,1,5,1179,2.3,2021-10-24,2021-11-16,2023-10-20,2023-11-05,23,703,-16,4,2021,Other,2021-02-14,2021-05-08,83,1,CEC,2021-04-03,2021-08-19,138,227,1,1,0,0,1,0,0,0,0,0,0,,1,1,2,1,0,1,1400,0.366,400,17.07,adv_online,Online
SITE-00204,PROTO-A_ONCO,Japan,Asia,Oncology,III,NSCLC,Pharma,8,18,12,15,1,1,1,PI-027,11,0,1,1,6,127,3.8,2021-06-14,2021-11-16,2025-05-07,2025-05-15,155,1268,-8,4,2021,PMDA,2021-03-09,2021-07-06,119,1,LEC,2021-04-24,2021-05-23,29,206,5,1,1,1,1,1,1,0,0,0,0,,2,4,6,1,0,1,3150,0.615,55,1.3,adv_email,Email
SITE-00205,PROTO-C_NEURO,Poland,Europe,Neurology,II,Alzheimer's,Academic,7,14,10,12,1,0,0,PI-016,21,3,5,1,5,44,2.2,2022-07-20,2022-12-18,2024-11-16,2024-11-09,151,699,7,4,2022,EMA,2022-05-21,2022-07-26,66,1,LEC,2022-06-02,2022-06-26,24,199,5,1,0,1,1,0,0,0,0,1,0,,3,1,4,1,0,1,2300,0.499,40,1.72,adv_community_presentation,Community
SITE-00206,PROTO-A_ONCO,India,Asia,Oncology,III,NSCLC,Pharma,8,18,12,15,1,1,1,PI-015,15,3,2,1,1,29,3.9,2022-10-18,2023-03-07,2026-10-09,2026-10-24,140,1312,-15,1,2023,Other,2022-07-09,2022-11-29,143,1,LEC,2022-07-24,2022-09-20,58,226,2,1,1,0,1,1,0,0,0,1,0,,2,3,5,1,0,1,2250,0.591,43,0.98,adv_community_presentation,Community
SITE-00207,PROTO-A_ONCO,USA,North America,Oncology,III,NSCLC,Pharma,8,18,12,15,1,1,1,PI-012,7,10,2,1,3,83,2.3,2021-04-04,2021-04-30,2023-06-02,2023-06-01,26,763,1,2,2021,FDA,2020-08-18,2021-02-12,178,0,CEC,2020-09-20,2021-01-22,124,222,5,1,1,1,1,0,0,0,1,1,0,,3,3,6,1,0,1,7450,0.568,62,2.44,adv_email,Email
SITE-00208,PROTO-A_ONCO,Spain,Europe,Oncology,III,NSCLC,Pharma,8,18,12,15,1,1,1,PI-006,10,5,3,1,5,128,2.9,2022-12-27,2023-01-28,2025-09-01,2025-09-13,32,947,-12,1,2023,EMA,2022-05-24,2022-08-13,81,1,CEC,2022-07-01,2022-10-18,109,211,3,1,1,0,1,1,0,0,1,0,0,,1,4,5,1,0,1,6850,0.497,85,2.69,adv_online,Online
SITE-00209,PROTO-C_NEURO,Poland,Europe,Neurology,II,Alzheimer's,Academic,7,14,10,12,1,0,0,PI-008,17,7,2,1,4,60,2.6,2021-07-15,2021-07-20,2023-12-01,2023-12-14,5,864,-13,3,2021,EMA,2020-12-29,2021-03-28,89,1,CEC,2021-02-11,2021-05-13,91,159,0,1,1,0,0,0,0,0,1,0,0,,0,3,3,0,1,0,5350,0.559,40,1.39,adv_poster,Poster
SITE-00210,PROTO-A_ONCO,Spain,Europe,Oncology,III,NSCLC,Pharma,8,18,12,15,1,1,1,PI-013,15,2,4,1,5,93,1.4,2022-08-15,2023-01-21,2024-03-08,2024-03-21,159,412,-13,1,2023,EMA,2022-05-30,2022-09-24,117,1,LEC,2022-06-23,2022-07-19,26,212,3,1,0,1,0,1,1,0,0,0,0,,1,3,4,1,0,1,1800,0.584,27,1.97,adv_email,Email
SITE-00211,PROTO-C_NEURO,India,Asia,Neurology,II,Alzheimer's,Academic,7,14,10,12,1,0,0,PI-007,2,2,5,1,6,23,1.5,2022-01-07,2022-01-30,2023-04-10,2023-05-12,23,435,-32,1,2022,Other,2021-04-28,2021-09-30,155,1,CEC,2021-05-24,2021-10-19,148,251,1,1,0,1,1,1,0,0,1,1,1,Patient registry outreach,4,3,7,1,0,1,8200,0.597,5,0.34,adv_community_presentation,Community
SITE-00212,PROTO-A_ONCO,USA,North America,Oncology,III,NSCLC,Pharma,8,18,12,15,1,1,1,PI-004,22,5,2,1,4,165,2.2,2021-10-20,2021-11-16,2023-12-13,2023-10-23,27,757,51,4,2021,FDA,2021-05-04,2021-08-02,90,0,IRB,2021-06-10,2021-08-25,76,159,3,0,0,1,0,1,1,0,0,0,1,Patient registry outreach,2,2,4,1,0,1,2200,0.619,79,3.13,adv_email,Email
SITE-00213,PROTO-C_NEURO,Germany,Europe,Neurology,II,Alzheimer's,Academic,7,14,10,12,1,0,0,PI-010,21,8,1,1,3,124,3.0,2023-04-30,2023-06-02,2026-03-02,2026-03-20,33,1004,-18,2,2023,EMA,2022-11-11,2023-01-05,55,1,CEC,2022-12-10,2023-02-01,53,174,3,1,1,0,1,0,0,0,0,0,0,,1,2,3,1,0,1,1550,0.623,135,4.03,adv_online,Online
SITE-00214,PROTO-A_ONCO,UK,Europe,Oncology,III,NSCLC,Pharma,8,18,12,15,1,1,1,PI-009,10,2,5,1,5,202,3.5,2021-08-08,2021-12-06,2025-03-22,2025-02-03,120,1202,47,4,2021,MHRA,2021-05-08,2021-09-10,125,1,LEC,2021-06-20,2021-07-27,37,169,1,0,1,1,1,0,1,0,0,0,0,,2,2,4,1,0,1,2650,0.58,130,3.24,adv_email,Email
SITE-00215,PROTO-A_ONCO,Japan,Asia,Oncology,III,NSCLC,Pharma,8,18,12,15,1,1,1,PI-028,17,2,3,1,4,20,3.7,2022-04-19,2022-07-09,2026-01-08,2026-03-04,81,1279,-55,3,2022,PMDA,2021-11-27,2022-01-30,64,1,CEC,2022-01-20,2022-03-15,54,170,1,1,1,0,1,1,0,0,0,0,0,,1,3,4,1,0,1,1850,0.592,13,0.3,adv_online,Online
SITE-00216,PROTO-C_NEURO,USA,North America,Neurology,II,Alzheimer's,Academic,7,14,10,12,1,0,0,PI-010,14,6,2,1,8,47,2.9,2021-12-30,2021-10-17,2024-07-10,2024-07-23,-74,997,-13,4,2021,FDA,2021-03-27,2021-08-20,146,0,CEC,2021-05-23,2021-10-12,142,147,2,0,0,1,1,1,1,0,0,0,0,,2,2,4,1,0,1,2800,0.527,19,0.57,adv_email,Email
SITE-00217,PROTO-A_ONCO,Australia,APAC,Oncology,III,NSCLC,Pharma,8,18,12,15,1,1,1,PI-012,12,2,2,1,2,131,2.4,2023-01-31,2023-05-30,2025-07-26,2025-07-26,119,788,0,2,2023,Other,2022-10-21,2023-02-05,107,1,LEC,2022-12-13,2023-01-03,21,168,3,1,1,1,0,1,0,0,0,0,0,,1,3,4,1,0,1,1150,0.61,65,2.47,adv_email,Email
SITE-00218,PROTO-C_NEURO,India,Asia,Neurology,II,Alzheimer's,Academic,7,14,10,12,1,0,0,PI-007,6,3,4,1,1,82,1.4,2023-09-18,2023-10-14,2024-12-26,2024-09-07,26,439,110,4,2023,Other,2023-06-01,2023-07-16,45,1,LEC,2023-06-15,2023-08-05,51,121,2,1,0,0,0,0,0,0,0,0,0,,0,1,1,0,1,0,200,0.564,45,3.08,adv_poster,Poster
SITE-00219,PROTO-C_NEURO,Spain,Europe,Neurology,II,Alzheimer's,Academic,7,14,10,12,1,0,0,PI-021,2,1,4,1,5,54,1.4,2023-04-28,2023-06-12,2024-09-02,2024-10-04,45,448,-32,2,2023,EMA,2022-12-24,2023-03-24,90,1,LEC,2023-02-16,2023-04-08,51,116,2,1,0,1,0,0,0,0,0,0,0,,1,1,2,1,0,1,700,0.572,12,0.8,adv_email,Email
SITE-00220,PROTO-B_CARDIO,Canada,North America,Cardiology,II,Heart Failure,Biotech,5,9,8,10,0,1,1,PI-008,24,4,4,1,8,749,3.1,2023-04-24,2023-05-04,2026-05-04,2026-05-06,10,1096,-2,2,2023,Other,2022-12-18,2023-03-16,88,0,IRB,2023-01-07,2023-04-05,88,117,2,1,1,1,0,0,0,0,0,1,0,,2,2,4,1,0,1,1250,0.442,400,10.95,adv_email,Email
SITE-00221,PROTO-B_CARDIO,Canada,North America,Cardiology,II,Heart Failure,Biotech,5,9,8,10,0,1,1,PI-029,13,6,4,1,5,1354,2.4,2022-12-30,2022-12-04,2025-04-09,2025-04-18,-26,857,-9,4,2022,Other,2022-08-07,2022-09-18,42,0,IRB,2022-10-04,2022-11-14,41,61,2,1,1,1,0,1,0,0,0,1,0,,2,3,5,1,0,1,1550,0.365,400,14.0,adv_email,Email
SITE-00222,PROTO-A_ONCO,Germany,Europe,Oncology,III,NSCLC,Pharma,8,18,12,15,1,1,1,PI-001,4,3,5,0,2,176,2.7,2021-10-20,2021-09-17,2024-03-03,2024-03-18,-33,898,-15,3,2021,EMA,2021-01-13,2021-05-08,115,1,CEC,2021-03-05,2021-07-25,142,196,1,1,0,1,1,0,0,0,0,0,0,,2,1,3,1,0,1,1900,0.513,101,3.37,adv_email,Email
SITE-00223,PROTO-A_ONCO,India,Asia,Oncology,III,NSCLC,Pharma,8,18,12,15,1,1,1,PI-019,14,5,4,1,5,104,2.0,2023-05-05,2023-09-26,2025-06-28,2025-07-03,144,641,-5,3,2023,Other,2023-02-01,2023-05-26,114,1,LEC,2023-02-22,2023-03-29,35,216,1,1,1,0,0,0,0,0,0,0,0,,0,2,2,0,1,0,350,0.527,55,2.57,adv_poster,Poster
SITE-00224,PROTO-C_NEURO,Japan,Asia,Neurology,II,Alzheimer's,Academic,7,14,10,12,1,0,0,PI-023,3,3,2,1,1,105,2.2,2021-09-03,2022-01-17,2024-01-30,2024-03-23,136,743,-53,1,2022,PMDA,2021-06-06,2021-11-22,169,1,LEC,2021-06-28,2021-08-08,41,203,2,1,1,0,1,1,0,0,0,1,0,,2,3,5,1,0,1,2250,0.515,97,3.92,adv_community_presentation,Community
SITE-00225,PROTO-B_CARDIO,Germany,Europe,Cardiology,II,Heart Failure,Biotech,5,9,8,10,0,1,1,PI-006,16,5,5,0,4,955,3.0,2022-10-26,2023-02-28,2025-09-29,2025-10-11,125,944,-12,1,2023,EMA,2022-05-13,2022-09-16,126,1,CEC,2022-06-03,2022-09-03,92,270,5,1,1,1,0,0,1,0,0,1,0,,2,3,5,1,0,1,2050,0.478,400,12.71,adv_email,Email
SITE-00226,PROTO-C_NEURO,Germany,Europe,Neurology,II,Alzheimer's,Academic,7,14,10,12,1,0,0,PI-009,7,5,2,1,9,20,2.2,2021-07-24,2021-12-18,2023-11-02,2023-11-28,147,684,-26,4,2021,EMA,2021-03-05,2021-07-02,119,1,CEC,2021-05-01,2021-06-24,54,231,2,1,0,0,0,0,0,0,1,0,0,,0,2,2,0,1,0,5200,0.503,3,0.13,adv_poster,Poster
SITE-00227,PROTO-A_ONCO,UK,Europe,Oncology,III,NSCLC,Pharma,8,18,12,15,1,1,1,PI-027,18,4,5,0,9,78,1.5,2021-03-06,2021-06-12,2022-08-27,2022-08-25,98,441,2,2,2021,MHRA,2020-12-01,2021-01-23,53,1,LEC,2020-12-15,2021-02-18,65,179,4,1,1,1,1,0,0,0,1,1,1,Patient registry outreach,4,3,7,1,0,1,8050,0.612,17,1.16,adv_email,Email
SITE-00228,PROTO-B_CARDIO,Australia,APAC,Cardiology,II,Heart Failure,Biotech,5,9,8,10,0,1,1,PI-016,2,2,3,1,5,1053,2.9,2022-04-04,2022-06-29,2025-02-06,2025-03-05,86,953,-27,2,2022,Other,2021-12-10,2022-03-19,99,1,LEC,2022-01-07,2022-03-02,54,173,3,1,0,1,0,1,0,0,0,0,0,,1,2,3,1,0,1,1000,0.409,400,12.59,adv_email,Email
SITE-00229,PROTO-B_CARDIO,India,Asia,Cardiology,II,Heart Failure,Biotech,5,9,8,10,0,1,1,PI-004,23,1,4,1,6,974,3.4,2021-03-31,2021-06-13,2024-08-19,2024-10-01,74,1163,-43,2,2021,Other,2020-12-07,2021-02-01,56,1,LEC,2021-01-04,2021-03-02,57,160,1,0,1,1,0,0,0,0,0,1,0,,2,1,3,1,0,1,1050,0.374,400,10.32,adv_email,Email
SITE-00230,PROTO-A_ONCO,USA,North America,Oncology,III,NSCLC,Pharma,8,18,12,15,1,1,1,PI-016,5,4,4,1,9,60,1.8,2021-06-08,2021-05-07,2023-01-31,2023-01-24,-32,634,7,2,2021,FDA,2021-01-12,2021-04-23,101,0,CEC,2021-02-17,2021-04-29,71,79,0,1,1,1,0,1,0,0,0,1,0,,2,3,5,1,0,1,1550,0.617,11,0.52,adv_email,Email
SITE-00231,PROTO-B_CARDIO,Australia,APAC,Cardiology,II,Heart Failure,Biotech,5,9,8,10,0,1,1,PI-021,23,4,1,1,5,774,2.4,2022-10-06,2023-03-01,2025-05-02,2025-03-13,146,793,50,1,2023,Other,2022-06-28,2022-12-05,160,1,LEC,2022-07-16,2022-08-29,44,228,2,1,1,0,0,0,0,0,0,1,0,,1,2,3,1,0,0,750,0.426,400,15.13,adv_community_presentation,Community
SITE-00232,PROTO-C_NEURO,Poland,Europe,Neurology,II,Alzheimer's,Academic,7,14,10,12,1,0,0,PI-017,22,4,5,1,3,201,1.5,2022-10-11,2023-03-20,2024-05-15,2024-06-07,160,422,-23,1,2023,EMA,2022-08-01,2022-11-09,100,1,LEC,2022-09-05,2022-10-01,26,196,4,1,1,0,0,0,0,0,0,0,0,,0,2,2,0,1,0,350,0.514,127,9.03,adv_poster,Poster
SITE-00233,PROTO-A_ONCO,USA,North America,Oncology,III,NSCLC,Pharma,8,18,12,15,1,1,1,PI-020,13,3,5,1,4,73,1.6,2022-04-27,2022-04-11,2023-09-30,2023-10-14,-16,537,-14,2,2022,FDA,2021-12-02,2022-01-25,54,0,IRB,2021-12-24,2022-03-12,78,108,3,1,1,0,0,1,0,0,0,0,0,,0,3,3,0,1,0,650,0.539,26,1.45,adv_newsletter,Newsletter
SITE-00234,PROTO-A_ONCO,USA,North America,Oncology,III,NSCLC,Pharma,8,18,12,15,1,1,1,PI-020,19,2,3,1,4,160,2.3,2021-05-12,2021-06-09,2023-08-22,2023-08-04,28,804,18,2,2021,FDA,2021-01-23,2021-03-02,38,0,IRB,2021-03-22,2021-04-24,33,79,3,1,1,1,0,0,0,0,0,0,0,,1,2,3,1,0,1,850,0.588,126,4.7,adv_email,Email
SITE-00235,PROTO-C_NEURO,Germany,Europe,Neurology,II,Alzheimer's,Academic,7,14,10,12,1,0,0,PI-026,6,2,5,1,5,93,1.1,2022-07-31,2022-10-23,2023-08-27,2023-08-04,84,308,23,4,2022,EMA,2022-04-01,2022-05-31,60,1,LEC,2022-05-24,2022-07-19,56,152,1,1,1,0,0,0,1,0,0,0,0,,0,3,3,0,1,0,1150,0.627,15,1.46,adv_poster,Poster
SITE-00236,PROTO-B_CARDIO,USA,North America,Cardiology,II,Heart Failure,Biotech,5,9,8,10,0,1,1,PI-022,12,4,3,1,2,880,2.2,2022-01-10,2021-12-27,2024-01-13,2024-01-23,-14,747,-10,4,2021,FDA,2021-07-16,2021-10-18,94,0,CEC,2021-09-10,2021-11-12,63,108,5,0,1,1,1,0,0,0,0,0,0,,2,1,3,1,0,1,1850,0.413,400,16.06,adv_email,Email
SITE-00237,PROTO-B_CARDIO,India,Asia,Cardiology,II,Heart Failure,Biotech,5,9,8,10,0,1,1,PI-011,11,3,3,1,5,830,2.5,2022-11-11,2023-03-13,2025-05-29,2025-05-28,122,808,1,1,2023,Other,2022-07-21,2022-11-29,131,1,CEC,2022-08-16,2022-10-17,62,209,2,0,1,1,1,1,1,0,0,1,0,,3,3,6,1,0,1,3350,0.419,400,14.85,adv_email,Email
SITE-00238,PROTO-C_NEURO,Australia,APAC,Neurology,II,Alzheimer's,Academic,7,14,10,12,1,0,0,PI-008,7,3,3,1,3,64,2.2,2023-02-26,2023-08-13,2025-07-23,2025-07-22,168,710,1,3,2023,Other,2023-01-01,2023-04-15,104,1,LEC,2023-01-12,2023-02-15,34,213,1,1,1,1,0,0,0,0,0,0,0,,1,2,3,1,0,1,850,0.543,35,1.48,adv_email,Email
SITE-00239,PROTO-B_CARDIO,Japan,Asia,Cardiology,II,Heart Failure,Biotech,5,9,8,10,0,1,1,PI-026,16,5,3,1,2,846,2.2,2023-07-18,2023-07-30,2025-07-12,2025-07-15,12,713,-3,3,2023,PMDA,2022-11-13,2023-03-05,112,1,CEC,2022-12-21,2023-04-30,130,221,2,1,1,1,1,0,0,0,0,0,0,,2,2,4,1,0,1,2050,0.356,400,16.83,adv_email,Email
SITE-00240,PROTO-A_ONCO,USA,North America,Oncology,III,NSCLC,Pharma,8,18,12,15,1,1,1,PI-012,16,3,4,1,8,64,1.4,2022-08-21,2022-10-21,2024-02-20,2024-01-30,61,487,21,4,2022,FDA,2022-04-27,2022-10-01,157,0,IRB,2022-06-13,2022-07-29,46,130,1,1,0,1,0,0,0,0,1,1,0,,2,2,4,1,0,1,6100,0.526,16,0.99,adv_email,Email
SITE-00241,PROTO-C_NEURO,Poland,Europe,Neurology,II,Alzheimer's,Academic,7,14,10,12,1,0,0,PI-020,6,3,3,1,0,83,1.1,2021-06-21,2021-09-15,2022-06-21,2022-05-26,86,279,26,3,2021,EMA,2021-03-04,2021-05-14,71,1,LEC,2021-03-29,2021-05-12,44,170,5,1,0,0,0,1,0,1,1,1,0,,1,4,5,1,0,0,7400,0.625,42,4.52,adv_community_presentation,Community
SITE-00242,PROTO-C_NEURO,USA,North America,Neurology,II,Alzheimer's,Academic,7,14,10,12,1,0,0,PI-004,12,2,2,1,5,30,1.6,2023-03-11,2023-06-02,2024-12-19,2025-03-10,83,566,-81,2,2023,FDA,2022-12-22,2023-04-14,113,0,IRB,2023-01-09,2023-02-24,46,144,1,0,1,0,1,1,0,0,0,0,0,,1,2,3,1,0,1,1650,0.566,13,0.69,adv_online,Online
SITE-00243,PROTO-B_CARDIO,Japan,Asia,Cardiology,II,Heart Failure,Biotech,5,9,8,10,0,1,1,PI-016,15,0,3,1,2,1184,2.5,2023-05-24,2023-08-10,2025-11-25,2026-01-07,78,838,-43,3,2023,PMDA,2023-01-31,2023-05-14,103,1,LEC,2023-03-10,2023-04-30,51,153,1,1,0,0,0,1,0,1,0,0,1,Patient registry outreach,1,3,4,1,0,0,2600,0.461,400,14.32,adv_other,Other
SITE-00244,PROTO-C_NEURO,Poland,Europe,Neurology,II,Alzheimer's,Academic,7,14,10,12,1,0,0,PI-005,11,2,1,1,5,157,2.2,2022-05-20,2022-10-04,2024-09-18,2024-09-02,137,715,16,4,2022,EMA,2022-01-23,2022-06-27,155,1,LEC,2022-02-07,2022-04-08,60,239,0,1,1,0,0,0,0,0,0,0,0,,0,2,2,0,1,0,350,0.518,50,2.1,adv_poster,Poster
SITE-00245,PROTO-C_NEURO,India,Asia,Neurology,II,Alzheimer's,Academic,7,14,10,12,1,0,0,PI-015,21,2,4,1,6,128,1.1,2021-06-13,2021-08-23,2022-06-25,2022-08-29,71,306,-65,3,2021,Other,2021-02-26,2021-05-17,80,1,LEC,2021-03-21,2021-05-26,66,155,4,0,1,0,0,0,0,0,0,0,0,,0,1,1,0,1,0,150,0.554,29,2.84,adv_pamphlet,Pamphlet
SITE-00246,PROTO-A_ONCO,Spain,Europe,Oncology,III,NSCLC,Pharma,8,18,12,15,1,1,1,PI-020,13,7,5,1,5,137,2.1,2023-05-24,2023-09-18,2025-08-24,2025-08-06,117,706,18,3,2023,EMA,2023-02-17,2023-07-18,151,1,LEC,2023-03-09,2023-04-17,39,193,2,1,1,1,1,0,0,0,0,1,1,Patient registry outreach,4,2,6,1,0,1,3050,0.726,52,2.21,adv_email,Email
SITE-00247,PROTO-B_CARDIO,Japan,Asia,Cardiology,II,Heart Failure,Biotech,5,9,8,10,0,1,1,PI-008,24,2,1,1,3,878,3.4,2021-05-01,2021-06-11,2024-06-26,2024-06-12,41,1111,14,2,2021,PMDA,2020-09-25,2020-12-05,71,1,CEC,2020-10-21,2021-03-08,138,233,1,1,1,1,1,0,1,0,0,1,0,,3,3,6,1,0,1,3250,0.417,400,10.8,adv_email,Email
SITE-00248,PROTO-B_CARDIO,Germany,Europe,Cardiology,II,Heart Failure,Biotech,5,9,8,10,0,1,1,PI-022,12,5,4,1,4,878,4.0,2023-04-12,2023-07-28,2027-03-12,2027-02-24,107,1323,16,3,2023,EMA,2022-09-27,2023-01-17,112,1,CEC,2022-11-01,2023-03-22,141,269,3,1,1,1,1,1,1,0,0,0,0,,2,4,6,1,0,1,3150,0.514,400,9.07,adv_email,Email
SITE-00249,PROTO-B_CARDIO,Canada,North America,Cardiology,II,Heart Failure,Biotech,5,9,8,10,0,1,1,PI-017,19,0,5,1,8,900,1.3,2021-05-12,2021-05-25,2022-07-18,2022-08-30,13,419,-43,2,2021,Other,2020-11-25,2021-01-20,56,0,IRB,2021-01-12,2021-04-06,84,133,3,1,1,1,0,0,0,0,0,1,1,Patient registry outreach,3,2,5,1,0,1,1850,0.321,381,27.28,adv_email,Email
SITE-00250,PROTO-A_ONCO,Germany,Europe,Oncology,III,NSCLC,Pharma,8,18,12,15,1,1,1,PI-025,24,4,4,1,3,216,2.9,2021-11-18,2022-01-05,2024-08-31,2024-10-02,48,969,-32,1,2022,EMA,2021-07-06,2021-08-25,50,1,CEC,2021-07-21,2021-09-21,62,168,0,1,0,0,1,0,0,0,0,0,0,,1,1,2,1,0,1,1400,0.639,173,5.36,adv_online,Online
SITE-00251,PROTO-B_CARDIO,Spain,Europe,Cardiology,II,Heart Failure,Biotech,5,9,8,10,0,1,1,PI-019,8,0,5,1,7,823,1.8,2021-02-21,2021-09-09,2023-03-10,2023-03-23,200,547,-13,3,2021,EMA,2020-11-16,2021-05-08,173,1,LEC,2020-12-23,2021-01-19,27,260,2,1,1,1,1,0,0,0,0,0,0,,2,2,4,1,0,1,2050,0.291,345,18.92,adv_email,Email
SITE-00252,PROTO-A_ONCO,Japan,Asia,Oncology,III,NSCLC,Pharma,8,18,12,15,1,1,1,PI-029,12,5,4,1,1,65,3.0,2023-03-27,2023-04-04,2026-01-03,2025-12-27,8,1005,7,2,2023,PMDA,2022-09-19,2022-11-06,48,1,CEC,2022-10-19,2023-01-24,97,167,1,0,0,1,1,0,0,0,0,1,1,Patient registry outreach,4,0,4,1,0,1,2700,0.626,56,1.67,adv_email,Email
SITE-00253,PROTO-B_CARDIO,Germany,Europe,Cardiology,II,Heart Failure,Biotech,5,9,8,10,0,1,1,PI-022,6,2,5,1,5,981,2.9,2021-08-15,2021-10-03,2024-05-31,2024-04-08,49,971,53,4,2021,EMA,2021-02-13,2021-06-05,112,1,CEC,2021-04-08,2021-07-21,104,178,1,1,0,1,0,1,0,0,0,0,1,Patient registry outreach,2,2,4,1,0,1,1600,0.342,400,12.36,adv_email,Email
SITE-00254,PROTO-B_CARDIO,Spain,Europe,Cardiology,II,Heart Failure,Biotech,5,9,8,10,0,1,1,PI-007,5,4,4,1,4,742,3.8,2023-03-05,2023-05-22,2026-11-22,2026-11-17,78,1280,5,2,2023,EMA,2022-10-13,2023-02-11,121,1,CEC,2022-10-23,2022-12-27,65,211,3,1,1,1,1,0,0,0,0,1,1,Patient registry outreach,4,2,6,1,0,1,3050,0.353,400,9.38,adv_email,Email
SITE-00255,PROTO-C_NEURO,Canada,North America,Neurology,II,Alzheimer's,Academic,7,14,10,12,1,0,0,PI-019,4,1,5,1,5,85,3.9,2022-07-15,2022-08-06,2026-06-12,2026-06-02,22,1406,10,3,2022,Other,2022-02-15,2022-07-02,137,0,IRB,2022-03-30,2022-05-22,53,129,0,1,1,1,1,0,1,0,0,0,0,,2,3,5,1,0,1,2850,0.472,46,0.98,adv_email,Email
SITE-00256,PROTO-C_NEURO,USA,North America,Neurology,II,Alzheimer's,Academic,7,14,10,12,1,0,0,PI-011,15,3,1,1,7,112,3.5,2022-05-23,2022-08-18,2026-01-20,2026-01-02,87,1251,18,3,2022,FDA,2022-02-27,2022-07-08,131,0,IRB,2022-03-13,2022-04-14,32,158,2,0,1,0,0,0,0,0,0,1,0,,1,1,2,1,0,0,550,0.547,57,1.37,adv_community_presentation,Community
SITE-00257,PROTO-C_NEURO,Brazil,LATAM,Neurology,II,Alzheimer's,Academic,7,14,10,12,1,0,0,PI-007,5,7,5,0,6,82,3.2,2021-06-18,2021-09-06,2024-06-21,2024-06-23,80,1019,-2,3,2021,Other,2020-11-06,2021-01-12,67,1,CEC,2020-12-09,2021-05-06,148,271,3,1,0,1,1,0,0,0,0,0,0,,2,1,3,1,0,1,1900,0.567,55,1.62,adv_email,Email
SITE-00258,PROTO-B_CARDIO,Japan,Asia,Cardiology,II,Heart Failure,Biotech,5,9,8,10,0,1,1,PI-015,22,4,5,1,5,1162,2.0,2021-11-08,2022-03-31,2023-10-05,2023-10-01,143,553,4,1,2022,PMDA,2021-04-21,2021-09-17,149,1,CEC,2021-05-27,2021-10-12,138,308,7,1,1,1,1,1,0,0,0,0,0,,2,3,5,1,0,1,2350,0.398,400,21.7,adv_email,Email
SITE-00259,PROTO-B_CARDIO,Poland,Europe,Cardiology,II,Heart Failure,Biotech,5,9,8,10,0,1,1,PI-009,20,5,1,1,2,1107,3.5,2021-07-05,2021-08-18,2024-12-04,2024-11-23,44,1204,11,3,2021,EMA,2021-02-21,2021-05-03,71,1,CEC,2021-03-14,2021-06-08,86,157,1,1,1,1,1,0,0,0,0,1,0,,3,2,5,1,0,1,2450,0.384,400,9.97,adv_email,Email
SITE-00260,PROTO-B_CARDIO,Japan,Asia,Cardiology,II,Heart Failure,Biotech,5,9,8,10,0,1,1,PI-019,24,4,5,1,7,1225,1.2,2021-01-30,2021-02-16,2022-01-27,2022-01-29,17,345,-2,1,2021,PMDA,2020-06-11,2020-10-22,133,1,CEC,2020-07-28,2020-12-04,129,203,1,0,0,1,0,0,0,0,0,0,0,,1,0,1,1,0,1,500,0.425,400,34.78,adv_email,Email
SITE-00261,PROTO-B_CARDIO,USA,North America,Cardiology,II,Heart Failure,Biotech,5,9,8,10,0,1,1,PI-021,5,2,4,1,1,656,1.6,2022-02-19,2022-03-17,2023-09-20,2023-07-21,26,552,61,1,2022,FDA,2021-08-27,2022-02-09,166,0,IRB,2021-10-16,2021-12-29,74,152,2,1,1,1,0,0,1,0,0,0,1,Patient registry outreach,2,3,5,1,0,1,2250,0.338,400,21.74,adv_email,Email
SITE-00262,PROTO-B_CARDIO,Germany,Europe,Cardiology,II,Heart Failure,Biotech,5,9,8,10,0,1,1,PI-005,7,4,4,1,4,922,3.8,2021-02-12,2021-03-14,2024-09-24,2024-09-19,30,1290,5,1,2021,EMA,2020-08-09,2020-11-01,84,1,CEC,2020-09-01,2020-12-01,91,194,3,1,1,0,1,1,0,0,0,0,0,,1,3,4,1,0,1,1850,0.39,400,9.3,adv_online,Online
SITE-00263,PROTO-A_ONCO,India,Asia,Oncology,III,NSCLC,Pharma,8,18,12,15,1,1,1,PI-017,10,4,1,1,2,170,3.7,2022-10-21,2023-02-23,2026-08-18,2026-09-02,125,1272,-15,1,2023,Other,2022-06-26,2022-11-25,152,1,LEC,2022-07-10,2022-09-17,69,228,4,1,0,0,1,0,0,0,0,0,0,,1,1,2,1,0,1,1400,0.633,118,2.78,adv_online,Online
SITE-00264,PROTO-C_NEURO,USA,North America,Neurology,II,Alzheimer's,Academic,7,14,10,12,1,0,0,PI-025,20,4,5,1,2,74,3.4,2021-09-13,2021-12-23,2025-04-19,2025-04-14,101,1213,5,4,2021,FDA,2021-06-07,2021-10-05,120,0,IRB,2021-06-18,2021-07-19,31,188,3,1,0,0,1,0,0,0,0,0,1,Patient registry outreach,2,1,3,1,0,1,2000,0.535,99,2.45,adv_online,Online
SITE-00265,PROTO-C_NEURO,UK,Europe,Neurology,II,Alzheimer's,Academic,7,14,10,12,1,0,0,PI-021,2,2,2,1,4,42,2.8,2022-02-11,2022-08-19,2025-03-03,2025-01-16,189,927,46,3,2022,MHRA,2021-11-04,2022-04-21,168,1,LEC,2021-12-07,2022-01-08,32,255,1,1,1,1,1,0,0,0,0,0,0,,2,2,4,1,0,1,2050,0.581,16,0.52,adv_email,Email
SITE-00266,PROTO-A_ONCO,Poland,Europe,Oncology,III,NSCLC,Pharma,8,18,12,15,1,1,1,PI-007,18,4,4,1,5,34,1.6,2023-02-13,2023-04-10,2024-09-16,2024-10-17,56,525,-31,2,2023,EMA,2022-11-22,2023-01-10,49,1,LEC,2022-12-17,2023-01-20,34,114,2,1,1,0,1,0,0,0,0,0,0,,1,2,3,1,0,1,1550,0.638,10,0.57,adv_online,Online
SITE-00267,PROTO-B_CARDIO,India,Asia,Cardiology,II,Heart Failure,Biotech,5,9,8,10,0,1,1,PI-015,22,4,4,1,4,724,1.8,2023-07-22,2023-11-26,2025-07-16,2025-09-18,127,598,-64,4,2023,Other,2023-04-11,2023-09-04,146,1,LEC,2023-05-22,2023-06-21,30,188,2,1,1,1,1,0,0,1,0,1,0,,3,3,6,1,0,1,3950,0.321,400,20.07,adv_email,Email
SITE-00268,PROTO-B_CARDIO,UK,Europe,Cardiology,II,Heart Failure,Biotech,5,9,8,10,0,1,1,PI-020,18,1,4,1,5,1152,1.9,2023-02-12,2023-04-19,2024-12-25,2024-10-19,66,616,67,2,2023,MHRA,2022-10-15,2022-12-02,48,1,LEC,2022-11-08,2023-01-02,55,162,2,1,1,1,0,1,0,0,0,0,1,Patient registry outreach,2,3,5,1,0,1,1750,0.442,400,19.48,adv_email,Email
SITE-00269,PROTO-B_CARDIO,Brazil,LATAM,Cardiology,II,Heart Failure,Biotech,5,9,8,10,0,1,1,PI-002,13,4,5,1,4,949,1.6,2023-02-26,2023-07-16,2024-11-11,2024-11-17,140,484,-6,3,2023,Other,2022-12-01,2023-03-19,108,1,LEC,2023-01-03,2023-02-10,38,194,3,1,1,1,1,0,0,0,0,0,0,,2,2,4,1,0,1,2050,0.394,400,24.79,adv_email,Email
SITE-00270,PROTO-B_CARDIO,India,Asia,Cardiology,II,Heart Failure,Biotech,5,9,8,10,0,1,1,PI-026,17,4,3,1,4,737,1.0,2021-11-05,2022-01-07,2022-10-12,2022-10-27,63,278,-15,1,2022,Other,2021-05-10,2021-09-30,143,1,CEC,2021-06-11,2021-10-08,119,210,2,1,1,0,1,0,0,0,0,0,0,,1,2,3,1,0,1,1550,0.369,336,36.26,adv_online,Online
SITE-00271,PROTO-B_CARDIO,Brazil,LATAM,Cardiology,II,Heart Failure,Biotech,5,9,8,10,0,1,1,PI-029,11,2,1,1,9,947,1.9,2021-10-23,2022-01-04,2023-09-13,2023-10-08,73,617,-25,1,2022,Other,2021-07-16,2021-10-22,98,1,LEC,2021-08-21,2021-10-10,50,136,5,1,1,1,1,0,0,1,0,1,0,,3,3,6,1,0,1,3950,0.43,244,11.86,adv_email,Email
SITE-00272,PROTO-B_CARDIO,Australia,APAC,Cardiology,II,Heart Failure,Biotech,5,9,8,10,0,1,1,PI-018,11,4,2,1,3,900,1.3,2022-10-09,2023-01-04,2024-01-14,2024-01-25,87,375,-11,1,2023,Other,2022-06-30,2022-09-06,68,1,LEC,2022-07-10,2022-09-11,63,178,5,1,0,0,0,0,0,0,0,0,0,,0,1,1,0,1,0,200,0.492,400,32.0,adv_poster,Poster
SITE-00273,PROTO-C_NEURO,Brazil,LATAM,Neurology,II,Alzheimer's,Academic,7,14,10,12,1,0,0,PI-008,2,4,5,1,1,56,1.1,2021-05-29,2021-07-17,2022-05-31,2022-06-24,49,318,-24,3,2021,Other,2021-02-03,2021-04-05,61,1,LEC,2021-04-02,2021-05-18,46,106,2,1,1,1,1,0,0,0,0,0,1,Patient registry outreach,3,2,5,1,0,1,2650,0.473,42,3.96,adv_email,Email
SITE-00274,PROTO-A_ONCO,Australia,APAC,Oncology,III,NSCLC,Pharma,8,18,12,15,1,1,1,PI-006,15,2,4,1,4,138,3.7,2023-08-02,2024-02-14,2027-07-09,2027-08-26,196,1241,-48,1,2024,Other,2023-04-28,2023-10-14,169,1,LEC,2023-06-09,2023-07-08,29,250,2,1,1,1,0,0,1,0,0,1,0,,2,3,5,1,0,1,2050,0.57,91,2.2,adv_email,Email
SITE-00275,PROTO-B_CARDIO,UK,Europe,Cardiology,II,Heart Failure,Biotech,5,9,8,10,0,1,1,PI-023,11,2,5,1,2,805,3.3,2022-09-09,2022-12-23,2026-01-09,2026-02-13,105,1113,-35,4,2022,MHRA,2022-06-07,2022-08-18,72,1,LEC,2022-07-06,2022-08-10,35,170,1,1,1,0,1,0,0,0,0,0,0,,1,2,3,1,0,1,1550,0.444,400,10.78,adv_online,Online
SITE-00276,PROTO-B_CARDIO,Brazil,LATAM,Cardiology,II,Heart Failure,Biotech,5,9,8,10,0,1,1,PI-013,12,2,3,1,3,1127,3.8,2021-02-24,2021-07-27,2025-02-10,2025-03-07,153,1294,-25,3,2021,Other,2020-10-09,2021-03-19,161,1,LEC,2020-12-05,2021-02-06,63,234,1,1,1,0,1,1,1,0,0,0,0,,1,4,5,1,0,1,2650,0.455,400,9.27,adv_online,Online
SITE-00277,PROTO-C_NEURO,USA,North America,Neurology,II,Alzheimer's,Academic,7,14,10,12,1,0,0,PI-017,19,2,2,1,5,70,2.9,2023-07-17,2023-08-08,2026-05-10,2026-05-12,22,1006,-2,3,2023,FDA,2022-12-07,2023-02-03,58,0,CEC,2023-02-03,2023-06-18,135,186,1,1,1,0,1,0,0,0,0,0,0,,1,2,3,1,0,1,1550,0.589,41,1.22,adv_online,Online
SITE-00278,PROTO-C_NEURO,India,Asia,Neurology,II,Alzheimer's,Academic,7,14,10,12,1,0,0,PI-021,8,2,3,1,6,54,3.8,2022-06-26,2022-11-16,2026-05-26,2026-07-01,143,1287,-36,4,2022,Other,2022-03-08,2022-07-27,141,1,LEC,2022-04-30,2022-06-04,35,200,1,0,1,0,1,0,1,0,1,0,0,,1,3,4,1,0,1,7150,0.58,28,0.65,adv_online,Online
SITE-00279,PROTO-B_CARDIO,Japan,Asia,Cardiology,II,Heart Failure,Biotech,5,9,8,10,0,1,1,PI-017,24,3,1,1,1,1221,3.2,2021-08-31,2021-11-02,2024-09-25,2024-09-20,63,1058,5,4,2021,PMDA,2021-03-14,2021-07-10,118,1,CEC,2021-04-12,2021-06-09,58,204,5,1,0,1,1,1,1,0,0,0,0,,2,3,5,1,0,1,3000,0.35,400,11.34,adv_email,Email
SITE-00280,PROTO-B_CARDIO,USA,North America,Cardiology,II,Heart Failure,Biotech,5,9,8,10,0,1,1,PI-005,2,3,2,1,7,1024,2.3,2021-01-09,2021-01-05,2023-02-25,2023-02-21,-4,781,4,1,2021,FDA,2020-06-27,2020-09-13,78,0,IRB,2020-08-17,2020-11-19,94,141,3,1,1,1,1,1,0,0,0,0,0,,2,3,5,1,0,1,2350,0.397,400,15.36,adv_email,Email
SITE-00281,PROTO-B_CARDIO,USA,North America,Cardiology,II,Heart Failure,Biotech,5,9,8,10,0,1,1,PI-005,15,3,2,1,1,998,3.2,2021-01-01,2021-01-10,2024-02-18,2024-04-05,9,1134,-47,1,2021,FDA,2020-07-12,2020-09-10,60,0,IRB,2020-08-26,2020-11-24,90,137,1,0,1,0,1,0,0,0,0,1,0,,2,1,3,1,0,1,1750,0.415,400,10.58,adv_online,Online
SITE-00282,PROTO-C_NEURO,Brazil,LATAM,Neurology,II,Alzheimer's,Academic,7,14,10,12,1,0,0,PI-013,21,2,1,1,5,101,2.3,2021-09-19,2021-12-10,2024-02-02,2024-02-02,82,784,0,4,2021,Other,2021-06-03,2021-10-07,126,1,LEC,2021-07-22,2021-09-08,48,141,2,0,1,0,1,1,0,0,0,0,0,,1,2,3,1,0,1,1650,0.58,69,2.64,adv_online,Online
SITE-00283,PROTO-C_NEURO,UK,Europe,Neurology,II,Alzheimer's,Academic,7,14,10,12,1,0,0,PI-010,19,2,5,1,4,88,1.4,2021-06-16,2021-08-20,2022-10-06,2022-09-19,65,412,17,3,2021,MHRA,2020-12-09,2021-02-08,61,1,CEC,2021-01-12,2021-04-30,108,220,3,1,1,1,0,1,0,0,0,0,0,,1,3,4,1,0,1,1150,0.455,44,3.2,adv_email,Email
SITE-00284,PROTO-B_CARDIO,Poland,Europe,Cardiology,II,Heart Failure,Biotech,5,9,8,10,0,1,1,PI-010,22,4,5,1,6,964,3.8,2021-09-07,2022-02-28,2025-08-01,2025-09-12,174,1250,-42,1,2022,EMA,2021-05-25,2021-10-11,139,1,LEC,2021-06-05,2021-08-06,62,268,4,1,1,1,0,0,1,0,0,0,0,,1,3,4,1,0,1,1650,0.422,400,9.6,adv_email,Email
SITE-00285,PROTO-B_CARDIO,Japan,Asia,Cardiology,II,Heart Failure,Biotech,5,9,8,10,0,1,1,PI-003,24,3,1,1,2,884,3.6,2021-04-13,2021-06-01,2024-08-15,2024-07-31,49,1171,15,2,2021,PMDA,2020-10-20,2021-01-02,74,1,CEC,2020-11-07,2021-01-29,83,206,5,0,1,0,0,0,0,0,0,0,0,,0,1,1,0,1,0,150,0.388,400,10.25,adv_pamphlet,Pamphlet
SITE-00286,PROTO-B_CARDIO,USA,North America,Cardiology,II,Heart Failure,Biotech,5,9,8,10,0,1,1,PI-010,19,3,2,1,2,1110,3.4,2022-10-26,2023-01-07,2026-05-07,2026-04-17,73,1216,20,1,2023,FDA,2022-05-13,2022-11-08,179,0,IRB,2022-07-06,2022-09-02,58,185,1,1,1,0,0,0,0,0,0,1,1,Patient registry outreach,2,2,4,1,0,0,1350,0.377,400,9.87,adv_community_presentation,Community
SITE-00287,PROTO-A_ONCO,Poland,Europe,Oncology,III,NSCLC,Pharma,8,18,12,15,1,1,1,PI-010,23,2,2,1,2,158,3.4,2022-03-18,2022-06-14,2025-08-09,2025-07-17,88,1152,23,2,2022,EMA,2021-12-25,2022-02-24,61,1,LEC,2022-01-26,2022-02-24,29,139,2,1,0,1,1,1,0,0,0,1,1,Patient registry outreach,4,2,6,1,0,1,3200,0.587,193,5.03,adv_email,Email
SITE-00288,PROTO-A_ONCO,USA,North America,Oncology,III,NSCLC,Pharma,8,18,12,15,1,1,1,PI-024,11,5,1,0,9,55,2.0,2023-01-01,2022-12-25,2024-11-22,2024-11-02,-7,698,20,4,2022,FDA,2022-08-27,2022-10-09,43,0,IRB,2022-09-22,2022-12-17,86,94,1,0,1,1,0,1,0,0,0,0,0,,1,2,3,1,0,1,950,0.559,12,0.52,adv_email,Email
SITE-00289,PROTO-B_CARDIO,Spain,Europe,Cardiology,II,Heart Failure,Biotech,5,9,8,10,0,1,1,PI-020,20,3,1,0,5,857,1.8,2021-10-17,2022-01-01,2023-08-13,2023-09-07,76,589,-25,1,2022,EMA,2021-06-08,2021-10-27,141,1,CEC,2021-07-01,2021-09-11,72,184,1,1,1,0,0,0,0,0,0,1,0,,1,2,3,1,0,0,750,0.415,400,20.37,adv_community_presentation,Community
SITE-00290,PROTO-C_NEURO,Germany,Europe,Neurology,II,Alzheimer's,Academic,7,14,10,12,1,0,0,PI-016,22,7,3,0,1,104,3.3,2023-05-15,2023-06-27,2026-06-03,2026-05-22,43,1072,12,2,2023,EMA,2022-09-22,2022-12-14,83,1,CEC,2022-10-19,2023-02-20,124,251,3,1,1,0,0,0,0,0,0,0,1,Patient registry outreach,1,2,3,1,0,0,950,0.462,202,5.65,adv_other,Other
SITE-00291,PROTO-A_ONCO,Spain,Europe,Oncology,III,NSCLC,Pharma,8,18,12,15,1,1,1,PI-007,14,7,4,1,6,122,3.0,2023-06-12,2023-11-16,2026-08-11,2026-07-23,157,999,19,4,2023,EMA,2023-03-29,2023-07-30,123,1,LEC,2023-04-24,2023-05-30,36,206,3,1,1,0,1,0,1,0,0,1,0,,2,3,5,1,0,1,2750,0.541,63,1.89,adv_community_presentation,Community
SITE-00292,PROTO-B_CARDIO,USA,North America,Cardiology,II,Heart Failure,Biotech,5,9,8,10,0,1,1,PI-008,19,7,2,1,4,1028,3.9,2022-04-24,2022-04-06,2026-01-29,2026-03-05,-18,1394,-35,2,2022,FDA,2021-11-11,2022-03-02,111,0,CEC,2021-12-05,2022-03-04,89,122,0,0,0,1,1,1,0,0,0,0,0,,2,1,3,1,0,1,2000,0.371,400,8.61,adv_email,Email
SITE-00293,PROTO-A_ONCO,Germany,Europe,Oncology,III,NSCLC,Pharma,8,18,12,15,1,1,1,PI-026,2,4,5,1,6,83,2.1,2022-04-28,2022-12-08,2024-09-28,2024-11-04,224,660,-37,4,2022,EMA,2022-01-30,2022-07-27,178,1,LEC,2022-02-25,2022-03-25,28,286,2,1,1,0,1,1,0,0,0,0,1,Patient registry outreach,2,3,5,1,0,1,2450,0.62,22,1.0,adv_online,Online
SITE-00294,PROTO-B_CARDIO,Australia,APAC,Cardiology,II,Heart Failure,Biotech,5,9,8,10,0,1,1,PI-002,17,4,4,1,7,928,2.1,2021-11-21,2022-02-12,2024-01-04,2023-12-20,83,691,15,1,2022,Other,2021-06-24,2021-11-10,139,1,LEC,2021-08-17,2021-10-17,61,179,0,1,1,0,1,0,0,0,0,1,0,,2,2,4,1,0,1,1950,0.47,400,17.37,adv_online,Online
SITE-00295,PROTO-C_NEURO,USA,North America,Neurology,II,Alzheimer's,Academic,7,14,10,12,1,0,0,PI-002,2,2,4,1,3,115,2.2,2022-10-06,2022-11-10,2024-12-27,2025-01-27,35,778,-31,4,2022,FDA,2022-05-08,2022-09-22,137,0,CEC,2022-06-03,2022-07-28,55,160,1,1,1,1,0,0,1,0,0,0,0,,1,3,4,1,0,1,1650,0.585,58,2.24,adv_email,Email
SITE-00296,PROTO-A_ONCO,UK,Europe,Oncology,III,NSCLC,Pharma,8,18,12,15,1,1,1,PI-002,7,5,5,1,4,238,1.8,2023-06-24,2023-11-17,2025-04-29,2025-05-11,146,529,-12,4,2023,MHRA,2023-02-02,2023-07-23,171,1,CEC,2023-02-13,2023-05-13,89,277,4,1,1,0,0,1,0,0,0,0,1,Patient registry outreach,1,3,4,1,0,0,1250,0.649,62,3.52,adv_other,Other
SITE-00297,PROTO-A_ONCO,UK,Europe,Oncology,III,NSCLC,Pharma,8,18,12,15,1,1,1,PI-024,15,2,3,1,2,164,3.0,2021-05-18,2021-09-21,2024-05-25,2024-06-23,126,977,-29,3,2021,MHRA,2020-12-31,2021-04-14,104,1,LEC,2021-02-24,2021-04-30,65,209,1,0,1,0,1,1,0,0,0,0,1,Patient registry outreach,2,2,4,1,0,1,2250,0.639,120,3.68,adv_online,Online
SITE-00298,PROTO-B_CARDIO,Japan,Asia,Cardiology,II,Heart Failure,Biotech,5,9,8,10,0,1,1,PI-027,9,0,1,1,5,950,1.4,2022-01-10,2022-02-15,2023-04-17,2023-03-29,36,426,19,1,2022,PMDA,2021-09-23,2021-11-16,54,1,LEC,2021-10-21,2021-11-27,37,117,4,0,0,1,0,0,0,0,0,1,1,Patient registry outreach,3,0,3,1,0,1,1500,0.468,400,28.17,adv_email,Email
SITE-00299,PROTO-B_CARDIO,Poland,Europe,Cardiology,II,Heart Failure,Biotech,5,9,8,10,0,1,1,PI-027,23,2,2,0,5,861,1.8,2021-09-21,2021-12-15,2023-07-16,2023-07-19,85,578,-3,4,2021,EMA,2021-04-23,2021-09-22,152,1,LEC,2021-06-14,2021-08-10,57,184,1,1,1,1,1,0,0,0,0,0,0,,2,2,4,1,0,1,2050,0.44,400,20.76,adv_email,Email
SITE-00300,PROTO-A_ONCO,Germany,Europe,Oncology,III,NSCLC,Pharma,8,18,12,15,1,1,1,PI-022,16,2,1,0,2,193,2.3,2023-03-17,2023-05-26,2025-04-25,2025-05-01,70,700,-6,2,2023,EMA,2022-08-30,2022-11-23,85,1,CEC,2022-10-17,2023-01-07,82,221,3,0,1,1,0,1,1,0,0,0,1,Patient registry outreach,2,3,5,1,0,1,2350,0.637,115,4.93,adv_email,Email
SITE-00301,PROTO-A_ONCO,Australia,APAC,Oncology,III,NSCLC,Pharma,8,18,12,15,1,1,1,PI-014,9,2,2,0,10,98,2.9,2023-03-30,2023-07-22,2026-03-02,2026-01-19,114,954,42,3,2023,Other,2022-12-18,2023-03-07,79,1,LEC,2023-02-11,2023-03-12,29,161,1,0,1,0,0,0,0,0,1,0,0,,0,2,2,0,1,0,5150,0.615,15,0.47,adv_pamphlet,Pamphlet
SITE-00302,PROTO-B_CARDIO,Spain,Europe,Cardiology,II,Heart Failure,Biotech,5,9,8,10,0,1,1,PI-022,9,0,4,1,4,858,3.3,2021-07-14,2021-10-06,2024-11-03,2024-11-21,84,1124,-18,4,2021,EMA,2021-04-27,2021-06-16,50,1,LEC,2021-06-14,2021-07-04,20,114,0,1,0,0,0,1,0,0,0,0,0,,0,2,2,0,1,0,500,0.328,400,10.68,adv_newsletter,Newsletter
SITE-00303,PROTO-B_CARDIO,USA,North America,Cardiology,II,Heart Failure,Biotech,5,9,8,10,0,1,1,PI-005,21,0,1,1,7,1019,2.8,2023-02-13,2023-02-22,2025-10-24,2025-11-11,9,975,-18,1,2023,FDA,2022-08-22,2022-10-05,44,0,IRB,2022-09-26,2022-12-31,96,149,2,1,1,0,0,0,1,0,0,1,0,,1,3,4,1,0,0,1550,0.333,400,12.31,adv_community_presentation,Community
SITE-00304,PROTO-C_NEURO,USA,North America,Neurology,II,Alzheimer's,Academic,7,14,10,12,1,0,0,PI-002,11,0,2,1,4,39,2.8,2021-02-21,2021-03-13,2023-11-23,2023-10-25,20,985,29,1,2021,FDA,2020-09-06,2021-01-10,126,0,IRB,2020-10-29,2021-01-20,83,135,1,0,1,1,1,1,0,0,0,0,0,,2,2,4,1,0,1,2150,0.571,24,0.73,adv_email,Email
SITE-00305,PROTO-C_NEURO,Japan,Asia,Neurology,II,Alzheimer's,Academic,7,14,10,12,1,0,0,PI-011,7,3,1,1,2,32,1.4,2023-05-15,2023-05-06,2024-06-30,2024-08-23,-9,421,-54,2,2023,PMDA,2022-08-22,2022-10-11,50,1,CEC,2022-09-27,2023-02-22,148,221,2,0,1,1,0,0,0,0,0,0,1,Patient registry outreach,2,1,3,1,0,1,1250,0.583,12,0.86,adv_email,Email
SITE-00306,PROTO-A_ONCO,India,Asia,Oncology,III,NSCLC,Pharma,8,18,12,15,1,1,1,PI-016,8,3,2,1,3,284,2.7,2022-02-07,2022-04-17,2024-11-02,2024-12-14,69,930,-42,2,2022,Other,2021-11-26,2022-01-30,65,1,LEC,2021-12-24,2022-01-24,31,114,1,1,0,0,0,0,0,0,0,0,0,,0,1,1,0,1,0,200,0.609,108,3.48,adv_poster,Poster
SITE-00307,PROTO-C_NEURO,Japan,Asia,Neurology,II,Alzheimer's,Academic,7,14,10,12,1,0,0,PI-027,19,2,4,1,2,106,2.5,2023-02-19,2023-03-05,2025-05-26,2025-05-14,14,813,12,1,2023,PMDA,2022-08-05,2022-10-09,65,1,CEC,2022-09-03,2022-12-06,94,183,3,0,0,1,1,0,0,0,0,0,0,,2,0,2,1,0,1,1700,0.526,139,5.13,adv_email,Email
SITE-00308,PROTO-A_ONCO,Germany,Europe,Oncology,III,NSCLC,Pharma,8,18,12,15,1,1,1,PI-019,20,3,2,1,1,139,2.7,2022-08-01,2022-12-13,2025-04-15,2025-04-08,134,854,7,4,2022,EMA,2022-02-22,2022-07-31,159,1,CEC,2022-03-08,2022-06-17,101,280,2,1,0,0,1,0,0,0,0,1,0,,2,1,3,1,0,1,1800,0.595,113,3.97,adv_community_presentation,Community
SITE-00309,PROTO-B_CARDIO,Germany,Europe,Cardiology,II,Heart Failure,Biotech,5,9,8,10,0,1,1,PI-026,22,3,5,1,3,949,2.2,2023-09-18,2023-11-26,2025-11-04,2025-11-14,69,709,-10,4,2023,EMA,2023-04-06,2023-09-01,148,1,CEC,2023-05-16,2023-08-12,88,194,1,1,1,1,0,0,1,0,0,1,0,,2,3,5,1,0,1,2050,0.327,400,16.93,adv_email,Email
SITE-00310,PROTO-A_ONCO,Poland,Europe,Oncology,III,NSCLC,Pharma,8,18,12,15,1,1,1,PI-008,14,3,3,1,6,216,3.0,2021-10-13,2022-05-12,2025-01-13,2025-01-14,211,977,-1,2,2022,EMA,2021-06-29,2021-12-17,171,1,LEC,2021-07-23,2021-09-29,68,293,2,1,1,1,1,1,1,0,0,0,0,,2,4,6,1,0,1,3150,0.564,113,3.47,adv_email,Email
SITE-00311,PROTO-C_NEURO,Brazil,LATAM,Neurology,II,Alzheimer's,Academic,7,14,10,12,1,0,0,PI-009,19,1,4,1,3,95,2.2,2023-03-30,2023-04-28,2025-05-07,2025-04-09,29,740,28,2,2023,Other,2022-12-16,2023-02-03,49,1,LEC,2023-01-27,2023-03-04,36,91,1,0,1,0,0,0,0,0,0,1,0,,1,1,2,1,0,0,550,0.506,67,2.72,adv_community_presentation,Community
SITE-00312,PROTO-B_CARDIO,Canada,North America,Cardiology,II,Heart Failure,Biotech,5,9,8,10,0,1,1,PI-006,7,3,3,1,7,1083,2.2,2023-07-09,2023-06-29,2025-08-16,2025-06-28,-10,779,49,2,2023,Other,2023-02-04,2023-05-01,86,0,IRB,2023-03-25,2023-06-07,74,96,0,1,0,0,0,0,1,0,0,0,0,,0,2,2,0,1,0,1000,0.402,400,15.4,adv_poster,Poster
SITE-00313,PROTO-A_ONCO,USA,North America,Oncology,III,NSCLC,Pharma,8,18,12,15,1,1,1,PI-015,13,3,5,1,6,62,1.6,2021-10-27,2021-11-21,2023-06-12,2023-05-16,25,568,27,4,2021,FDA,2021-07-02,2021-10-12,102,0,IRB,2021-08-14,2021-09-21,38,99,1,1,0,0,0,1,0,0,0,0,0,,0,2,2,0,1,0,500,0.623,13,0.69,adv_newsletter,Newsletter
SITE-00314,PROTO-C_NEURO,USA,North America,Neurology,II,Alzheimer's,Academic,7,14,10,12,1,0,0,PI-014,20,1,2,1,1,46,2.5,2022-09-21,2022-10-25,2025-03-20,2025-03-04,34,877,16,4,2022,FDA,2022-05-22,2022-08-25,95,0,IRB,2022-06-17,2022-09-04,79,130,1,1,1,1,1,1,0,0,0,0,1,Patient registry outreach,3,3,6,1,0,1,2950,0.503,64,2.19,adv_email,Email
SITE-00315,PROTO-C_NEURO,USA,North America,Neurology,II,Alzheimer's,Academic,7,14,10,12,1,0,0,PI-021,16,8,4,1,7,82,3.2,2021-07-06,2021-07-22,2024-08-28,2024-10-14,16,1133,-47,3,2021,FDA,2021-03-22,2021-06-13,83,0,IRB,2021-04-22,2021-06-19,58,91,2,1,0,0,0,0,0,0,1,0,0,,0,2,2,0,1,0,5200,0.497,51,1.35,adv_poster,Poster
SITE-00316,PROTO-B_CARDIO,Australia,APAC,Cardiology,II,Heart Failure,Biotech,5,9,8,10,0,1,1,PI-020,20,3,2,1,3,1001,2.0,2021-02-23,2021-04-19,2023-01-11,2023-01-16,55,632,-5,2,2021,Other,2020-10-04,2020-12-17,74,1,LEC,2020-11-22,2021-01-18,57,148,0,1,0,1,0,0,0,0,0,1,1,Patient registry outreach,3,1,4,1,0,1,1700,0.42,400,18.99,adv_email,Email
SITE-00317,PROTO-B_CARDIO,Brazil,LATAM,Cardiology,II,Heart Failure,Biotech,5,9,8,10,0,1,1,PI-008,13,2,4,1,5,914,3.7,2022-12-09,2023-02-26,2026-07-05,2026-05-24,79,1225,42,1,2023,Other,2022-06-06,2022-09-15,101,1,CEC,2022-08-02,2022-11-05,95,208,2,0,1,1,0,1,0,0,0,0,1,Patient registry outreach,2,2,4,1,0,1,1550,0.276,400,9.8,adv_email,Email
SITE-00318,PROTO-A_ONCO,Poland,Europe,Oncology,III,NSCLC,Pharma,8,18,12,15,1,1,1,PI-025,24,1,1,1,6,272,1.3,2023-04-06,2023-07-09,2024-08-29,2024-10-16,94,417,-48,3,2023,EMA,2023-01-09,2023-05-06,117,1,LEC,2023-02-18,2023-03-18,28,141,0,1,1,0,1,0,0,0,0,1,0,,2,2,4,1,0,1,1950,0.557,89,6.4,adv_community_presentation,Community
SITE-00319,PROTO-B_CARDIO,Poland,Europe,Cardiology,II,Heart Failure,Biotech,5,9,8,10,0,1,1,PI-025,23,3,1,1,3,1052,2.5,2023-03-26,2023-08-07,2025-11-23,2025-09-29,134,839,55,3,2023,EMA,2023-01-27,2023-04-28,91,1,LEC,2023-02-07,2023-03-12,33,181,2,0,0,1,0,0,0,0,0,0,1,Patient registry outreach,2,0,2,1,0,1,1100,0.467,400,14.3,adv_email,Email
SITE-00320,PROTO-B_CARDIO,USA,North America,Cardiology,II,Heart Failure,Biotech,5,9,8,10,0,1,1,PI-020,20,3,4,1,2,927,3.2,2022-02-11,2021-12-14,2025-01-07,2024-12-26,-59,1120,12,4,2021,FDA,2021-05-20,2021-09-05,108,0,CEC,2021-07-09,2021-12-02,146,158,0,1,1,1,1,1,1,0,1,1,0,,3,5,8,1,0,1,8550,0.325,400,10.71,adv_email,Email
SITE-00321,PROTO-C_NEURO,USA,North America,Neurology,II,Alzheimer's,Academic,7,14,10,12,1,0,0,PI-005,16,2,4,1,3,113,2.2,2021-02-03,2021-02-10,2023-03-22,2023-03-01,7,770,21,1,2021,FDA,2020-09-19,2020-10-22,33,0,IRB,2020-11-09,2021-01-01,53,93,4,0,0,1,1,1,0,0,0,0,0,,2,1,3,1,0,1,2000,0.493,89,3.47,adv_email,Email
SITE-00322,PROTO-B_CARDIO,Poland,Europe,Cardiology,II,Heart Failure,Biotech,5,9,8,10,0,1,1,PI-004,8,2,4,1,3,811,3.3,2022-04-30,2022-09-25,2025-10-06,2025-10-06,148,1107,0,3,2022,EMA,2022-01-28,2022-05-24,116,1,LEC,2022-02-10,2022-04-03,52,227,5,0,1,0,1,0,0,0,0,1,0,,2,1,3,1,0,1,1750,0.439,400,10.84,adv_online,Online
SITE-00323,PROTO-A_ONCO,UK,Europe,Oncology,III,NSCLC,Pharma,8,18,12,15,1,1,1,PI-004,16,1,5,1,4,204,3.9,2021-01-02,2021-03-22,2024-12-14,2024-12-12,79,1363,2,1,2021,MHRA,2020-10-16,2021-01-05,81,1,LEC,2020-11-02,2020-12-21,49,140,1,1,1,0,0,0,0,1,1,0,0,,0,4,4,0,1,0,6850,0.567,102,2.25,adv_poster,Poster
SITE-00324,PROTO-B_CARDIO,Germany,Europe,Cardiology,II,Heart Failure,Biotech,5,9,8,10,0,1,1,PI-027,16,3,3,0,3,905,2.6,2021-07-20,2021-11-27,2024-03-14,2024-02-15,130,838,28,4,2021,EMA,2021-04-14,2021-08-20,128,1,LEC,2021-05-03,2021-06-27,55,208,1,1,1,1,1,0,0,0,0,0,0,,2,2,4,1,0,1,2050,0.426,400,14.32,adv_email,Email
SITE-00325,PROTO-C_NEURO,Japan,Asia,Neurology,II,Alzheimer's,Academic,7,14,10,12,1,0,0,PI-015,24,5,2,1,5,33,1.6,2023-01-23,2023-03-20,2024-07-13,2024-06-18,56,481,25,1,2023,PMDA,2022-07-14,2022-11-12,121,1,CEC,2022-08-23,2022-11-01,70,209,3,0,1,0,0,0,0,0,0,0,0,,0,1,1,0,1,0,150,0.519,20,1.25,adv_pamphlet,Pamphlet
SITE-00326,PROTO-A_ONCO,Japan,Asia,Oncology,III,NSCLC,Pharma,8,18,12,15,1,1,1,PI-012,21,3,5,1,7,227,1.6,2021-09-25,2021-11-22,2023-04-14,2023-03-01,58,508,44,4,2021,PMDA,2021-05-10,2021-07-19,70,1,CEC,2021-07-08,2021-08-27,50,137,3,1,1,0,1,0,0,0,0,0,0,,1,2,3,1,0,1,1550,0.532,68,4.02,adv_online,Online
SITE-00327,PROTO-C_NEURO,Canada,North America,Neurology,II,Alzheimer's,Academic,7,14,10,12,1,0,0,PI-029,15,4,1,1,7,34,3.8,2022-04-24,2022-08-02,2026-04-29,2026-03-27,100,1366,33,3,2022,Other,2021-12-30,2022-06-24,176,0,IRB,2022-02-23,2022-04-01,37,160,1,1,1,1,0,0,1,0,0,1,1,Patient registry outreach,3,3,6,1,0,1,2650,0.487,27,0.59,adv_community_presentation,Community
SITE-00328,PROTO-B_CARDIO,Poland,Europe,Cardiology,II,Heart Failure,Biotech,5,9,8,10,0,1,1,PI-025,21,4,3,1,5,1076,3.5,2021-02-11,2021-04-21,2024-06-28,2024-06-28,69,1164,0,2,2021,EMA,2020-10-06,2020-12-30,85,1,CEC,2020-11-09,2021-01-02,54,163,4,1,1,1,1,0,0,0,0,1,0,,3,2,5,1,0,1,2450,0.438,400,10.31,adv_email,Email
SITE-00329,PROTO-B_CARDIO,UK,Europe,Cardiology,II,Heart Failure,Biotech,5,9,8,10,0,1,1,PI-002,4,4,5,1,6,1167,2.1,2022-04-04,2022-06-26,2024-05-17,2024-05-17,83,691,0,2,2022,MHRA,2021-12-01,2022-02-09,70,1,LEC,2022-01-19,2022-03-17,57,158,3,1,0,0,0,0,0,1,0,0,0,,0,2,2,0,1,0,1700,0.343,400,17.37,adv_poster,Poster
SITE-00330,PROTO-A_ONCO,India,Asia,Oncology,III,NSCLC,Pharma,8,18,12,15,1,1,1,PI-021,9,6,1,1,2,152,3.2,2023-05-20,2023-08-19,2026-07-18,2026-06-16,91,1064,32,3,2023,Other,2023-01-25,2023-04-28,93,1,LEC,2023-03-23,2023-04-24,32,149,2,1,1,1,1,0,0,0,0,0,1,Patient registry outreach,3,2,5,1,0,1,2650,0.73,104,2.93,adv_email,Email
SITE-00331,PROTO-B_CARDIO,USA,North America,Cardiology,II,Heart Failure,Biotech,5,9,8,10,0,1,1,PI-026,2,1,1,1,9,925,3.3,2022-06-11,2022-07-18,2025-09-15,2025-08-09,37,1155,37,3,2022,FDA,2021-12-08,2022-06-05,179,0,CEC,2021-12-27,2022-04-07,101,203,2,1,1,0,0,1,0,0,0,1,0,,1,3,4,1,0,0,1050,0.391,400,10.39,adv_community_presentation,Community
SITE-00332,PROTO-A_ONCO,India,Asia,Oncology,III,NSCLC,Pharma,8,18,12,15,1,1,1,PI-005,8,2,3,1,5,228,1.5,2021-07-24,2021-08-02,2022-12-09,2022-11-19,9,494,20,3,2021,Other,2021-02-07,2021-04-01,53,1,CEC,2021-03-27,2021-06-04,69,128,0,0,0,0,0,0,0,1,0,0,0,,0,1,1,0,1,0,1500,0.66,53,3.22,adv_radio,Radio
SITE-00333,PROTO-B_CARDIO,Germany,Europe,Cardiology,II,Heart Failure,Biotech,5,9,8,10,0,1,1,PI-019,10,0,1,0,3,951,3.0,2023-05-22,2023-07-15,2026-04-02,2026-03-21,54,992,12,3,2023,EMA,2022-11-29,2023-04-17,139,1,CEC,2022-12-10,2023-02-24,76,217,4,1,1,1,1,1,1,0,1,1,1,Patient registry outreach,4,5,9,1,0,1,9150,0.461,400,12.1,adv_email,Email
SITE-00334,PROTO-B_CARDIO,Spain,Europe,Cardiology,II,Heart Failure,Biotech,5,9,8,10,0,1,1,PI-007,20,2,4,0,2,935,1.8,2022-12-21,2023-04-21,2024-10-12,2024-11-21,121,540,-40,2,2023,EMA,2022-07-05,2022-11-18,136,1,CEC,2022-08-13,2022-09-27,45,251,3,1,0,1,0,1,0,0,0,0,0,,1,2,3,1,0,1,1000,0.408,400,22.22,adv_email,Email
SITE-00335,PROTO-A_ONCO,Germany,Europe,Oncology,III,NSCLC,Pharma,8,18,12,15,1,1,1,PI-001,21,4,4,1,4,225,1.4,2022-04-27,2022-07-23,2023-08-23,2023-07-10,87,396,44,3,2022,EMA,2021-11-19,2022-01-21,63,1,CEC,2021-12-18,2022-04-06,109,217,1,0,0,0,0,0,0,0,1,0,0,,0,1,1,0,1,0,5000,0.521,52,3.94,adv_tv,TV
SITE-00336,PROTO-C_NEURO,Spain,Europe,Neurology,II,Alzheimer's,Academic,7,14,10,12,1,0,0,PI-020,3,6,1,1,1,79,1.9,2023-08-18,2024-01-17,2025-10-01,2025-11-14,152,623,-44,1,2024,EMA,2023-05-18,2023-10-29,164,1,LEC,2023-06-03,2023-07-18,45,228,2,1,0,1,0,0,0,0,0,1,0,,2,1,3,1,0,1,1100,0.458,71,3.42,adv_community_presentation,Community
SITE-00337,PROTO-B_CARDIO,USA,North America,Cardiology,II,Heart Failure,Biotech,5,9,8,10,0,1,1,PI-024,13,4,2,1,5,532,3.6,2022-06-03,2022-04-28,2025-10-25,2025-10-11,-36,1276,14,2,2022,FDA,2021-12-06,2022-03-18,102,0,IRB,2021-12-29,2022-04-05,97,120,2,0,1,1,1,0,0,1,0,1,0,,3,2,5,1,0,1,3750,0.372,400,9.4,adv_email,Email
SITE-00338,PROTO-A_ONCO,Japan,Asia,Oncology,III,NSCLC,Pharma,8,18,12,15,1,1,1,PI-004,16,1,2,1,3,234,3.6,2023-06-26,2023-07-02,2026-11-12,2026-10-10,6,1229,33,3,2023,PMDA,2022-11-30,2023-02-07,69,1,CEC,2023-01-01,2023-04-25,114,182,2,0,1,0,0,0,0,0,0,0,0,,0,1,1,0,1,0,150,0.556,156,3.81,adv_pamphlet,Pamphlet
SITE-00339,PROTO-A_ONCO,Australia,APAC,Oncology,III,NSCLC,Pharma,8,18,12,15,1,1,1,PI-008,17,2,1,1,6,103,3.6,2023-07-19,2023-09-18,2027-01-18,2026-12-24,61,1218,25,3,2023,Other,2023-03-13,2023-04-24,42,1,LEC,2023-04-28,2023-06-17,50,143,3,1,1,1,0,1,0,0,0,0,0,,1,3,4,1,0,1,1150,0.546,60,1.48,adv_email,Email
SITE-00340,PROTO-B_CARDIO,Poland,Europe,Cardiology,II,Heart Failure,Biotech,5,9,8,10,0,1,1,PI-026,14,3,3,0,3,1188,2.1,2022-07-16,2022-07-22,2024-05-03,2024-04-01,6,651,32,3,2022,EMA,2021-12-23,2022-02-23,62,1,CEC,2022-02-09,2022-05-12,92,163,1,1,1,0,1,1,1,0,0,1,1,Patient registry outreach,3,4,7,1,0,1,3650,0.442,400,18.43,adv_online,Online
SITE-00341,PROTO-C_NEURO,UK,Europe,Neurology,II,Alzheimer's,Academic,7,14,10,12,1,0,0,PI-017,12,4,1,1,4,86,1.5,2021-01-09,2021-07-04,2022-10-02,2022-09-17,176,455,15,3,2021,MHRA,2020-09-21,2021-03-18,178,1,LEC,2020-10-28,2020-12-02,35,249,1,1,1,1,1,0,0,1,0,0,0,,2,3,5,1,0,1,3550,0.562,35,2.31,adv_email,Email
SITE-00342,PROTO-B_CARDIO,USA,North America,Cardiology,II,Heart Failure,Biotech,5,9,8,10,0,1,1,PI-008,6,3,5,1,3,1080,1.9,2022-12-04,2023-02-06,2024-12-12,2025-01-02,64,675,-21,1,2023,FDA,2022-07-26,2023-01-12,170,0,IRB,2022-09-13,2022-10-22,39,146,1,1,0,1,0,0,1,0,0,0,0,,1,2,3,1,0,1,1500,0.308,400,17.78,adv_email,Email
SITE-00343,PROTO-A_ONCO,India,Asia,Oncology,III,NSCLC,Pharma,8,18,12,15,1,1,1,PI-010,18,0,2,1,6,152,2.1,2023-08-12,2023-08-10,2025-07-07,2025-07-23,-2,697,-16,3,2023,Other,2023-01-23,2023-04-12,79,1,CEC,2023-03-20,2023-05-21,62,143,3,0,1,1,1,0,0,0,0,1,0,,3,1,4,1,0,1,2250,0.54,59,2.54,adv_email,Email
SITE-00344,PROTO-B_CARDIO,USA,North America,Cardiology,II,Heart Failure,Biotech,5,9,8,10,0,1,1,PI-021,6,1,2,1,4,1078,3.8,2022-08-12,2022-06-08,2026-02-06,2026-02-12,-65,1339,-6,2,2022,FDA,2021-11-26,2022-04-02,127,0,CEC,2022-01-01,2022-05-26,145,158,0,1,1,1,1,1,0,1,0,1,0,,3,4,7,1,0,1,4250,0.394,400,8.96,adv_email,Email
SITE-00345,PROTO-A_ONCO,Germany,Europe,Oncology,III,NSCLC,Pharma,8,18,12,15,1,1,1,PI-021,2,4,3,1,2,99,2.0,2022-03-23,2022-05-04,2024-01-31,2024-01-06,42,637,25,2,2022,EMA,2021-09-05,2022-01-27,144,1,CEC,2021-10-25,2021-12-26,62,191,2,1,0,1,1,0,1,0,0,0,0,,2,2,4,1,0,1,2700,0.538,49,2.31,adv_email,Email
SITE-00346,PROTO-C_NEURO,Germany,Europe,Neurology,II,Alzheimer's,Academic,7,14,10,12,1,0,0,PI-016,19,3,3,1,1,40,3.9,2021-03-18,2021-10-10,2025-05-06,2025-04-19,206,1304,17,4,2021,EMA,2020-12-06,2021-06-02,178,1,LEC,2021-01-02,2021-02-25,54,281,3,1,1,1,0,0,0,0,0,0,0,,1,2,3,1,0,1,850,0.601,55,1.27,adv_email,Email
SITE-00347,PROTO-A_ONCO,Poland,Europe,Oncology,III,NSCLC,Pharma,8,18,12,15,1,1,1,PI-021,15,2,5,1,4,175,2.9,2022-02-25,2022-07-04,2025-02-27,2025-02-14,129,969,13,3,2022,EMA,2021-10-21,2022-02-24,126,1,LEC,2021-12-14,2022-02-08,56,202,1,1,0,0,1,0,0,0,0,0,0,,1,1,2,1,0,1,1400,0.599,74,2.29,adv_online,Online
SITE-00348,PROTO-C_NEURO,Germany,Europe,Neurology,II,Alzheimer's,Academic,7,14,10,12,1,0,0,PI-021,19,3,2,1,3,111,3.2,2022-08-03,2022-09-18,2025-08-11,2025-10-06,46,1058,-56,3,2022,EMA,2022-01-24,2022-05-25,121,1,CEC,2022-02-07,2022-06-28,141,223,2,0,1,0,0,1,0,0,0,0,0,,0,2,2,0,1,0,450,0.552,88,2.5,adv_newsletter,Newsletter
SITE-00349,PROTO-C_NEURO,Brazil,LATAM,Neurology,II,Alzheimer's,Academic,7,14,10,12,1,0,0,PI-005,23,1,5,1,2,110,3.0,2022-09-16,2022-11-20,2025-08-18,2025-08-17,65,1002,1,4,2022,Other,2022-03-09,2022-07-16,129,1,CEC,2022-05-04,2022-07-24,81,200,2,1,1,0,1,0,0,0,0,0,1,Patient registry outreach,2,2,4,1,0,1,2150,0.562,161,4.82,adv_online,Online
SITE-00350,PROTO-C_NEURO,Japan,Asia,Neurology,II,Alzheimer's,Academic,7,14,10,12,1,0,0,PI-017,17,2,1,0,7,100,3.0,2022-10-20,2022-12-03,2025-07-26,2025-07-15,44,966,11,4,2022,PMDA,2022-04-13,2022-06-24,72,1,CEC,2022-04-23,2022-07-27,95,224,2,1,1,0,0,0,1,0,0,0,0,,0,3,3,0,1,0,1150,0.578,33,1.02,adv_poster,Poster
SITE-00351,PROTO-B_CARDIO,Japan,Asia,Cardiology,II,Heart Failure,Biotech,5,9,8,10,0,1,1,PI-027,4,2,1,1,10,1252,1.2,2023-05-25,2023-07-28,2024-06-02,2024-06-12,64,310,-10,3,2023,PMDA,2022-09-24,2023-03-19,176,1,CEC,2022-11-13,2023-04-08,146,257,1,1,1,0,1,0,1,0,0,1,0,,2,3,5,1,0,1,2750,0.438,150,14.52,adv_online,Online
SITE-00352,PROTO-A_ONCO,Spain,Europe,Oncology,III,NSCLC,Pharma,8,18,12,15,1,1,1,PI-015,20,4,4,1,2,133,3.3,2021-11-23,2022-05-26,2025-05-17,2025-07-09,184,1087,-53,2,2022,EMA,2021-07-30,2022-01-02,156,1,LEC,2021-09-21,2021-11-04,44,247,4,1,1,1,0,0,0,0,0,1,0,,2,2,4,1,0,1,1250,0.606,150,4.14,adv_email,Email
SITE-00353,PROTO-C_NEURO,Poland,Europe,Neurology,II,Alzheimer's,Academic,7,14,10,12,1,0,0,PI-009,5,1,1,1,4,167,1.7,2022-09-03,2022-11-29,2024-05-21,2024-05-30,87,539,-9,4,2022,EMA,2022-04-10,2022-08-04,116,1,LEC,2022-05-28,2022-08-02,66,185,1,0,1,0,0,0,0,0,0,1,0,,1,1,2,1,0,0,550,0.577,61,3.4,adv_community_presentation,Community
SITE-00354,PROTO-A_ONCO,Brazil,LATAM,Oncology,III,NSCLC,Pharma,8,18,12,15,1,1,1,PI-012,9,0,4,0,6,221,2.8,2023-05-09,2023-06-29,2026-01-23,2026-02-21,51,939,-29,2,2023,Other,2023-01-26,2023-03-02,35,1,LEC,2023-02-05,2023-04-09,63,144,3,1,0,0,1,0,0,0,0,0,0,,1,1,2,1,0,1,1400,0.649,63,2.01,adv_online,Online
SITE-00355,PROTO-A_ONCO,USA,North America,Oncology,III,NSCLC,Pharma,8,18,12,15,1,1,1,PI-012,10,3,1,1,5,48,1.5,2022-11-09,2022-10-30,2024-02-28,2024-03-06,-10,486,-7,4,2022,FDA,2022-05-01,2022-08-04,95,0,CEC,2022-06-11,2022-09-21,102,141,3,1,1,1,1,0,0,0,0,0,0,,2,2,4,1,0,1,2050,0.55,17,1.05,adv_email,Email
SITE-00356,PROTO-A_ONCO,Australia,APAC,Oncology,III,NSCLC,Pharma,8,18,12,15,1,1,1,PI-011,13,3,3,1,6,154,2.9,2023-05-23,2023-07-06,2026-01-17,2026-01-10,44,926,7,3,2023,Other,2022-09-21,2023-03-19,179,1,CEC,2022-11-06,2023-03-20,134,242,2,0,0,0,0,0,1,0,0,1,1,Patient registry outreach,2,1,3,1,0,0,1800,0.529,90,2.92,adv_community_presentation,Community
SITE-00357,PROTO-B_CARDIO,UK,Europe,Cardiology,II,Heart Failure,Biotech,5,9,8,10,0,1,1,PI-021,20,3,5,0,4,849,2.9,2021-01-27,2021-04-08,2023-12-08,2024-01-07,71,974,-30,2,2021,MHRA,2020-09-11,2020-10-22,41,1,LEC,2020-10-21,2020-12-26,66,169,3,0,1,0,1,0,0,0,0,0,0,,1,1,2,1,0,1,1350,0.408,400,12.32,adv_online,Online
SITE-00358,PROTO-A_ONCO,Brazil,LATAM,Oncology,III,NSCLC,Pharma,8,18,12,15,1,1,1,PI-005,21,4,5,1,1,170,3.1,2021-09-18,2021-12-11,2024-09-12,2024-09-11,84,1006,1,4,2021,Other,2021-04-24,2021-07-10,77,1,CEC,2021-06-02,2021-08-04,63,192,3,0,1,1,0,1,0,0,0,0,0,,1,2,3,1,0,1,950,0.544,121,3.61,adv_email,Email
SITE-00359,PROTO-A_ONCO,Poland,Europe,Oncology,III,NSCLC,Pharma,8,18,12,15,1,1,1,PI-016,12,3,3,1,4,109,2.5,2021-04-07,2021-11-02,2024-02-16,2024-02-14,209,836,2,4,2021,EMA,2021-02-04,2021-07-20,166,1,LEC,2021-02-14,2021-03-18,32,261,3,1,1,1,1,0,0,1,1,0,1,Patient registry outreach,3,4,7,1,0,1,9150,0.508,101,3.62,adv_email,Email
SITE-00360,PROTO-C_NEURO,India,Asia,Neurology,II,Alzheimer's,Academic,7,14,10,12,1,0,0,PI-009,22,4,2,0,5,101,2.0,2022-01-27,2022-02-08,2023-10-24,2023-11-25,12,623,-32,1,2022,Other,2021-05-08,2021-10-25,170,1,CEC,2021-06-19,2021-11-06,140,234,1,1,0,1,1,1,0,0,0,0,0,,2,2,4,1,0,1,2200,0.528,77,3.71,adv_email,Email
SITE-00361,PROTO-C_NEURO,Germany,Europe,Neurology,II,Alzheimer's,Academic,7,14,10,12,1,0,0,PI-002,17,4,3,1,6,74,3.7,2021-03-01,2021-05-17,2024-10-03,2024-10-13,77,1235,-10,2,2021,EMA,2020-10-07,2021-01-20,105,1,CEC,2020-10-29,2021-01-12,75,200,2,0,0,0,1,0,0,0,0,1,0,,2,0,2,1,0,1,1600,0.618,45,1.09,adv_community_presentation,Community
SITE-00362,PROTO-C_NEURO,Brazil,LATAM,Neurology,II,Alzheimer's,Academic,7,14,10,12,1,0,0,PI-028,9,4,1,1,7,81,2.6,2022-03-30,2022-07-14,2024-11-08,2024-10-23,106,848,16,3,2022,Other,2021-11-22,2022-03-11,109,1,LEC,2022-01-03,2022-03-11,67,192,2,1,1,1,0,1,0,0,0,0,0,,1,3,4,1,0,1,1150,0.584,27,0.96,adv_email,Email
SITE-00363,PROTO-C_NEURO,Poland,Europe,Neurology,II,Alzheimer's,Academic,7,14,10,12,1,0,0,PI-005,15,3,5,1,3,51,2.8,2022-08-08,2022-10-30,2025-06-12,2025-06-09,83,956,3,4,2022,EMA,2022-05-27,2022-08-26,91,1,LEC,2022-06-06,2022-06-30,24,146,1,1,1,1,0,1,1,0,0,0,0,,1,4,5,1,0,1,1950,0.496,47,1.47,adv_email,Email
SITE-00364,PROTO-A_ONCO,India,Asia,Oncology,III,NSCLC,Pharma,8,18,12,15,1,1,1,PI-022,24,4,2,1,2,209,2.3,2023-05-23,2023-07-23,2025-09-15,2025-11-19,61,785,-65,3,2023,Other,2023-01-24,2023-06-08,135,1,CEC,2023-02-12,2023-04-18,65,161,0,1,0,0,0,0,0,0,0,0,0,,0,1,1,0,1,0,200,0.479,265,10.13,adv_poster,Poster
SITE-00365,PROTO-C_NEURO,UK,Europe,Neurology,II,Alzheimer's,Academic,7,14,10,12,1,0,0,PI-010,8,4,5,1,5,98,2.4,2022-01-23,2022-06-16,2024-08-10,2024-07-21,144,786,20,2,2022,MHRA,2021-11-13,2022-04-06,144,1,LEC,2021-11-25,2022-01-01,37,203,4,1,0,0,1,0,0,0,0,1,0,,2,1,3,1,0,1,1800,0.565,43,1.64,adv_community_presentation,Community
SITE-00366,PROTO-C_NEURO,Spain,Europe,Neurology,II,Alzheimer's,Academic,7,14,10,12,1,0,0,PI-016,17,2,2,0,5,122,3.4,2022-07-15,2023-02-04,2026-03-03,2026-02-13,204,1123,18,1,2023,EMA,2022-03-28,2022-09-23,179,1,LEC,2022-05-02,2022-06-16,45,278,2,1,1,1,1,0,1,0,0,0,0,,2,3,5,1,0,1,2850,0.482,117,3.13,adv_email,Email
SITE-00367,PROTO-A_ONCO,USA,North America,Oncology,III,NSCLC,Pharma,8,18,12,15,1,1,1,PI-026,17,4,5,1,5,167,3.1,2022-10-20,2022-10-01,2025-10-03,2025-09-24,-19,1098,9,4,2022,FDA,2022-05-30,2022-07-17,48,0,IRB,2022-06-15,2022-09-01,78,108,1,0,1,1,0,0,0,0,0,0,0,,1,1,2,1,0,1,650,0.57,120,3.28,adv_email,Email
SITE-00368,PROTO-C_NEURO,USA,North America,Neurology,II,Alzheimer's,Academic,7,14,10,12,1,0,0,PI-029,10,1,4,1,0,43,2.3,2023-04-08,2023-04-22,2025-07-11,2025-07-23,14,811,-12,2,2023,FDA,2022-12-04,2023-02-26,84,0,IRB,2023-01-25,2023-02-24,30,87,3,1,0,0,1,0,0,0,0,0,0,,1,1,2,1,0,1,1400,0.529,47,1.74,adv_online,Online
SITE-00369,PROTO-B_CARDIO,Germany,Europe,Cardiology,II,Heart Failure,Biotech,5,9,8,10,0,1,1,PI-008,17,8,4,1,8,752,2.3,2022-08-29,2022-11-13,2024-12-11,2025-01-03,76,759,-23,4,2022,EMA,2022-06-05,2022-09-05,92,1,LEC,2022-07-05,2022-08-16,42,131,2,1,1,0,1,0,0,0,0,1,0,,2,2,4,1,0,1,1950,0.435,400,15.81,adv_online,Online
SITE-00370,PROTO-B_CARDIO,USA,North America,Cardiology,II,Heart Failure,Biotech,5,9,8,10,0,1,1,PI-001,14,2,5,1,5,1419,2.4,2022-06-24,2022-08-02,2024-11-26,2024-11-26,39,847,0,3,2022,FDA,2022-02-02,2022-06-13,131,0,IRB,2022-02-12,2022-04-28,75,171,1,1,1,1,0,0,0,0,0,0,0,,1,2,3,1,0,1,850,0.316,400,14.17,adv_email,Email
SITE-00371,PROTO-C_NEURO,Spain,Europe,Neurology,II,Alzheimer's,Academic,7,14,10,12,1,0,0,PI-002,2,3,2,1,4,87,3.7,2022-08-04,2022-11-16,2026-04-27,2026-03-26,104,1258,32,4,2022,EMA,2022-04-16,2022-07-28,103,1,LEC,2022-05-22,2022-07-15,54,178,2,1,1,1,0,0,0,0,0,0,0,,1,2,3,1,0,1,850,0.615,44,1.05,adv_email,Email
SITE-00372,PROTO-A_ONCO,USA,North America,Oncology,III,NSCLC,Pharma,8,18,12,15,1,1,1,PI-022,8,1,2,1,4,198,3.0,2022-05-09,2022-06-12,2025-05-24,2025-05-19,34,1077,5,2,2022,FDA,2021-12-09,2022-04-20,132,0,CEC,2022-01-01,2022-02-24,54,162,0,1,1,0,0,0,0,0,0,0,0,,0,2,2,0,1,0,350,0.534,111,3.09,adv_poster,Poster
SITE-00373,PROTO-B_CARDIO,UK,Europe,Cardiology,II,Heart Failure,Biotech,5,9,8,10,0,1,1,PI-014,16,6,3,1,4,797,1.4,2022-02-26,2022-07-19,2023-09-07,2023-08-17,143,415,21,3,2022,MHRA,2021-11-27,2022-04-13,137,1,LEC,2021-12-09,2022-01-14,36,222,2,1,1,1,0,0,0,0,1,0,0,,1,3,4,1,0,1,5850,0.419,400,28.92,adv_email,Email
SITE-00374,PROTO-B_CARDIO,Australia,APAC,Cardiology,II,Heart Failure,Biotech,5,9,8,10,0,1,1,PI-016,8,1,3,1,8,1063,3.1,2023-04-27,2023-09-17,2026-08-19,2026-08-07,143,1067,12,3,2023,Other,2023-01-01,2023-06-21,171,1,LEC,2023-02-20,2023-03-23,31,209,3,1,1,1,0,0,0,0,0,1,0,,2,2,4,1,0,1,1250,0.27,400,11.25,adv_email,Email
SITE-00375,PROTO-C_NEURO,Germany,Europe,Neurology,II,Alzheimer's,Academic,7,14,10,12,1,0,0,PI-012,5,2,4,1,2,92,3.3,2022-01-20,2022-05-29,2025-05-30,2025-06-27,129,1097,-28,2,2022,EMA,2021-08-14,2022-01-16,155,1,CEC,2021-09-13,2021-10-30,47,258,1,1,1,0,0,0,0,0,0,0,1,Patient registry outreach,1,2,3,1,0,0,950,0.549,58,1.59,adv_other,Other
SITE-00376,PROTO-A_ONCO,Canada,North America,Oncology,III,NSCLC,Pharma,8,18,12,15,1,1,1,PI-026,18,1,2,1,4,114,1.1,2023-06-07,2023-08-03,2024-08-17,2024-07-20,57,380,28,3,2023,Other,2023-02-16,2023-07-14,148,0,IRB,2023-03-26,2023-05-10,45,130,1,1,1,1,0,0,1,0,0,1,0,,2,3,5,1,0,1,2050,0.566,48,3.79,adv_email,Email
SITE-00377,PROTO-A_ONCO,UK,Europe,Oncology,III,NSCLC,Pharma,8,18,12,15,1,1,1,PI-001,4,3,2,1,4,114,3.0,2022-10-07,2022-12-31,2025-09-18,2025-08-28,85,992,21,4,2022,MHRA,2022-04-03,2022-06-15,73,1,CEC,2022-05-07,2022-09-08,124,238,1,1,1,0,1,0,1,1,0,1,0,,2,4,6,1,0,1,4250,0.654,49,1.48,adv_community_presentation,Community
SITE-00378,PROTO-A_ONCO,Spain,Europe,Oncology,III,NSCLC,Pharma,8,18,12,15,1,1,1,PI-009,10,5,4,1,4,182,3.0,2023-08-23,2023-08-28,2026-06-19,2026-06-29,5,1026,-10,3,2023,EMA,2023-03-28,2023-06-13,77,1,LEC,2023-05-10,2023-07-16,67,110,0,1,1,1,0,1,0,0,0,0,0,,1,3,4,1,0,1,1150,0.573,103,3.01,adv_email,Email
SITE-00379,PROTO-B_CARDIO,Japan,Asia,Cardiology,II,Heart Failure,Biotech,5,9,8,10,0,1,1,PI-014,18,3,1,1,2,1046,3.1,2021-02-07,2021-08-22,2024-05-26,2024-05-17,196,1008,9,3,2021,PMDA,2020-10-31,2021-04-20,171,1,LEC,2020-11-13,2020-12-25,42,282,3,1,0,1,1,0,1,0,0,1,0,,3,2,5,1,0,1,3100,0.413,400,11.9,adv_email,Email
SITE-00380,PROTO-C_NEURO,UK,Europe,Neurology,II,Alzheimer's,Academic,7,14,10,12,1,0,0,PI-007,19,4,3,1,2,73,3.5,2022-12-16,2023-03-04,2026-06-21,2026-07-02,78,1205,-11,1,2023,MHRA,2022-07-15,2022-12-16,154,1,CEC,2022-08-20,2022-11-21,93,196,0,1,1,1,0,0,0,0,0,0,0,,1,2,3,1,0,1,850,0.653,95,2.37,adv_email,Email
SITE-00381,PROTO-C_NEURO,Germany,Europe,Neurology,II,Alzheimer's,Academic,7,14,10,12,1,0,0,PI-027,16,2,1,1,1,90,1.3,2021-09-16,2021-11-05,2022-11-09,2022-12-16,50,369,-37,4,2021,EMA,2021-03-22,2021-04-26,35,1,CEC,2021-05-06,2021-07-04,59,183,0,1,1,1,0,0,0,1,0,0,1,Patient registry outreach,2,3,5,1,0,1,2950,0.46,62,5.04,adv_email,Email
SITE-00382,PROTO-C_NEURO,India,Asia,Neurology,II,Alzheimer's,Academic,7,14,10,12,1,0,0,PI-009,21,4,2,1,5,67,2.4,2022-04-02,2022-04-26,2024-06-11,2024-07-04,24,777,-23,2,2022,Other,2021-11-15,2022-01-11,57,1,CEC,2021-12-14,2022-01-31,48,133,2,1,0,1,0,1,0,0,0,0,0,,1,2,3,1,0,1,1000,0.554,50,1.93,adv_email,Email
SITE-00383,PROTO-B_CARDIO,USA,North America,Cardiology,II,Heart Failure,Biotech,5,9,8,10,0,1,1,PI-015,24,4,3,1,5,989,1.9,2022-11-16,2022-10-08,2024-07-24,2024-08-18,-39,655,-25,4,2022,FDA,2022-05-09,2022-08-27,110,0,IRB,2022-06-18,2022-09-18,92,112,1,1,1,1,1,1,0,0,0,0,0,,2,3,5,1,0,1,2350,0.308,400,18.32,adv_email,Email
SITE-00384,PROTO-A_ONCO,Brazil,LATAM,Oncology,III,NSCLC,Pharma,8,18,12,15,1,1,1,PI-007,9,3,4,1,2,133,2.6,2021-09-20,2021-11-02,2024-03-04,2024-03-20,43,853,-16,4,2021,Other,2021-03-30,2021-06-13,75,1,CEC,2021-04-18,2021-06-23,66,198,1,1,0,0,0,0,0,1,0,1,0,,1,2,3,1,0,0,2100,0.562,110,3.87,adv_community_presentation,Community
SITE-00385,PROTO-A_ONCO,Japan,Asia,Oncology,III,NSCLC,Pharma,8,18,12,15,1,1,1,PI-019,22,3,3,1,5,91,1.5,2022-03-25,2022-07-01,2023-09-27,2023-09-09,98,453,18,3,2022,PMDA,2022-01-08,2022-02-15,38,1,LEC,2022-02-05,2022-03-04,27,146,4,1,1,0,0,0,0,0,0,0,0,,0,2,2,0,1,0,350,0.551,39,2.58,adv_poster,Poster
SITE-00386,PROTO-B_CARDIO,USA,North America,Cardiology,II,Heart Failure,Biotech,5,9,8,10,0,1,1,PI-029,17,2,5,1,5,1283,3.1,2022-12-15,2022-12-17,2025-11-29,2025-10-25,2,1078,35,4,2022,FDA,2022-05-21,2022-07-25,65,0,CEC,2022-06-27,2022-10-06,101,173,4,0,0,1,0,0,0,0,0,0,0,,1,0,1,1,0,1,500,0.278,400,11.13,adv_email,Email
SITE-00387,PROTO-A_ONCO,Canada,North America,Oncology,III,NSCLC,Pharma,8,18,12,15,1,1,1,PI-006,19,3,1,1,3,183,3.9,2023-05-11,2023-06-01,2027-03-11,2027-05-16,21,1379,-66,2,2023,Other,2022-12-08,2023-01-09,32,0,IRB,2023-01-31,2023-04-26,85,121,4,0,1,0,1,0,0,1,0,0,1,Patient registry outreach,2,2,4,1,0,1,3450,0.512,234,5.09,adv_online,Online
SITE-00388,PROTO-C_NEURO,Poland,Europe,Neurology,II,Alzheimer's,Academic,7,14,10,12,1,0,0,PI-017,10,4,2,1,4,136,2.2,2021-09-12,2022-02-04,2024-03-06,2024-02-11,145,761,24,1,2022,EMA,2021-06-22,2021-11-27,158,1,LEC,2021-07-25,2021-08-16,22,194,0,0,1,1,0,1,0,0,0,1,0,,2,2,4,1,0,1,1350,0.565,85,3.35,adv_community_presentation,Community
SITE-00389,PROTO-C_NEURO,UK,Europe,Neurology,II,Alzheimer's,Academic,7,14,10,12,1,0,0,PI-014,11,5,2,1,5,65,2.8,2022-06-23,2022-09-09,2025-04-13,2025-05-16,78,947,-33,3,2022,MHRA,2022-02-07,2022-05-26,108,1,CEC,2022-03-23,2022-05-26,64,170,0,0,1,1,1,0,1,0,0,1,0,,3,2,5,1,0,1,3050,0.571,45,1.43,adv_community_presentation,Community
SITE-00390,PROTO-C_NEURO,India,Asia,Neurology,II,Alzheimer's,Academic,7,14,10,12,1,0,0,PI-006,21,2,1,1,2,99,3.0,2023-06-25,2023-10-28,2026-08-09,2026-08-25,125,1016,-16,4,2023,Other,2023-03-21,2023-07-07,108,1,LEC,2023-04-26,2023-06-09,44,185,1,1,1,1,1,0,0,0,0,0,0,,2,2,4,1,0,1,2050,0.543,148,4.37,adv_email,Email
SITE-00391,PROTO-B_CARDIO,India,Asia,Cardiology,II,Heart Failure,Biotech,5,9,8,10,0,1,1,PI-012,24,3,4,1,7,1043,1.6,2023-07-10,2023-08-18,2024-12-18,2025-01-01,39,488,-14,3,2023,Other,2022-11-20,2023-02-11,83,1,CEC,2023-01-06,2023-05-18,132,224,0,1,1,0,0,0,0,0,0,0,0,,0,2,2,0,1,0,350,0.39,400,24.59,adv_poster,Poster
SITE-00392,PROTO-A_ONCO,USA,North America,Oncology,III,NSCLC,Pharma,8,18,12,15,1,1,1,PI-020,12,3,2,1,1,109,1.9,2022-04-06,2022-02-19,2023-12-05,2023-12-05,-46,654,0,1,2022,FDA,2021-11-10,2022-01-20,71,0,IRB,2021-11-29,2022-02-07,70,82,2,1,1,1,1,0,0,0,0,0,0,,2,2,4,1,0,1,2050,0.593,101,4.63,adv_email,Email
SITE-00393,PROTO-A_ONCO,Poland,Europe,Oncology,III,NSCLC,Pharma,8,18,12,15,1,1,1,PI-006,2,2,5,1,2,55,2.7,2023-03-03,2023-07-12,2025-11-24,2025-11-02,131,866,22,3,2023,EMA,2022-10-19,2023-03-30,162,1,LEC,2022-12-04,2023-02-08,66,220,3,1,1,0,0,1,0,0,0,1,0,,1,3,4,1,0,0,1050,0.579,30,1.04,adv_community_presentation,Community
SITE-00394,PROTO-C_NEURO,USA,North America,Neurology,II,Alzheimer's,Academic,7,14,10,12,1,0,0,PI-028,5,5,5,1,2,88,3.9,2022-11-24,2022-11-19,2026-09-02,2026-07-18,-5,1383,46,4,2022,FDA,2022-06-07,2022-10-29,144,0,IRB,2022-07-27,2022-10-21,86,115,3,1,1,1,1,0,0,0,0,1,0,,3,2,5,1,0,1,2450,0.554,151,3.28,adv_community_presentation,Community
SITE-00395,PROTO-A_ONCO,Japan,Asia,Oncology,III,NSCLC,Pharma,8,18,12,15,1,1,1,PI-010,11,1,4,1,5,70,3.8,2022-09-12,2022-10-26,2026-06-08,2026-06-18,44,1321,-10,4,2022,PMDA,2022-03-22,2022-07-01,101,1,CEC,2022-05-07,2022-08-01,86,172,1,0,1,0,0,1,0,0,0,0,0,,0,2,2,0,1,0,450,0.574,37,0.84,adv_newsletter,Newsletter
SITE-00396,PROTO-B_CARDIO,USA,North America,Cardiology,II,Heart Failure,Biotech,5,9,8,10,0,1,1,PI-007,4,7,2,1,6,888,3.5,2022-06-10,2022-05-22,2025-10-20,2025-11-26,-19,1247,-37,2,2022,FDA,2022-01-23,2022-03-25,61,0,IRB,2022-02-03,2022-04-12,68,108,2,1,1,1,1,0,0,0,0,1,1,Patient registry outreach,4,2,6,1,0,1,3050,0.465,400,9.62,adv_email,Email
SITE-00397,PROTO-B_CARDIO,USA,North America,Cardiology,II,Heart Failure,Biotech,5,9,8,10,0,1,1,PI-004,5,4,4,1,4,844,3.2,2023-09-08,2023-11-22,2027-01-08,2027-01-13,75,1143,-5,4,2023,FDA,2023-04-24,2023-10-10,169,0,IRB,2023-06-22,2023-07-31,39,153,4,1,1,1,0,0,0,0,0,1,0,,2,2,4,1,0,1,1250,0.443,400,10.5,adv_email,Email
SITE-00398,PROTO-A_ONCO,USA,North America,Oncology,III,NSCLC,Pharma,8,18,12,15,1,1,1,PI-024,6,8,3,1,3,113,2.7,2021-10-13,2021-10-12,2024-05-08,2024-03-28,-1,939,41,4,2021,FDA,2021-03-21,2021-05-19,59,0,CEC,2021-04-28,2021-08-15,109,167,2,1,0,1,1,1,0,0,0,1,0,,3,2,5,1,0,1,2600,0.544,89,2.84,adv_email,Email
SITE-00399,PROTO-C_NEURO,Japan,Asia,Neurology,II,Alzheimer's,Academic,7,14,10,12,1,0,0,PI-012,23,2,3,1,4,39,1.4,2023-01-07,2023-03-09,2024-04-16,2024-04-07,61,404,9,1,2023,PMDA,2022-05-22,2022-11-12,174,1,CEC,2022-07-15,2022-12-05,143,237,3,0,1,1,0,0,0,0,0,0,0,,1,1,2,1,0,1,650,0.654,17,1.26,adv_email,Email
SITE-00400,PROTO-C_NEURO,USA,North America,Neurology,II,Alzheimer's,Academic,7,14,10,12,1,0,0,PI-014,12,4,5,1,5,113,2.4,2022-09-26,2022-10-01,2025-01-06,2025-01-11,5,828,-5,4,2022,FDA,2022-04-01,2022-06-21,81,0,IRB,2022-05-24,2022-08-31,99,130,3,1,1,0,0,1,0,0,0,0,0,,0,3,3,0,1,0,650,0.554,53,1.92,adv_newsletter,Newsletter
SITE-00401,PROTO-A_ONCO,Brazil,LATAM,Oncology,III,NSCLC,Pharma,8,18,12,15,1,1,1,PI-026,7,3,4,1,6,98,2.0,2022-04-07,2022-07-22,2024-03-09,2024-02-14,106,596,24,3,2022,Other,2021-12-12,2022-02-05,55,1,LEC,2022-01-09,2022-02-23,45,194,5,1,0,1,1,0,0,0,1,0,0,,2,2,4,1,0,1,6900,0.568,33,1.66,adv_email,Email
SITE-00402,PROTO-C_NEURO,UK,Europe,Neurology,II,Alzheimer's,Academic,7,14,10,12,1,0,0,PI-015,6,2,5,1,7,146,2.1,2021-11-08,2021-12-06,2023-11-22,2023-11-26,28,716,-4,4,2021,MHRA,2021-06-13,2021-10-22,131,1,CEC,2021-07-30,2021-09-25,57,129,0,1,0,1,1,0,0,0,1,1,0,,3,2,5,1,0,1,7300,0.59,44,1.84,adv_community_presentation,Community
SITE-00403,PROTO-A_ONCO,Poland,Europe,Oncology,III,NSCLC,Pharma,8,18,12,15,1,1,1,PI-004,18,1,3,1,3,129,1.5,2022-01-16,2022-03-31,2023-06-05,2023-05-19,74,431,17,1,2022,EMA,2021-07-22,2021-10-17,87,1,CEC,2021-09-17,2021-11-23,67,195,4,1,0,1,0,0,1,0,0,0,1,Patient registry outreach,2,2,4,1,0,1,2100,0.595,42,2.92,adv_email,Email
SITE-00404,PROTO-A_ONCO,India,Asia,Oncology,III,NSCLC,Pharma,8,18,12,15,1,1,1,PI-022,17,3,3,1,3,199,2.7,2023-06-14,2023-09-16,2026-03-21,2026-04-01,94,917,-11,3,2023,Other,2023-03-17,2023-05-07,51,1,LEC,2023-05-14,2023-06-04,21,125,0,1,1,0,1,0,0,0,0,0,0,,1,2,3,1,0,1,1550,0.591,119,3.89,adv_online,Online
SITE-00405,PROTO-C_NEURO,USA,North America,Neurology,II,Alzheimer's,Academic,7,14,10,12,1,0,0,PI-011,9,3,1,1,3,121,2.4,2023-04-17,2023-03-03,2025-06-29,2025-05-28,-45,849,32,1,2023,FDA,2022-11-20,2023-02-25,97,0,IRB,2022-12-01,2023-02-20,81,92,0,1,1,0,0,0,1,0,1,0,0,,0,4,4,0,1,0,6150,0.466,64,2.26,adv_poster,Poster
SITE-00406,PROTO-C_NEURO,Spain,Europe,Neurology,II,Alzheimer's,Academic,7,14,10,12,1,0,0,PI-002,19,2,5,1,8,28,1.2,2022-09-04,2022-11-19,2023-09-22,2023-10-30,76,307,-38,4,2022,EMA,2022-01-29,2022-02-28,30,1,CEC,2022-03-12,2022-07-01,111,252,3,1,0,0,0,0,0,0,0,1,0,,1,1,2,1,0,0,600,0.592,6,0.59,adv_community_presentation,Community
SITE-00407,PROTO-C_NEURO,USA,North America,Neurology,II,Alzheimer's,Academic,7,14,10,12,1,0,0,PI-023,16,3,3,1,7,79,3.4,2022-07-12,2022-08-19,2025-12-24,2026-01-27,38,1223,-34,3,2022,FDA,2022-03-07,2022-07-08,123,0,IRB,2022-04-25,2022-05-31,36,116,1,0,1,1,0,0,0,0,0,1,0,,2,1,3,1,0,1,1050,0.466,54,1.32,adv_community_presentation,Community
SITE-00408,PROTO-A_ONCO,Brazil,LATAM,Oncology,III,NSCLC,Pharma,8,18,12,15,1,1,1,PI-003,18,4,2,1,4,135,1.2,2021-10-27,2022-04-01,2023-03-07,2023-02-05,156,340,30,2,2022,Other,2021-06-25,2021-11-29,157,1,LEC,2021-07-22,2021-09-15,55,253,2,1,1,0,0,1,0,0,1,1,1,Patient registry outreach,2,4,6,1,0,0,6650,0.583,58,5.12,adv_community_presentation,Community
SITE-00409,PROTO-B_CARDIO,Spain,Europe,Cardiology,II,Heart Failure,Biotech,5,9,8,10,0,1,1,PI-011,13,4,2,1,4,866,2.5,2023-03-20,2023-05-07,2025-08-09,2025-08-05,48,825,4,2,2023,EMA,2022-10-17,2023-01-11,86,1,LEC,2022-12-04,2023-02-09,67,154,3,1,0,1,0,0,0,0,0,0,0,,1,1,2,1,0,1,700,0.393,400,14.55,adv_email,Email
SITE-00410,PROTO-B_CARDIO,Poland,Europe,Cardiology,II,Heart Failure,Biotech,5,9,8,10,0,1,1,PI-021,15,5,3,1,10,1147,1.2,2022-01-10,2022-01-22,2023-01-22,2023-01-05,12,365,17,1,2022,EMA,2021-05-18,2021-11-13,179,1,CEC,2021-06-28,2021-10-20,114,208,1,1,0,1,0,0,0,0,0,1,0,,2,1,3,1,0,1,1100,0.373,302,24.82,adv_email,Email
SITE-00411,PROTO-A_ONCO,Germany,Europe,Oncology,III,NSCLC,Pharma,8,18,12,15,1,1,1,PI-011,20,5,1,1,1,198,3.9,2023-03-15,2023-07-03,2027-02-13,2027-04-04,110,1321,-50,3,2023,EMA,2022-12-16,2023-01-18,33,1,LEC,2023-01-12,2023-02-01,20,172,3,0,1,0,0,1,1,0,0,0,0,,0,3,3,0,1,0,1250,0.616,230,5.22,adv_newsletter,Newsletter
SITE-00412,PROTO-A_ONCO,Japan,Asia,Oncology,III,NSCLC,Pharma,8,18,12,15,1,1,1,PI-022,4,3,2,1,6,165,2.9,2022-09-02,2022-12-26,2025-09-14,2025-08-18,115,993,27,4,2022,PMDA,2022-04-28,2022-09-30,155,1,LEC,2022-06-16,2022-08-08,53,193,2,1,1,0,0,0,0,0,0,1,0,,1,2,3,1,0,0,750,0.549,58,1.75,adv_community_presentation,Community
SITE-00413,PROTO-A_ONCO,Germany,Europe,Oncology,III,NSCLC,Pharma,8,18,12,15,1,1,1,PI-011,5,3,4,1,5,272,3.8,2022-06-15,2022-10-20,2026-05-30,2026-07-12,127,1318,-43,4,2022,EMA,2022-03-27,2022-07-30,125,1,LEC,2022-05-08,2022-06-02,25,165,2,1,1,0,0,1,1,0,0,1,0,,1,4,5,1,0,0,1850,0.636,122,2.78,adv_community_presentation,Community
SITE-00414,PROTO-C_NEURO,USA,North America,Neurology,II,Alzheimer's,Academic,7,14,10,12,1,0,0,PI-017,19,3,3,1,3,88,3.2,2021-04-21,2021-05-05,2024-06-16,2024-07-09,14,1138,-23,2,2021,FDA,2020-11-10,2020-12-26,46,0,IRB,2020-12-29,2021-03-06,67,127,2,1,1,1,0,1,1,0,0,0,1,Patient registry outreach,2,4,6,1,0,1,2550,0.629,64,1.69,adv_email,Email
SITE-00415,PROTO-C_NEURO,USA,North America,Neurology,II,Alzheimer's,Academic,7,14,10,12,1,0,0,PI-028,15,6,5,1,2,42,1.9,2021-02-24,2021-04-13,2023-01-21,2023-01-26,48,648,-5,2,2021,FDA,2020-10-08,2021-03-04,147,0,IRB,2020-11-27,2021-01-13,47,137,6,1,0,1,0,0,0,0,0,0,0,,1,1,2,1,0,1,700,0.547,31,1.44,adv_email,Email
SITE-00416,PROTO-B_CARDIO,Australia,APAC,Cardiology,II,Heart Failure,Biotech,5,9,8,10,0,1,1,PI-017,17,1,4,1,5,941,1.6,2021-05-17,2021-09-08,2023-02-03,2023-01-23,114,513,11,3,2021,Other,2021-02-20,2021-05-29,98,1,LEC,2021-04-14,2021-05-06,22,147,5,1,0,1,1,0,0,0,0,0,1,Patient registry outreach,3,1,4,1,0,1,2500,0.33,400,23.39,adv_email,Email
SITE-00417,PROTO-C_NEURO,India,Asia,Neurology,II,Alzheimer's,Academic,7,14,10,12,1,0,0,PI-022,22,3,3,1,8,100,3.3,2022-09-16,2022-09-08,2025-09-18,2025-09-18,-8,1106,0,3,2022,Other,2022-02-25,2022-06-21,116,1,CEC,2022-03-08,2022-06-20,104,184,1,0,0,1,0,0,1,0,0,0,0,,1,1,2,1,0,1,1300,0.609,35,0.95,adv_email,Email
SITE-00418,PROTO-A_ONCO,UK,Europe,Oncology,III,NSCLC,Pharma,8,18,12,15,1,1,1,PI-010,22,2,3,1,3,106,2.9,2022-12-16,2023-01-16,2025-09-03,2025-08-05,31,961,29,1,2023,MHRA,2022-04-25,2022-08-13,110,1,CEC,2022-06-07,2022-10-16,131,223,3,1,0,0,0,0,0,0,0,0,1,Patient registry outreach,1,1,2,1,0,0,800,0.547,100,3.12,adv_other,Other
SITE-00419,PROTO-A_ONCO,Poland,Europe,Oncology,III,NSCLC,Pharma,8,18,12,15,1,1,1,PI-016,16,2,2,1,5,141,3.7,2022-11-30,2023-05-20,2026-10-31,2026-11-21,171,1260,-21,2,2023,EMA,2022-09-15,2023-03-06,172,1,LEC,2022-09-28,2022-11-16,49,234,1,1,1,1,0,0,0,0,0,1,0,,2,2,4,1,0,1,1250,0.524,88,2.1,adv_email,Email
SITE-00420,PROTO-B_CARDIO,USA,North America,Cardiology,II,Heart Failure,Biotech,5,9,8,10,0,1,1,PI-023,3,2,2,1,3,1055,1.3,2021-12-18,2021-12-30,2023-02-09,2023-02-11,12,406,-2,4,2021,FDA,2021-05-26,2021-11-14,172,0,CEC,2021-06-14,2021-10-16,124,199,3,1,0,1,1,0,0,1,0,1,0,,3,2,5,1,0,1,3800,0.389,400,29.56,adv_email,Email
SITE-00421,PROTO-C_NEURO,Germany,Europe,Neurology,II,Alzheimer's,Academic,7,14,10,12,1,0,0,PI-010,3,2,2,1,5,62,3.5,2022-11-18,2022-12-23,2026-03-06,2026-02-05,35,1169,29,4,2022,EMA,2022-04-07,2022-06-02,56,1,CEC,2022-05-04,2022-09-11,130,233,4,1,1,0,0,0,0,1,0,0,0,,0,3,3,0,1,0,1850,0.521,29,0.74,adv_poster,Poster
SITE-00422,PROTO-C_NEURO,USA,North America,Neurology,II,Alzheimer's,Academic,7,14,10,12,1,0,0,PI-009,18,1,2,1,7,154,1.7,2021-05-13,2021-05-15,2022-12-14,2023-01-26,2,578,-43,2,2021,FDA,2020-09-27,2021-03-19,173,0,CEC,2020-11-12,2021-03-20,128,184,0,1,0,0,0,1,0,1,0,0,0,,0,3,3,0,1,0,2000,0.577,44,2.28,adv_newsletter,Newsletter
SITE-00423,PROTO-A_ONCO,Japan,Asia,Oncology,III,NSCLC,Pharma,8,18,12,15,1,1,1,PI-024,18,0,5,1,3,236,3.7,2022-02-04,2022-04-18,2025-08-29,2025-07-06,73,1229,54,2,2022,PMDA,2021-07-23,2021-10-11,80,1,CEC,2021-08-21,2022-01-02,134,240,3,1,1,0,0,1,0,0,0,0,0,,0,3,3,0,1,0,650,0.599,188,4.59,adv_newsletter,Newsletter
SITE-00424,PROTO-B_CARDIO,Brazil,LATAM,Cardiology,II,Heart Failure,Biotech,5,9,8,10,0,1,1,PI-023,16,2,2,1,7,1121,1.4,2021-01-22,2021-05-24,2022-08-09,2022-07-08,122,442,32,2,2021,Other,2020-09-02,2021-02-25,176,1,CEC,2020-10-01,2020-12-15,75,235,2,1,1,1,1,1,1,0,1,1,0,,3,5,8,1,0,1,8550,0.452,400,27.15,adv_email,Email
SITE-00425,PROTO-C_NEURO,USA,North America,Neurology,II,Alzheimer's,Academic,7,14,10,12,1,0,0,PI-005,14,5,4,1,0,74,3.8,2023-08-29,2023-08-30,2027-05-12,2027-03-11,1,1351,62,3,2023,FDA,2023-02-23,2023-07-17,144,0,CEC,2023-04-23,2023-08-02,101,129,1,1,1,0,0,0,0,0,0,0,0,,0,2,2,0,1,0,350,0.543,113,2.51,adv_poster,Poster
SITE-00426,PROTO-A_ONCO,Spain,Europe,Oncology,III,NSCLC,Pharma,8,18,12,15,1,1,1,PI-026,2,3,3,1,2,49,3.5,2022-10-10,2023-02-07,2026-04-13,2026-04-23,120,1161,-10,1,2023,EMA,2022-06-09,2022-10-22,135,1,LEC,2022-07-23,2022-09-17,56,199,6,1,1,0,0,0,0,0,0,0,0,,0,2,2,0,1,0,350,0.56,30,0.78,adv_poster,Poster
SITE-00427,PROTO-B_CARDIO,USA,North America,Cardiology,II,Heart Failure,Biotech,5,9,8,10,0,1,1,PI-018,23,2,2,1,6,1041,1.9,2021-09-30,2021-12-23,2023-10-17,2023-11-11,84,663,-25,4,2021,FDA,2021-06-16,2021-10-27,133,0,IRB,2021-07-11,2021-08-25,45,165,3,1,1,1,0,0,0,0,0,1,0,,2,2,4,1,0,1,1250,0.331,400,18.1,adv_email,Email
SITE-00428,PROTO-A_ONCO,Japan,Asia,Oncology,III,NSCLC,Pharma,8,18,12,15,1,1,1,PI-014,24,5,4,1,7,133,2.7,2021-12-09,2022-03-03,2024-09-17,2024-09-17,84,929,0,1,2022,PMDA,2021-08-31,2021-12-31,122,1,CEC,2021-09-12,2021-11-02,51,172,0,0,1,0,1,0,0,0,0,1,0,,2,1,3,1,0,1,1750,0.545,67,2.16,adv_community_presentation,Community
SITE-00429,PROTO-A_ONCO,Brazil,LATAM,Oncology,III,NSCLC,Pharma,8,18,12,15,1,1,1,PI-021,18,4,2,1,4,106,1.8,2022-10-02,2022-10-24,2024-06-17,2024-07-12,22,602,-25,4,2022,Other,2022-06-27,2022-07-31,34,1,LEC,2022-07-23,2022-08-22,30,93,2,1,0,0,1,0,0,0,0,0,0,,1,1,2,1,0,1,1400,0.536,64,3.19,adv_online,Online
SITE-00430,PROTO-A_ONCO,USA,North America,Oncology,III,NSCLC,Pharma,8,18,12,15,1,1,1,PI-005,8,6,1,1,6,81,1.9,2023-06-18,2023-07-23,2025-05-22,2025-05-13,35,669,9,3,2023,FDA,2023-01-18,2023-06-04,137,0,IRB,2023-03-16,2023-05-10,55,129,2,1,0,0,0,0,0,0,0,0,0,,0,1,1,0,1,0,200,0.519,30,1.35,adv_poster,Poster
SITE-00431,PROTO-B_CARDIO,Poland,Europe,Cardiology,II,Heart Failure,Biotech,5,9,8,10,0,1,1,PI-019,18,1,3,1,9,872,3.3,2022-12-21,2023-02-14,2026-03-20,2026-01-20,55,1130,59,1,2023,EMA,2022-08-22,2022-10-23,62,1,LEC,2022-10-09,2022-11-19,41,128,2,0,1,1,0,0,0,0,0,0,0,,1,1,2,1,0,1,650,0.404,400,10.62,adv_email,Email
SITE-00432,PROTO-B_CARDIO,UK,Europe,Cardiology,II,Heart Failure,Biotech,5,9,8,10,0,1,1,PI-016,11,3,4,1,4,1028,3.6,2021-09-16,2021-11-26,2025-05-18,2025-06-22,71,1269,-35,4,2021,MHRA,2021-07-19,2021-09-19,62,1,LEC,2021-08-13,2021-09-05,23,105,0,1,1,1,1,1,1,0,0,1,0,,3,4,7,1,0,1,3550,0.397,400,9.46,adv_email,Email
SITE-00433,PROTO-A_ONCO,USA,North America,Oncology,III,NSCLC,Pharma,8,18,12,15,1,1,1,PI-006,17,2,2,1,7,317,2.7,2023-04-29,2023-05-06,2025-11-30,2025-12-14,7,939,-14,2,2023,FDA,2023-01-02,2023-04-01,89,0,IRB,2023-01-15,2023-04-04,79,111,4,1,0,1,1,0,0,0,0,1,0,,3,1,4,1,0,1,2300,0.524,147,4.7,adv_email,Email
SITE-00434,PROTO-B_CARDIO,Poland,Europe,Cardiology,II,Heart Failure,Biotech,5,9,8,10,0,1,1,PI-012,21,1,3,1,4,1091,3.4,2021-05-17,2021-06-13,2024-09-15,2024-08-19,27,1190,27,2,2021,EMA,2021-01-27,2021-03-21,53,1,LEC,2021-02-24,2021-04-20,55,109,0,1,0,1,0,1,1,0,0,1,0,,2,3,5,1,0,1,2200,0.414,400,10.08,adv_email,Email
SITE-00435,PROTO-A_ONCO,Japan,Asia,Oncology,III,NSCLC,Pharma,8,18,12,15,1,1,1,PI-012,2,2,4,1,3,181,1.1,2021-11-28,2021-11-10,2022-09-13,2022-09-13,-18,307,0,4,2021,PMDA,2021-03-24,2021-06-24,92,1,CEC,2021-04-25,2021-09-13,141,199,2,1,0,0,0,0,1,0,0,1,0,,1,2,3,1,0,0,1400,0.615,33,3.22,adv_community_presentation,Community
SITE-00436,PROTO-B_CARDIO,India,Asia,Cardiology,II,Heart Failure,Biotech,5,9,8,10,0,1,1,PI-010,17,5,4,1,2,1031,1.4,2023-05-15,2023-06-16,2024-09-08,2024-09-14,32,450,-6,2,2023,Other,2023-01-04,2023-05-07,123,1,LEC,2023-03-02,2023-04-17,46,106,3,1,1,1,0,1,0,0,0,1,0,,2,3,5,1,0,1,1550,0.422,400,26.67,adv_email,Email
SITE-00437,PROTO-A_ONCO,Poland,Europe,Oncology,III,NSCLC,Pharma,8,18,12,15,1,1,1,PI-021,21,3,3,1,6,216,3.6,2021-09-10,2021-12-10,2025-05-13,2025-06-21,91,1250,-39,4,2021,EMA,2021-05-29,2021-09-15,109,1,LEC,2021-07-03,2021-08-04,32,160,0,0,0,1,0,0,0,0,0,1,0,,2,0,2,1,0,1,900,0.603,108,2.59,adv_email,Email
SITE-00438,PROTO-A_ONCO,USA,North America,Oncology,III,NSCLC,Pharma,8,18,12,15,1,1,1,PI-028,8,4,3,1,1,125,3.4,2022-07-16,2022-06-28,2025-10-18,2025-09-26,-18,1208,22,2,2022,FDA,2022-01-10,2022-05-11,121,0,CEC,2022-02-27,2022-05-19,81,121,2,0,1,0,0,0,0,0,0,1,0,,1,1,2,1,0,0,550,0.562,148,3.68,adv_community_presentation,Community
SITE-00439,PROTO-A_ONCO,Brazil,LATAM,Oncology,III,NSCLC,Pharma,8,18,12,15,1,1,1,PI-016,24,3,3,1,5,207,1.1,2023-07-15,2023-08-21,2024-07-10,2024-08-02,37,324,-23,3,2023,Other,2023-02-24,2023-05-01,66,1,LEC,2023-04-01,2023-06-05,65,142,2,1,1,0,1,0,1,0,0,1,1,Patient registry outreach,3,3,6,1,0,1,3350,0.564,74,6.85,adv_community_presentation,Community
SITE-00440,PROTO-B_CARDIO,Spain,Europe,Cardiology,II,Heart Failure,Biotech,5,9,8,10,0,1,1,PI-004,5,2,4,1,3,953,2.5,2022-12-22,2023-01-17,2025-04-29,2025-04-27,26,833,2,1,2023,EMA,2022-05-18,2022-09-02,107,1,CEC,2022-07-14,2022-10-24,102,187,1,1,1,1,1,1,0,0,0,1,0,,3,3,6,1,0,1,2750,0.418,400,14.41,adv_email,Email
SITE-00441,PROTO-A_ONCO,Australia,APAC,Oncology,III,NSCLC,Pharma,8,18,12,15,1,1,1,PI-027,17,1,5,1,2,176,2.3,2023-05-29,2023-08-30,2025-10-02,2025-11-12,93,764,-41,3,2023,Other,2023-03-12,2023-05-09,58,1,LEC,2023-04-02,2023-05-04,32,150,3,0,1,0,0,1,1,0,0,0,0,,0,3,3,0,1,0,1250,0.639,110,4.32,adv_newsletter,Newsletter
SITE-00442,PROTO-A_ONCO,USA,North America,Oncology,III,NSCLC,Pharma,8,18,12,15,1,1,1,PI-022,3,1,3,1,2,85,1.2,2021-11-14,2022-01-07,2023-02-15,2023-02-23,54,404,-8,1,2022,FDA,2021-07-18,2021-10-27,101,0,IRB,2021-09-02,2021-10-21,49,127,3,0,0,0,1,1,0,0,0,0,1,Patient registry outreach,2,1,3,1,0,1,2100,0.471,23,1.71,adv_online,Online
SITE-00443,PROTO-A_ONCO,Canada,North America,Oncology,III,NSCLC,Pharma,8,18,12,15,1,1,1,PI-020,3,4,5,1,1,168,3.8,2022-06-02,2022-06-07,2026-02-04,2026-02-19,5,1338,-15,2,2022,Other,2021-11-06,2021-12-14,38,0,CEC,2021-12-25,2022-04-24,120,164,3,1,1,0,0,0,0,0,0,0,0,,0,2,2,0,1,0,350,0.626,141,3.16,adv_poster,Poster
SITE-00444,PROTO-B_CARDIO,Spain,Europe,Cardiology,II,Heart Failure,Biotech,5,9,8,10,0,1,1,PI-025,11,3,1,1,6,993,2.0,2022-02-14,2022-06-10,2024-03-14,2024-03-27,116,643,-13,2,2022,EMA,2021-10-13,2022-03-04,142,1,LEC,2021-12-05,2022-01-29,55,187,1,1,1,1,1,1,0,0,0,1,0,,3,3,6,1,0,1,2750,0.38,400,18.66,adv_email,Email
SITE-00445,PROTO-C_NEURO,USA,North America,Neurology,II,Alzheimer's,Academic,7,14,10,12,1,0,0,PI-025,2,0,1,1,1,90,3.2,2022-04-16,2022-04-07,2025-05-28,2025-06-12,-9,1147,-15,2,2022,FDA,2021-12-14,2022-02-02,50,0,IRB,2022-01-04,2022-03-08,63,93,0,0,1,0,0,0,0,0,0,0,0,,0,1,1,0,1,0,150,0.57,56,1.46,adv_pamphlet,Pamphlet
SITE-00446,PROTO-C_NEURO,USA,North America,Neurology,II,Alzheimer's,Academic,7,14,10,12,1,0,0,PI-027,6,7,1,1,5,73,2.1,2021-01-19,2021-01-13,2022-11-25,2022-12-09,-6,681,-14,1,2021,FDA,2020-04-13,2020-09-07,147,0,CEC,2020-06-04,2020-10-30,148,223,4,1,1,1,1,0,0,0,0,1,0,,3,2,5,1,0,1,2450,0.574,42,1.85,adv_community_presentation,Community
SITE-00447,PROTO-A_ONCO,Australia,APAC,Oncology,III,NSCLC,Pharma,8,18,12,15,1,1,1,PI-019,21,2,2,1,7,188,2.3,2022-05-03,2022-12-11,2024-12-24,2025-03-06,222,744,-72,4,2022,Other,2022-02-06,2022-08-03,178,1,LEC,2022-02-28,2022-04-21,52,286,2,1,0,0,0,0,0,0,0,0,0,,0,1,1,0,1,0,200,0.573,55,2.22,adv_poster,Poster
SITE-00448,PROTO-C_NEURO,USA,North America,Neurology,II,Alzheimer's,Academic,7,14,10,12,1,0,0,PI-016,3,0,2,1,5,70,3.9,2021-01-23,2021-02-28,2024-11-29,2024-09-22,36,1370,68,1,2021,FDA,2020-09-04,2020-10-10,36,0,IRB,2020-10-08,2020-12-12,65,143,4,1,0,1,0,1,0,0,0,0,0,,1,2,3,1,0,1,1000,0.544,41,0.9,adv_email,Email
SITE-00449,PROTO-B_CARDIO,USA,North America,Cardiology,II,Heart Failure,Biotech,5,9,8,10,0,1,1,PI-007,14,4,1,1,9,860,1.6,2021-05-16,2021-04-13,2022-10-15,2022-10-27,-33,550,-12,2,2021,FDA,2020-10-15,2021-03-04,140,0,CEC,2020-12-12,2021-03-06,84,122,1,1,0,1,1,0,0,0,0,0,0,,2,1,3,1,0,1,1900,0.367,400,21.82,adv_email,Email
SITE-00450,PROTO-A_ONCO,UK,Europe,Oncology,III,NSCLC,Pharma,8,18,12,15,1,1,1,PI-029,2,5,3,1,4,140,1.6,2023-09-04,2023-11-06,2025-03-03,2025-03-10,63,483,-7,4,2023,MHRA,2023-04-22,2023-08-01,101,1,LEC,2023-06-06,2023-08-14,69,153,1,1,1,0,0,0,0,0,0,0,0,,0,2,2,0,1,0,350,0.535,37,2.3,adv_poster,Poster
SITE-00451,PROTO-A_ONCO,Spain,Europe,Oncology,III,NSCLC,Pharma,8,18,12,15,1,1,1,PI-016,10,5,4,1,2,202,3.0,2022-01-14,2022-03-26,2025-01-01,2024-12-26,71,1012,6,1,2022,EMA,2021-09-24,2021-11-14,51,1,LEC,2021-11-22,2022-01-03,42,124,2,0,1,1,1,0,0,0,0,0,0,,2,1,3,1,0,1,1850,0.624,190,5.63,adv_email,Email
SITE-00452,PROTO-C_NEURO,USA,North America,Neurology,II,Alzheimer's,Academic,7,14,10,12,1,0,0,PI-028,15,3,3,1,3,83,2.7,2023-04-05,2023-03-29,2025-11-10,2025-12-20,-7,957,-40,1,2023,FDA,2022-11-10,2022-12-16,36,0,IRB,2022-12-19,2023-02-26,69,100,1,1,1,0,0,0,1,0,0,0,0,,0,3,3,0,1,0,1150,0.551,61,1.91,adv_poster,Poster
SITE-00453,PROTO-A_ONCO,USA,North America,Oncology,III,NSCLC,Pharma,8,18,12,15,1,1,1,PI-026,13,3,5,1,3,126,1.3,2022-01-12,2022-02-07,2023-04-11,2023-05-11,26,428,-30,1,2022,FDA,2021-09-15,2021-11-10,56,0,IRB,2021-10-11,2021-12-17,67,119,3,0,1,1,0,0,0,0,0,0,0,,1,1,2,1,0,1,650,0.561,52,3.64,adv_email,Email
SITE-00454,PROTO-B_CARDIO,India,Asia,Cardiology,II,Heart Failure,Biotech,5,9,8,10,0,1,1,PI-023,14,2,5,1,2,1108,3.3,2021-08-11,2022-01-11,2025-02-12,2025-02-24,153,1128,-12,1,2022,Other,2021-05-21,2021-10-10,142,1,LEC,2021-06-23,2021-07-19,26,202,1,1,0,1,0,0,0,0,0,0,0,,1,1,2,1,0,1,700,0.41,400,10.64,adv_email,Email
SITE-00455,PROTO-C_NEURO,Germany,Europe,Neurology,II,Alzheimer's,Academic,7,14,10,12,1,0,0,PI-018,22,2,3,1,5,126,1.2,2021-06-04,2021-07-18,2022-07-12,2022-06-28,44,359,14,3,2021,EMA,2020-12-19,2021-04-26,128,1,CEC,2021-01-17,2021-03-26,68,182,3,1,0,1,0,0,0,0,0,0,0,,1,1,2,1,0,1,700,0.492,53,4.43,adv_email,Email
SITE-00456,PROTO-B_CARDIO,USA,North America,Cardiology,II,Heart Failure,Biotech,5,9,8,10,0,1,1,PI-027,22,1,1,1,3,1199,3.2,2021-03-16,2021-03-11,2024-04-23,2024-06-19,-5,1139,-57,1,2021,FDA,2020-11-11,2021-01-24,74,0,IRB,2020-12-13,2021-02-15,64,88,1,1,0,1,0,0,0,0,0,1,0,,2,1,3,1,0,1,1100,0.435,400,10.54,adv_email,Email
SITE-00457,PROTO-A_ONCO,Brazil,LATAM,Oncology,III,NSCLC,Pharma,8,18,12,15,1,1,1,PI-017,3,3,4,1,5,86,4.0,2023-04-07,2023-07-30,2027-05-19,2027-06-13,114,1389,-25,3,2023,Other,2022-12-04,2023-05-24,171,1,CEC,2022-12-16,2023-02-26,72,226,2,1,1,0,0,0,1,0,0,1,0,,1,3,4,1,0,0,1550,0.552,47,1.02,adv_community_presentation,Community
SITE-00458,PROTO-C_NEURO,Australia,APAC,Neurology,II,Alzheimer's,Academic,7,14,10,12,1,0,0,PI-006,14,3,4,1,3,147,2.0,2023-07-21,2023-09-06,2025-05-23,2025-06-12,47,625,-20,3,2023,Other,2023-01-28,2023-03-17,48,1,CEC,2023-03-22,2023-05-30,69,168,2,1,0,1,1,0,0,1,0,0,0,,2,2,4,1,0,1,3400,0.533,111,5.33,adv_email,Email
SITE-00459,PROTO-B_CARDIO,USA,North America,Cardiology,II,Heart Failure,Biotech,5,9,8,10,0,1,1,PI-008,8,2,3,1,6,965,3.3,2022-12-25,2022-12-10,2026-02-02,2026-02-04,-15,1150,-2,4,2022,FDA,2022-06-20,2022-08-27,68,0,CEC,2022-07-26,2022-10-26,92,137,4,1,1,1,1,0,0,0,0,1,0,,3,2,5,1,0,1,2450,0.313,400,10.43,adv_email,Email
SITE-00460,PROTO-C_NEURO,Germany,Europe,Neurology,II,Alzheimer's,Academic,7,14,10,12,1,0,0,PI-007,6,1,5,1,1,101,3.1,2022-12-02,2023-03-08,2025-12-25,2026-01-18,96,1023,-24,1,2023,EMA,2022-09-07,2022-10-20,43,1,LEC,2022-09-18,2022-11-02,45,171,2,1,1,0,1,0,0,1,0,0,0,,1,3,4,1,0,1,3050,0.563,74,2.17,adv_online,Online
SITE-00461,PROTO-A_ONCO,Australia,APAC,Oncology,III,NSCLC,Pharma,8,18,12,15,1,1,1,PI-013,10,2,2,1,5,275,2.4,2023-09-01,2023-10-19,2026-01-23,2026-01-28,48,827,-5,4,2023,Other,2023-05-02,2023-08-13,103,1,LEC,2023-06-20,2023-07-23,33,121,0,1,1,0,1,1,0,0,0,0,0,,1,3,4,1,0,1,1850,0.576,118,4.28,adv_online,Online
SITE-00462,PROTO-C_NEURO,USA,North America,Neurology,II,Alzheimer's,Academic,7,14,10,12,1,0,0,PI-028,4,3,1,1,9,87,3.2,2021-04-29,2021-04-18,2024-05-18,2024-06-06,-11,1126,-19,2,2021,FDA,2020-10-30,2021-02-01,94,0,IRB,2020-12-17,2021-03-17,90,122,2,0,1,0,0,0,0,0,0,1,0,,1,1,2,1,0,0,550,0.518,28,0.75,adv_community_presentation,Community
SITE-00463,PROTO-A_ONCO,Spain,Europe,Oncology,III,NSCLC,Pharma,8,18,12,15,1,1,1,PI-020,4,4,3,1,2,102,3.3,2023-05-22,2023-06-06,2026-05-22,2026-06-15,15,1081,-24,2,2023,EMA,2022-09-19,2023-01-03,106,1,CEC,2022-11-06,2023-03-02,116,212,2,1,0,1,0,1,0,1,0,0,0,,1,3,4,1,0,1,2500,0.651,61,1.69,adv_email,Email
SITE-00464,PROTO-A_ONCO,Australia,APAC,Oncology,III,NSCLC,Pharma,8,18,12,15,1,1,1,PI-007,20,4,4,1,3,101,2.8,2022-04-15,2022-03-31,2024-10-07,2024-08-24,-15,921,44,1,2022,Other,2021-07-20,2021-10-05,77,1,CEC,2021-09-12,2022-01-22,132,200,2,1,0,1,1,1,0,0,0,0,0,,2,2,4,1,0,1,2200,0.628,89,2.9,adv_email,Email
SITE-00465,PROTO-A_ONCO,USA,North America,Oncology,III,NSCLC,Pharma,8,18,12,15,1,1,1,PI-026,11,4,4,1,9,177,3.5,2022-02-02,2022-01-27,2025-06-03,2025-05-11,-6,1223,23,1,2022,FDA,2021-08-11,2021-11-04,85,0,CEC,2021-09-19,2021-12-19,91,130,4,1,1,0,0,0,1,0,0,1,0,,1,3,4,1,0,0,1550,0.645,53,1.3,adv_community_presentation,Community
SITE-00466,PROTO-A_ONCO,Spain,Europe,Oncology,III,NSCLC,Pharma,8,18,12,15,1,1,1,PI-024,5,4,1,1,1,196,2.1,2022-12-22,2023-03-16,2025-02-12,2024-12-09,84,699,65,1,2023,EMA,2022-09-22,2023-01-14,114,1,LEC,2022-10-30,2022-11-30,31,137,2,0,1,1,0,0,0,0,0,0,0,,1,1,2,1,0,1,650,0.544,128,5.49,adv_email,Email
SITE-00467,PROTO-C_NEURO,USA,North America,Neurology,II,Alzheimer's,Academic,7,14,10,12,1,0,0,PI-003,7,3,5,1,3,64,1.0,2021-08-03,2021-08-07,2022-06-23,2022-03-19,4,320,96,3,2021,FDA,2021-03-17,2021-06-25,100,0,IRB,2021-04-13,2021-06-27,75,116,5,1,1,1,1,0,0,0,0,0,1,Patient registry outreach,3,2,5,1,0,1,2650,0.523,27,2.53,adv_email,Email
SITE-00468,PROTO-A_ONCO,Spain,Europe,Oncology,III,NSCLC,Pharma,8,18,12,15,1,1,1,PI-011,11,3,3,1,5,141,3.0,2022-03-06,2022-08-13,2025-05-20,2025-06-18,160,1011,-29,3,2022,EMA,2021-12-28,2022-04-03,96,1,LEC,2022-01-17,2022-02-12,26,208,1,0,0,1,1,1,0,0,0,0,1,Patient registry outreach,3,1,4,1,0,1,2600,0.553,89,2.64,adv_email,Email
SITE-00469,PROTO-B_CARDIO,USA,North America,Cardiology,II,Heart Failure,Biotech,5,9,8,10,0,1,1,PI-023,7,3,4,1,3,809,3.6,2021-04-14,2021-02-01,2024-08-11,2024-11-03,-72,1287,-84,1,2021,FDA,2020-09-30,2021-01-16,108,0,CEC,2020-11-18,2021-01-22,65,75,1,1,1,0,1,0,1,0,0,0,0,,1,3,4,1,0,1,2350,0.411,400,9.32,adv_online,Online
SITE-00470,PROTO-B_CARDIO,UK,Europe,Cardiology,II,Heart Failure,Biotech,5,9,8,10,0,1,1,PI-028,10,3,1,1,7,1067,3.6,2022-09-10,2022-12-21,2026-06-12,2026-05-20,102,1269,23,4,2022,MHRA,2022-05-28,2022-10-13,138,1,LEC,2022-07-08,2022-08-04,27,166,0,1,1,1,0,0,0,0,0,1,0,,2,2,4,1,0,1,1250,0.492,400,9.46,adv_email,Email
SITE-00471,PROTO-C_NEURO,USA,North America,Neurology,II,Alzheimer's,Academic,7,14,10,12,1,0,0,PI-028,4,5,5,1,3,111,3.1,2023-01-11,2023-02-25,2026-01-26,2025-12-26,45,1066,31,1,2023,FDA,2022-08-17,2022-11-09,84,0,IRB,2022-10-09,2022-12-09,61,139,5,0,1,1,1,0,0,0,0,1,0,,3,1,4,1,0,1,2250,0.551,121,3.41,adv_community_presentation,Community
SITE-00472,PROTO-B_CARDIO,India,Asia,Cardiology,II,Heart Failure,Biotech,5,9,8,10,0,1,1,PI-028,17,3,2,1,5,968,3.8,2022-05-15,2022-10-07,2026-05-27,2026-06-27,145,1328,-31,4,2022,Other,2022-03-06,2022-07-20,136,1,LEC,2022-03-16,2022-05-02,47,205,2,0,1,1,1,0,1,0,0,1,0,,3,2,5,1,0,1,3050,0.358,400,9.04,adv_email,Email
SITE-00473,PROTO-C_NEURO,Poland,Europe,Neurology,II,Alzheimer's,Academic,7,14,10,12,1,0,0,PI-015,20,4,4,1,1,70,3.9,2021-11-02,2022-03-16,2025-12-08,2025-12-05,134,1363,3,1,2022,EMA,2021-09-12,2021-12-21,100,1,LEC,2021-09-25,2021-10-15,20,172,2,1,1,1,0,0,0,1,0,0,0,,1,3,4,1,0,1,2350,0.56,133,2.93,adv_email,Email
SITE-00474,PROTO-A_ONCO,USA,North America,Oncology,III,NSCLC,Pharma,8,18,12,15,1,1,1,PI-011,17,2,3,1,1,173,3.0,2021-03-14,2021-03-31,2024-03-11,2024-03-25,17,1076,-14,1,2021,FDA,2020-12-02,2021-03-03,91,0,IRB,2020-12-28,2021-02-06,40,93,1,0,1,1,1,0,0,0,0,0,0,,2,1,3,1,0,1,1850,0.625,166,4.63,adv_email,Email
SITE-00475,PROTO-B_CARDIO,UK,Europe,Cardiology,II,Heart Failure,Biotech,5,9,8,10,0,1,1,PI-029,21,5,5,1,5,679,3.9,2023-09-21,2024-01-09,2027-09-11,2027-08-23,110,1341,19,1,2024,MHRA,2023-05-21,2023-10-14,146,1,LEC,2023-06-03,2023-08-08,66,220,3,1,1,0,0,1,0,0,0,1,0,,1,3,4,1,0,0,1050,0.395,400,8.95,adv_community_presentation,Community
SITE-00476,PROTO-B_CARDIO,Spain,Europe,Cardiology,II,Heart Failure,Biotech,5,9,8,10,0,1,1,PI-016,5,2,2,1,5,1100,3.5,2021-03-21,2021-07-04,2024-09-17,2024-10-24,105,1171,-37,3,2021,EMA,2020-11-12,2021-02-07,87,1,LEC,2020-12-15,2021-02-21,68,201,4,1,1,1,0,0,1,0,0,0,0,,1,3,4,1,0,1,1650,0.443,400,10.25,adv_email,Email
SITE-00477,PROTO-C_NEURO,Japan,Asia,Neurology,II,Alzheimer's,Academic,7,14,10,12,1,0,0,PI-017,16,3,5,1,3,139,1.5,2022-12-13,2023-02-25,2024-05-09,2024-05-09,74,439,0,1,2023,PMDA,2022-05-15,2022-10-10,148,1,CEC,2022-07-10,2022-09-25,77,230,3,1,1,1,0,0,0,0,0,0,0,,1,2,3,1,0,1,850,0.538,78,5.33,adv_email,Email
SITE-00478,PROTO-C_NEURO,Australia,APAC,Neurology,II,Alzheimer's,Academic,7,14,10,12,1,0,0,PI-015,6,0,4,1,3,50,3.6,2021-11-25,2022-04-02,2025-08-02,2025-09-05,128,1218,-34,2,2022,Other,2021-09-11,2021-12-22,102,1,LEC,2021-09-28,2021-11-03,36,186,5,0,1,0,0,0,0,0,0,1,0,,1,1,2,1,0,0,550,0.479,33,0.81,adv_community_presentation,Community
SITE-00479,PROTO-B_CARDIO,Canada,North America,Cardiology,II,Heart Failure,Biotech,5,9,8,10,0,1,1,PI-016,24,1,5,1,2,1088,1.0,2021-10-27,2021-10-12,2022-09-08,2022-10-20,-15,331,-42,4,2021,Other,2021-05-19,2021-08-23,96,0,IRB,2021-06-24,2021-08-29,66,110,3,1,0,1,0,1,0,0,0,0,0,,1,2,3,1,0,1,1000,0.334,400,36.25,adv_email,Email
SITE-00480,PROTO-C_NEURO,Poland,Europe,Neurology,II,Alzheimer's,Academic,7,14,10,12,1,0,0,PI-011,11,2,4,1,6,42,1.9,2021-01-10,2021-02-02,2022-09-17,2022-12-22,23,592,-96,1,2021,EMA,2020-06-28,2020-11-29,154,1,CEC,2020-07-11,2020-11-18,130,206,0,1,1,1,1,1,1,0,0,0,1,Patient registry outreach,3,4,7,1,0,1,3750,0.496,19,0.96,adv_email,Email
SITE-00481,PROTO-B_CARDIO,UK,Europe,Cardiology,II,Heart Failure,Biotech,5,9,8,10,0,1,1,PI-025,6,4,4,1,4,1063,2.2,2022-09-23,2023-05-15,2025-04-25,2025-06-10,234,711,-46,2,2023,MHRA,2022-08-03,2023-01-06,156,1,LEC,2022-08-22,2022-09-13,22,266,3,1,0,0,1,0,0,0,1,0,0,,1,2,3,1,0,1,6400,0.508,400,16.88,adv_online,Online
SITE-00482,PROTO-B_CARDIO,USA,North America,Cardiology,II,Heart Failure,Biotech,5,9,8,10,0,1,1,PI-020,12,1,2,0,2,936,3.0,2022-12-21,2023-02-13,2026-01-18,2026-03-13,54,1070,-54,1,2023,FDA,2022-07-31,2023-01-05,158,0,IRB,2022-09-26,2022-11-19,54,140,1,1,1,0,0,0,0,0,0,1,0,,1,2,3,1,0,0,750,0.353,400,11.21,adv_community_presentation,Community
SITE-00483,PROTO-B_CARDIO,Brazil,LATAM,Cardiology,II,Heart Failure,Biotech,5,9,8,10,0,1,1,PI-010,17,4,1,1,5,1032,3.8,2021-09-05,2021-12-16,2025-06-12,2025-06-09,102,1274,3,4,2021,Other,2021-04-19,2021-06-19,61,1,LEC,2021-06-11,2021-07-31,50,188,2,1,1,0,1,0,0,1,0,1,0,,2,3,5,1,0,1,3450,0.435,400,9.42,adv_online,Online
SITE-00484,PROTO-C_NEURO,USA,North America,Neurology,II,Alzheimer's,Academic,7,14,10,12,1,0,0,PI-015,9,3,3,0,4,153,2.5,2022-01-10,2021-11-26,2024-04-16,2024-03-11,-45,872,36,4,2021,FDA,2021-07-15,2021-10-21,98,0,IRB,2021-08-22,2021-11-15,85,96,2,1,1,0,1,0,0,0,0,0,0,,1,2,3,1,0,1,1550,0.585,72,2.48,adv_online,Online
SITE-00485,PROTO-B_CARDIO,Poland,Europe,Cardiology,II,Heart Failure,Biotech,5,9,8,10,0,1,1,PI-005,20,1,1,1,5,1150,2.6,2022-07-22,2022-08-29,2025-01-26,2025-02-02,38,881,-7,3,2022,EMA,2022-03-06,2022-05-05,60,1,LEC,2022-04-05,2022-06-11,67,146,4,1,1,0,0,0,0,0,0,0,0,,0,2,2,0,1,0,350,0.367,400,13.62,adv_poster,Poster
SITE-00486,PROTO-B_CARDIO,India,Asia,Cardiology,II,Heart Failure,Biotech,5,9,8,10,0,1,1,PI-004,8,4,5,1,4,941,3.1,2021-02-18,2021-06-11,2024-04-17,2024-03-22,113,1041,26,2,2021,Other,2020-09-28,2021-03-15,168,1,LEC,2020-11-16,2021-01-24,69,207,3,0,1,1,1,0,1,0,0,1,0,,3,2,5,1,0,1,3050,0.492,400,11.53,adv_email,Email
SITE-00487,PROTO-B_CARDIO,USA,North America,Cardiology,II,Heart Failure,Biotech,5,9,8,10,0,1,1,PI-014,9,3,1,1,5,884,2.0,2022-09-03,2022-08-05,2024-07-12,2024-06-27,-29,707,15,3,2022,FDA,2022-04-06,2022-06-10,65,0,IRB,2022-05-12,2022-07-20,69,85,0,1,1,0,1,0,0,0,0,0,0,,1,2,3,1,0,1,1550,0.397,400,16.97,adv_online,Online
SITE-00488,PROTO-C_NEURO,Spain,Europe,Neurology,II,Alzheimer's,Academic,7,14,10,12,1,0,0,PI-005,6,1,2,1,5,35,3.6,2021-11-05,2022-01-17,2025-05-28,2025-04-07,73,1227,51,1,2022,EMA,2021-06-18,2021-11-22,157,1,LEC,2021-08-07,2021-10-07,61,163,3,1,1,1,0,0,0,0,0,1,0,,2,2,4,1,0,1,1250,0.591,15,0.37,adv_community_presentation,Community
SITE-00489,PROTO-A_ONCO,UK,Europe,Oncology,III,NSCLC,Pharma,8,18,12,15,1,1,1,PI-026,13,3,1,1,3,130,1.3,2023-04-01,2023-03-05,2024-03-31,2024-04-13,-27,392,-13,1,2023,MHRA,2022-09-29,2022-11-29,61,1,CEC,2022-10-15,2023-01-06,83,141,0,1,1,1,0,0,0,0,0,0,0,,1,2,3,1,0,1,850,0.525,64,4.9,adv_email,Email
SITE-00490,PROTO-A_ONCO,Japan,Asia,Oncology,III,NSCLC,Pharma,8,18,12,15,1,1,1,PI-007,24,4,4,1,3,306,2.8,2021-04-10,2021-04-15,2023-10-21,2023-10-21,5,919,0,2,2021,PMDA,2020-10-03,2020-11-24,52,1,CEC,2020-11-05,2021-01-12,68,161,2,0,0,0,1,1,0,0,0,1,0,,2,1,3,1,0,1,1900,0.568,273,8.91,adv_community_presentation,Community
SITE-00491,PROTO-C_NEURO,Australia,APAC,Neurology,II,Alzheimer's,Academic,7,14,10,12,1,0,0,PI-011,2,2,3,1,1,29,1.9,2021-06-27,2021-10-02,2023-06-25,2023-05-28,97,631,28,4,2021,Other,2021-03-21,2021-07-11,112,1,LEC,2021-04-26,2021-05-22,26,159,2,1,0,1,1,0,0,0,0,0,0,,2,1,3,1,0,1,1900,0.578,20,0.95,adv_email,Email
SITE-00492,PROTO-A_ONCO,USA,North America,Oncology,III,NSCLC,Pharma,8,18,12,15,1,1,1,PI-024,5,2,1,1,4,147,3.7,2022-09-03,2022-08-23,2026-03-30,2026-03-05,-11,1315,25,3,2022,FDA,2022-03-25,2022-05-11,47,0,CEC,2022-04-17,2022-08-02,107,128,0,1,0,0,0,0,0,0,0,0,0,,0,1,1,0,1,0,200,0.616,72,1.64,adv_poster,Poster
SITE-00493,PROTO-B_CARDIO,Japan,Asia,Cardiology,II,Heart Failure,Biotech,5,9,8,10,0,1,1,PI-004,20,1,1,1,3,1038,2.9,2022-08-24,2022-10-31,2025-07-03,2025-06-15,68,976,18,4,2022,PMDA,2022-05-19,2022-06-19,31,1,LEC,2022-06-20,2022-07-20,30,133,3,0,0,1,1,0,0,1,0,0,0,,2,1,3,1,0,1,3200,0.495,400,12.3,adv_email,Email
SITE-00494,PROTO-C_NEURO,Poland,Europe,Neurology,II,Alzheimer's,Academic,7,14,10,12,1,0,0,PI-009,8,3,1,1,3,139,1.1,2021-05-28,2021-07-19,2022-05-26,2022-06-01,52,311,-6,3,2021,EMA,2020-11-09,2021-01-03,55,1,CEC,2020-12-23,2021-04-29,127,208,2,0,0,1,0,0,0,0,0,0,0,,1,0,1,1,0,1,500,0.606,35,3.38,adv_email,Email
SITE-00495,PROTO-B_CARDIO,UK,Europe,Cardiology,II,Heart Failure,Biotech,5,9,8,10,0,1,1,PI-017,6,3,1,1,2,793,2.3,2023-09-25,2024-04-29,2026-05-15,2026-06-26,217,746,-42,2,2024,MHRA,2023-07-06,2023-12-14,161,1,LEC,2023-07-17,2023-08-27,41,287,2,0,1,0,0,0,0,0,0,0,0,,0,1,1,0,1,0,150,0.431,400,16.09,adv_pamphlet,Pamphlet
SITE-00496,PROTO-B_CARDIO,Germany,Europe,Cardiology,II,Heart Failure,Biotech,5,9,8,10,0,1,1,PI-016,23,1,1,1,3,998,3.1,2021-03-03,2021-08-16,2024-07-28,2024-09-01,166,1077,-35,3,2021,EMA,2020-11-21,2021-05-19,179,1,LEC,2020-12-30,2021-02-03,35,229,0,1,1,0,0,0,0,0,1,1,0,,1,3,4,1,0,0,5750,0.421,400,11.14,adv_community_presentation,Community
SITE-00497,PROTO-B_CARDIO,Germany,Europe,Cardiology,II,Heart Failure,Biotech,5,9,8,10,0,1,1,PI-026,15,3,5,1,3,847,3.1,2021-12-12,2022-04-03,2025-02-09,2025-03-13,112,1043,-32,2,2022,EMA,2021-09-05,2022-01-12,129,1,LEC,2021-09-22,2021-11-10,49,193,2,1,1,1,0,0,0,1,1,0,0,,1,4,5,1,0,1,7350,0.426,400,11.51,adv_email,Email
SITE-00498,PROTO-A_ONCO,Canada,North America,Oncology,III,NSCLC,Pharma,8,18,12,15,1,1,1,PI-001,9,1,2,1,6,249,3.2,2022-06-26,2022-06-21,2025-08-18,2025-08-24,-5,1154,-6,2,2022,Other,2022-02-14,2022-04-23,68,0,IRB,2022-03-30,2022-05-13,44,83,0,0,1,1,0,0,0,0,0,0,0,,1,1,2,1,0,1,650,0.574,89,2.31,adv_email,Email
SITE-00499,PROTO-A_ONCO,USA,North America,Oncology,III,NSCLC,Pharma,8,18,12,15,1,1,1,PI-003,22,7,2,0,3,203,1.2,2022-12-26,2022-12-21,2024-02-02,2024-01-02,-5,408,31,4,2022,FDA,2022-08-20,2022-11-01,73,0,IRB,2022-09-09,2022-11-23,75,103,1,1,0,1,1,0,0,0,0,0,0,,2,1,3,1,0,1,1900,0.522,146,10.74,adv_email,Email
SITE-00500,PROTO-B_CARDIO,USA,North America,Cardiology,II,Heart Failure,Biotech,5,9,8,10,0,1,1,PI-018,12,4,2,1,3,810,2.4,2022-12-10,2022-12-13,2025-04-06,2025-03-02,3,845,35,4,2022,FDA,2022-07-03,2022-09-12,71,0,IRB,2022-08-31,2022-11-02,63,104,2,0,1,0,1,0,0,0,0,0,0,,1,1,2,1,0,1,1350,0.398,400,14.2,adv_online,Online
SITE-00501,PROTO-C_NEURO,Brazil,LATAM,Neurology,II,Alzheimer's,Academic,7,14,10,12,1,0,0,PI-006,22,5,4,1,3,132,3.5,2021-11-26,2022-04-03,2025-07-09,2025-08-29,128,1193,-51,2,2022,Other,2021-08-06,2022-01-10,157,1,LEC,2021-09-10,2021-10-18,38,205,4,1,1,1,0,0,1,0,0,1,1,Patient registry outreach,3,3,6,1,0,1,2650,0.493,243,6.11,adv_community_presentation,Community
SITE-00502,PROTO-C_NEURO,Japan,Asia,Neurology,II,Alzheimer's,Academic,7,14,10,12,1,0,0,PI-005,19,3,2,1,2,105,3.0,2021-03-18,2021-03-24,2023-11-23,2023-11-30,6,974,-7,1,2021,PMDA,2020-07-17,2020-08-30,44,1,CEC,2020-08-31,2020-12-27,118,205,0,1,1,1,1,0,0,0,0,1,0,,3,2,5,1,0,1,2450,0.577,122,3.76,adv_community_presentation,Community
SITE-00503,PROTO-B_CARDIO,India,Asia,Cardiology,II,Heart Failure,Biotech,5,9,8,10,0,1,1,PI-011,13,1,5,0,9,1070,2.2,2023-04-15,2023-09-30,2025-09-05,2025-11-18,168,706,-74,3,2023,Other,2023-01-15,2023-06-11,147,1,LEC,2023-02-15,2023-03-22,35,227,1,1,0,1,0,0,0,0,0,0,0,,1,1,2,1,0,1,700,0.386,400,17.0,adv_email,Email
SITE-00504,PROTO-B_CARDIO,Germany,Europe,Cardiology,II,Heart Failure,Biotech,5,9,8,10,0,1,1,PI-002,13,5,2,1,6,715,2.3,2023-05-27,2023-06-07,2025-05-29,2025-05-29,11,722,0,2,2023,EMA,2022-09-03,2023-01-01,120,1,CEC,2022-10-22,2023-03-01,130,228,2,1,1,1,0,1,0,0,0,1,1,Patient registry outreach,3,3,6,1,0,1,2150,0.437,400,16.62,adv_email,Email
SITE-00505,PROTO-C_NEURO,Germany,Europe,Neurology,II,Alzheimer's,Academic,7,14,10,12,1,0,0,PI-015,11,3,3,1,1,69,3.6,2021-09-27,2022-01-15,2025-04-13,2025-04-09,110,1184,4,1,2022,EMA,2021-04-13,2021-05-28,45,1,CEC,2021-06-08,2021-08-23,76,221,3,1,0,0,0,0,0,0,0,0,0,,0,1,1,0,1,0,200,0.496,64,1.62,adv_poster,Poster
SITE-00506,PROTO-B_CARDIO,Brazil,LATAM,Cardiology,II,Heart Failure,Biotech,5,9,8,10,0,1,1,PI-029,9,6,5,1,4,1030,1.6,2021-10-23,2022-01-29,2023-06-15,2023-07-09,98,502,-24,1,2022,Other,2021-07-11,2021-08-27,47,1,LEC,2021-09-01,2021-10-06,35,150,1,0,0,0,1,0,0,0,0,0,0,,1,0,1,1,0,1,1200,0.421,400,23.9,adv_online,Online
SITE-00507,PROTO-A_ONCO,USA,North America,Oncology,III,NSCLC,Pharma,8,18,12,15,1,1,1,PI-007,9,1,2,1,2,151,1.6,2021-09-17,2021-10-01,2023-04-04,2023-04-01,14,550,3,4,2021,FDA,2021-05-26,2021-07-29,64,0,IRB,2021-06-15,2021-09-01,78,108,2,1,1,0,0,1,1,1,0,1,0,,1,5,6,1,0,0,3350,0.602,80,4.36,adv_community_presentation,Community
SITE-00508,PROTO-A_ONCO,India,Asia,Oncology,III,NSCLC,Pharma,8,18,12,15,1,1,1,PI-015,7,3,3,0,3,134,2.6,2021-01-13,2021-05-03,2023-08-05,2023-09-10,110,824,-36,2,2021,Other,2020-10-04,2021-01-01,89,1,LEC,2020-10-15,2020-12-19,65,200,2,1,0,1,0,0,0,0,0,1,0,,2,1,3,1,0,1,1100,0.595,71,2.58,adv_email,Email
SITE-00509,PROTO-B_CARDIO,India,Asia,Cardiology,II,Heart Failure,Biotech,5,9,8,10,0,1,1,PI-016,22,2,2,1,1,853,3.2,2022-08-29,2022-10-24,2025-10-22,2025-11-30,56,1094,-39,4,2022,Other,2022-04-25,2022-05-31,36,1,LEC,2022-06-15,2022-08-06,52,131,2,0,0,1,0,0,0,1,0,0,0,,1,1,2,1,0,1,2000,0.429,400,10.97,adv_email,Email
SITE-00510,PROTO-A_ONCO,Brazil,LATAM,Oncology,III,NSCLC,Pharma,8,18,12,15,1,1,1,PI-022,24,1,2,1,3,261,2.4,2023-04-04,2023-06-12,2025-08-13,2025-08-09,69,793,4,2,2023,Other,2022-12-26,2023-02-04,40,1,LEC,2023-01-29,2023-02-27,29,134,2,1,0,0,0,1,0,0,0,0,0,,0,2,2,0,1,0,500,0.661,134,5.07,adv_newsletter,Newsletter
SITE-00511,PROTO-B_CARDIO,India,Asia,Cardiology,II,Heart Failure,Biotech,5,9,8,10,0,1,1,PI-029,19,5,2,1,6,884,3.8,2021-01-23,2021-03-26,2024-10-25,2024-10-31,62,1309,-6,1,2021,Other,2020-10-20,2020-11-27,38,1,LEC,2020-11-10,2020-12-10,30,136,4,0,1,1,0,0,0,0,0,0,0,,1,1,2,1,0,1,650,0.496,400,9.17,adv_email,Email
SITE-00512,PROTO-A_ONCO,USA,North America,Oncology,III,NSCLC,Pharma,8,18,12,15,1,1,1,PI-020,7,0,5,1,7,103,2.9,2022-03-28,2022-02-21,2024-12-13,2024-11-01,-35,1026,42,1,2022,FDA,2021-09-19,2021-10-22,33,0,IRB,2021-11-09,2022-02-14,97,104,0,1,1,0,1,1,0,0,0,0,0,,1,3,4,1,0,1,1850,0.54,37,1.08,adv_online,Online
SITE-00513,PROTO-B_CARDIO,Australia,APAC,Cardiology,II,Heart Failure,Biotech,5,9,8,10,0,1,1,PI-011,10,1,5,1,3,848,2.8,2021-06-23,2021-11-04,2024-05-13,2024-05-01,134,921,12,4,2021,Other,2021-02-22,2021-07-27,155,1,LEC,2021-03-26,2021-06-01,67,223,1,1,1,0,0,1,0,1,0,0,1,Patient registry outreach,1,4,5,1,0,0,2750,0.38,400,13.03,adv_other,Other
SITE-00514,PROTO-B_CARDIO,Japan,Asia,Cardiology,II,Heart Failure,Biotech,5,9,8,10,0,1,1,PI-024,11,2,4,1,1,707,3.2,2022-09-13,2022-11-02,2025-10-17,2025-11-14,50,1080,-28,4,2022,PMDA,2022-03-18,2022-05-09,52,1,CEC,2022-05-07,2022-08-10,95,179,1,1,1,0,1,0,0,1,0,1,0,,2,3,5,1,0,1,3450,0.396,400,11.11,adv_online,Online
SITE-00515,PROTO-C_NEURO,UK,Europe,Neurology,II,Alzheimer's,Academic,7,14,10,12,1,0,0,PI-024,2,4,4,1,7,57,1.5,2021-02-15,2021-01-15,2022-05-17,2022-05-01,-31,487,16,1,2021,MHRA,2020-07-10,2020-11-15,128,1,CEC,2020-09-01,2020-11-27,87,136,0,1,1,1,0,0,1,0,0,0,0,,1,3,4,1,0,1,1650,0.585,12,0.74,adv_email,Email
SITE-00516,PROTO-A_ONCO,Japan,Asia,Oncology,III,NSCLC,Pharma,8,18,12,15,1,1,1,PI-012,19,4,4,1,3,171,1.0,2021-04-10,2021-06-09,2022-03-30,2022-02-10,60,294,48,2,2021,PMDA,2020-12-09,2021-01-22,44,1,CEC,2021-01-14,2021-03-21,66,146,2,1,0,1,0,0,0,0,0,1,0,,2,1,3,1,0,1,1100,0.625,76,7.76,adv_email,Email
SITE-00517,PROTO-A_ONCO,Germany,Europe,Oncology,III,NSCLC,Pharma,8,18,12,15,1,1,1,PI-021,2,4,2,1,5,162,2.3,2021-11-25,2022-03-07,2024-04-03,2024-02-13,102,758,50,1,2022,EMA,2021-07-24,2021-12-25,154,1,CEC,2021-08-06,2021-10-03,58,213,3,1,0,1,0,0,0,0,0,0,1,Patient registry outreach,2,1,3,1,0,1,1300,0.561,53,2.1,adv_email,Email
SITE-00518,PROTO-A_ONCO,Spain,Europe,Oncology,III,NSCLC,Pharma,8,18,12,15,1,1,1,PI-022,23,4,4,1,0,187,1.4,2021-09-04,2022-01-06,2023-04-06,2023-04-12,124,455,-6,1,2022,EMA,2021-05-21,2021-11-06,169,1,LEC,2021-06-29,2021-08-12,44,191,1,1,1,1,0,0,0,0,0,0,0,,1,2,3,1,0,1,850,0.672,103,6.79,adv_email,Email
SITE-00519,PROTO-A_ONCO,Canada,North America,Oncology,III,NSCLC,Pharma,8,18,12,15,1,1,1,PI-023,4,1,3,1,3,125,4.0,2022-07-20,2022-10-23,2026-09-25,2026-12-02,95,1433,-68,4,2022,Other,2022-04-27,2022-09-13,139,0,IRB,2022-05-29,2022-07-03,35,147,2,0,0,1,0,0,1,0,1,0,1,Patient registry outreach,2,2,4,1,0,1,6900,0.632,61,1.28,adv_email,Email
SITE-00520,PROTO-C_NEURO,USA,North America,Neurology,II,Alzheimer's,Academic,7,14,10,12,1,0,0,PI-002,20,3,4,1,3,109,1.9,2021-01-09,2021-02-02,2022-10-16,2022-09-11,24,621,35,1,2021,FDA,2020-06-06,2020-09-05,91,0,CEC,2020-07-23,2020-11-22,122,194,4,0,1,0,0,1,0,0,0,0,0,,0,2,2,0,1,0,450,0.532,66,3.19,adv_newsletter,Newsletter
SITE-00521,PROTO-B_CARDIO,USA,North America,Cardiology,II,Heart Failure,Biotech,5,9,8,10,0,1,1,PI-029,4,4,1,1,5,1225,1.8,2022-02-09,2022-04-10,2023-12-02,2023-11-23,60,601,9,2,2022,FDA,2021-09-30,2021-12-03,64,0,IRB,2021-10-16,2022-01-22,98,176,3,0,1,0,0,0,0,0,0,0,0,,0,1,1,0,1,0,150,0.473,400,19.97,adv_pamphlet,Pamphlet
SITE-00522,PROTO-C_NEURO,Japan,Asia,Neurology,II,Alzheimer's,Academic,7,14,10,12,1,0,0,PI-012,24,1,5,1,5,144,1.8,2022-07-06,2022-07-04,2023-12-06,2023-10-23,-2,520,44,3,2022,PMDA,2021-10-29,2022-02-08,102,1,CEC,2021-11-15,2022-04-10,146,231,3,0,1,0,1,0,0,0,0,0,0,,1,1,2,1,0,1,1350,0.572,71,4.1,adv_online,Online
SITE-00523,PROTO-C_NEURO,USA,North America,Neurology,II,Alzheimer's,Academic,7,14,10,12,1,0,0,PI-011,19,1,2,1,1,121,3.0,2021-07-07,2021-09-01,2024-08-20,2024-07-18,56,1084,33,3,2021,FDA,2021-03-16,2021-08-02,139,0,IRB,2021-04-09,2021-05-13,34,145,0,0,1,1,0,0,0,0,0,1,0,,2,1,3,1,0,1,1050,0.509,198,5.48,adv_community_presentation,Community
SITE-00524,PROTO-A_ONCO,Australia,APAC,Oncology,III,NSCLC,Pharma,8,18,12,15,1,1,1,PI-008,4,4,3,1,8,161,3.0,2021-06-26,2021-09-05,2024-06-09,2024-04-16,71,1008,54,3,2021,Other,2021-03-26,2021-04-25,30,1,LEC,2021-05-08,2021-05-29,21,120,1,1,1,0,1,1,0,0,0,0,1,Patient registry outreach,2,3,5,1,0,1,2450,0.655,40,1.19,adv_online,Online
SITE-00525,PROTO-A_ONCO,Spain,Europe,Oncology,III,NSCLC,Pharma,8,18,12,15,1,1,1,PI-027,21,2,2,1,10,121,1.4,2022-03-03,2022-04-23,2023-07-16,2023-07-13,51,449,3,2,2022,EMA,2021-12-18,2022-02-12,56,1,LEC,2022-01-15,2022-02-15,31,98,1,1,1,1,1,0,0,0,0,1,0,,3,2,5,1,0,1,2450,0.529,22,1.47,adv_email,Email
SITE-00526,PROTO-C_NEURO,Brazil,LATAM,Neurology,II,Alzheimer's,Academic,7,14,10,12,1,0,0,PI-003,11,1,1,1,4,58,3.1,2022-12-16,2023-08-10,2026-05-24,2026-04-15,237,1018,39,3,2023,Other,2022-10-20,2023-02-24,127,1,LEC,2022-11-02,2022-12-05,33,281,5,0,1,1,0,0,0,1,0,1,0,,2,2,4,1,0,1,2550,0.553,52,1.53,adv_community_presentation,Community
SITE-00527,PROTO-A_ONCO,Japan,Asia,Oncology,III,NSCLC,Pharma,8,18,12,15,1,1,1,PI-024,12,2,2,1,3,133,2.6,2022-09-26,2023-02-14,2025-06-25,2025-07-15,141,862,-20,1,2023,PMDA,2022-07-03,2022-10-23,112,1,LEC,2022-07-23,2022-08-22,30,206,0,0,1,1,0,0,0,0,0,0,0,,1,1,2,1,0,1,650,0.646,59,2.05,adv_email,Email
SITE-00528,PROTO-C_NEURO,UK,Europe,Neurology,II,Alzheimer's,Academic,7,14,10,12,1,0,0,PI-005,15,2,5,1,5,131,3.3,2022-07-07,2022-12-14,2026-01-20,2026-01-20,160,1133,0,4,2022,MHRA,2022-03-23,2022-09-10,171,1,LEC,2022-05-06,2022-05-29,23,222,3,0,1,0,0,0,0,0,0,0,0,,0,1,1,0,1,0,150,0.606,54,1.43,adv_pamphlet,Pamphlet
SITE-00529,PROTO-B_CARDIO,Japan,Asia,Cardiology,II,Heart Failure,Biotech,5,9,8,10,0,1,1,PI-001,22,2,4,1,5,1001,1.4,2021-09-18,2021-07-18,2022-09-25,2022-10-01,-62,434,-6,3,2021,PMDA,2020-12-30,2021-04-28,119,1,CEC,2021-02-16,2021-06-30,134,152,0,0,0,0,0,0,0,0,0,1,0,,1,0,1,1,0,0,400,0.396,400,27.65,adv_community_presentation,Community
SITE-00530,PROTO-C_NEURO,Germany,Europe,Neurology,II,Alzheimer's,Academic,7,14,10,12,1,0,0,PI-006,8,2,3,1,0,133,2.6,2021-01-22,2021-05-24,2023-09-10,2023-09-17,122,839,-7,2,2021,EMA,2020-09-01,2021-02-15,167,1,LEC,2020-10-17,2020-12-25,69,219,3,1,1,1,0,1,1,0,0,0,1,Patient registry outreach,2,4,6,1,0,1,2550,0.648,140,5.01,adv_email,Email
SITE-00531,PROTO-A_ONCO,USA,North America,Oncology,III,NSCLC,Pharma,8,18,12,15,1,1,1,PI-020,10,1,5,1,4,91,3.3,2021-04-21,2021-06-03,2024-07-16,2024-06-10,43,1139,36,2,2021,FDA,2021-01-08,2021-03-09,60,0,IRB,2021-02-01,2021-03-25,52,122,6,0,0,1,0,0,0,0,0,0,0,,1,0,1,1,0,1,500,0.542,49,1.29,adv_email,Email
SITE-00532,PROTO-A_ONCO,UK,Europe,Oncology,III,NSCLC,Pharma,8,18,12,15,1,1,1,PI-017,4,6,4,1,9,121,2.7,2022-11-23,2023-02-19,2025-06-24,2025-07-03,88,856,-9,1,2023,MHRA,2022-06-01,2022-10-19,140,1,CEC,2022-07-01,2022-10-18,109,233,3,0,0,1,1,0,0,1,0,1,0,,3,1,4,1,0,1,3600,0.533,33,1.16,adv_email,Email
SITE-00533,PROTO-B_CARDIO,Spain,Europe,Cardiology,II,Heart Failure,Biotech,5,9,8,10,0,1,1,PI-015,5,3,2,1,1,954,3.6,2022-09-23,2023-02-08,2026-07-06,2026-09-08,138,1244,-64,1,2023,EMA,2022-07-05,2022-10-27,114,1,LEC,2022-07-22,2022-08-22,31,201,2,1,1,0,1,1,0,0,0,1,0,,2,3,5,1,0,1,2250,0.553,400,9.65,adv_online,Online
SITE-00534,PROTO-A_ONCO,Brazil,LATAM,Oncology,III,NSCLC,Pharma,8,18,12,15,1,1,1,PI-002,10,5,1,1,5,215,3.1,2023-01-23,2023-02-17,2025-12-12,2025-12-09,25,1029,3,1,2023,Other,2022-07-12,2022-09-27,77,1,CEC,2022-08-19,2022-11-23,96,182,1,0,1,0,1,0,1,0,0,0,0,,1,2,3,1,0,1,2150,0.496,113,3.29,adv_online,Online
SITE-00535,PROTO-C_NEURO,USA,North America,Neurology,II,Alzheimer's,Academic,7,14,10,12,1,0,0,PI-024,6,4,1,1,6,108,3.1,2021-03-31,2021-03-16,2024-03-19,2024-04-19,-15,1099,-31,1,2021,FDA,2020-12-02,2021-01-28,57,0,IRB,2020-12-15,2021-02-08,55,91,2,1,1,1,1,0,0,0,0,1,0,,3,2,5,1,0,1,2450,0.598,55,1.5,adv_community_presentation,Community
SITE-00536,PROTO-C_NEURO,UK,Europe,Neurology,II,Alzheimer's,Academic,7,14,10,12,1,0,0,PI-017,20,1,2,1,5,45,2.2,2021-04-11,2021-07-26,2023-08-11,2023-09-06,106,746,-26,3,2021,MHRA,2020-12-26,2021-05-05,130,1,LEC,2021-02-09,2021-03-14,33,167,2,1,1,0,1,0,0,0,0,0,1,Patient registry outreach,2,2,4,1,0,1,2150,0.546,28,1.13,adv_online,Online
SITE-00537,PROTO-C_NEURO,India,Asia,Neurology,II,Alzheimer's,Academic,7,14,10,12,1,0,0,PI-008,17,3,4,1,5,76,1.5,2022-12-30,2023-01-14,2024-03-04,2024-02-05,15,415,28,1,2023,Other,2022-03-19,2022-05-07,49,1,CEC,2022-05-15,2022-10-11,149,244,2,1,1,0,1,1,0,0,0,1,0,,2,3,5,1,0,1,2250,0.562,32,2.31,adv_community_presentation,Community
SITE-00538,PROTO-C_NEURO,USA,North America,Neurology,II,Alzheimer's,Academic,7,14,10,12,1,0,0,PI-017,10,0,5,1,4,70,3.5,2022-12-18,2023-01-28,2026-06-26,2026-07-12,41,1245,-16,1,2023,FDA,2022-06-13,2022-12-09,179,0,IRB,2022-07-25,2022-10-30,97,187,0,1,0,0,0,0,1,0,0,0,0,,0,2,2,0,1,0,1000,0.624,30,0.72,adv_poster,Poster
SITE-00539,PROTO-A_ONCO,Japan,Asia,Oncology,III,NSCLC,Pharma,8,18,12,15,1,1,1,PI-004,7,1,1,0,5,211,3.1,2021-03-17,2021-07-15,2024-04-27,2024-03-21,120,1017,37,3,2021,PMDA,2020-10-05,2021-03-31,177,1,CEC,2020-10-15,2021-01-17,94,273,2,1,1,1,1,0,0,0,0,0,0,,2,2,4,1,0,1,2050,0.587,85,2.51,adv_email,Email
SITE-00540,PROTO-C_NEURO,India,Asia,Neurology,II,Alzheimer's,Academic,7,14,10,12,1,0,0,PI-020,2,1,1,1,5,127,2.9,2023-07-06,2023-10-31,2026-06-10,2026-05-08,117,953,33,4,2023,Other,2023-02-23,2023-06-13,110,1,LEC,2023-04-09,2023-05-24,45,205,2,1,0,0,0,0,0,0,0,0,0,,0,1,1,0,1,0,200,0.646,31,0.98,adv_poster,Poster
SITE-00541,PROTO-A_ONCO,Spain,Europe,Oncology,III,NSCLC,Pharma,8,18,12,15,1,1,1,PI-027,19,6,5,1,6,49,2.6,2022-08-29,2023-01-07,2025-06-05,2025-04-26,131,880,40,1,2023,EMA,2022-05-01,2022-10-09,161,1,CEC,2022-06-06,2022-08-05,60,215,3,0,1,1,0,0,0,0,0,0,0,,1,1,2,1,0,1,650,0.545,33,1.12,adv_email,Email
SITE-00542,PROTO-B_CARDIO,Brazil,LATAM,Cardiology,II,Heart Failure,Biotech,5,9,8,10,0,1,1,PI-028,15,3,3,1,5,950,4.0,2023-09-12,2024-01-06,2027-10-02,2027-08-20,116,1365,43,1,2024,Other,2023-06-08,2023-09-30,114,1,LEC,2023-07-02,2023-08-10,39,188,0,0,1,0,1,0,0,0,0,1,0,,2,1,3,1,0,1,1750,0.432,400,8.79,adv_online,Online
SITE-00543,PROTO-B_CARDIO,Canada,North America,Cardiology,II,Heart Failure,Biotech,5,9,8,10,0,1,1,PI-022,6,6,2,1,4,1243,3.1,2021-07-26,2021-07-31,2024-08-12,2024-07-08,5,1108,35,3,2021,Other,2021-04-03,2021-05-31,58,0,IRB,2021-05-01,2021-06-04,34,91,2,1,1,1,0,1,0,0,0,1,0,,2,3,5,1,0,1,1550,0.448,400,10.83,adv_email,Email
SITE-00544,PROTO-B_CARDIO,USA,North America,Cardiology,II,Heart Failure,Biotech,5,9,8,10,0,1,1,PI-029,15,1,2,1,8,1194,1.7,2021-11-19,2021-11-30,2023-07-08,2023-05-12,11,585,57,4,2021,FDA,2021-06-14,2021-10-31,139,0,CEC,2021-08-01,2021-10-19,79,121,3,1,0,0,1,0,0,0,0,1,0,,2,1,3,1,0,1,1800,0.396,344,17.64,adv_online,Online
SITE-00545,PROTO-B_CARDIO,Japan,Asia,Cardiology,II,Heart Failure,Biotech,5,9,8,10,0,1,1,PI-019,3,5,1,1,3,729,3.4,2023-02-08,2023-04-02,2026-06-13,2026-06-17,53,1168,-4,2,2023,PMDA,2022-08-26,2022-12-22,118,1,CEC,2022-10-21,2022-12-28,68,163,3,0,1,1,1,1,1,0,0,0,0,,2,3,5,1,0,1,2950,0.48,400,10.27,adv_email,Email
SITE-00546,PROTO-C_NEURO,Australia,APAC,Neurology,II,Alzheimer's,Academic,7,14,10,12,1,0,0,PI-012,13,1,3,1,5,83,2.8,2022-04-15,2022-07-01,2024-11-21,2024-11-15,77,874,6,3,2022,Other,2021-09-20,2021-11-16,57,1,CEC,2021-11-07,2022-03-10,123,236,3,1,0,1,0,0,0,0,0,1,0,,2,1,3,1,0,1,1100,0.564,37,1.27,adv_community_presentation,Community
SITE-00547,PROTO-A_ONCO,USA,North America,Oncology,III,NSCLC,Pharma,8,18,12,15,1,1,1,PI-015,14,5,1,1,7,135,2.4,2022-07-09,2022-07-15,2024-11-06,2024-11-03,6,845,3,3,2022,FDA,2022-02-24,2022-05-31,96,0,IRB,2022-04-04,2022-06-02,59,102,2,0,1,0,1,0,0,0,0,0,0,,1,1,2,1,0,1,1350,0.551,50,1.78,adv_online,Online
SITE-00548,PROTO-C_NEURO,UK,Europe,Neurology,II,Alzheimer's,Academic,7,14,10,12,1,0,0,PI-008,23,2,2,1,4,69,3.5,2021-01-19,2021-03-27,2024-07-26,2024-08-11,67,1217,-16,1,2021,MHRA,2020-10-11,2021-01-05,86,1,LEC,2020-11-20,2020-12-16,26,127,3,1,0,0,0,0,0,0,1,0,0,,0,2,2,0,1,0,5200,0.643,50,1.23,adv_poster,Poster
SITE-00549,PROTO-B_CARDIO,Japan,Asia,Cardiology,II,Heart Failure,Biotech,5,9,8,10,0,1,1,PI-029,2,3,1,1,8,803,3.4,2022-07-07,2022-09-28,2025-12-21,2026-01-16,83,1180,-26,3,2022,PMDA,2022-04-13,2022-07-30,108,1,LEC,2022-05-03,2022-06-04,32,148,2,1,1,1,1,0,0,0,0,1,0,,3,2,5,1,0,1,2450,0.321,400,10.17,adv_email,Email
SITE-00550,PROTO-C_NEURO,UK,Europe,Neurology,II,Alzheimer's,Academic,7,14,10,12,1,0,0,PI-029,2,1,2,1,4,30,3.7,2021-10-03,2022-01-10,2025-05-26,2025-06-12,99,1232,-17,1,2022,MHRA,2021-05-01,2021-07-20,80,1,LEC,2021-06-26,2021-08-31,66,198,2,1,0,1,1,0,0,1,0,0,0,,2,2,4,1,0,1,3400,0.53,13,0.32,adv_email,Email
SITE-00551,PROTO-A_ONCO,Germany,Europe,Oncology,III,NSCLC,Pharma,8,18,12,15,1,1,1,PI-020,14,1,4,1,5,226,2.6,2021-07-28,2021-08-23,2023-11-14,2023-10-21,26,813,24,3,2021,EMA,2020-12-16,2021-03-07,81,1,CEC,2021-01-10,2021-05-07,117,225,4,1,0,1,1,0,0,0,0,1,0,,3,1,4,1,0,1,2300,0.598,108,3.99,adv_email,Email
SITE-00552,PROTO-C_NEURO,Japan,Asia,Neurology,II,Alzheimer's,Academic,7,14,10,12,1,0,0,PI-006,17,3,5,0,3,37,3.4,2023-04-13,2023-07-29,2026-08-12,2026-06-29,107,1110,44,3,2023,PMDA,2022-11-14,2023-04-03,140,1,LEC,2023-01-11,2023-03-19,67,199,3,0,1,0,0,0,0,0,0,0,0,,0,1,1,0,1,0,150,0.46,44,1.19,adv_pamphlet,Pamphlet
SITE-00553,PROTO-C_NEURO,Germany,Europe,Neurology,II,Alzheimer's,Academic,7,14,10,12,1,0,0,PI-009,11,7,5,1,2,111,1.4,2023-08-12,2023-08-16,2024-10-29,2024-09-16,4,440,43,3,2023,EMA,2023-01-15,2023-05-09,114,1,CEC,2023-03-13,2023-05-18,66,156,1,1,1,0,0,0,0,1,0,0,0,,0,3,3,0,1,0,1850,0.538,66,4.5,adv_poster,Poster
SITE-00554,PROTO-C_NEURO,Germany,Europe,Neurology,II,Alzheimer's,Academic,7,14,10,12,1,0,0,PI-005,11,5,3,1,3,87,1.6,2021-06-19,2021-08-22,2022-12-24,2022-12-23,64,489,1,3,2021,EMA,2020-12-07,2021-01-08,32,1,CEC,2021-01-18,2021-05-13,115,216,0,0,1,0,0,0,0,0,0,1,1,Patient registry outreach,2,1,3,1,0,0,1150,0.467,52,3.19,adv_community_presentation,Community
SITE-00555,PROTO-C_NEURO,Poland,Europe,Neurology,II,Alzheimer's,Academic,7,14,10,12,1,0,0,PI-010,3,2,2,1,5,81,2.3,2022-07-17,2022-10-26,2024-11-14,2024-11-03,101,750,11,4,2022,EMA,2022-03-31,2022-07-10,101,1,LEC,2022-04-18,2022-06-04,47,191,6,1,1,0,1,1,0,0,0,1,0,,2,3,5,1,0,1,2250,0.529,25,1.0,adv_community_presentation,Community
SITE-00556,PROTO-B_CARDIO,Spain,Europe,Cardiology,II,Heart Failure,Biotech,5,9,8,10,0,1,1,PI-014,5,2,1,1,1,912,1.5,2023-07-03,2023-10-24,2025-01-17,2025-01-06,113,451,11,4,2023,EMA,2023-04-18,2023-07-02,75,1,LEC,2023-04-30,2023-06-03,34,177,5,1,1,0,0,1,0,0,0,1,0,,1,3,4,1,0,0,1050,0.346,400,26.61,adv_community_presentation,Community
SITE-00557,PROTO-B_CARDIO,India,Asia,Cardiology,II,Heart Failure,Biotech,5,9,8,10,0,1,1,PI-023,6,5,3,1,6,1126,1.4,2021-07-05,2021-12-07,2023-02-06,2023-03-21,155,426,-43,4,2021,Other,2021-03-17,2021-08-29,165,1,LEC,2021-04-19,2021-06-09,51,232,2,0,1,1,0,0,0,0,0,1,0,,2,1,3,1,0,1,1050,0.432,400,28.17,adv_email,Email
SITE-00558,PROTO-C_NEURO,Germany,Europe,Neurology,II,Alzheimer's,Academic,7,14,10,12,1,0,0,PI-016,23,0,1,1,3,110,4.0,2021-04-24,2021-07-10,2025-03-28,2025-06-07,77,1357,-71,3,2021,EMA,2020-11-02,2021-03-10,128,1,CEC,2020-12-19,2021-03-11,82,203,3,1,0,1,1,0,0,0,1,1,0,,3,2,5,1,0,1,7300,0.526,148,3.27,adv_community_presentation,Community
SITE-00559,PROTO-A_ONCO,Poland,Europe,Oncology,III,NSCLC,Pharma,8,18,12,15,1,1,1,PI-004,8,3,4,0,5,178,3.7,2022-08-26,2022-12-12,2026-05-09,2026-02-26,108,1244,72,4,2022,EMA,2022-05-08,2022-08-17,101,1,LEC,2022-06-15,2022-07-30,45,180,3,1,1,0,0,1,0,0,0,1,0,,1,3,4,1,0,0,1050,0.637,64,1.54,adv_community_presentation,Community
SITE-00560,PROTO-C_NEURO,UK,Europe,Neurology,II,Alzheimer's,Academic,7,14,10,12,1,0,0,PI-027,7,1,3,1,1,69,1.5,2022-11-11,2022-12-07,2024-03-20,2024-02-28,26,469,21,4,2022,MHRA,2022-05-27,2022-09-17,113,1,CEC,2022-06-28,2022-08-19,52,162,0,1,1,0,0,0,0,1,0,1,0,,1,3,4,1,0,0,2250,0.522,42,2.69,adv_community_presentation,Community
SITE-00561,PROTO-B_CARDIO,Spain,Europe,Cardiology,II,Heart Failure,Biotech,5,9,8,10,0,1,1,PI-018,20,2,5,1,2,876,2.7,2022-07-30,2022-09-19,2025-03-08,2025-04-28,51,901,-51,3,2022,EMA,2022-03-31,2022-06-24,85,1,LEC,2022-05-13,2022-06-19,37,129,1,1,1,0,0,0,0,0,0,0,1,Patient registry outreach,1,2,3,1,0,0,950,0.382,400,13.32,adv_other,Other
SITE-00562,PROTO-C_NEURO,Poland,Europe,Neurology,II,Alzheimer's,Academic,7,14,10,12,1,0,0,PI-011,7,6,3,1,5,129,1.7,2022-11-25,2023-04-17,2024-10-30,2024-10-31,143,562,-1,2,2023,EMA,2022-08-30,2023-01-26,149,1,LEC,2022-09-19,2022-10-31,42,210,0,1,0,1,0,0,0,0,0,0,0,,1,1,2,1,0,1,700,0.485,65,3.47,adv_email,Email
SITE-00563,PROTO-C_NEURO,Poland,Europe,Neurology,II,Alzheimer's,Academic,7,14,10,12,1,0,0,PI-019,9,1,2,0,4,161,2.2,2021-10-08,2021-12-18,2023-10-28,2023-10-28,71,679,0,4,2021,EMA,2021-02-28,2021-05-23,84,1,CEC,2021-04-13,2021-08-28,137,249,6,1,1,0,0,0,1,0,0,1,0,,1,3,4,1,0,0,1550,0.618,62,2.74,adv_community_presentation,Community
SITE-00564,PROTO-A_ONCO,Germany,Europe,Oncology,III,NSCLC,Pharma,8,18,12,15,1,1,1,PI-025,23,3,4,0,7,177,3.4,2022-02-18,2022-04-16,2025-06-12,2025-05-14,57,1153,29,2,2022,EMA,2021-11-10,2021-12-25,45,1,LEC,2021-12-09,2022-01-08,30,128,4,1,0,1,1,0,0,0,0,0,0,,2,1,3,1,0,1,1900,0.57,88,2.29,adv_email,Email
SITE-00565,PROTO-A_ONCO,Japan,Asia,Oncology,III,NSCLC,Pharma,8,18,12,15,1,1,1,PI-006,2,2,1,1,3,207,1.1,2022-11-24,2022-12-01,2023-09-11,2023-08-04,7,284,38,4,2022,PMDA,2022-03-20,2022-08-13,146,1,CEC,2022-05-03,2022-08-29,118,212,5,1,0,0,0,0,0,0,0,0,0,,0,1,1,0,1,0,200,0.529,62,6.55,adv_poster,Poster
SITE-00566,PROTO-A_ONCO,Germany,Europe,Oncology,III,NSCLC,Pharma,8,18,12,15,1,1,1,PI-020,5,6,4,1,6,200,3.6,2021-01-17,2021-04-12,2024-07-16,2024-07-26,85,1191,-10,2,2021,EMA,2020-05-31,2020-08-16,77,1,CEC,2020-07-22,2020-11-29,130,264,1,1,0,0,1,0,0,0,0,0,1,Patient registry outreach,2,1,3,1,0,1,2000,0.528,95,2.39,adv_online,Online
SITE-00567,PROTO-C_NEURO,Poland,Europe,Neurology,II,Alzheimer's,Academic,7,14,10,12,1,0,0,PI-024,3,2,5,1,2,134,1.4,2021-11-02,2022-01-01,2023-02-16,2023-01-31,60,411,16,1,2022,EMA,2021-05-06,2021-09-06,123,1,CEC,2021-06-19,2021-08-15,57,196,1,1,1,1,1,0,0,0,0,1,0,,3,2,5,1,0,1,2450,0.512,75,5.47,adv_community_presentation,Community
SITE-00568,PROTO-A_ONCO,UK,Europe,Oncology,III,NSCLC,Pharma,8,18,12,15,1,1,1,PI-013,12,3,5,1,3,63,1.2,2023-01-25,2023-05-19,2024-04-23,2024-05-14,114,340,-21,2,2023,MHRA,2022-10-07,2023-01-03,88,1,LEC,2022-11-04,2022-12-22,48,196,3,1,1,0,1,0,0,0,0,0,0,,1,2,3,1,0,1,1550,0.535,24,2.12,adv_online,Online
SITE-00569,PROTO-C_NEURO,UK,Europe,Neurology,II,Alzheimer's,Academic,7,14,10,12,1,0,0,PI-019,15,2,1,1,1,137,1.3,2021-01-12,2021-06-24,2022-06-17,2022-04-24,163,358,54,2,2021,MHRA,2020-09-15,2021-02-08,146,1,LEC,2020-11-11,2020-12-21,40,225,2,1,1,0,1,0,1,1,0,0,0,,1,4,5,1,0,1,3850,0.536,84,7.04,adv_online,Online
SITE-00570,PROTO-A_ONCO,UK,Europe,Oncology,III,NSCLC,Pharma,8,18,12,15,1,1,1,PI-011,16,1,3,1,3,111,1.4,2023-03-31,2023-06-12,2024-06-15,2024-05-19,73,369,27,2,2023,MHRA,2022-08-13,2022-12-13,122,1,CEC,2022-09-26,2023-02-22,149,259,2,1,0,0,1,1,1,0,0,0,0,,1,3,4,1,0,1,2500,0.585,52,4.23,adv_online,Online
SITE-00571,PROTO-C_NEURO,Spain,Europe,Neurology,II,Alzheimer's,Academic,7,14,10,12,1,0,0,PI-018,21,3,5,1,3,88,3.0,2021-06-23,2021-09-15,2024-06-29,2024-05-04,84,1018,56,3,2021,EMA,2021-04-08,2021-05-14,36,1,LEC,2021-04-26,2021-06-08,43,142,4,1,1,0,1,0,0,0,0,1,0,,2,2,4,1,0,1,1950,0.557,90,2.65,adv_community_presentation,Community
SITE-00572,PROTO-C_NEURO,UK,Europe,Neurology,II,Alzheimer's,Academic,7,14,10,12,1,0,0,PI-029,12,4,3,1,2,90,3.1,2021-10-14,2021-12-22,2024-11-01,2024-12-21,69,1045,-50,4,2021,MHRA,2021-07-16,2021-08-23,38,1,LEC,2021-08-02,2021-09-14,43,142,3,1,0,0,0,0,0,0,0,0,0,,0,1,1,0,1,0,200,0.555,96,2.76,adv_poster,Poster
SITE-00573,PROTO-C_NEURO,USA,North America,Neurology,II,Alzheimer's,Academic,7,14,10,12,1,0,0,PI-021,24,5,5,1,1,131,3.4,2022-01-19,2022-01-14,2025-04-30,2025-05-17,-5,1202,-17,1,2022,FDA,2021-08-29,2021-11-10,73,0,IRB,2021-09-27,2021-11-24,58,109,4,1,1,1,1,0,0,0,0,0,1,Patient registry outreach,3,2,5,1,0,1,2650,0.57,271,6.76,adv_email,Email
SITE-00574,PROTO-B_CARDIO,Japan,Asia,Cardiology,II,Heart Failure,Biotech,5,9,8,10,0,1,1,PI-020,5,6,3,1,3,876,2.1,2021-06-02,2021-07-03,2023-05-26,2023-07-02,31,692,-37,3,2021,PMDA,2021-01-02,2021-03-25,82,1,CEC,2021-01-13,2021-04-03,80,171,0,1,1,0,0,1,0,0,0,0,0,,0,3,3,0,1,0,650,0.415,400,17.34,adv_newsletter,Newsletter
SITE-00575,PROTO-C_NEURO,USA,North America,Neurology,II,Alzheimer's,Academic,7,14,10,12,1,0,0,PI-002,6,1,4,1,4,82,3.8,2023-08-06,2023-08-07,2027-04-05,2027-03-27,1,1337,9,3,2023,FDA,2023-01-29,2023-03-18,48,0,IRB,2023-03-14,2023-06-19,97,146,3,1,1,1,1,1,0,0,0,0,0,,2,3,5,1,0,1,2350,0.5,59,1.32,adv_email,Email
SITE-00576,PROTO-B_CARDIO,Japan,Asia,Cardiology,II,Heart Failure,Biotech,5,9,8,10,0,1,1,PI-019,11,2,1,1,6,1058,1.4,2022-10-12,2023-01-23,2024-04-02,2024-05-24,103,435,-52,1,2023,PMDA,2022-07-10,2022-10-23,105,1,LEC,2022-08-05,2022-09-26,52,171,3,1,1,1,1,0,0,0,0,1,0,,3,2,5,1,0,1,2450,0.467,399,27.52,adv_email,Email
SITE-00577,PROTO-C_NEURO,Poland,Europe,Neurology,II,Alzheimer's,Academic,7,14,10,12,1,0,0,PI-018,19,3,1,1,4,111,2.7,2022-03-14,2022-08-11,2025-01-09,2025-01-25,150,882,-16,3,2022,EMA,2021-11-14,2022-04-05,142,1,LEC,2021-12-02,2022-01-30,59,252,2,0,1,1,1,0,0,0,0,0,0,,2,1,3,1,0,1,1850,0.437,120,4.08,adv_email,Email
SITE-00578,PROTO-C_NEURO,UK,Europe,Neurology,II,Alzheimer's,Academic,7,14,10,12,1,0,0,PI-027,13,3,5,1,3,20,3.7,2022-01-11,2022-04-22,2025-10-03,2025-08-19,101,1260,45,2,2022,MHRA,2021-10-02,2022-01-09,99,1,LEC,2021-10-26,2021-12-20,55,178,2,1,1,1,0,1,0,0,0,0,0,,1,3,4,1,0,1,1150,0.579,20,0.48,adv_email,Email
SITE-00579,PROTO-C_NEURO,Spain,Europe,Neurology,II,Alzheimer's,Academic,7,14,10,12,1,0,0,PI-015,23,3,5,1,6,147,2.2,2021-12-05,2022-04-23,2024-03-31,2024-04-05,139,708,-5,2,2022,EMA,2021-08-29,2022-01-09,133,1,LEC,2021-10-03,2021-11-21,49,202,2,1,0,1,1,0,0,0,0,1,0,,3,1,4,1,0,1,2300,0.559,89,3.77,adv_community_presentation,Community
SITE-00580,PROTO-A_ONCO,USA,North America,Oncology,III,NSCLC,Pharma,8,18,12,15,1,1,1,PI-015,11,2,3,1,7,212,3.2,2021-01-16,2021-03-20,2024-05-10,2024-05-28,63,1147,-18,1,2021,FDA,2020-10-05,2021-01-30,117,0,IRB,2020-11-16,2020-12-24,38,124,1,1,1,0,0,0,0,0,0,1,0,,1,2,3,1,0,0,750,0.635,60,1.57,adv_community_presentation,Community
SITE-00581,PROTO-C_NEURO,USA,North America,Neurology,II,Alzheimer's,Academic,7,14,10,12,1,0,0,PI-023,17,2,3,1,6,106,2.6,2022-02-10,2022-02-23,2024-08-23,2024-07-31,13,912,23,1,2022,FDA,2021-07-21,2022-01-11,174,0,IRB,2021-09-16,2021-12-16,91,160,1,1,0,1,1,0,1,0,0,0,0,,2,2,4,1,0,1,2700,0.615,49,1.61,adv_email,Email
SITE-00582,PROTO-B_CARDIO,USA,North America,Cardiology,II,Heart Failure,Biotech,5,9,8,10,0,1,1,PI-003,17,3,2,1,3,762,2.8,2022-06-13,2022-08-14,2025-02-20,2025-03-03,62,921,-11,3,2022,FDA,2021-11-23,2022-05-08,166,0,CEC,2022-01-02,2022-05-21,139,224,6,1,1,0,1,0,0,0,1,0,1,Patient registry outreach,2,3,5,1,0,1,7150,0.391,400,13.03,adv_online,Online
SITE-00583,PROTO-C_NEURO,India,Asia,Neurology,II,Alzheimer's,Academic,7,14,10,12,1,0,0,PI-007,4,3,1,1,4,27,4.0,2022-09-29,2022-11-22,2026-07-20,2026-08-02,54,1336,-13,4,2022,Other,2022-01-08,2022-06-04,147,1,CEC,2022-03-05,2022-07-29,146,262,3,1,1,1,0,0,1,1,0,0,0,,1,4,5,1,0,1,3150,0.638,17,0.38,adv_email,Email
SITE-00584,PROTO-A_ONCO,Japan,Asia,Oncology,III,NSCLC,Pharma,8,18,12,15,1,1,1,PI-012,13,2,4,1,4,109,2.5,2022-06-26,2022-06-23,2024-10-05,2024-09-10,-3,835,25,2,2022,PMDA,2022-01-05,2022-04-07,92,1,CEC,2022-02-12,2022-04-01,48,131,0,1,0,0,0,0,1,0,0,0,0,,0,2,2,0,1,0,1000,0.584,62,2.23,adv_poster,Poster
SITE-00585,PROTO-A_ONCO,Australia,APAC,Oncology,III,NSCLC,Pharma,8,18,12,15,1,1,1,PI-025,13,0,5,1,6,76,1.6,2022-07-15,2022-08-21,2024-02-03,2024-03-08,37,531,-34,3,2022,Other,2022-03-29,2022-05-30,62,1,LEC,2022-05-20,2022-06-21,32,93,1,0,0,1,1,0,0,0,0,0,0,,2,0,2,1,0,1,1700,0.582,22,1.24,adv_email,Email
SITE-00586,PROTO-A_ONCO,India,Asia,Oncology,III,NSCLC,Pharma,8,18,12,15,1,1,1,PI-020,12,2,3,0,5,99,2.9,2021-02-15,2021-02-13,2023-10-16,2023-10-15,-2,975,1,1,2021,Other,2020-07-23,2020-12-24,154,1,CEC,2020-08-14,2021-01-01,140,183,1,1,0,0,0,0,1,0,0,1,0,,1,2,3,1,0,0,1400,0.538,50,1.54,adv_community_presentation,Community
SITE-00587,PROTO-B_CARDIO,Germany,Europe,Cardiology,II,Heart Failure,Biotech,5,9,8,10,0,1,1,PI-007,19,4,5,1,7,1012,1.3,2021-05-30,2021-06-23,2022-06-08,2022-04-17,24,350,52,2,2021,EMA,2020-10-04,2021-03-09,156,1,CEC,2020-11-19,2021-03-28,129,216,0,0,1,1,1,1,0,1,0,0,0,,2,3,5,1,0,1,3650,0.31,400,34.29,adv_email,Email
SITE-00588,PROTO-C_NEURO,Germany,Europe,Neurology,II,Alzheimer's,Academic,7,14,10,12,1,0,0,PI-013,4,6,3,1,5,92,3.4,2023-07-30,2023-11-09,2027-01-20,2026-12-04,102,1168,47,4,2023,EMA,2023-05-23,2023-07-17,55,1,LEC,2023-06-03,2023-07-15,42,159,2,1,1,1,0,0,0,0,0,1,0,,2,2,4,1,0,1,1250,0.626,45,1.16,adv_community_presentation,Community
SITE-00589,PROTO-B_CARDIO,UK,Europe,Cardiology,II,Heart Failure,Biotech,5,9,8,10,0,1,1,PI-003,8,3,4,0,6,1272,1.4,2022-11-29,2022-12-28,2024-02-24,2024-03-18,29,423,-23,4,2022,MHRA,2022-04-09,2022-09-27,171,1,CEC,2022-05-23,2022-09-02,102,219,3,1,1,1,1,0,0,0,0,1,0,,3,2,5,1,0,1,2450,0.351,400,28.37,adv_email,Email
SITE-00590,PROTO-A_ONCO,UK,Europe,Oncology,III,NSCLC,Pharma,8,18,12,15,1,1,1,PI-015,12,0,4,1,5,92,1.2,2021-03-12,2021-08-20,2022-07-11,2022-06-27,161,325,14,3,2021,MHRA,2020-12-08,2021-04-24,137,1,LEC,2020-12-18,2021-01-27,40,245,2,1,0,0,0,0,0,0,0,0,0,,0,1,1,0,1,0,200,0.566,21,1.94,adv_poster,Poster
SITE-00591,PROTO-C_NEURO,UK,Europe,Neurology,II,Alzheimer's,Academic,7,14,10,12,1,0,0,PI-008,13,4,2,1,1,104,1.8,2022-04-28,2022-10-07,2024-04-22,2024-03-25,162,563,28,4,2022,MHRA,2022-01-22,2022-04-30,98,1,LEC,2022-03-03,2022-04-03,31,218,1,0,1,1,1,0,1,0,0,1,0,,3,2,5,1,0,1,3050,0.56,98,5.22,adv_community_presentation,Community
SITE-00592,PROTO-C_NEURO,Germany,Europe,Neurology,II,Alzheimer's,Academic,7,14,10,12,1,0,0,PI-009,18,4,5,1,3,174,2.2,2022-04-24,2022-07-09,2024-06-18,2024-06-17,76,710,1,3,2022,EMA,2021-12-06,2022-03-20,104,1,CEC,2021-12-17,2022-03-21,94,204,0,1,1,0,0,1,1,0,0,0,0,,0,4,4,0,1,0,1450,0.536,180,7.61,adv_newsletter,Newsletter
SITE-00593,PROTO-A_ONCO,Canada,North America,Oncology,III,NSCLC,Pharma,8,18,12,15,1,1,1,PI-022,11,4,2,1,5,163,3.6,2023-09-12,2023-10-31,2027-04-28,2027-04-07,49,1275,21,4,2023,Other,2023-05-06,2023-10-26,173,0,IRB,2023-06-04,2023-08-08,65,149,2,1,0,1,0,0,0,0,0,0,0,,1,1,2,1,0,1,700,0.619,83,1.95,adv_email,Email
SITE-00594,PROTO-B_CARDIO,USA,North America,Cardiology,II,Heart Failure,Biotech,5,9,8,10,0,1,1,PI-021,19,4,4,1,2,1269,2.4,2022-10-02,2022-09-24,2025-01-15,2024-12-26,-8,844,20,3,2022,FDA,2022-05-22,2022-07-22,61,0,CEC,2022-06-23,2022-09-09,78,93,2,1,1,0,1,0,0,0,0,0,0,,1,2,3,1,0,1,1550,0.368,400,14.22,adv_online,Online
SITE-00595,PROTO-B_CARDIO,USA,North America,Cardiology,II,Heart Failure,Biotech,5,9,8,10,0,1,1,PI-011,10,1,1,1,4,863,3.1,2021-07-22,2021-09-01,2024-09-01,2024-08-04,41,1096,28,3,2021,FDA,2021-05-05,2021-07-18,74,0,IRB,2021-05-16,2021-06-28,43,108,3,0,1,1,1,0,0,0,0,0,0,,2,1,3,1,0,1,1850,0.407,400,10.95,adv_email,Email
SITE-00596,PROTO-A_ONCO,Australia,APAC,Oncology,III,NSCLC,Pharma,8,18,12,15,1,1,1,PI-020,21,4,4,1,6,158,2.0,2023-01-27,2023-02-12,2024-10-22,2024-11-09,16,618,-18,1,2023,Other,2022-06-08,2022-11-16,161,1,CEC,2022-07-03,2022-11-02,122,224,4,1,1,1,0,1,1,0,0,0,0,,1,4,5,1,0,1,1950,0.501,81,3.93,adv_email,Email
SITE-00597,PROTO-C_NEURO,Germany,Europe,Neurology,II,Alzheimer's,Academic,7,14,10,12,1,0,0,PI-006,9,4,5,1,4,27,2.6,2022-04-11,2022-09-02,2025-01-03,2024-12-17,144,854,17,3,2022,EMA,2021-12-11,2022-06-08,179,1,LEC,2022-01-05,2022-03-07,61,240,0,1,1,1,1,0,1,0,0,0,0,,2,3,5,1,0,1,2850,0.486,22,0.77,adv_email,Email
SITE-00598,PROTO-A_ONCO,Brazil,LATAM,Oncology,III,NSCLC,Pharma,8,18,12,15,1,1,1,PI-015,18,3,1,1,2,175,1.3,2023-05-02,2023-10-10,2024-10-03,2024-07-31,161,359,64,4,2023,Other,2023-01-25,2023-05-30,125,1,LEC,2023-03-24,2023-04-15,22,200,4,1,1,0,0,1,0,0,0,0,0,,0,3,3,0,1,0,650,0.603,76,6.35,adv_newsletter,Newsletter
SITE-00599,PROTO-B_CARDIO,Australia,APAC,Cardiology,II,Heart Failure,Biotech,5,9,8,10,0,1,1,PI-004,2,3,5,1,5,1232,1.2,2022-08-15,2023-01-03,2023-12-06,2023-11-30,141,337,6,1,2023,Other,2022-04-13,2022-09-10,150,1,LEC,2022-05-20,2022-07-13,54,228,3,0,0,0,0,1,0,0,0,1,0,,1,1,2,1,0,0,700,0.362,400,35.61,adv_community_presentation,Community
SITE-00600,PROTO-B_CARDIO,Poland,Europe,Cardiology,II,Heart Failure,Biotech,5,9,8,10,0,1,1,PI-022,23,2,5,1,3,1003,1.6,2021-10-14,2021-12-20,2023-03-26,2023-03-30,67,461,-4,4,2021,EMA,2021-04-08,2021-08-21,135,1,CEC,2021-05-13,2021-07-31,79,221,4,1,1,0,1,0,1,0,0,0,0,,1,3,4,1,0,1,2350,0.353,400,26.03,adv_online,Online
SITE-00601,PROTO-A_ONCO,UK,Europe,Oncology,III,NSCLC,Pharma,8,18,12,15,1,1,1,PI-025,12,4,4,1,2,106,2.0,2021-01-01,2021-05-17,2023-01-28,2022-12-07,136,621,52,2,2021,MHRA,2020-09-21,2021-01-10,111,1,LEC,2020-10-14,2020-11-21,38,215,2,1,1,0,0,0,0,1,0,0,0,,0,3,3,0,1,0,1850,0.569,74,3.57,adv_poster,Poster
SITE-00602,PROTO-B_CARDIO,Brazil,LATAM,Cardiology,II,Heart Failure,Biotech,5,9,8,10,0,1,1,PI-029,21,7,4,1,3,1020,1.9,2023-02-12,2023-05-14,2025-02-03,2025-02-22,91,631,-19,2,2023,Other,2022-10-18,2023-02-23,128,1,LEC,2022-12-13,2023-01-05,23,152,1,1,1,0,1,0,0,0,0,0,1,Patient registry outreach,2,2,4,1,0,1,2150,0.459,400,19.02,adv_online,Online
SITE-00603,PROTO-A_ONCO,Germany,Europe,Oncology,III,NSCLC,Pharma,8,18,12,15,1,1,1,PI-019,11,1,5,1,4,186,2.7,2021-05-17,2021-06-17,2023-11-25,2023-11-15,31,891,10,2,2021,EMA,2020-10-06,2021-01-27,113,1,CEC,2020-10-25,2021-03-06,132,235,1,1,1,0,0,0,0,0,0,1,1,Patient registry outreach,2,2,4,1,0,0,1350,0.55,103,3.47,adv_community_presentation,Community
SITE-00604,PROTO-A_ONCO,UK,Europe,Oncology,III,NSCLC,Pharma,8,18,12,15,1,1,1,PI-016,7,3,3,1,7,259,3.3,2022-04-09,2022-08-08,2025-06-26,2025-05-18,121,1053,39,3,2022,MHRA,2021-12-15,2022-01-16,32,1,LEC,2022-01-10,2022-03-20,69,210,5,1,1,0,0,1,0,0,1,0,1,Patient registry outreach,1,4,5,1,0,0,6250,0.58,90,2.56,adv_other,Other
SITE-00605,PROTO-B_CARDIO,Japan,Asia,Cardiology,II,Heart Failure,Biotech,5,9,8,10,0,1,1,PI-021,2,1,5,1,2,951,2.3,2022-08-17,2022-12-07,2024-11-17,2024-12-16,112,711,-29,4,2022,PMDA,2022-03-09,2022-07-31,144,1,CEC,2022-03-27,2022-07-09,104,255,1,1,1,1,0,0,0,0,0,1,0,,2,2,4,1,0,1,1250,0.485,400,16.88,adv_email,Email
SITE-00606,PROTO-C_NEURO,Japan,Asia,Neurology,II,Alzheimer's,Academic,7,14,10,12,1,0,0,PI-028,16,4,2,1,4,135,2.9,2022-12-14,2022-12-18,2025-08-09,2025-10-23,4,965,-75,4,2022,PMDA,2022-03-22,2022-08-24,155,1,CEC,2022-05-09,2022-09-19,133,223,2,1,0,1,1,1,0,1,1,0,0,,2,4,6,1,0,1,8700,0.529,111,3.45,adv_email,Email
SITE-00607,PROTO-C_NEURO,Brazil,LATAM,Neurology,II,Alzheimer's,Academic,7,14,10,12,1,0,0,PI-015,16,4,4,1,3,126,1.7,2023-09-23,2023-12-02,2025-06-10,2025-05-22,70,556,19,4,2023,Other,2023-06-11,2023-07-12,31,1,LEC,2023-06-23,2023-08-30,68,162,2,1,0,1,0,0,0,0,0,0,0,,1,1,2,1,0,1,700,0.544,69,3.72,adv_email,Email
SITE-00608,PROTO-B_CARDIO,Japan,Asia,Cardiology,II,Heart Failure,Biotech,5,9,8,10,0,1,1,PI-027,16,3,5,0,6,960,1.1,2023-01-24,2023-04-22,2024-01-02,2024-02-07,88,255,-36,2,2023,PMDA,2022-06-11,2022-11-27,169,1,CEC,2022-08-06,2022-12-07,123,259,2,1,1,0,1,0,0,0,0,0,0,,1,2,3,1,0,1,1550,0.41,371,43.65,adv_online,Online
SITE-00609,PROTO-A_ONCO,Japan,Asia,Oncology,III,NSCLC,Pharma,8,18,12,15,1,1,1,PI-014,3,1,1,1,5,322,1.1,2022-04-24,2022-06-29,2023-04-20,2023-04-16,66,295,4,2,2022,PMDA,2021-10-31,2022-02-19,111,1,CEC,2021-11-16,2022-04-02,137,225,4,1,1,0,0,0,0,0,0,0,0,,0,2,2,0,1,0,350,0.603,35,3.56,adv_poster,Poster
SITE-00610,PROTO-B_CARDIO,Spain,Europe,Cardiology,II,Heart Failure,Biotech,5,9,8,10,0,1,1,PI-016,24,3,1,1,3,1142,1.4,2023-02-07,2023-08-06,2024-10-20,2024-12-01,180,441,-42,3,2023,EMA,2022-11-14,2023-04-10,147,1,LEC,2022-12-07,2022-12-30,23,242,1,1,0,1,0,1,1,0,1,1,1,Patient registry outreach,3,4,7,1,0,1,7800,0.406,400,27.21,adv_email,Email
SITE-00611,PROTO-C_NEURO,Australia,APAC,Neurology,II,Alzheimer's,Academic,7,14,10,12,1,0,0,PI-020,10,5,5,0,8,97,3.9,2023-09-25,2023-12-24,2027-07-12,2027-07-24,90,1296,-12,4,2023,Other,2023-05-16,2023-07-16,61,1,LEC,2023-06-27,2023-08-25,59,180,4,1,1,0,1,0,0,0,0,0,0,,1,2,3,1,0,1,1550,0.603,41,0.95,adv_online,Online
SITE-00612,PROTO-C_NEURO,USA,North America,Neurology,II,Alzheimer's,Academic,7,14,10,12,1,0,0,PI-005,13,3,4,1,2,93,3.3,2022-02-11,2022-06-16,2025-08-29,2025-08-05,125,1170,24,2,2022,FDA,2021-11-07,2022-05-03,177,0,IRB,2021-11-21,2022-01-26,66,207,3,0,1,0,0,0,1,0,0,1,0,,1,2,3,1,0,0,1350,0.508,127,3.26,adv_community_presentation,Community
SITE-00613,PROTO-B_CARDIO,USA,North America,Cardiology,II,Heart Failure,Biotech,5,9,8,10,0,1,1,PI-009,3,5,5,1,3,833,2.0,2022-12-03,2022-12-26,2024-11-13,2024-11-05,23,688,8,4,2022,FDA,2022-08-06,2022-09-24,49,0,IRB,2022-08-18,2022-11-18,92,130,3,1,1,0,1,0,0,0,0,0,0,,1,2,3,1,0,1,1550,0.467,400,17.44,adv_online,Online
SITE-00614,PROTO-A_ONCO,Brazil,LATAM,Oncology,III,NSCLC,Pharma,8,18,12,15,1,1,1,PI-010,20,5,4,1,4,153,4.0,2021-09-18,2021-12-30,2025-11-17,2025-11-11,103,1418,6,4,2021,Other,2021-07-08,2021-11-08,123,1,LEC,2021-07-20,2021-08-13,24,163,1,1,1,0,0,0,0,0,0,0,0,,0,2,2,0,1,0,350,0.558,153,3.24,adv_poster,Poster
SITE-00615,PROTO-C_NEURO,Germany,Europe,Neurology,II,Alzheimer's,Academic,7,14,10,12,1,0,0,PI-012,5,2,3,1,3,148,3.4,2021-02-08,2021-05-13,2024-05-10,2024-05-06,94,1093,4,2,2021,EMA,2020-07-02,2020-10-09,99,1,CEC,2020-08-26,2020-12-28,124,260,4,1,0,0,0,0,0,0,0,0,0,,0,1,1,0,1,0,200,0.528,89,2.44,adv_poster,Poster
SITE-00616,PROTO-B_CARDIO,Brazil,LATAM,Cardiology,II,Heart Failure,Biotech,5,9,8,10,0,1,1,PI-024,4,3,3,1,3,831,1.4,2022-12-15,2023-02-14,2024-04-06,2024-04-23,61,417,-17,1,2023,Other,2022-06-30,2022-11-11,134,1,CEC,2022-08-17,2022-11-17,92,181,1,1,1,1,1,0,0,0,0,0,0,,2,2,4,1,0,1,2050,0.406,400,28.78,adv_email,Email
SITE-00617,PROTO-C_NEURO,Brazil,LATAM,Neurology,II,Alzheimer's,Academic,7,14,10,12,1,0,0,PI-029,3,0,1,1,7,92,3.4,2021-03-14,2021-03-28,2024-05-27,2024-04-29,14,1156,28,1,2021,Other,2020-07-31,2020-12-02,124,1,CEC,2020-09-22,2021-02-08,139,187,0,1,1,1,1,0,0,0,0,0,1,Patient registry outreach,3,2,5,1,0,1,2650,0.619,22,0.57,adv_email,Email
SITE-00618,PROTO-C_NEURO,Germany,Europe,Neurology,II,Alzheimer's,Academic,7,14,10,12,1,0,0,PI-025,11,1,4,1,5,95,3.5,2022-06-09,2022-11-03,2026-01-08,2025-12-26,147,1162,13,4,2022,EMA,2021-12-13,2022-05-18,156,1,CEC,2022-02-04,2022-03-29,53,272,3,1,1,0,0,0,1,0,0,0,0,,0,3,3,0,1,0,1150,0.528,47,1.21,adv_poster,Poster
SITE-00619,PROTO-B_CARDIO,Japan,Asia,Cardiology,II,Heart Failure,Biotech,5,9,8,10,0,1,1,PI-007,6,3,3,1,2,1110,3.0,2022-09-24,2023-02-17,2025-10-21,2025-10-02,146,977,19,1,2023,PMDA,2022-05-06,2022-10-05,152,1,CEC,2022-06-26,2022-09-04,70,236,1,1,0,1,0,0,1,0,0,0,0,,1,2,3,1,0,1,1500,0.458,400,12.28,adv_email,Email
SITE-00620,PROTO-B_CARDIO,USA,North America,Cardiology,II,Heart Failure,Biotech,5,9,8,10,0,1,1,PI-025,9,4,4,0,1,999,2.3,2021-10-07,2021-10-13,2024-01-03,2024-01-04,6,812,-1,4,2021,FDA,2021-05-08,2021-10-01,146,0,IRB,2021-06-16,2021-08-12,57,119,1,1,1,0,0,1,0,1,0,0,0,,0,4,4,0,1,0,2150,0.458,400,14.78,adv_newsletter,Newsletter
SITE-00621,PROTO-C_NEURO,Poland,Europe,Neurology,II,Alzheimer's,Academic,7,14,10,12,1,0,0,PI-003,4,5,5,1,7,122,2.9,2021-02-18,2021-04-18,2024-01-18,2024-02-13,59,1005,-26,2,2021,EMA,2020-11-11,2020-12-17,36,1,LEC,2020-12-08,2021-01-11,34,131,0,0,0,0,0,0,0,0,0,0,0,,0,0,0,0,0,0,0,0.559,26,0.78,none,None
SITE-00622,PROTO-B_CARDIO,Canada,North America,Cardiology,II,Heart Failure,Biotech,5,9,8,10,0,1,1,PI-008,19,2,4,1,2,1226,3.7,2021-07-06,2021-07-13,2025-02-24,2025-04-24,7,1322,-59,3,2021,Other,2021-01-17,2021-03-17,59,0,IRB,2021-03-07,2021-05-11,65,128,1,0,0,1,1,1,0,1,0,0,0,,2,2,4,1,0,1,3500,0.52,400,9.08,adv_email,Email
SITE-00623,PROTO-A_ONCO,Spain,Europe,Oncology,III,NSCLC,Pharma,8,18,12,15,1,1,1,PI-027,18,1,3,1,1,132,2.2,2021-03-31,2021-07-26,2023-07-27,2023-08-01,117,731,-5,3,2021,EMA,2021-01-04,2021-05-04,120,1,LEC,2021-01-21,2021-03-08,46,186,4,1,1,0,0,0,0,1,0,1,0,,1,3,4,1,0,0,2250,0.601,84,3.45,adv_community_presentation,Community
SITE-00624,PROTO-A_ONCO,Poland,Europe,Oncology,III,NSCLC,Pharma,8,18,12,15,1,1,1,PI-018,22,1,1,1,2,187,2.5,2023-05-05,2023-09-17,2025-12-18,2026-01-26,135,823,-39,3,2023,EMA,2023-01-13,2023-06-28,166,1,LEC,2023-02-19,2023-04-08,48,210,1,1,1,0,0,0,0,0,0,0,0,,0,2,2,0,1,0,350,0.628,136,4.96,adv_poster,Poster
SITE-00625,PROTO-B_CARDIO,Germany,Europe,Cardiology,II,Heart Failure,Biotech,5,9,8,10,0,1,1,PI-004,9,3,5,1,3,1048,1.7,2022-02-06,2022-05-25,2023-10-15,2023-09-29,108,508,16,2,2022,EMA,2021-09-27,2022-01-05,100,1,CEC,2021-11-12,2022-01-13,62,194,1,1,1,1,1,0,0,0,0,0,0,,2,2,4,1,0,1,2050,0.371,400,23.62,adv_email,Email
SITE-00626,PROTO-A_ONCO,India,Asia,Oncology,III,NSCLC,Pharma,8,18,12,15,1,1,1,PI-024,9,2,5,1,2,24,1.6,2023-09-17,2023-11-30,2025-05-10,2025-04-29,74,527,11,4,2023,Other,2023-05-25,2023-09-21,119,1,LEC,2023-06-15,2023-08-17,63,168,1,0,0,1,1,1,0,0,0,0,0,,2,1,3,1,0,1,2000,0.648,9,0.51,adv_email,Email
SITE-00627,PROTO-A_ONCO,Brazil,LATAM,Oncology,III,NSCLC,Pharma,8,18,12,15,1,1,1,PI-003,10,4,3,1,4,83,1.9,2023-01-29,2023-04-19,2024-12-24,2025-01-09,80,615,-16,2,2023,Other,2022-09-09,2022-10-09,30,1,LEC,2022-10-24,2022-12-30,67,177,0,0,0,0,1,0,0,0,0,0,0,,1,0,1,1,0,1,1200,0.543,40,1.95,adv_online,Online
SITE-00628,PROTO-B_CARDIO,Poland,Europe,Cardiology,II,Heart Failure,Biotech,5,9,8,10,0,1,1,PI-029,6,2,1,1,5,813,2.6,2021-04-23,2021-07-04,2023-09-18,2023-10-23,72,806,-35,3,2021,EMA,2020-09-16,2021-02-27,164,1,CEC,2020-11-07,2021-03-19,132,239,3,0,0,1,1,0,0,0,0,0,1,Patient registry outreach,3,0,3,1,0,1,2300,0.36,400,14.89,adv_email,Email
SITE-00629,PROTO-A_ONCO,Germany,Europe,Oncology,III,NSCLC,Pharma,8,18,12,15,1,1,1,PI-022,21,3,2,1,8,73,3.3,2023-07-13,2023-07-25,2026-08-12,2026-08-07,12,1114,5,3,2023,EMA,2022-11-26,2023-02-26,92,1,CEC,2023-01-15,2023-05-13,118,191,0,1,0,0,0,1,0,1,0,0,1,Patient registry outreach,1,3,4,1,0,0,2600,0.509,41,1.1,adv_other,Other
SITE-00630,PROTO-B_CARDIO,India,Asia,Cardiology,II,Heart Failure,Biotech,5,9,8,10,0,1,1,PI-020,11,1,2,1,5,1220,2.1,2023-04-30,2023-07-15,2025-06-10,2025-05-15,76,696,26,3,2023,Other,2023-01-30,2023-04-15,75,1,LEC,2023-02-14,2023-03-19,33,151,2,1,1,1,1,1,0,0,0,0,0,,2,3,5,1,0,1,2350,0.504,400,17.24,adv_email,Email
SITE-00631,PROTO-B_CARDIO,USA,North America,Cardiology,II,Heart Failure,Biotech,5,9,8,10,0,1,1,PI-016,2,3,2,1,4,914,1.0,2022-11-01,2023-03-24,2024-03-03,2024-02-14,143,345,18,1,2023,FDA,2022-07-24,2023-01-17,177,0,IRB,2022-08-22,2022-10-05,44,214,2,1,1,0,0,0,0,0,0,1,0,,1,2,3,1,0,0,750,0.352,400,34.78,adv_community_presentation,Community
SITE-00632,PROTO-C_NEURO,Germany,Europe,Neurology,II,Alzheimer's,Academic,7,14,10,12,1,0,0,PI-024,10,1,3,1,4,80,3.9,2022-01-06,2022-03-06,2025-09-29,2025-08-23,59,1303,37,1,2022,EMA,2021-05-28,2021-08-28,92,1,CEC,2021-06-27,2021-11-10,136,252,1,1,1,0,0,0,0,0,0,0,0,,0,2,2,0,1,0,350,0.568,58,1.34,adv_poster,Poster
SITE-00633,PROTO-C_NEURO,USA,North America,Neurology,II,Alzheimer's,Academic,7,14,10,12,1,0,0,PI-007,10,3,4,1,5,142,3.2,2023-05-18,2023-07-06,2026-08-17,2026-10-23,49,1138,-67,3,2023,FDA,2023-02-05,2023-06-06,121,0,CEC,2023-02-16,2023-04-20,63,140,3,0,0,1,0,1,0,0,1,1,1,Patient registry outreach,3,2,5,1,0,1,6800,0.46,148,3.9,adv_community_presentation,Community
SITE-00634,PROTO-C_NEURO,Germany,Europe,Neurology,II,Alzheimer's,Academic,7,14,10,12,1,0,0,PI-015,13,3,5,1,1,96,1.5,2023-07-06,2023-07-21,2024-10-09,2024-11-04,15,446,-26,3,2023,EMA,2022-12-08,2023-04-11,124,1,CEC,2022-12-18,2023-05-04,137,215,0,0,1,1,1,0,0,0,0,0,0,,2,1,3,1,0,1,1850,0.577,87,5.85,adv_email,Email
SITE-00635,PROTO-A_ONCO,Japan,Asia,Oncology,III,NSCLC,Pharma,8,18,12,15,1,1,1,PI-006,3,2,1,1,4,129,2.6,2021-02-21,2021-05-22,2023-10-24,2023-09-30,90,885,24,2,2021,PMDA,2020-09-13,2021-02-25,165,1,CEC,2020-10-28,2021-01-26,90,206,0,1,0,1,0,1,0,0,0,0,1,Patient registry outreach,2,2,4,1,0,1,1600,0.61,54,1.83,adv_email,Email
SITE-00636,PROTO-A_ONCO,Japan,Asia,Oncology,III,NSCLC,Pharma,8,18,12,15,1,1,1,PI-027,9,1,2,1,3,141,3.1,2022-02-23,2022-03-27,2025-02-12,2025-02-09,32,1053,3,1,2022,PMDA,2021-11-17,2022-01-05,49,1,LEC,2021-12-11,2022-01-15,35,106,2,1,1,0,0,1,0,0,0,0,0,,0,3,3,0,1,0,650,0.531,91,2.59,adv_newsletter,Newsletter
SITE-00637,PROTO-C_NEURO,Japan,Asia,Neurology,II,Alzheimer's,Academic,7,14,10,12,1,0,0,PI-024,14,1,3,1,2,20,3.8,2021-10-29,2022-01-10,2025-06-16,2025-05-25,73,1253,22,1,2022,PMDA,2021-05-19,2021-09-19,123,1,CEC,2021-06-18,2021-08-28,71,206,3,0,1,0,0,1,0,0,0,0,0,,0,2,2,0,1,0,450,0.539,24,0.57,adv_newsletter,Newsletter
SITE-00638,PROTO-C_NEURO,Germany,Europe,Neurology,II,Alzheimer's,Academic,7,14,10,12,1,0,0,PI-017,5,2,3,1,4,136,3.7,2021-04-04,2021-07-05,2024-11-10,2024-09-22,92,1224,49,3,2021,EMA,2020-11-09,2021-03-29,140,1,CEC,2020-12-02,2021-02-22,82,215,3,1,0,0,0,1,0,0,0,1,0,,1,2,3,1,0,0,900,0.601,86,2.11,adv_community_presentation,Community
SITE-00639,PROTO-A_ONCO,Spain,Europe,Oncology,III,NSCLC,Pharma,8,18,12,15,1,1,1,PI-026,22,6,5,1,5,166,3.0,2021-10-07,2022-01-06,2024-10-29,2024-10-08,91,1027,21,1,2022,EMA,2021-08-03,2021-10-26,84,1,LEC,2021-08-26,2021-09-21,26,133,2,1,0,0,1,0,0,0,0,0,0,,1,1,2,1,0,1,1400,0.59,117,3.42,adv_online,Online
SITE-00640,PROTO-C_NEURO,Spain,Europe,Neurology,II,Alzheimer's,Academic,7,14,10,12,1,0,0,PI-019,4,1,2,1,4,59,2.2,2022-12-15,2023-01-14,2024-12-25,2025-01-09,30,711,-15,1,2023,EMA,2022-05-12,2022-09-16,127,1,CEC,2022-06-16,2022-10-19,125,212,3,1,0,0,0,0,0,0,0,0,0,,0,1,1,0,1,0,200,0.61,20,0.84,adv_poster,Poster
SITE-00641,PROTO-A_ONCO,USA,North America,Oncology,III,NSCLC,Pharma,8,18,12,15,1,1,1,PI-014,4,5,4,1,6,134,2.8,2022-10-21,2022-08-30,2025-05-18,2025-06-17,-52,992,-30,3,2022,FDA,2022-05-10,2022-08-19,101,0,IRB,2022-06-03,2022-08-30,88,88,0,1,1,0,1,0,0,0,0,1,0,,2,2,4,1,0,1,1950,0.548,49,1.48,adv_community_presentation,Community
SITE-00642,PROTO-B_CARDIO,Spain,Europe,Cardiology,II,Heart Failure,Biotech,5,9,8,10,0,1,1,PI-019,6,0,5,1,3,979,2.9,2022-02-24,2022-04-01,2024-11-01,2024-09-30,36,945,32,2,2022,EMA,2021-07-13,2021-11-08,118,1,CEC,2021-07-25,2021-12-19,147,250,1,0,0,1,1,0,0,0,0,0,0,,2,0,2,1,0,1,1700,0.4,400,12.7,adv_email,Email
SITE-00643,PROTO-C_NEURO,India,Asia,Neurology,II,Alzheimer's,Academic,7,14,10,12,1,0,0,PI-023,8,7,1,1,6,105,2.9,2022-11-26,2023-03-17,2025-12-01,2025-11-27,111,990,4,1,2023,Other,2022-08-12,2022-12-09,119,1,LEC,2022-09-21,2022-10-25,34,177,3,1,0,0,0,0,1,0,1,1,0,,1,3,4,1,0,0,6400,0.459,58,1.76,adv_community_presentation,Community
SITE-00644,PROTO-B_CARDIO,Australia,APAC,Cardiology,II,Heart Failure,Biotech,5,9,8,10,0,1,1,PI-007,14,6,4,1,6,993,3.3,2022-02-13,2022-06-06,2025-07-20,2025-07-15,113,1140,5,2,2022,Other,2021-11-04,2022-03-29,145,1,LEC,2021-11-16,2022-01-12,57,202,0,1,0,1,1,1,0,0,0,1,0,,3,2,5,1,0,1,2600,0.429,400,10.53,adv_email,Email
SITE-00645,PROTO-C_NEURO,Australia,APAC,Neurology,II,Alzheimer's,Academic,7,14,10,12,1,0,0,PI-008,4,1,1,1,3,66,1.8,2021-05-20,2021-08-05,2023-03-26,2023-02-25,77,598,29,3,2021,Other,2021-01-11,2021-06-18,158,1,LEC,2021-02-03,2021-04-13,69,183,1,0,0,1,0,0,1,0,0,0,0,,1,1,2,1,0,1,1300,0.563,24,1.2,adv_email,Email
SITE-00646,PROTO-C_NEURO,USA,North America,Neurology,II,Alzheimer's,Academic,7,14,10,12,1,0,0,PI-026,21,4,5,0,3,21,3.6,2022-09-06,2022-09-05,2026-03-17,2026-03-11,-1,1289,6,3,2022,FDA,2022-03-29,2022-08-29,153,0,IRB,2022-05-04,2022-07-20,77,124,0,1,0,1,1,0,0,0,1,0,0,,2,2,4,1,0,1,6900,0.549,32,0.74,adv_email,Email
SITE-00647,PROTO-C_NEURO,Germany,Europe,Neurology,II,Alzheimer's,Academic,7,14,10,12,1,0,0,PI-011,16,0,5,1,6,74,3.2,2021-05-15,2021-07-03,2024-04-24,2024-04-07,49,1026,17,3,2021,EMA,2020-11-11,2021-02-17,98,1,CEC,2020-11-23,2021-02-25,94,222,3,0,1,0,1,0,0,0,0,0,0,,1,1,2,1,0,1,1350,0.535,32,0.94,adv_online,Online
SITE-00648,PROTO-A_ONCO,Poland,Europe,Oncology,III,NSCLC,Pharma,8,18,12,15,1,1,1,PI-011,7,1,5,1,4,40,2.4,2021-01-06,2021-06-09,2023-07-28,2023-06-23,154,779,35,2,2021,EMA,2020-09-17,2021-01-28,133,1,LEC,2020-11-04,2020-12-16,42,217,2,0,1,0,0,0,0,0,0,0,0,,0,1,1,0,1,0,150,0.547,13,0.5,adv_pamphlet,Pamphlet
SITE-00649,PROTO-B_CARDIO,Poland,Europe,Cardiology,II,Heart Failure,Biotech,5,9,8,10,0,1,1,PI-017,23,11,4,1,5,1069,2.5,2023-08-28,2023-11-05,2026-02-06,2026-03-06,69,824,-28,4,2023,EMA,2023-04-23,2023-08-26,125,1,LEC,2023-05-14,2023-07-16,63,175,2,1,1,1,1,0,0,0,0,1,0,,3,2,5,1,0,1,2450,0.51,400,14.56,adv_email,Email
SITE-00650,PROTO-B_CARDIO,USA,North America,Cardiology,II,Heart Failure,Biotech,5,9,8,10,0,1,1,PI-004,16,1,1,1,5,899,2.5,2023-08-04,2023-07-24,2025-12-23,2025-12-26,-11,883,-3,3,2023,FDA,2023-03-20,2023-05-23,64,0,IRB,2023-04-14,2023-06-28,75,101,1,0,0,1,0,1,0,0,0,1,1,Patient registry outreach,3,1,4,1,0,1,1800,0.387,400,13.59,adv_email,Email
SITE-00651,PROTO-B_CARDIO,Spain,Europe,Cardiology,II,Heart Failure,Biotech,5,9,8,10,0,1,1,PI-006,22,2,4,1,3,795,3.9,2023-03-16,2023-06-26,2027-02-10,2027-02-23,102,1325,-13,2,2023,EMA,2022-10-30,2023-04-11,163,1,LEC,2022-12-14,2023-02-01,49,194,3,0,0,1,1,0,0,0,0,0,0,,2,0,2,1,0,1,1700,0.293,400,9.06,adv_email,Email
SITE-00652,PROTO-C_NEURO,USA,North America,Neurology,II,Alzheimer's,Academic,7,14,10,12,1,0,0,PI-024,15,5,4,1,4,25,1.9,2021-02-12,2021-04-02,2023-02-03,2023-01-27,49,672,7,2,2021,FDA,2020-09-26,2021-02-16,143,0,IRB,2020-11-19,2020-12-31,42,134,1,1,0,1,0,0,1,0,0,1,0,,2,2,4,1,0,1,1900,0.534,16,0.71,adv_community_presentation,Community
SITE-00653,PROTO-A_ONCO,Canada,North America,Oncology,III,NSCLC,Pharma,8,18,12,15,1,1,1,PI-027,5,5,1,1,1,111,2.0,2023-01-08,2023-03-20,2025-02-27,2025-02-20,71,710,7,1,2023,Other,2022-09-23,2023-02-06,136,0,IRB,2022-10-29,2022-12-01,33,142,1,1,1,0,0,0,0,0,0,0,0,,0,2,2,0,1,0,350,0.538,76,3.21,adv_poster,Poster
SITE-00654,PROTO-C_NEURO,Japan,Asia,Neurology,II,Alzheimer's,Academic,7,14,10,12,1,0,0,PI-020,12,2,1,1,4,152,2.6,2021-07-25,2021-08-17,2023-12-01,2023-12-21,23,836,-20,3,2021,PMDA,2020-12-10,2021-04-16,127,1,CEC,2021-01-18,2021-05-11,113,211,0,1,1,0,1,0,0,0,0,1,0,,2,2,4,1,0,1,1950,0.618,75,2.69,adv_community_presentation,Community
SITE-00655,PROTO-C_NEURO,Germany,Europe,Neurology,II,Alzheimer's,Academic,7,14,10,12,1,0,0,PI-002,22,2,5,1,5,124,3.2,2022-01-06,2022-03-30,2025-02-15,2024-12-28,83,1053,49,1,2022,EMA,2021-07-18,2021-11-29,134,1,CEC,2021-08-28,2021-11-01,65,214,4,1,1,1,0,0,1,0,0,0,0,,1,3,4,1,0,1,1650,0.542,83,2.36,adv_email,Email
SITE-00656,PROTO-A_ONCO,Germany,Europe,Oncology,III,NSCLC,Pharma,8,18,12,15,1,1,1,PI-020,15,3,4,1,7,163,1.7,2022-01-05,2022-06-06,2023-11-29,2023-12-04,152,541,-5,2,2022,EMA,2021-10-23,2022-03-05,133,1,LEC,2021-11-15,2021-12-10,25,203,3,0,1,0,1,0,0,0,0,0,0,,1,1,2,1,0,1,1350,0.634,43,2.38,adv_online,Online
SITE-00657,PROTO-C_NEURO,India,Asia,Neurology,II,Alzheimer's,Academic,7,14,10,12,1,0,0,PI-005,14,4,2,1,1,157,3.0,2023-04-18,2023-07-28,2026-03-31,2026-04-20,101,977,-20,3,2023,Other,2022-11-07,2023-03-17,130,1,CEC,2022-12-03,2023-03-27,114,237,1,1,1,0,1,0,0,0,0,1,0,,2,2,4,1,0,1,1950,0.392,343,10.53,adv_community_presentation,Community
SITE-00658,PROTO-A_ONCO,Poland,Europe,Oncology,III,NSCLC,Pharma,8,18,12,15,1,1,1,PI-020,23,1,3,1,3,157,3.1,2023-01-17,2023-05-04,2026-04-17,2026-04-24,107,1079,-7,2,2023,EMA,2022-10-15,2023-02-26,134,1,LEC,2022-11-30,2022-12-30,30,155,4,1,0,0,1,0,0,0,0,0,0,,1,1,2,1,0,1,1400,0.609,141,3.92,adv_online,Online
SITE-00659,PROTO-C_NEURO,USA,North America,Neurology,II,Alzheimer's,Academic,7,14,10,12,1,0,0,PI-018,12,5,3,1,3,48,2.0,2021-02-22,2021-03-06,2023-02-09,2023-02-12,12,705,-3,1,2021,FDA,2020-10-24,2021-02-14,113,0,IRB,2020-11-22,2021-01-02,41,104,2,1,0,0,1,0,1,0,0,0,0,,1,2,3,1,0,1,2200,0.555,34,1.45,adv_online,Online
SITE-00660,PROTO-A_ONCO,USA,North America,Oncology,III,NSCLC,Pharma,8,18,12,15,1,1,1,PI-029,16,1,3,1,5,160,3.5,2023-03-08,2023-01-31,2026-07-07,2026-07-02,-36,1253,5,1,2023,FDA,2022-10-12,2023-01-12,92,0,CEC,2022-11-30,2023-01-31,62,62,1,1,1,1,0,0,0,0,0,1,1,Patient registry outreach,3,2,5,1,0,1,1850,0.62,120,2.87,adv_email,Email
SITE-00661,PROTO-B_CARDIO,Australia,APAC,Cardiology,II,Heart Failure,Biotech,5,9,8,10,0,1,1,PI-019,8,1,1,1,3,856,3.0,2021-08-21,2021-09-07,2024-06-09,2024-05-29,17,1006,11,3,2021,Other,2021-03-21,2021-04-24,34,1,CEC,2021-04-22,2021-06-11,50,138,3,1,0,1,0,0,0,0,0,1,0,,2,1,3,1,0,1,1100,0.401,400,11.93,adv_email,Email
SITE-00662,PROTO-C_NEURO,Brazil,LATAM,Neurology,II,Alzheimer's,Academic,7,14,10,12,1,0,0,PI-021,11,5,4,1,2,117,1.2,2021-10-29,2022-03-31,2023-02-28,2023-04-22,153,334,-53,1,2022,Other,2021-07-07,2021-11-08,124,1,LEC,2021-07-26,2021-09-26,62,248,2,1,1,0,1,0,0,1,0,0,0,,1,3,4,1,0,1,3050,0.534,60,5.39,adv_online,Online
SITE-00663,PROTO-B_CARDIO,India,Asia,Cardiology,II,Heart Failure,Biotech,5,9,8,10,0,1,1,PI-007,5,4,2,1,0,1010,3.9,2021-09-04,2021-12-17,2025-08-13,2025-07-27,104,1335,17,4,2021,Other,2021-05-09,2021-09-02,116,1,LEC,2021-06-24,2021-08-17,54,176,1,1,0,1,1,0,0,0,0,1,0,,3,1,4,1,0,1,2300,0.399,400,8.99,adv_email,Email
SITE-00664,PROTO-B_CARDIO,Germany,Europe,Cardiology,II,Heart Failure,Biotech,5,9,8,10,0,1,1,PI-025,21,2,2,1,3,1191,1.9,2021-10-11,2021-12-02,2023-06-27,2023-08-11,52,572,-45,4,2021,EMA,2021-04-15,2021-06-30,76,1,CEC,2021-04-27,2021-08-15,110,219,2,0,1,1,0,1,0,0,0,1,0,,2,2,4,1,0,1,1350,0.332,400,20.98,adv_email,Email
SITE-00665,PROTO-B_CARDIO,Germany,Europe,Cardiology,II,Heart Failure,Biotech,5,9,8,10,0,1,1,PI-027,15,3,5,1,5,949,3.3,2023-01-11,2023-03-01,2026-04-13,2026-05-17,49,1139,-34,1,2023,EMA,2022-08-04,2022-10-28,85,1,CEC,2022-09-02,2022-12-05,94,180,1,1,0,0,0,0,0,0,0,1,0,,1,1,2,1,0,0,600,0.441,400,10.54,adv_community_presentation,Community
SITE-00666,PROTO-C_NEURO,Japan,Asia,Neurology,II,Alzheimer's,Academic,7,14,10,12,1,0,0,PI-028,15,5,2,1,4,63,2.2,2023-03-06,2023-07-16,2025-05-13,2025-06-19,132,667,-37,3,2023,PMDA,2022-10-03,2023-02-24,144,1,CEC,2022-11-16,2023-01-27,72,242,5,1,0,1,1,0,0,0,0,1,0,,3,1,4,1,0,1,2300,0.436,51,2.29,adv_community_presentation,Community
SITE-00667,PROTO-C_NEURO,Germany,Europe,Neurology,II,Alzheimer's,Academic,7,14,10,12,1,0,0,PI-021,17,4,2,1,3,36,1.2,2022-03-07,2022-05-30,2023-04-04,2023-05-15,84,309,-41,2,2022,EMA,2021-10-10,2022-01-28,110,1,CEC,2021-10-24,2022-01-07,75,218,2,1,1,0,1,0,0,0,0,0,1,Patient registry outreach,2,2,4,1,0,1,2150,0.529,20,1.94,adv_online,Online
SITE-00668,PROTO-A_ONCO,Poland,Europe,Oncology,III,NSCLC,Pharma,8,18,12,15,1,1,1,PI-016,22,5,3,1,5,148,1.2,2023-07-16,2023-10-24,2024-10-28,2024-10-21,100,370,7,4,2023,EMA,2023-03-14,2023-07-25,133,1,CEC,2023-04-10,2023-05-29,49,197,3,1,1,1,1,1,0,0,0,0,0,,2,3,5,1,0,1,2350,0.598,59,4.78,adv_email,Email
SITE-00669,PROTO-A_ONCO,Germany,Europe,Oncology,III,NSCLC,Pharma,8,18,12,15,1,1,1,PI-013,24,3,4,1,5,189,1.6,2022-06-07,2022-07-19,2023-12-04,2023-11-15,42,503,19,3,2022,EMA,2021-12-08,2022-02-08,62,1,CEC,2022-01-25,2022-05-11,106,175,1,0,0,1,1,1,0,0,0,0,0,,2,1,3,1,0,1,2000,0.553,93,5.55,adv_email,Email
SITE-00670,PROTO-C_NEURO,Poland,Europe,Neurology,II,Alzheimer's,Academic,7,14,10,12,1,0,0,PI-011,14,4,3,1,6,20,2.5,2022-06-28,2022-08-18,2024-12-01,2024-12-13,51,836,-12,3,2022,EMA,2021-12-27,2022-04-22,116,1,CEC,2022-02-23,2022-05-23,89,176,0,0,1,1,0,0,0,0,0,1,0,,2,1,3,1,0,1,1050,0.544,11,0.39,adv_community_presentation,Community
SITE-00671,PROTO-A_ONCO,Australia,APAC,Oncology,III,NSCLC,Pharma,8,18,12,15,1,1,1,PI-025,15,3,1,1,12,169,3.6,2022-02-04,2022-06-04,2025-10-04,2025-10-03,120,1218,1,2,2022,Other,2021-09-13,2022-03-05,173,1,LEC,2021-10-20,2021-12-27,68,227,1,0,0,0,0,0,0,0,0,0,0,,0,0,0,0,0,0,0,0.652,15,0.37,none,None
SITE-00672,PROTO-A_ONCO,Germany,Europe,Oncology,III,NSCLC,Pharma,8,18,12,15,1,1,1,PI-023,3,2,3,1,1,97,1.5,2022-02-20,2022-04-17,2023-06-22,2023-05-16,56,431,37,2,2022,EMA,2021-06-25,2021-08-20,56,1,CEC,2021-08-22,2022-01-07,138,238,2,1,0,1,1,0,0,0,0,0,0,,2,1,3,1,0,1,1900,0.623,40,2.78,adv_email,Email
SITE-00673,PROTO-A_ONCO,Canada,North America,Oncology,III,NSCLC,Pharma,8,18,12,15,1,1,1,PI-012,2,0,5,1,3,169,1.4,2021-04-09,2021-06-01,2022-09-03,2022-08-18,53,459,16,2,2021,Other,2020-11-03,2021-01-10,68,0,IRB,2020-12-08,2021-03-17,99,175,2,1,1,1,0,0,0,0,0,0,1,Patient registry outreach,2,2,4,1,0,1,1450,0.581,42,2.75,adv_email,Email
SITE-00674,PROTO-B_CARDIO,USA,North America,Cardiology,II,Heart Failure,Biotech,5,9,8,10,0,1,1,PI-007,7,4,1,1,5,977,3.6,2022-10-16,2022-08-20,2026-01-30,2026-02-17,-57,1259,-18,3,2022,FDA,2022-01-17,2022-03-31,73,0,CEC,2022-02-28,2022-07-25,147,173,1,1,1,1,0,1,0,1,0,1,1,Patient registry outreach,3,4,7,1,0,1,3650,0.393,400,9.53,adv_email,Email
SITE-00675,PROTO-A_ONCO,Poland,Europe,Oncology,III,NSCLC,Pharma,8,18,12,15,1,1,1,PI-001,8,2,2,1,2,79,3.2,2023-06-24,2023-12-09,2026-12-16,2026-12-22,168,1103,-6,4,2023,EMA,2023-03-22,2023-09-11,173,1,LEC,2023-04-19,2023-05-23,34,234,0,1,0,1,0,0,0,0,0,1,0,,2,1,3,1,0,1,1100,0.646,52,1.41,adv_email,Email
SITE-00676,PROTO-B_CARDIO,USA,North America,Cardiology,II,Heart Failure,Biotech,5,9,8,10,0,1,1,PI-019,2,1,3,1,5,871,2.0,2023-03-24,2023-03-11,2025-02-17,2024-12-28,-13,709,51,1,2023,FDA,2022-11-01,2022-12-23,52,0,IRB,2022-12-24,2023-02-04,42,77,1,0,1,0,0,0,0,0,0,0,0,,0,1,1,0,1,0,150,0.385,400,16.93,adv_pamphlet,Pamphlet
SITE-00677,PROTO-C_NEURO,Australia,APAC,Neurology,II,Alzheimer's,Academic,7,14,10,12,1,0,0,PI-009,23,3,5,0,3,56,1.9,2023-02-05,2023-05-17,2025-01-09,2025-02-05,101,603,-27,2,2023,Other,2022-11-15,2022-12-24,39,1,LEC,2022-12-18,2023-01-11,24,150,2,1,0,1,0,0,0,0,0,0,0,,1,1,2,1,0,1,700,0.595,40,1.99,adv_email,Email
SITE-00678,PROTO-A_ONCO,Poland,Europe,Oncology,III,NSCLC,Pharma,8,18,12,15,1,1,1,PI-008,13,6,1,1,2,155,3.1,2023-09-08,2024-01-23,2027-01-09,2027-01-15,137,1082,-6,1,2024,EMA,2023-04-25,2023-10-19,177,1,LEC,2023-06-05,2023-07-27,52,232,0,0,1,1,1,1,1,0,0,0,0,,2,3,5,1,0,1,2950,0.524,229,6.35,adv_email,Email
SITE-00679,PROTO-C_NEURO,USA,North America,Neurology,II,Alzheimer's,Academic,7,14,10,12,1,0,0,PI-010,2,1,4,1,5,75,1.9,2021-01-17,2020-12-25,2022-10-08,2022-10-19,-23,652,-11,4,2020,FDA,2020-07-06,2020-08-30,55,0,IRB,2020-09-01,2020-12-03,93,115,2,1,1,0,1,1,0,0,0,0,1,Patient registry outreach,2,3,5,1,0,1,2450,0.582,28,1.29,adv_online,Online
SITE-00680,PROTO-B_CARDIO,Canada,North America,Cardiology,II,Heart Failure,Biotech,5,9,8,10,0,1,1,PI-005,10,5,1,1,3,1510,1.9,2021-08-22,2021-10-25,2023-09-03,2023-09-03,64,678,0,4,2021,Other,2021-05-16,2021-09-17,124,0,IRB,2021-06-26,2021-07-27,31,121,1,0,1,0,0,0,0,0,0,0,0,,0,1,1,0,1,0,150,0.401,400,17.7,adv_pamphlet,Pamphlet
SITE-00681,PROTO-A_ONCO,Germany,Europe,Oncology,III,NSCLC,Pharma,8,18,12,15,1,1,1,PI-008,24,2,5,1,4,126,1.4,2022-05-11,2022-09-04,2023-10-15,2023-11-18,116,406,-34,3,2022,EMA,2022-01-17,2022-05-11,114,1,LEC,2022-03-15,2022-04-21,37,173,2,1,1,1,0,0,0,0,0,0,0,,1,2,3,1,0,1,850,0.579,58,4.29,adv_email,Email
SITE-00682,PROTO-A_ONCO,USA,North America,Oncology,III,NSCLC,Pharma,8,18,12,15,1,1,1,PI-007,19,3,1,1,4,138,2.4,2023-04-23,2023-04-28,2025-08-27,2025-09-18,5,852,-22,2,2023,FDA,2022-12-14,2023-04-02,109,0,IRB,2023-01-17,2023-03-17,59,101,1,1,0,1,0,1,0,0,0,1,0,,2,2,4,1,0,1,1400,0.472,155,5.46,adv_email,Email
SITE-00683,PROTO-C_NEURO,UK,Europe,Neurology,II,Alzheimer's,Academic,7,14,10,12,1,0,0,PI-019,22,3,2,1,2,67,2.4,2023-07-25,2023-10-21,2025-12-01,2025-12-14,88,772,-13,4,2023,MHRA,2023-04-02,2023-05-10,38,1,LEC,2023-05-29,2023-07-04,36,145,2,1,0,1,1,1,1,0,0,0,0,,2,3,5,1,0,1,3000,0.521,84,3.26,adv_email,Email
SITE-00684,PROTO-B_CARDIO,Australia,APAC,Cardiology,II,Heart Failure,Biotech,5,9,8,10,0,1,1,PI-004,9,4,4,1,5,1056,1.6,2021-12-05,2022-02-17,2023-06-05,2023-07-05,74,473,-30,1,2022,Other,2021-06-25,2021-11-13,141,1,LEC,2021-08-23,2021-10-28,66,178,3,1,1,1,1,0,0,0,0,1,0,,3,2,5,1,0,1,2450,0.388,400,25.37,adv_email,Email
SITE-00685,PROTO-A_ONCO,Germany,Europe,Oncology,III,NSCLC,Pharma,8,18,12,15,1,1,1,PI-018,2,0,2,1,3,189,2.3,2022-03-09,2022-05-17,2024-07-16,2024-08-17,69,791,-32,2,2022,EMA,2021-12-23,2022-03-20,87,1,LEC,2022-01-19,2022-02-10,22,118,1,1,1,1,1,0,0,0,0,0,0,,2,2,4,1,0,1,2050,0.646,53,2.01,adv_email,Email
SITE-00686,PROTO-B_CARDIO,Brazil,LATAM,Cardiology,II,Heart Failure,Biotech,5,9,8,10,0,1,1,PI-014,3,3,1,1,3,879,1.1,2022-06-11,2022-09-01,2023-06-28,2023-06-22,82,300,6,3,2022,Other,2022-02-14,2022-05-17,92,1,LEC,2022-03-02,2022-05-01,60,183,1,1,1,0,1,0,0,0,0,1,0,,2,2,4,1,0,1,1950,0.423,400,40.0,adv_online,Online
SITE-00687,PROTO-A_ONCO,USA,North America,Oncology,III,NSCLC,Pharma,8,18,12,15,1,1,1,PI-023,16,4,3,1,4,131,1.8,2022-10-28,2022-10-24,2024-07-06,2024-08-10,-4,621,-35,4,2022,FDA,2022-06-01,2022-10-22,143,0,IRB,2022-06-13,2022-09-17,96,133,1,1,1,0,1,0,1,0,0,0,0,,1,3,4,1,0,1,2350,0.58,71,3.43,adv_online,Online
SITE-00688,PROTO-B_CARDIO,USA,North America,Cardiology,II,Heart Failure,Biotech,5,9,8,10,0,1,1,PI-011,20,2,3,1,7,659,2.5,2021-06-23,2021-05-22,2023-10-15,2023-10-22,-32,876,-7,2,2021,FDA,2021-01-13,2021-03-08,54,0,IRB,2021-02-08,2021-05-01,82,103,1,1,0,0,1,1,0,0,0,0,0,,1,2,3,1,0,1,1700,0.365,400,13.7,adv_online,Online
SITE-00689,PROTO-A_ONCO,Spain,Europe,Oncology,III,NSCLC,Pharma,8,18,12,15,1,1,1,PI-024,11,2,2,1,3,108,1.9,2023-07-06,2023-09-12,2025-05-14,2025-05-24,68,610,-10,3,2023,EMA,2023-03-29,2023-05-05,37,1,LEC,2023-04-12,2023-06-09,58,153,2,1,1,0,0,0,1,0,0,1,0,,1,3,4,1,0,0,1550,0.6,53,2.61,adv_community_presentation,Community
SITE-00690,PROTO-B_CARDIO,UK,Europe,Cardiology,II,Heart Failure,Biotech,5,9,8,10,0,1,1,PI-023,4,2,1,1,2,1178,1.5,2022-08-26,2022-11-24,2024-03-05,2023-12-20,90,467,76,4,2022,MHRA,2022-05-13,2022-09-08,118,1,LEC,2022-06-04,2022-07-17,43,173,0,0,1,1,1,1,1,0,0,1,0,,3,3,6,1,0,1,3350,0.402,400,25.7,adv_email,Email
SITE-00691,PROTO-B_CARDIO,USA,North America,Cardiology,II,Heart Failure,Biotech,5,9,8,10,0,1,1,PI-024,24,4,2,1,6,917,2.2,2022-09-23,2022-09-07,2024-10-25,2024-10-16,-16,779,9,3,2022,FDA,2022-05-11,2022-08-22,103,0,IRB,2022-05-28,2022-08-08,72,102,0,1,1,0,1,0,0,0,0,0,0,,1,2,3,1,0,1,1550,0.384,400,15.4,adv_online,Online
SITE-00692,PROTO-A_ONCO,Canada,North America,Oncology,III,NSCLC,Pharma,8,18,12,15,1,1,1,PI-015,21,7,5,1,5,187,1.7,2022-07-01,2022-07-14,2024-02-09,2024-01-19,13,575,21,3,2022,Other,2022-01-23,2022-04-14,81,0,CEC,2022-02-15,2022-05-25,99,149,4,1,0,0,0,1,0,0,0,0,0,,0,2,2,0,1,0,500,0.543,137,7.15,adv_newsletter,Newsletter
SITE-00693,PROTO-B_CARDIO,Germany,Europe,Cardiology,II,Heart Failure,Biotech,5,9,8,10,0,1,1,PI-023,23,8,4,1,6,1375,3.6,2022-07-27,2022-09-25,2026-01-16,2026-02-02,60,1209,-17,3,2022,EMA,2022-03-27,2022-06-13,78,1,CEC,2022-04-21,2022-06-15,55,157,3,0,1,1,1,1,0,0,0,1,0,,3,2,5,1,0,1,2550,0.433,400,9.93,adv_email,Email
SITE-00694,PROTO-B_CARDIO,Canada,North America,Cardiology,II,Heart Failure,Biotech,5,9,8,10,0,1,1,PI-014,19,3,5,1,5,790,1.4,2021-07-08,2021-08-04,2022-10-31,2022-10-27,27,453,4,3,2021,Other,2021-02-06,2021-05-13,96,0,IRB,2021-03-13,2021-06-12,91,144,3,1,1,0,1,1,0,0,0,0,0,,1,3,4,1,0,1,1850,0.484,400,26.49,adv_online,Online
SITE-00695,PROTO-C_NEURO,Japan,Asia,Neurology,II,Alzheimer's,Academic,7,14,10,12,1,0,0,PI-016,24,3,2,1,3,91,3.1,2021-05-28,2021-07-01,2024-04-23,2024-04-09,34,1027,14,3,2021,PMDA,2020-11-01,2021-02-23,114,1,CEC,2020-12-02,2021-04-08,127,211,3,0,1,0,0,1,0,0,0,1,0,,1,2,3,1,0,0,850,0.59,131,3.83,adv_community_presentation,Community
SITE-00696,PROTO-C_NEURO,Spain,Europe,Neurology,II,Alzheimer's,Academic,7,14,10,12,1,0,0,PI-005,18,3,2,1,3,96,1.4,2021-11-13,2022-01-20,2023-03-04,2023-04-16,68,408,-43,1,2022,EMA,2021-08-24,2021-09-27,34,1,LEC,2021-09-03,2021-09-30,27,139,2,1,0,1,0,1,0,0,0,0,0,,1,2,3,1,0,1,1000,0.519,58,4.26,adv_email,Email
SITE-00697,PROTO-A_ONCO,Japan,Asia,Oncology,III,NSCLC,Pharma,8,18,12,15,1,1,1,PI-021,24,3,5,1,4,30,1.3,2023-01-31,2023-05-08,2024-06-22,2024-04-28,97,411,55,2,2023,PMDA,2022-09-24,2023-03-16,173,1,LEC,2022-11-05,2023-01-02,58,184,2,1,0,0,0,0,0,0,0,0,0,,0,1,1,0,1,0,200,0.542,11,0.8,adv_poster,Poster
SITE-00698,PROTO-A_ONCO,USA,North America,Oncology,III,NSCLC,Pharma,8,18,12,15,1,1,1,PI-006,10,2,4,1,3,78,4.0,2022-12-08,2022-11-15,2026-10-09,2026-11-09,-23,1424,-31,4,2022,FDA,2022-07-07,2022-10-03,88,0,CEC,2022-08-11,2022-11-01,82,96,3,0,0,0,0,0,0,0,1,0,0,,0,1,1,0,1,0,5000,0.542,50,1.05,adv_tv,TV
SITE-00699,PROTO-C_NEURO,USA,North America,Neurology,II,Alzheimer's,Academic,7,14,10,12,1,0,0,PI-010,21,6,1,1,2,93,2.2,2023-06-14,2023-05-21,2025-07-17,2025-08-04,-24,788,-18,2,2023,FDA,2023-03-21,2023-05-03,43,0,IRB,2023-03-31,2023-05-16,46,51,0,0,1,0,1,0,0,0,0,0,0,,1,1,2,1,0,1,1350,0.542,108,4.11,adv_online,Online
SITE-00700,PROTO-B_CARDIO,USA,North America,Cardiology,II,Heart Failure,Biotech,5,9,8,10,0,1,1,PI-004,15,3,2,1,4,1019,2.4,2023-07-06,2023-06-08,2025-10-03,2025-11-12,-28,848,-40,2,2023,FDA,2023-02-08,2023-05-06,87,0,IRB,2023-03-20,2023-05-16,57,80,3,0,1,1,1,0,0,0,0,0,0,,2,1,3,1,0,1,1850,0.42,400,14.15,adv_email,Email
SITE-00701,PROTO-B_CARDIO,UK,Europe,Cardiology,II,Heart Failure,Biotech,5,9,8,10,0,1,1,PI-027,16,7,2,1,7,1165,3.6,2021-01-27,2021-04-05,2024-07-17,2024-09-01,68,1199,-46,2,2021,MHRA,2020-07-08,2020-11-23,138,1,CEC,2020-08-02,2020-11-13,103,246,2,1,0,0,1,1,0,0,0,0,0,,1,2,3,1,0,1,1700,0.447,400,10.01,adv_online,Online
SITE-00702,PROTO-A_ONCO,India,Asia,Oncology,III,NSCLC,Pharma,8,18,12,15,1,1,1,PI-024,19,4,4,1,6,150,2.0,2021-08-16,2021-11-01,2023-07-28,2023-09-15,77,634,-49,4,2021,Other,2021-04-28,2021-07-02,65,1,LEC,2021-06-15,2021-07-24,39,139,3,0,1,0,0,0,0,0,0,0,0,,0,1,1,0,1,0,150,0.652,40,1.89,adv_pamphlet,Pamphlet
SITE-00703,PROTO-A_ONCO,Germany,Europe,Oncology,III,NSCLC,Pharma,8,18,12,15,1,1,1,PI-003,18,1,2,0,5,75,1.6,2022-07-18,2022-08-25,2024-01-01,2024-01-01,38,494,0,3,2022,EMA,2022-02-05,2022-06-04,119,1,CEC,2022-02-21,2022-05-07,75,185,1,1,1,0,0,0,0,0,0,1,0,,1,2,3,1,0,0,750,0.604,22,1.34,adv_community_presentation,Community
SITE-00704,PROTO-C_NEURO,USA,North America,Neurology,II,Alzheimer's,Academic,7,14,10,12,1,0,0,PI-010,3,2,5,1,6,116,2.8,2023-01-14,2023-03-24,2025-12-23,2026-01-05,69,1005,-13,1,2023,FDA,2022-10-01,2023-03-12,162,0,IRB,2022-11-03,2022-12-09,36,141,1,1,1,0,0,1,0,0,0,1,0,,1,3,4,1,0,0,1050,0.579,48,1.43,adv_community_presentation,Community
SITE-00705,PROTO-A_ONCO,UK,Europe,Oncology,III,NSCLC,Pharma,8,18,12,15,1,1,1,PI-020,13,3,3,1,4,38,1.0,2021-08-10,2021-09-21,2022-06-12,2022-07-14,42,264,-32,3,2021,MHRA,2021-01-24,2021-05-04,100,1,CEC,2021-03-23,2021-05-18,56,182,2,0,1,0,0,0,0,0,0,1,0,,1,1,2,1,0,0,550,0.62,8,0.91,adv_community_presentation,Community
SITE-00706,PROTO-C_NEURO,Germany,Europe,Neurology,II,Alzheimer's,Academic,7,14,10,12,1,0,0,PI-012,6,4,4,1,1,108,2.6,2021-12-18,2022-01-12,2024-05-19,2024-05-19,25,858,0,1,2022,EMA,2021-06-11,2021-10-18,129,1,CEC,2021-07-16,2021-11-04,111,180,1,1,0,0,0,0,0,0,0,0,0,,0,1,1,0,1,0,200,0.612,86,3.01,adv_poster,Poster
SITE-00707,PROTO-B_CARDIO,USA,North America,Cardiology,II,Heart Failure,Biotech,5,9,8,10,0,1,1,PI-004,2,2,2,1,3,1121,2.5,2022-03-12,2022-03-25,2024-08-15,2024-08-10,13,874,5,1,2022,FDA,2021-10-27,2021-12-07,41,0,IRB,2021-12-19,2022-02-23,66,96,2,1,0,1,1,1,1,0,0,0,0,,2,3,5,1,0,1,3000,0.444,400,13.73,adv_email,Email
SITE-00708,PROTO-A_ONCO,Brazil,LATAM,Oncology,III,NSCLC,Pharma,8,18,12,15,1,1,1,PI-003,15,6,3,1,4,238,3.5,2021-11-20,2022-03-03,2025-05-18,2025-05-04,103,1172,14,1,2022,Other,2021-06-04,2021-11-24,173,1,CEC,2021-07-26,2021-10-25,91,220,3,1,1,1,1,0,1,0,0,0,0,,2,3,5,1,0,1,2850,0.677,169,4.33,adv_email,Email
SITE-00709,PROTO-B_CARDIO,USA,North America,Cardiology,II,Heart Failure,Biotech,5,9,8,10,0,1,1,PI-017,7,1,1,1,2,1028,2.6,2021-03-05,2021-03-17,2023-09-17,2023-10-22,12,914,-35,1,2021,FDA,2020-09-25,2021-02-25,153,0,CEC,2020-10-20,2021-02-03,106,148,0,0,1,1,1,0,0,0,0,1,1,Patient registry outreach,4,1,5,1,0,1,2850,0.426,400,13.13,adv_email,Email
SITE-00710,PROTO-B_CARDIO,UK,Europe,Cardiology,II,Heart Failure,Biotech,5,9,8,10,0,1,1,PI-029,2,5,1,1,5,921,2.8,2021-05-29,2021-08-10,2024-03-18,2024-04-01,73,951,-14,3,2021,MHRA,2021-01-19,2021-04-26,97,1,CEC,2021-02-13,2021-04-01,47,178,0,0,1,1,0,0,0,0,0,1,0,,2,1,3,1,0,1,1050,0.378,400,12.62,adv_email,Email
SITE-00711,PROTO-C_NEURO,USA,North America,Neurology,II,Alzheimer's,Academic,7,14,10,12,1,0,0,PI-014,12,3,4,1,5,141,2.5,2023-01-22,2023-04-11,2025-09-09,2025-08-20,79,882,20,2,2023,FDA,2022-09-28,2023-02-25,150,0,IRB,2022-10-22,2022-11-27,36,171,2,1,1,0,1,1,0,0,0,1,1,Patient registry outreach,3,3,6,1,0,1,2850,0.486,105,3.57,adv_community_presentation,Community
SITE-00712,PROTO-C_NEURO,Poland,Europe,Neurology,II,Alzheimer's,Academic,7,14,10,12,1,0,0,PI-003,12,2,4,1,5,83,2.1,2022-02-20,2022-05-16,2024-03-28,2024-01-29,85,682,59,2,2022,EMA,2021-10-24,2022-03-12,139,1,LEC,2021-11-21,2022-01-22,62,176,2,1,1,0,0,0,1,0,0,0,0,,0,3,3,0,1,0,1150,0.598,39,1.72,adv_poster,Poster
SITE-00713,PROTO-A_ONCO,Japan,Asia,Oncology,III,NSCLC,Pharma,8,18,12,15,1,1,1,PI-025,20,1,5,1,6,177,1.8,2022-07-17,2022-10-07,2024-05-20,2024-07-04,82,591,-45,4,2022,PMDA,2022-02-09,2022-07-19,160,1,CEC,2022-03-07,2022-06-09,94,214,1,1,0,1,0,0,0,1,0,0,0,,1,2,3,1,0,1,2200,0.492,69,3.5,adv_email,Email
SITE-00714,PROTO-B_CARDIO,USA,North America,Cardiology,II,Heart Failure,Biotech,5,9,8,10,0,1,1,PI-011,18,4,4,1,4,932,2.7,2023-03-08,2023-03-27,2025-10-31,2025-11-10,19,949,-10,1,2023,FDA,2022-12-24,2023-02-23,61,0,IRB,2023-01-04,2023-02-19,46,82,3,1,1,0,0,0,0,1,0,1,0,,1,3,4,1,0,0,2250,0.417,400,12.64,adv_community_presentation,Community
SITE-00715,PROTO-A_ONCO,USA,North America,Oncology,III,NSCLC,Pharma,8,18,12,15,1,1,1,PI-028,13,3,3,1,3,266,1.8,2021-07-26,2021-05-24,2023-01-31,2023-02-24,-63,617,-24,2,2021,FDA,2020-11-25,2021-02-10,77,0,CEC,2021-01-14,2021-05-14,120,130,0,1,0,0,0,0,1,0,0,0,0,,0,2,2,0,1,0,1000,0.565,124,6.03,adv_poster,Poster
SITE-00716,PROTO-A_ONCO,Germany,Europe,Oncology,III,NSCLC,Pharma,8,18,12,15,1,1,1,PI-017,16,7,2,1,7,269,3.7,2021-11-24,2022-01-29,2025-06-10,2025-05-07,66,1228,34,1,2022,EMA,2021-06-08,2021-09-16,100,1,CEC,2021-08-06,2021-09-23,48,176,3,1,1,0,0,0,0,0,1,1,0,,1,3,4,1,0,0,5750,0.599,93,2.27,adv_community_presentation,Community
SITE-00717,PROTO-C_NEURO,Japan,Asia,Neurology,II,Alzheimer's,Academic,7,14,10,12,1,0,0,PI-008,22,2,2,1,7,72,3.8,2023-07-28,2023-09-10,2027-04-24,2027-07-17,44,1322,-84,3,2023,PMDA,2023-04-01,2023-07-02,92,1,LEC,2023-04-11,2023-06-15,65,152,0,1,1,0,0,0,0,0,0,0,0,,0,2,2,0,1,0,350,0.53,41,0.93,adv_poster,Poster
SITE-00718,PROTO-C_NEURO,Brazil,LATAM,Neurology,II,Alzheimer's,Academic,7,14,10,12,1,0,0,PI-003,19,4,5,1,8,113,2.8,2023-01-29,2023-04-05,2025-11-02,2025-10-25,66,942,8,2,2023,Other,2022-09-29,2022-11-19,51,1,LEC,2022-11-15,2022-12-20,35,141,2,1,1,1,0,0,0,0,0,1,0,,2,2,4,1,0,1,1250,0.557,51,1.62,adv_community_presentation,Community
SITE-00719,PROTO-C_NEURO,Japan,Asia,Neurology,II,Alzheimer's,Academic,7,14,10,12,1,0,0,PI-021,23,3,3,1,3,66,2.7,2022-07-22,2022-08-11,2025-02-08,2025-03-08,20,912,-28,3,2022,PMDA,2022-01-19,2022-05-05,106,1,CEC,2022-02-26,2022-06-15,109,166,1,0,0,0,0,1,0,0,0,0,0,,0,1,1,0,1,0,300,0.47,74,2.43,adv_newsletter,Newsletter
SITE-00720,PROTO-C_NEURO,Japan,Asia,Neurology,II,Alzheimer's,Academic,7,14,10,12,1,0,0,PI-006,3,0,1,0,3,84,1.5,2022-04-27,2022-04-24,2023-08-05,2023-09-22,-3,468,-48,2,2022,PMDA,2021-09-10,2021-12-22,103,1,CEC,2021-11-08,2022-02-13,97,167,2,1,1,0,0,0,0,0,0,0,0,,0,2,2,0,1,0,350,0.523,29,1.86,adv_poster,Poster
SITE-00721,PROTO-C_NEURO,Germany,Europe,Neurology,II,Alzheimer's,Academic,7,14,10,12,1,0,0,PI-019,7,2,1,1,2,77,1.9,2022-12-24,2022-12-12,2024-07-27,2024-08-11,-12,593,-15,4,2022,EMA,2022-03-27,2022-06-08,73,1,CEC,2022-05-19,2022-09-27,131,207,3,1,1,0,1,1,0,0,0,0,0,,1,3,4,1,0,1,1850,0.522,49,2.48,adv_online,Online
SITE-00722,PROTO-A_ONCO,USA,North America,Oncology,III,NSCLC,Pharma,8,18,12,15,1,1,1,PI-020,2,1,2,1,4,72,3.5,2021-12-15,2021-12-10,2025-05-05,2025-05-18,-5,1242,-13,4,2021,FDA,2021-07-09,2021-09-02,55,0,IRB,2021-08-11,2021-11-17,98,121,1,0,1,0,0,1,0,0,0,1,1,Patient registry outreach,2,2,4,1,0,0,1450,0.617,41,0.99,adv_community_presentation,Community
SITE-00723,PROTO-C_NEURO,Germany,Europe,Neurology,II,Alzheimer's,Academic,7,14,10,12,1,0,0,PI-020,11,0,4,1,1,104,2.4,2023-09-12,2023-10-10,2025-12-24,2026-01-25,28,806,-32,4,2023,EMA,2023-05-16,2023-07-04,49,1,LEC,2023-06-06,2023-08-07,62,126,1,1,1,0,0,1,0,0,0,0,0,,0,3,3,0,1,0,650,0.564,93,3.46,adv_newsletter,Newsletter
SITE-00724,PROTO-B_CARDIO,USA,North America,Cardiology,II,Heart Failure,Biotech,5,9,8,10,0,1,1,PI-003,7,5,4,1,5,879,2.6,2021-01-10,2021-04-19,2023-10-30,2023-09-21,99,924,39,2,2021,FDA,2020-10-06,2021-03-29,174,0,CEC,2020-10-17,2020-12-19,63,184,1,1,0,1,0,0,0,0,1,1,0,,2,2,4,1,0,1,6100,0.383,400,12.99,adv_email,Email
SITE-00725,PROTO-B_CARDIO,UK,Europe,Cardiology,II,Heart Failure,Biotech,5,9,8,10,0,1,1,PI-007,11,1,4,1,3,1111,1.8,2023-03-31,2023-07-22,2025-01-31,2025-03-01,113,559,-29,3,2023,MHRA,2022-11-26,2023-05-06,161,1,LEC,2023-01-15,2023-03-09,53,188,2,1,1,1,1,0,0,1,1,0,0,,2,4,6,1,0,1,8550,0.456,400,21.47,adv_email,Email
SITE-00726,PROTO-A_ONCO,USA,North America,Oncology,III,NSCLC,Pharma,8,18,12,15,1,1,1,PI-024,23,6,3,1,7,20,2.6,2021-06-07,2021-04-07,2023-09-21,2023-09-26,-61,897,-5,2,2021,FDA,2020-10-07,2021-02-22,138,0,CEC,2020-11-07,2021-03-25,138,151,1,0,0,0,1,0,0,0,0,0,0,,1,0,1,1,0,1,1200,0.539,10,0.33,adv_online,Online
SITE-00727,PROTO-C_NEURO,Japan,Asia,Neurology,II,Alzheimer's,Academic,7,14,10,12,1,0,0,PI-021,4,3,4,1,2,20,2.1,2022-07-29,2023-02-03,2024-12-05,2025-01-11,189,671,-37,1,2023,PMDA,2022-05-06,2022-10-28,175,1,LEC,2022-06-10,2022-07-13,33,238,0,1,1,1,0,0,0,0,0,1,0,,2,2,4,1,0,1,1250,0.535,11,0.49,adv_community_presentation,Community
SITE-00728,PROTO-A_ONCO,Australia,APAC,Oncology,III,NSCLC,Pharma,8,18,12,15,1,1,1,PI-013,13,1,4,1,3,97,3.2,2021-10-04,2022-02-12,2025-02-27,2025-02-01,131,1111,26,1,2022,Other,2021-07-14,2021-11-15,124,1,LEC,2021-08-02,2021-08-26,24,194,3,1,0,0,0,0,0,0,0,0,0,,0,1,1,0,1,0,200,0.582,63,1.7,adv_poster,Poster
SITE-00729,PROTO-A_ONCO,Canada,North America,Oncology,III,NSCLC,Pharma,8,18,12,15,1,1,1,PI-026,24,7,3,1,4,202,3.7,2022-06-19,2022-06-30,2026-02-12,2026-02-06,11,1323,6,2,2022,Other,2022-01-17,2022-06-01,135,0,IRB,2022-03-13,2022-05-10,58,109,2,1,1,0,1,0,0,0,0,0,0,,1,2,3,1,0,1,1550,0.623,207,4.69,adv_online,Online
SITE-00730,PROTO-B_CARDIO,USA,North America,Cardiology,II,Heart Failure,Biotech,5,9,8,10,0,1,1,PI-018,9,2,2,1,0,782,2.4,2021-12-25,2022-02-18,2024-06-04,2024-07-29,55,837,-55,1,2022,FDA,2021-07-29,2021-12-25,149,0,CEC,2021-08-23,2021-10-21,59,179,5,1,1,0,1,0,1,0,0,1,0,,2,3,5,1,0,1,2750,0.323,400,14.34,adv_online,Online
SITE-00731,PROTO-A_ONCO,Germany,Europe,Oncology,III,NSCLC,Pharma,8,18,12,15,1,1,1,PI-004,5,2,4,1,6,139,1.2,2022-04-13,2022-07-08,2023-05-16,2023-04-28,86,312,18,3,2022,EMA,2021-12-11,2022-02-27,78,1,LEC,2022-02-06,2022-03-12,34,152,5,1,1,0,0,0,0,0,0,1,0,,1,2,3,1,0,0,750,0.57,15,1.44,adv_community_presentation,Community
SITE-00732,PROTO-A_ONCO,Germany,Europe,Oncology,III,NSCLC,Pharma,8,18,12,15,1,1,1,PI-010,2,0,4,1,5,111,3.6,2023-06-14,2023-08-01,2026-12-07,2026-11-01,48,1224,36,3,2023,EMA,2022-12-12,2023-05-06,145,1,CEC,2023-01-14,2023-04-05,81,199,1,1,1,0,1,0,1,0,0,1,0,,2,3,5,1,0,1,2750,0.566,41,1.0,adv_community_presentation,Community
SITE-00733,PROTO-A_ONCO,Japan,Asia,Oncology,III,NSCLC,Pharma,8,18,12,15,1,1,1,PI-011,23,3,2,1,4,219,1.8,2023-07-05,2023-09-09,2025-03-18,2025-02-19,66,556,27,3,2023,PMDA,2023-01-23,2023-03-21,57,1,CEC,2023-03-12,2023-05-07,56,181,2,1,0,0,0,1,0,1,0,1,0,,1,3,4,1,0,0,2400,0.521,113,6.1,adv_community_presentation,Community
SITE-00734,PROTO-C_NEURO,Australia,APAC,Neurology,II,Alzheimer's,Academic,7,14,10,12,1,0,0,PI-009,19,2,4,0,4,164,2.9,2022-09-15,2022-12-20,2025-07-29,2025-07-24,96,952,5,4,2022,Other,2022-06-06,2022-07-31,55,1,LEC,2022-06-17,2022-08-04,48,186,1,1,1,1,0,1,0,0,0,0,0,,1,3,4,1,0,1,1150,0.641,92,2.9,adv_email,Email
SITE-00735,PROTO-A_ONCO,USA,North America,Oncology,III,NSCLC,Pharma,8,18,12,15,1,1,1,PI-014,22,1,5,0,4,44,3.4,2022-10-11,2022-12-30,2026-04-29,2026-05-11,80,1216,-12,4,2022,FDA,2022-06-18,2022-12-05,170,0,IRB,2022-07-28,2022-09-11,45,155,2,0,1,1,0,0,0,0,0,1,0,,2,1,3,1,0,1,1050,0.521,52,1.28,adv_email,Email
SITE-00736,PROTO-B_CARDIO,Japan,Asia,Cardiology,II,Heart Failure,Biotech,5,9,8,10,0,1,1,PI-025,12,1,4,1,7,1029,3.3,2023-03-20,2023-07-27,2026-07-20,2026-09-17,129,1089,-59,3,2023,PMDA,2022-12-06,2023-04-08,123,1,LEC,2022-12-20,2023-02-20,62,219,2,1,1,0,1,0,0,1,0,1,0,,2,3,5,1,0,1,3450,0.495,400,11.02,adv_online,Online
SITE-00737,PROTO-B_CARDIO,Germany,Europe,Cardiology,II,Heart Failure,Biotech,5,9,8,10,0,1,1,PI-026,7,2,1,1,5,750,2.5,2022-10-22,2022-11-14,2025-01-23,2025-01-21,23,801,2,4,2022,EMA,2022-04-02,2022-05-10,38,1,CEC,2022-05-06,2022-08-07,93,192,2,1,1,0,1,1,0,0,0,1,0,,2,3,5,1,0,1,2250,0.356,400,14.98,adv_online,Online
SITE-00738,PROTO-B_CARDIO,Canada,North America,Cardiology,II,Heart Failure,Biotech,5,9,8,10,0,1,1,PI-028,21,8,2,1,1,725,2.9,2021-10-08,2021-10-06,2024-07-14,2024-07-21,-2,1012,-7,4,2021,Other,2021-04-03,2021-08-30,149,0,IRB,2021-05-27,2021-08-11,76,132,3,0,1,1,0,0,0,0,0,0,0,,1,1,2,1,0,1,650,0.459,400,11.86,adv_email,Email
SITE-00739,PROTO-C_NEURO,Japan,Asia,Neurology,II,Alzheimer's,Academic,7,14,10,12,1,0,0,PI-012,18,3,5,1,7,161,3.7,2022-12-02,2023-03-02,2026-08-06,2026-07-24,90,1253,13,1,2023,PMDA,2022-08-10,2022-10-03,54,1,LEC,2022-08-30,2022-10-28,59,184,3,0,1,1,0,0,0,0,0,0,0,,1,1,2,1,0,1,650,0.538,78,1.87,adv_email,Email
SITE-00740,PROTO-C_NEURO,Germany,Europe,Neurology,II,Alzheimer's,Academic,7,14,10,12,1,0,0,PI-016,19,2,1,1,5,21,2.1,2021-06-12,2021-07-10,2023-04-29,2023-04-20,28,658,9,3,2021,EMA,2020-12-01,2021-02-21,82,1,CEC,2020-12-31,2021-03-30,89,191,1,0,1,0,1,1,0,0,0,1,1,Patient registry outreach,3,2,5,1,0,1,2650,0.522,14,0.64,adv_community_presentation,Community
SITE-00741,PROTO-B_CARDIO,Canada,North America,Cardiology,II,Heart Failure,Biotech,5,9,8,10,0,1,1,PI-021,5,2,5,1,4,871,1.7,2022-12-28,2022-12-14,2024-08-02,2024-08-31,-14,597,-29,4,2022,Other,2022-08-08,2022-11-14,98,0,IRB,2022-10-04,2022-11-08,35,71,2,0,0,0,1,0,1,0,1,0,1,Patient registry outreach,2,2,4,1,0,1,7600,0.37,400,20.1,adv_online,Online
SITE-00742,PROTO-B_CARDIO,India,Asia,Cardiology,II,Heart Failure,Biotech,5,9,8,10,0,1,1,PI-014,21,1,2,1,3,921,1.5,2023-01-12,2023-03-07,2024-06-25,2024-05-27,54,476,29,1,2023,Other,2022-10-18,2023-01-11,85,1,LEC,2022-11-03,2022-12-14,41,124,5,1,1,1,0,0,0,0,0,0,0,,1,2,3,1,0,1,850,0.423,400,25.21,adv_email,Email
SITE-00743,PROTO-B_CARDIO,USA,North America,Cardiology,II,Heart Failure,Biotech,5,9,8,10,0,1,1,PI-022,14,1,2,1,6,908,1.2,2023-05-01,2023-06-26,2024-08-02,2024-08-04,56,403,-2,2,2023,FDA,2022-12-27,2023-06-21,176,0,IRB,2023-02-16,2023-04-10,53,130,2,1,1,1,1,1,1,0,0,1,0,,3,4,7,1,0,1,3550,0.471,400,29.78,adv_email,Email
SITE-00744,PROTO-A_ONCO,Australia,APAC,Oncology,III,NSCLC,Pharma,8,18,12,15,1,1,1,PI-015,8,5,1,1,3,103,1.8,2023-04-13,2023-09-12,2025-05-06,2025-06-27,152,602,-52,3,2023,Other,2023-02-06,2023-07-03,147,1,LEC,2023-02-20,2023-03-30,38,204,1,0,0,0,0,0,0,0,0,0,0,,0,0,0,0,0,0,0,0.619,37,1.84,none,None
SITE-00745,PROTO-C_NEURO,India,Asia,Neurology,II,Alzheimer's,Academic,7,14,10,12,1,0,0,PI-026,19,2,2,1,6,144,3.3,2022-10-19,2023-01-18,2026-01-25,2026-02-17,91,1103,-23,1,2023,Other,2022-04-15,2022-09-30,168,1,CEC,2022-05-01,2022-08-07,98,262,2,0,0,1,0,1,0,0,0,1,0,,2,1,3,1,0,1,1200,0.546,128,3.48,adv_community_presentation,Community
SITE-00746,PROTO-C_NEURO,Australia,APAC,Neurology,II,Alzheimer's,Academic,7,14,10,12,1,0,0,PI-019,17,1,3,1,3,63,1.4,2023-06-05,2023-10-04,2024-11-07,2024-11-02,121,400,5,4,2023,Other,2023-01-20,2023-06-17,148,1,LEC,2023-02-14,2023-04-22,67,232,1,1,1,0,0,0,1,1,0,0,0,,0,4,4,0,1,0,2650,0.539,34,2.55,adv_poster,Poster
SITE-00747,PROTO-B_CARDIO,India,Asia,Cardiology,II,Heart Failure,Biotech,5,9,8,10,0,1,1,PI-024,21,3,4,1,1,978,2.4,2023-01-26,2023-05-19,2025-08-06,2025-08-25,113,810,-19,2,2023,Other,2022-11-16,2023-02-07,83,1,LEC,2022-12-19,2023-01-09,21,151,2,1,1,1,0,0,0,0,0,1,0,,2,2,4,1,0,1,1250,0.555,400,14.81,adv_email,Email
SITE-00748,PROTO-A_ONCO,India,Asia,Oncology,III,NSCLC,Pharma,8,18,12,15,1,1,1,PI-022,7,0,5,1,3,102,1.1,2023-05-16,2023-10-03,2024-07-28,2024-06-11,140,299,47,4,2023,Other,2023-03-06,2023-05-26,81,1,LEC,2023-03-16,2023-04-30,45,201,6,1,1,0,0,1,0,0,1,1,1,Patient registry outreach,2,4,6,1,0,0,6650,0.59,25,2.51,adv_community_presentation,Community
SITE-00749,PROTO-C_NEURO,Canada,North America,Neurology,II,Alzheimer's,Academic,7,14,10,12,1,0,0,PI-004,6,2,4,1,4,127,1.3,2023-06-04,2023-08-06,2024-10-29,2024-11-06,63,450,-8,3,2023,Other,2023-02-19,2023-06-17,118,0,IRB,2023-03-07,2023-04-12,36,152,3,1,0,1,1,1,0,1,0,1,0,,3,3,6,1,0,1,4100,0.587,49,3.27,adv_community_presentation,Community
SITE-00750,PROTO-A_ONCO,India,Asia,Oncology,III,NSCLC,Pharma,8,18,12,15,1,1,1,PI-027,15,2,1,1,4,91,2.0,2023-05-31,2023-11-10,2025-08-11,2025-11-12,163,640,-93,4,2023,Other,2023-03-15,2023-07-29,136,1,LEC,2023-04-10,2023-05-17,37,214,0,1,0,0,0,0,1,0,0,1,1,Patient registry outreach,2,2,4,1,0,0,2000,0.618,36,1.69,adv_community_presentation,Community
SITE-00751,PROTO-C_NEURO,Japan,Asia,Neurology,II,Alzheimer's,Academic,7,14,10,12,1,0,0,PI-012,7,1,3,1,4,72,2.3,2023-03-12,2023-07-09,2025-07-11,2025-05-15,119,733,57,3,2023,PMDA,2022-11-25,2023-03-07,102,1,LEC,2023-01-07,2023-02-05,29,183,3,1,1,0,0,0,0,0,0,0,0,,0,2,2,0,1,0,350,0.516,35,1.43,adv_poster,Poster
SITE-00752,PROTO-C_NEURO,USA,North America,Neurology,II,Alzheimer's,Academic,7,14,10,12,1,0,0,PI-008,5,3,4,1,5,89,1.9,2022-04-14,2022-07-02,2024-05-05,2024-05-04,79,673,1,3,2022,FDA,2022-01-11,2022-05-23,132,0,CEC,2022-01-22,2022-03-14,51,161,1,1,1,1,0,1,1,0,1,0,0,,1,5,6,1,0,1,6950,0.546,41,1.83,adv_email,Email
SITE-00753,PROTO-A_ONCO,India,Asia,Oncology,III,NSCLC,Pharma,8,18,12,15,1,1,1,PI-022,3,7,2,1,7,218,2.1,2022-09-06,2022-12-15,2024-10-09,2024-10-08,100,664,1,4,2022,Other,2022-06-08,2022-09-10,94,1,LEC,2022-07-01,2022-08-15,45,167,2,1,1,0,0,0,0,0,0,0,0,,0,2,2,0,1,0,350,0.601,65,2.94,adv_poster,Poster
SITE-00754,PROTO-B_CARDIO,Spain,Europe,Cardiology,II,Heart Failure,Biotech,5,9,8,10,0,1,1,PI-023,18,3,2,1,6,779,3.1,2022-08-14,2022-10-27,2025-08-25,2025-08-16,74,1033,9,4,2022,EMA,2022-03-28,2022-07-26,120,1,LEC,2022-05-17,2022-07-01,45,163,3,1,1,1,1,0,0,0,0,0,0,,2,2,4,1,0,1,2050,0.423,400,11.62,adv_email,Email
SITE-00755,PROTO-A_ONCO,Poland,Europe,Oncology,III,NSCLC,Pharma,8,18,12,15,1,1,1,PI-002,13,2,3,0,10,129,3.7,2023-09-19,2024-01-22,2027-07-08,2027-07-04,125,1263,4,1,2024,EMA,2023-05-20,2023-11-05,169,1,LEC,2023-07-05,2023-09-05,62,201,3,1,1,1,0,1,0,0,0,0,1,Patient registry outreach,2,3,5,1,0,1,1750,0.616,40,0.95,adv_email,Email
SITE-00756,PROTO-C_NEURO,USA,North America,Neurology,II,Alzheimer's,Academic,7,14,10,12,1,0,0,PI-006,15,3,1,1,3,20,3.9,2023-07-24,2023-07-27,2027-05-08,2027-05-10,3,1381,-2,3,2023,FDA,2023-02-07,2023-03-17,38,0,IRB,2023-03-16,2023-06-23,99,133,1,1,1,1,0,0,1,1,1,0,0,,1,5,6,1,0,1,8150,0.552,27,0.59,adv_email,Email
SITE-00757,PROTO-A_ONCO,Germany,Europe,Oncology,III,NSCLC,Pharma,8,18,12,15,1,1,1,PI-021,14,2,3,1,2,133,2.8,2021-11-06,2022-01-14,2024-06-23,2024-06-23,69,891,0,1,2022,EMA,2021-03-12,2021-08-17,158,1,CEC,2021-04-26,2021-08-19,115,263,2,1,1,1,0,1,0,0,0,1,0,,2,3,5,1,0,1,1550,0.588,107,3.6,adv_email,Email
SITE-00758,PROTO-B_CARDIO,USA,North America,Cardiology,II,Heart Failure,Biotech,5,9,8,10,0,1,1,PI-027,20,3,5,1,5,1241,3.9,2023-06-13,2023-05-11,2027-03-10,2027-04-04,-33,1399,-25,2,2023,FDA,2022-11-27,2023-03-06,99,0,CEC,2023-01-23,2023-04-06,73,108,0,1,1,1,0,0,0,0,0,1,0,,2,2,4,1,0,1,1250,0.435,400,8.58,adv_email,Email
SITE-00759,PROTO-C_NEURO,India,Asia,Neurology,II,Alzheimer's,Academic,7,14,10,12,1,0,0,PI-023,20,4,4,1,9,113,1.7,2021-01-09,2021-03-10,2022-08-19,2022-08-14,60,527,5,1,2021,Other,2020-08-31,2020-10-03,33,1,LEC,2020-10-15,2020-12-07,53,146,3,1,0,1,0,0,1,0,0,1,1,Patient registry outreach,3,2,5,1,0,1,2500,0.618,36,2.05,adv_community_presentation,Community
SITE-00760,PROTO-B_CARDIO,Australia,APAC,Cardiology,II,Heart Failure,Biotech,5,9,8,10,0,1,1,PI-009,3,2,1,1,7,705,3.2,2022-01-06,2022-07-05,2025-07-07,2025-08-24,180,1098,-48,3,2022,Other,2021-10-12,2022-03-22,161,1,LEC,2021-11-07,2021-12-02,25,240,1,1,1,1,0,0,0,0,0,0,0,,1,2,3,1,0,1,850,0.48,319,8.72,adv_email,Email
SITE-00761,PROTO-A_ONCO,USA,North America,Oncology,III,NSCLC,Pharma,8,18,12,15,1,1,1,PI-019,16,5,5,1,2,62,2.1,2021-06-09,2021-05-30,2023-05-16,2023-04-24,-10,716,22,2,2021,FDA,2020-12-07,2021-03-16,99,0,IRB,2021-01-29,2021-05-07,98,121,2,0,0,1,0,1,0,0,0,0,0,,1,1,2,1,0,1,800,0.58,50,2.09,adv_email,Email
SITE-00762,PROTO-B_CARDIO,Poland,Europe,Cardiology,II,Heart Failure,Biotech,5,9,8,10,0,1,1,PI-023,8,5,3,1,2,1026,2.6,2023-04-20,2023-05-16,2025-09-13,2025-10-01,26,851,-18,2,2023,EMA,2022-10-06,2023-01-17,103,1,CEC,2022-12-03,2023-02-17,76,164,2,1,0,1,0,0,0,0,0,0,0,,1,1,2,1,0,1,700,0.427,400,14.1,adv_email,Email
SITE-00763,PROTO-C_NEURO,Germany,Europe,Neurology,II,Alzheimer's,Academic,7,14,10,12,1,0,0,PI-001,20,2,4,1,2,125,3.5,2022-09-29,2023-02-07,2026-03-18,2026-03-26,131,1135,-8,1,2023,EMA,2022-05-20,2022-10-06,139,1,CEC,2022-06-07,2022-08-19,73,245,5,1,1,1,1,1,0,0,0,0,1,Patient registry outreach,3,3,6,1,0,1,2950,0.6,124,3.28,adv_email,Email
SITE-00764,PROTO-A_ONCO,Germany,Europe,Oncology,III,NSCLC,Pharma,8,18,12,15,1,1,1,PI-012,12,2,4,1,3,147,3.2,2022-07-17,2022-07-29,2025-07-21,2025-09-01,12,1088,-42,3,2022,EMA,2021-11-12,2022-03-22,130,1,CEC,2021-12-24,2022-05-18,145,217,0,1,1,1,1,0,0,0,1,0,1,Patient registry outreach,3,3,6,1,0,1,7650,0.499,142,3.92,adv_email,Email
SITE-00765,PROTO-B_CARDIO,Spain,Europe,Cardiology,II,Heart Failure,Biotech,5,9,8,10,0,1,1,PI-029,11,3,2,0,5,1161,3.5,2023-07-20,2023-07-31,2026-10-09,2026-08-21,11,1166,49,3,2023,EMA,2022-11-25,2023-02-01,68,1,CEC,2022-12-06,2023-04-29,144,237,1,1,1,1,0,0,1,0,0,0,0,,1,3,4,1,0,1,1650,0.424,400,10.29,adv_email,Email
SITE-00766,PROTO-B_CARDIO,USA,North America,Cardiology,II,Heart Failure,Biotech,5,9,8,10,0,1,1,PI-015,10,1,4,1,3,808,3.0,2022-03-24,2022-02-28,2025-01-10,2025-01-18,-24,1047,-8,1,2022,FDA,2021-09-02,2021-10-26,54,0,CEC,2021-09-15,2022-01-11,118,166,1,1,0,1,0,0,0,0,0,0,1,Patient registry outreach,2,1,3,1,0,1,1300,0.346,400,11.46,adv_email,Email
SITE-00767,PROTO-C_NEURO,UK,Europe,Neurology,II,Alzheimer's,Academic,7,14,10,12,1,0,0,PI-006,16,0,2,1,8,134,3.7,2022-03-14,2022-04-13,2025-09-22,2025-10-12,30,1258,-20,2,2022,MHRA,2021-09-12,2021-11-16,65,1,CEC,2021-09-27,2022-01-01,96,198,2,1,0,1,1,1,0,0,0,0,0,,2,2,4,1,0,1,2200,0.531,41,0.98,adv_email,Email
SITE-00768,PROTO-A_ONCO,Spain,Europe,Oncology,III,NSCLC,Pharma,8,18,12,15,1,1,1,PI-007,5,1,3,1,5,174,2.9,2021-12-24,2022-06-22,2025-01-21,2025-03-18,180,944,-56,2,2022,EMA,2021-10-06,2022-03-15,160,1,LEC,2021-11-03,2021-11-28,25,231,4,0,1,0,1,0,0,0,0,1,0,,2,1,3,1,0,1,1750,0.609,73,2.32,adv_community_presentation,Community
SITE-00769,PROTO-B_CARDIO,USA,North America,Cardiology,II,Heart Failure,Biotech,5,9,8,10,0,1,1,PI-011,14,1,2,1,9,780,3.8,2021-10-21,2021-12-18,2025-09-10,2025-09-03,58,1362,7,4,2021,FDA,2021-06-14,2021-10-31,139,0,IRB,2021-07-30,2021-09-17,49,141,1,1,0,1,0,0,0,0,0,0,0,,1,1,2,1,0,1,700,0.465,321,7.07,adv_email,Email
SITE-00770,PROTO-C_NEURO,Spain,Europe,Neurology,II,Alzheimer's,Academic,7,14,10,12,1,0,0,PI-011,23,3,1,1,5,157,3.1,2021-07-08,2021-11-26,2024-09-15,2024-12-01,141,1024,-77,4,2021,EMA,2021-02-27,2021-08-10,164,1,LEC,2021-04-27,2021-06-02,36,213,1,1,1,1,0,0,1,0,0,0,0,,1,3,4,1,0,1,1650,0.627,114,3.34,adv_email,Email
SITE-00771,PROTO-A_ONCO,India,Asia,Oncology,III,NSCLC,Pharma,8,18,12,15,1,1,1,PI-010,16,4,1,1,6,140,2.7,2022-01-13,2022-03-17,2024-08-11,2024-09-17,63,878,-37,1,2022,Other,2021-07-26,2021-09-05,41,1,CEC,2021-08-30,2021-11-25,87,199,3,1,0,0,1,0,0,0,0,1,0,,2,1,3,1,0,1,1800,0.578,77,2.63,adv_community_presentation,Community
SITE-00772,PROTO-A_ONCO,Australia,APAC,Oncology,III,NSCLC,Pharma,8,18,12,15,1,1,1,PI-027,19,4,5,1,8,99,3.1,2021-11-20,2022-02-07,2025-01-13,2025-03-06,79,1071,-52,1,2022,Other,2021-09-14,2021-11-18,65,1,LEC,2021-09-26,2021-10-27,31,134,0,1,0,0,0,0,0,0,0,1,0,,1,1,2,1,0,0,600,0.623,36,1.01,adv_community_presentation,Community
SITE-00773,PROTO-C_NEURO,Spain,Europe,Neurology,II,Alzheimer's,Academic,7,14,10,12,1,0,0,PI-009,13,0,1,1,2,43,3.8,2021-10-02,2021-12-19,2025-07-01,2025-07-01,78,1290,0,4,2021,EMA,2021-06-14,2021-08-01,48,1,LEC,2021-08-01,2021-08-26,25,140,1,1,0,1,1,0,1,0,0,0,0,,2,2,4,1,0,1,2700,0.596,51,1.19,adv_email,Email
SITE-00774,PROTO-B_CARDIO,Poland,Europe,Cardiology,II,Heart Failure,Biotech,5,9,8,10,0,1,1,PI-014,11,0,1,1,5,1169,1.3,2023-04-24,2023-07-22,2024-07-12,2024-08-18,89,356,-37,3,2023,EMA,2022-12-25,2023-03-21,86,1,LEC,2023-01-16,2023-03-19,62,187,3,1,1,0,0,0,0,0,0,0,0,,0,2,2,0,1,0,350,0.45,400,33.71,adv_poster,Poster
SITE-00775,PROTO-B_CARDIO,USA,North America,Cardiology,II,Heart Failure,Biotech,5,9,8,10,0,1,1,PI-020,13,2,1,1,5,1027,3.8,2023-09-16,2023-09-28,2027-06-26,2027-08-04,12,1367,-39,3,2023,FDA,2023-06-06,2023-07-07,31,0,IRB,2023-06-29,2023-08-20,52,91,1,1,0,1,0,1,1,0,0,0,0,,1,3,4,1,0,1,1800,0.391,400,8.78,adv_email,Email
SITE-00776,PROTO-C_NEURO,Germany,Europe,Neurology,II,Alzheimer's,Academic,7,14,10,12,1,0,0,PI-002,16,1,2,1,5,133,2.6,2021-07-10,2021-12-03,2024-05-01,2024-04-08,146,880,23,4,2021,EMA,2021-04-17,2021-09-02,138,1,LEC,2021-05-19,2021-06-22,34,198,1,1,0,1,0,1,0,0,0,1,1,Patient registry outreach,3,2,5,1,0,1,2000,0.597,72,2.45,adv_community_presentation,Community
SITE-00777,PROTO-C_NEURO,USA,North America,Neurology,II,Alzheimer's,Academic,7,14,10,12,1,0,0,PI-001,16,0,4,1,4,58,3.5,2021-12-14,2021-11-23,2025-04-30,2025-05-04,-21,1254,-4,4,2021,FDA,2021-06-26,2021-11-04,131,0,IRB,2021-08-17,2021-10-26,70,98,0,1,1,0,0,0,1,0,0,0,0,,0,3,3,0,1,0,1150,0.557,38,0.91,adv_poster,Poster
SITE-00778,PROTO-C_NEURO,UK,Europe,Neurology,II,Alzheimer's,Academic,7,14,10,12,1,0,0,PI-022,21,3,4,1,2,54,1.8,2023-07-10,2023-10-05,2025-05-13,2025-04-12,87,586,31,4,2023,MHRA,2023-03-18,2023-07-18,122,1,LEC,2023-04-28,2023-06-14,47,160,1,1,1,1,0,0,0,0,1,1,0,,2,3,5,1,0,1,6250,0.507,54,2.76,adv_community_presentation,Community
SITE-00779,PROTO-B_CARDIO,Germany,Europe,Cardiology,II,Heart Failure,Biotech,5,9,8,10,0,1,1,PI-012,22,2,4,1,7,901,2.8,2021-10-06,2021-09-07,2024-04-27,2024-04-23,-29,963,4,3,2021,EMA,2021-03-29,2021-05-12,44,1,CEC,2021-05-27,2021-07-30,64,103,1,1,0,1,0,1,0,0,0,0,0,,1,2,3,1,0,1,1000,0.377,400,12.46,adv_email,Email
SITE-00780,PROTO-C_NEURO,UK,Europe,Neurology,II,Alzheimer's,Academic,7,14,10,12,1,0,0,PI-016,18,2,2,1,5,132,1.5,2023-04-04,2023-08-02,2024-11-22,2024-11-16,120,478,6,3,2023,MHRA,2022-12-21,2023-04-26,126,1,LEC,2023-02-02,2023-02-24,22,181,1,1,1,1,1,0,0,0,0,1,0,,3,2,5,1,0,1,2450,0.466,62,3.89,adv_community_presentation,Community
SITE-00781,PROTO-C_NEURO,USA,North America,Neurology,II,Alzheimer's,Academic,7,14,10,12,1,0,0,PI-013,21,4,1,1,7,50,3.5,2022-07-06,2022-07-01,2025-12-05,2025-12-09,-5,1253,-4,3,2022,FDA,2022-02-14,2022-04-10,55,0,IRB,2022-03-28,2022-05-17,50,95,1,1,0,1,0,0,0,1,0,0,0,,1,2,3,1,0,1,2200,0.519,35,0.84,adv_email,Email
SITE-00782,PROTO-A_ONCO,Poland,Europe,Oncology,III,NSCLC,Pharma,8,18,12,15,1,1,1,PI-017,21,2,2,1,5,105,2.9,2021-09-13,2021-12-05,2024-08-19,2024-07-29,83,988,21,4,2021,EMA,2021-06-15,2021-08-21,67,1,LEC,2021-07-15,2021-08-18,34,143,0,1,1,1,1,1,0,0,0,0,0,,2,3,5,1,0,1,2350,0.672,65,1.97,adv_email,Email
SITE-00783,PROTO-C_NEURO,USA,North America,Neurology,II,Alzheimer's,Academic,7,14,10,12,1,0,0,PI-005,20,2,4,1,5,102,3.0,2021-06-03,2021-08-07,2024-07-12,2024-06-23,65,1070,19,3,2021,FDA,2021-01-22,2021-07-19,178,0,CEC,2021-02-20,2021-04-20,59,168,1,1,0,0,1,0,1,0,1,0,1,Patient registry outreach,2,3,5,1,0,1,7800,0.629,41,1.15,adv_online,Online
SITE-00784,PROTO-C_NEURO,Poland,Europe,Neurology,II,Alzheimer's,Academic,7,14,10,12,1,0,0,PI-027,2,3,1,1,7,134,2.7,2023-04-03,2023-06-13,2025-12-09,2026-01-23,71,910,-45,2,2023,EMA,2023-01-07,2023-02-15,39,1,LEC,2023-02-12,2023-03-09,25,121,3,1,1,0,0,0,0,0,0,0,0,,0,2,2,0,1,0,350,0.504,41,1.35,adv_poster,Poster
SITE-00785,PROTO-C_NEURO,Brazil,LATAM,Neurology,II,Alzheimer's,Academic,7,14,10,12,1,0,0,PI-020,21,3,5,1,6,100,3.7,2022-06-14,2022-12-15,2026-05-14,2026-04-20,184,1246,24,4,2022,Other,2022-03-02,2022-08-23,174,1,LEC,2022-03-23,2022-05-30,68,267,0,1,0,0,1,0,0,0,0,1,0,,2,1,3,1,0,1,1800,0.509,89,2.14,adv_community_presentation,Community
SITE-00786,PROTO-B_CARDIO,USA,North America,Cardiology,II,Heart Failure,Biotech,5,9,8,10,0,1,1,PI-011,13,3,4,0,6,916,1.7,2021-05-19,2021-06-24,2023-02-02,2023-02-15,36,588,-13,2,2021,FDA,2021-01-31,2021-05-29,118,0,CEC,2021-02-13,2021-04-28,74,131,1,1,1,1,1,0,0,0,0,0,0,,2,2,4,1,0,1,2050,0.38,400,20.41,adv_email,Email
SITE-00787,PROTO-C_NEURO,Australia,APAC,Neurology,II,Alzheimer's,Academic,7,14,10,12,1,0,0,PI-010,21,3,1,1,4,87,1.3,2021-11-20,2022-01-21,2022-12-30,2023-02-21,62,343,-53,1,2022,Other,2021-03-29,2021-06-28,91,1,CEC,2021-04-20,2021-09-03,136,276,3,1,0,1,1,1,0,0,0,0,0,,2,2,4,1,0,1,2200,0.58,40,3.5,adv_email,Email
SITE-00788,PROTO-A_ONCO,Poland,Europe,Oncology,III,NSCLC,Pharma,8,18,12,15,1,1,1,PI-025,4,2,5,1,3,141,2.6,2021-01-18,2021-05-09,2023-09-23,2023-10-18,111,867,-25,2,2021,EMA,2020-08-15,2021-01-16,154,1,CEC,2020-09-26,2020-12-06,71,225,1,1,1,0,1,0,0,0,0,0,0,,1,2,3,1,0,1,1550,0.604,72,2.49,adv_online,Online
SITE-00789,PROTO-C_NEURO,Japan,Asia,Neurology,II,Alzheimer's,Academic,7,14,10,12,1,0,0,PI-002,21,6,1,1,5,41,2.3,2021-08-03,2021-09-24,2023-09-22,2023-11-14,52,728,-53,3,2021,PMDA,2021-02-23,2021-04-20,56,1,CEC,2021-03-09,2021-06-07,90,199,3,0,1,1,0,1,0,0,0,0,0,,1,2,3,1,0,1,950,0.572,31,1.28,adv_email,Email
SITE-00790,PROTO-A_ONCO,USA,North America,Oncology,III,NSCLC,Pharma,8,18,12,15,1,1,1,PI-027,16,3,1,1,0,103,3.2,2022-01-07,2021-12-13,2025-01-30,2025-02-27,-25,1144,-28,4,2021,FDA,2021-08-23,2021-11-27,96,0,IRB,2021-10-19,2021-11-26,38,55,2,1,0,1,1,0,0,1,0,0,1,Patient registry outreach,3,2,5,1,0,1,4000,0.513,156,4.09,adv_email,Email
SITE-00791,PROTO-A_ONCO,Germany,Europe,Oncology,III,NSCLC,Pharma,8,18,12,15,1,1,1,PI-009,2,2,4,1,4,151,3.7,2023-04-09,2023-05-25,2026-10-20,2026-10-23,46,1244,-3,2,2023,EMA,2022-09-21,2023-02-20,152,1,CEC,2022-10-25,2023-02-09,107,212,1,1,1,0,0,0,0,0,0,0,0,,0,2,2,0,1,0,350,0.585,84,2.03,adv_poster,Poster
SITE-00792,PROTO-B_CARDIO,Poland,Europe,Cardiology,II,Heart Failure,Biotech,5,9,8,10,0,1,1,PI-006,17,3,4,1,3,1210,3.5,2021-05-24,2021-07-21,2024-11-14,2024-10-11,58,1212,34,3,2021,EMA,2020-12-26,2021-06-03,159,1,CEC,2021-01-23,2021-04-13,80,179,2,1,1,1,1,1,0,0,0,1,0,,3,3,6,1,0,1,2750,0.383,400,9.9,adv_email,Email
SITE-00793,PROTO-C_NEURO,Australia,APAC,Neurology,II,Alzheimer's,Academic,7,14,10,12,1,0,0,PI-006,5,4,5,1,5,89,2.3,2022-01-07,2022-04-17,2024-05-18,2024-06-09,100,762,-22,2,2022,Other,2021-10-14,2022-01-27,105,1,LEC,2021-11-11,2021-12-06,25,157,2,1,1,1,0,1,0,0,1,0,1,Patient registry outreach,2,4,6,1,0,1,6750,0.566,43,1.69,adv_email,Email
SITE-00794,PROTO-A_ONCO,USA,North America,Oncology,III,NSCLC,Pharma,8,18,12,15,1,1,1,PI-019,23,4,3,1,6,20,3.3,2023-03-12,2023-05-22,2026-08-13,2026-09-13,71,1179,-31,2,2023,FDA,2022-11-14,2023-04-11,148,0,IRB,2022-12-07,2023-02-11,66,166,1,1,1,0,1,0,0,0,0,0,0,,1,2,3,1,0,1,1550,0.621,11,0.28,adv_online,Online
SITE-00795,PROTO-B_CARDIO,Japan,Asia,Cardiology,II,Heart Failure,Biotech,5,9,8,10,0,1,1,PI-023,15,1,5,1,3,1100,2.1,2022-07-12,2022-08-23,2024-05-10,2024-05-17,42,626,-7,3,2022,PMDA,2021-12-07,2022-04-23,137,1,CEC,2022-01-16,2022-04-15,89,219,3,0,0,1,1,1,1,0,0,0,0,,2,2,4,1,0,1,2800,0.432,400,19.17,adv_email,Email
SITE-00796,PROTO-C_NEURO,Brazil,LATAM,Neurology,II,Alzheimer's,Academic,7,14,10,12,1,0,0,PI-021,13,3,4,1,3,140,2.0,2023-01-12,2023-04-05,2025-01-23,2024-12-21,83,659,33,2,2023,Other,2022-09-09,2022-12-16,98,1,LEC,2022-10-26,2022-12-25,60,161,3,0,1,1,0,1,0,0,0,1,0,,2,2,4,1,0,1,1350,0.586,85,3.87,adv_community_presentation,Community
SITE-00797,PROTO-B_CARDIO,Germany,Europe,Cardiology,II,Heart Failure,Biotech,5,9,8,10,0,1,1,PI-007,19,2,4,1,5,1059,2.4,2022-03-08,2022-05-05,2024-06-04,2024-04-23,58,761,42,2,2022,EMA,2021-07-30,2022-01-19,173,1,CEC,2021-09-16,2021-12-19,94,231,3,1,0,0,1,1,0,0,0,0,0,,1,2,3,1,0,1,1700,0.329,400,15.77,adv_online,Online
SITE-00798,PROTO-A_ONCO,Germany,Europe,Oncology,III,NSCLC,Pharma,8,18,12,15,1,1,1,PI-014,19,3,3,1,3,145,2.0,2023-01-19,2023-04-10,2025-01-19,2025-01-01,81,650,18,2,2023,EMA,2022-09-20,2023-01-27,129,1,CEC,2022-10-10,2022-12-24,75,182,2,1,0,0,0,0,0,0,0,0,0,,0,1,1,0,1,0,200,0.584,73,3.37,adv_poster,Poster
SITE-00799,PROTO-B_CARDIO,USA,North America,Cardiology,II,Heart Failure,Biotech,5,9,8,10,0,1,1,PI-011,5,2,4,1,5,926,2.8,2022-06-15,2022-10-01,2025-06-22,2025-06-19,108,995,3,4,2022,FDA,2022-02-11,2022-07-31,170,0,IRB,2022-03-27,2022-05-22,56,188,2,1,1,1,0,0,0,1,0,1,0,,2,3,5,1,0,1,2750,0.297,400,12.06,adv_email,Email
SITE-00800,PROTO-C_NEURO,Germany,Europe,Neurology,II,Alzheimer's,Academic,7,14,10,12,1,0,0,PI-028,11,2,2,1,2,67,3.2,2022-01-24,2022-04-15,2025-03-09,2025-02-08,81,1059,29,2,2022,EMA,2021-09-30,2021-12-13,74,1,CEC,2021-10-15,2021-11-29,45,182,2,1,1,1,1,1,0,0,0,0,0,,2,3,5,1,0,1,2350,0.575,64,1.81,adv_email,Email
SITE-00801,PROTO-C_NEURO,USA,North America,Neurology,II,Alzheimer's,Academic,7,14,10,12,1,0,0,PI-005,16,4,3,1,5,179,1.3,2022-12-14,2023-01-15,2024-04-06,2024-04-06,32,447,0,1,2023,FDA,2022-08-04,2022-12-17,135,0,IRB,2022-09-13,2022-11-19,67,124,1,1,1,1,1,0,0,0,0,0,0,,2,2,4,1,0,1,2050,0.552,89,5.97,adv_email,Email
SITE-00802,PROTO-C_NEURO,India,Asia,Neurology,II,Alzheimer's,Academic,7,14,10,12,1,0,0,PI-026,20,2,4,1,4,62,3.6,2022-01-20,2022-05-06,2025-09-03,2025-10-02,106,1216,-29,2,2022,Other,2021-10-16,2022-01-13,89,1,LEC,2021-11-10,2022-01-01,52,177,0,0,1,1,1,1,1,0,0,0,1,Patient registry outreach,3,3,6,1,0,1,3550,0.573,52,1.28,adv_email,Email
SITE-00803,PROTO-C_NEURO,USA,North America,Neurology,II,Alzheimer's,Academic,7,14,10,12,1,0,0,PI-024,11,4,1,1,7,129,1.0,2022-07-26,2022-10-03,2023-09-22,2023-11-11,69,354,-50,4,2022,FDA,2022-04-10,2022-08-29,141,0,IRB,2022-04-28,2022-06-02,35,158,0,0,1,1,0,0,0,0,0,1,0,,2,1,3,1,0,1,1050,0.519,44,3.73,adv_community_presentation,Community
SITE-00804,PROTO-A_ONCO,Japan,Asia,Oncology,III,NSCLC,Pharma,8,18,12,15,1,1,1,PI-026,19,5,2,1,6,228,2.0,2021-11-03,2022-01-02,2023-09-02,2023-08-17,60,608,16,1,2022,PMDA,2021-04-29,2021-09-02,126,1,CEC,2021-06-15,2021-08-11,57,201,6,0,1,1,1,0,0,0,0,0,0,,2,1,3,1,0,1,1850,0.507,119,5.87,adv_email,Email
SITE-00805,PROTO-B_CARDIO,Germany,Europe,Cardiology,II,Heart Failure,Biotech,5,9,8,10,0,1,1,PI-014,21,2,2,1,1,748,3.5,2021-07-05,2021-07-29,2024-11-09,2024-11-21,24,1199,-12,3,2021,EMA,2021-01-06,2021-05-07,121,1,CEC,2021-03-02,2021-04-24,53,149,1,1,1,0,0,0,0,1,0,0,0,,0,3,3,0,1,0,1850,0.461,400,10.01,adv_poster,Poster
SITE-00806,PROTO-C_NEURO,USA,North America,Neurology,II,Alzheimer's,Academic,7,14,10,12,1,0,0,PI-029,22,2,1,1,5,116,3.8,2021-10-24,2021-10-30,2025-07-29,2025-08-16,6,1368,-18,4,2021,FDA,2021-06-15,2021-07-24,39,0,IRB,2021-08-07,2021-10-05,59,84,0,1,0,0,0,0,1,0,0,0,0,,0,2,2,0,1,0,1000,0.544,86,1.89,adv_poster,Poster
SITE-00807,PROTO-B_CARDIO,India,Asia,Cardiology,II,Heart Failure,Biotech,5,9,8,10,0,1,1,PI-020,5,2,4,1,2,921,3.0,2021-02-05,2021-03-28,2023-12-02,2023-12-24,51,979,-22,1,2021,Other,2020-07-04,2020-09-26,84,1,CEC,2020-08-01,2020-12-18,139,239,3,1,0,1,0,0,0,0,0,0,1,Patient registry outreach,2,1,3,1,0,1,1300,0.419,400,12.26,adv_email,Email
SITE-00808,PROTO-B_CARDIO,Canada,North America,Cardiology,II,Heart Failure,Biotech,5,9,8,10,0,1,1,PI-013,4,2,3,1,3,983,2.9,2022-02-17,2022-03-15,2024-12-10,2024-11-12,26,1001,28,1,2022,Other,2021-09-11,2022-01-18,129,0,IRB,2021-10-01,2022-01-08,99,165,4,1,0,1,1,1,0,0,0,0,0,,2,2,4,1,0,1,2200,0.357,400,11.99,adv_email,Email
SITE-00809,PROTO-B_CARDIO,UK,Europe,Cardiology,II,Heart Failure,Biotech,5,9,8,10,0,1,1,PI-020,22,4,5,1,3,812,1.6,2023-01-26,2023-04-09,2024-07-08,2024-08-10,73,456,-33,2,2023,MHRA,2022-07-02,2022-12-08,159,1,CEC,2022-07-16,2022-10-29,105,267,3,1,1,1,1,0,0,0,0,1,0,,3,2,5,1,0,1,2450,0.353,400,26.32,adv_email,Email
SITE-00810,PROTO-C_NEURO,Canada,North America,Neurology,II,Alzheimer's,Academic,7,14,10,12,1,0,0,PI-019,14,0,1,0,4,67,1.5,2023-08-13,2023-10-14,2025-03-12,2025-03-31,62,515,-19,4,2023,Other,2023-03-23,2023-09-17,178,0,IRB,2023-04-11,2023-07-07,87,186,1,1,0,1,0,0,0,1,0,0,1,Patient registry outreach,2,2,4,1,0,1,2800,0.521,21,1.22,adv_email,Email
SITE-00811,PROTO-C_NEURO,Canada,North America,Neurology,II,Alzheimer's,Academic,7,14,10,12,1,0,0,PI-018,13,1,1,1,3,63,2.1,2022-09-08,2022-09-19,2024-09-26,2024-10-01,11,738,-5,3,2022,Other,2022-04-16,2022-08-14,120,0,IRB,2022-05-20,2022-08-13,85,122,0,1,1,1,0,0,1,0,0,0,0,,1,3,4,1,0,1,1650,0.568,39,1.59,adv_email,Email
SITE-00812,PROTO-B_CARDIO,USA,North America,Cardiology,II,Heart Failure,Biotech,5,9,8,10,0,1,1,PI-011,5,1,1,1,2,577,3.5,2023-04-13,2023-03-25,2026-08-26,2026-09-09,-19,1250,-14,1,2023,FDA,2022-11-19,2022-12-28,39,0,IRB,2022-12-27,2023-03-08,71,88,1,1,1,0,0,0,0,0,0,1,0,,1,2,3,1,0,0,750,0.32,400,9.6,adv_community_presentation,Community
SITE-00813,PROTO-B_CARDIO,USA,North America,Cardiology,II,Heart Failure,Biotech,5,9,8,10,0,1,1,PI-005,19,3,2,1,4,749,1.6,2023-07-13,2023-06-03,2024-12-04,2024-12-16,-40,550,-12,2,2023,FDA,2022-12-29,2023-03-30,91,0,CEC,2023-01-29,2023-05-13,104,125,0,1,1,1,0,0,0,0,0,0,0,,1,2,3,1,0,1,850,0.334,400,21.82,adv_email,Email
SITE-00814,PROTO-A_ONCO,India,Asia,Oncology,III,NSCLC,Pharma,8,18,12,15,1,1,1,PI-026,8,6,2,1,3,27,2.6,2022-01-25,2022-04-29,2024-09-14,2024-08-26,94,869,19,2,2022,Other,2021-09-11,2022-03-03,173,1,LEC,2021-11-01,2021-12-24,53,179,3,1,1,0,0,0,0,0,0,0,0,,0,2,2,0,1,0,350,0.554,18,0.62,adv_poster,Poster
SITE-00815,PROTO-A_ONCO,USA,North America,Oncology,III,NSCLC,Pharma,8,18,12,15,1,1,1,PI-008,14,3,2,1,3,251,1.4,2021-06-15,2021-08-22,2022-12-22,2022-12-08,68,487,14,3,2021,FDA,2021-02-11,2021-07-14,153,0,IRB,2021-02-21,2021-05-02,70,182,0,0,0,1,0,1,0,0,0,1,0,,2,1,3,1,0,1,1200,0.581,117,7.21,adv_email,Email
SITE-00816,PROTO-B_CARDIO,Canada,North America,Cardiology,II,Heart Failure,Biotech,5,9,8,10,0,1,1,PI-019,20,2,3,1,5,959,1.3,2023-03-07,2023-03-23,2024-05-31,2024-07-24,16,435,-54,1,2023,Other,2022-11-30,2023-03-14,104,0,IRB,2022-12-11,2023-02-13,64,102,2,1,0,0,0,0,0,0,0,1,0,,1,1,2,1,0,0,600,0.422,400,27.59,adv_community_presentation,Community
SITE-00817,PROTO-B_CARDIO,USA,North America,Cardiology,II,Heart Failure,Biotech,5,9,8,10,0,1,1,PI-008,7,2,1,1,5,1038,2.1,2022-02-23,2022-04-09,2024-03-19,2024-03-11,45,710,8,2,2022,FDA,2021-09-03,2022-01-06,125,0,IRB,2021-10-31,2022-02-05,97,160,3,1,1,0,1,0,0,0,0,0,0,,1,2,3,1,0,1,1550,0.334,400,16.9,adv_online,Online
SITE-00818,PROTO-B_CARDIO,USA,North America,Cardiology,II,Heart Failure,Biotech,5,9,8,10,0,1,1,PI-008,12,1,4,1,9,1029,3.2,2022-03-20,2022-04-26,2025-06-06,2025-07-10,37,1137,-34,2,2022,FDA,2021-12-20,2022-01-28,39,0,IRB,2022-01-11,2022-03-01,49,105,5,0,0,1,1,1,0,0,0,1,0,,3,1,4,1,0,1,2400,0.379,400,10.55,adv_email,Email
SITE-00819,PROTO-B_CARDIO,Poland,Europe,Cardiology,II,Heart Failure,Biotech,5,9,8,10,0,1,1,PI-014,4,4,4,1,4,1120,3.2,2022-11-10,2023-01-22,2026-02-05,2026-03-31,73,1110,-54,1,2023,EMA,2022-07-13,2022-11-30,140,1,LEC,2022-09-02,2022-10-09,37,142,2,1,0,1,1,0,1,0,0,1,0,,3,2,5,1,0,1,3100,0.351,400,10.81,adv_email,Email
SITE-00820,PROTO-B_CARDIO,Brazil,LATAM,Cardiology,II,Heart Failure,Biotech,5,9,8,10,0,1,1,PI-010,2,4,4,1,4,924,2.4,2022-05-01,2022-08-20,2024-09-22,2024-09-28,111,764,-6,3,2022,Other,2021-12-31,2022-03-18,77,1,LEC,2022-02-01,2022-03-31,58,200,5,1,0,1,1,0,0,0,0,0,0,,2,1,3,1,0,1,1900,0.398,400,15.71,adv_email,Email
SITE-00821,PROTO-C_NEURO,USA,North America,Neurology,II,Alzheimer's,Academic,7,14,10,12,1,0,0,PI-006,20,2,5,1,5,90,2.1,2022-05-10,2022-06-22,2024-07-06,2024-08-03,43,745,-28,2,2022,FDA,2021-12-14,2022-05-08,145,0,IRB,2022-01-31,2022-03-14,42,142,1,0,1,0,0,0,0,0,0,1,1,Patient registry outreach,2,1,3,1,0,0,1150,0.531,60,2.42,adv_community_presentation,Community
SITE-00822,PROTO-B_CARDIO,Germany,Europe,Cardiology,II,Heart Failure,Biotech,5,9,8,10,0,1,1,PI-018,22,5,4,1,4,1139,3.8,2022-07-02,2022-12-08,2026-07-20,2026-07-24,159,1320,-4,4,2022,EMA,2022-04-21,2022-09-22,154,1,LEC,2022-05-27,2022-06-21,25,195,1,0,1,0,1,0,0,0,0,0,1,Patient registry outreach,2,1,3,1,0,1,1950,0.376,400,9.09,adv_online,Online
SITE-00823,PROTO-B_CARDIO,Poland,Europe,Cardiology,II,Heart Failure,Biotech,5,9,8,10,0,1,1,PI-010,21,4,4,0,3,824,1.6,2021-07-27,2021-12-21,2023-06-01,2023-07-05,147,527,-34,4,2021,EMA,2021-05-01,2021-09-21,143,1,LEC,2021-05-28,2021-06-22,25,207,2,0,1,1,0,1,0,0,0,0,0,,1,2,3,1,0,1,950,0.347,400,22.77,adv_email,Email
SITE-00824,PROTO-C_NEURO,USA,North America,Neurology,II,Alzheimer's,Academic,7,14,10,12,1,0,0,PI-029,4,2,2,1,3,91,3.3,2022-07-20,2022-07-23,2025-10-07,2025-09-17,3,1172,20,3,2022,FDA,2022-01-30,2022-03-25,54,0,IRB,2022-03-30,2022-06-05,67,115,2,1,1,1,0,0,1,0,0,1,0,,2,3,5,1,0,1,2050,0.619,61,1.56,adv_community_presentation,Community
SITE-00825,PROTO-A_ONCO,USA,North America,Oncology,III,NSCLC,Pharma,8,18,12,15,1,1,1,PI-013,9,2,2,1,4,139,1.3,2022-07-31,2022-08-17,2023-10-26,2023-11-12,17,435,-17,3,2022,FDA,2022-02-12,2022-04-22,69,0,IRB,2022-04-07,2022-07-15,99,132,2,1,1,0,0,0,0,0,0,0,0,,0,2,2,0,1,0,350,0.576,50,3.45,adv_poster,Poster
SITE-00826,PROTO-A_ONCO,Brazil,LATAM,Oncology,III,NSCLC,Pharma,8,18,12,15,1,1,1,PI-027,6,4,4,1,4,197,3.2,2021-06-24,2021-08-30,2024-08-24,2024-09-04,67,1090,-11,3,2021,Other,2021-03-25,2021-04-25,31,1,LEC,2021-04-04,2021-06-07,64,148,3,1,1,0,1,0,1,0,1,0,0,,1,4,5,1,0,1,7350,0.627,86,2.37,adv_online,Online
SITE-00827,PROTO-A_ONCO,UK,Europe,Oncology,III,NSCLC,Pharma,8,18,12,15,1,1,1,PI-018,14,6,3,1,1,117,1.9,2022-04-02,2022-06-21,2024-01-23,2024-01-23,80,581,0,2,2022,MHRA,2021-11-25,2022-01-04,40,1,LEC,2021-12-16,2022-02-17,63,187,1,0,1,0,0,0,0,0,0,1,0,,1,1,2,1,0,0,550,0.632,85,4.39,adv_community_presentation,Community
SITE-00828,PROTO-B_CARDIO,USA,North America,Cardiology,II,Heart Failure,Biotech,5,9,8,10,0,1,1,PI-026,4,2,1,1,5,1028,3.5,2022-08-18,2022-08-13,2026-01-08,2026-02-10,-5,1244,-33,3,2022,FDA,2022-03-23,2022-06-01,70,0,CEC,2022-05-14,2022-06-29,46,91,3,1,1,1,1,0,0,0,0,0,0,,2,2,4,1,0,1,2050,0.416,400,9.65,adv_email,Email
SITE-00829,PROTO-A_ONCO,Spain,Europe,Oncology,III,NSCLC,Pharma,8,18,12,15,1,1,1,PI-010,13,2,2,1,2,169,2.3,2021-02-09,2021-05-06,2023-05-03,2023-05-06,86,727,-3,2,2021,EMA,2020-09-24,2020-11-30,67,1,LEC,2020-11-22,2021-01-23,62,165,1,0,0,1,1,0,0,0,0,0,0,,2,0,2,1,0,1,1700,0.589,115,4.75,adv_email,Email
SITE-00830,PROTO-B_CARDIO,India,Asia,Cardiology,II,Heart Failure,Biotech,5,9,8,10,0,1,1,PI-002,14,2,2,1,7,1367,4.0,2022-09-10,2023-01-05,2026-10-07,2026-11-17,117,1371,-41,1,2023,Other,2022-04-13,2022-09-27,167,1,CEC,2022-04-28,2022-06-21,54,252,0,1,1,0,1,1,1,0,0,0,0,,1,4,5,1,0,1,2650,0.415,400,8.75,adv_online,Online
SITE-00831,PROTO-A_ONCO,UK,Europe,Oncology,III,NSCLC,Pharma,8,18,12,15,1,1,1,PI-011,5,3,1,1,3,50,3.4,2021-12-29,2022-01-08,2025-04-07,2025-03-08,10,1185,30,1,2022,MHRA,2021-09-12,2021-11-06,55,1,LEC,2021-10-02,2021-11-26,55,98,1,1,0,0,0,0,0,1,0,0,0,,0,2,2,0,1,0,1700,0.628,25,0.63,adv_poster,Poster
SITE-00832,PROTO-C_NEURO,UK,Europe,Neurology,II,Alzheimer's,Academic,7,14,10,12,1,0,0,PI-026,21,5,2,1,6,110,3.1,2022-07-16,2022-09-09,2025-07-19,2025-08-23,55,1044,-35,3,2022,MHRA,2022-01-14,2022-06-06,143,1,CEC,2022-02-28,2022-05-17,78,193,3,0,1,1,0,0,1,0,0,0,0,,1,2,3,1,0,1,1450,0.49,74,2.13,adv_email,Email
SITE-00833,PROTO-A_ONCO,UK,Europe,Oncology,III,NSCLC,Pharma,8,18,12,15,1,1,1,PI-008,18,2,3,1,1,178,2.5,2021-06-11,2021-09-15,2023-12-25,2024-01-18,96,831,-24,3,2021,MHRA,2021-02-12,2021-06-13,121,1,LEC,2021-03-29,2021-05-11,43,170,2,1,1,0,1,0,1,0,0,0,1,Patient registry outreach,2,3,5,1,0,1,2950,0.608,154,5.56,adv_online,Online
SITE-00834,PROTO-C_NEURO,Canada,North America,Neurology,II,Alzheimer's,Academic,7,14,10,12,1,0,0,PI-011,20,2,3,1,3,32,2.6,2023-05-06,2023-05-10,2025-10-30,2025-09-01,4,904,59,2,2023,Other,2022-11-08,2023-03-20,132,0,IRB,2022-12-09,2023-03-08,89,152,4,0,1,1,0,0,0,0,0,0,1,Patient registry outreach,2,1,3,1,0,1,1250,0.496,41,1.36,adv_email,Email
SITE-00835,PROTO-B_CARDIO,Brazil,LATAM,Cardiology,II,Heart Failure,Biotech,5,9,8,10,0,1,1,PI-012,18,0,4,1,2,1447,3.7,2021-05-31,2021-12-12,2025-05-15,2025-04-11,195,1250,34,4,2021,Other,2021-03-20,2021-08-31,164,1,LEC,2021-04-08,2021-05-10,32,248,3,1,0,0,1,0,0,0,0,0,0,,1,1,2,1,0,1,1400,0.507,400,9.6,adv_online,Online
SITE-00836,PROTO-B_CARDIO,Germany,Europe,Cardiology,II,Heart Failure,Biotech,5,9,8,10,0,1,1,PI-021,7,3,2,1,4,837,3.7,2023-04-20,2023-04-06,2026-09-07,2026-09-10,-14,1250,-3,2,2023,EMA,2022-09-15,2022-11-04,50,1,CEC,2022-09-28,2023-01-31,125,190,0,1,0,1,1,0,1,0,0,1,0,,3,2,5,1,0,1,3100,0.319,400,9.6,adv_email,Email
SITE-00837,PROTO-A_ONCO,USA,North America,Oncology,III,NSCLC,Pharma,8,18,12,15,1,1,1,PI-003,21,3,2,1,4,107,3.4,2023-08-01,2023-08-20,2026-12-11,2026-12-09,19,1209,2,3,2023,FDA,2023-03-15,2023-05-06,52,0,IRB,2023-04-13,2023-06-12,60,129,2,0,1,0,0,0,0,0,0,0,1,Patient registry outreach,1,1,2,1,0,0,750,0.556,91,2.26,adv_other,Other
SITE-00838,PROTO-C_NEURO,USA,North America,Neurology,II,Alzheimer's,Academic,7,14,10,12,1,0,0,PI-021,6,3,4,1,6,167,3.4,2023-09-15,2023-09-25,2027-01-11,2026-12-30,10,1204,12,3,2023,FDA,2023-05-13,2023-08-15,94,0,IRB,2023-06-12,2023-08-14,63,105,2,1,1,0,1,1,0,0,0,0,0,,1,3,4,1,0,1,1850,0.5,107,2.67,adv_online,Online
SITE-00839,PROTO-C_NEURO,USA,North America,Neurology,II,Alzheimer's,Academic,7,14,10,12,1,0,0,PI-027,23,1,5,1,5,125,2.7,2022-12-24,2023-01-04,2025-08-28,2025-09-22,11,967,-25,1,2023,FDA,2022-09-15,2022-12-30,106,0,CEC,2022-10-01,2022-11-25,55,95,0,1,1,1,0,0,0,0,0,1,0,,2,2,4,1,0,1,1250,0.604,37,1.15,adv_community_presentation,Community
SITE-00840,PROTO-A_ONCO,India,Asia,Oncology,III,NSCLC,Pharma,8,18,12,15,1,1,1,PI-025,8,7,3,1,5,183,2.9,2021-04-03,2021-04-24,2024-01-09,2023-12-22,21,990,18,2,2021,Other,2020-12-02,2021-01-29,58,1,LEC,2021-01-18,2021-02-20,33,96,1,1,1,0,0,1,0,0,0,1,0,,1,3,4,1,0,0,1050,0.513,100,3.03,adv_community_presentation,Community
SITE-00841,PROTO-B_CARDIO,India,Asia,Cardiology,II,Heart Failure,Biotech,5,9,8,10,0,1,1,PI-010,20,2,3,1,3,926,3.0,2022-03-27,2022-06-08,2025-04-01,2025-03-22,73,1028,10,2,2022,Other,2022-02-01,2022-03-19,46,1,LEC,2022-02-17,2022-03-10,21,111,3,0,1,1,1,0,0,0,0,1,1,Patient registry outreach,4,1,5,1,0,1,2850,0.364,400,11.67,adv_email,Email
SITE-00842,PROTO-C_NEURO,Spain,Europe,Neurology,II,Alzheimer's,Academic,7,14,10,12,1,0,0,PI-022,10,4,3,1,6,99,2.6,2021-11-08,2021-11-06,2024-03-01,2024-03-16,-2,846,-15,4,2021,EMA,2021-03-07,2021-05-10,64,1,CEC,2021-05-03,2021-08-14,103,187,4,1,1,1,0,0,0,0,1,0,0,,1,3,4,1,0,1,5850,0.458,61,2.16,adv_email,Email
SITE-00843,PROTO-C_NEURO,India,Asia,Neurology,II,Alzheimer's,Academic,7,14,10,12,1,0,0,PI-022,22,6,2,1,4,155,1.8,2022-09-28,2022-09-29,2024-04-23,2024-05-14,1,572,-21,3,2022,Other,2022-02-26,2022-06-18,112,1,CEC,2022-03-29,2022-08-21,145,184,1,1,1,1,1,1,1,0,0,0,0,,2,4,6,1,0,1,3150,0.484,148,7.76,adv_email,Email
SITE-00844,PROTO-C_NEURO,USA,North America,Neurology,II,Alzheimer's,Academic,7,14,10,12,1,0,0,PI-024,14,2,3,0,5,56,3.4,2023-02-27,2023-01-20,2026-05-16,2026-05-21,-38,1212,-5,1,2023,FDA,2022-09-28,2022-11-29,62,0,IRB,2022-11-24,2023-01-02,39,57,2,1,0,1,0,1,1,0,0,0,0,,1,3,4,1,0,1,1800,0.614,38,0.94,adv_email,Email
SITE-00845,PROTO-A_ONCO,Australia,APAC,Oncology,III,NSCLC,Pharma,8,18,12,15,1,1,1,PI-025,17,5,3,1,2,156,3.4,2023-05-03,2023-05-31,2026-06-21,2026-06-15,28,1117,6,2,2023,Other,2022-09-27,2023-02-09,135,1,CEC,2022-10-25,2023-02-15,113,218,1,1,1,0,1,1,1,0,1,1,0,,2,5,7,1,0,1,8050,0.597,234,6.28,adv_community_presentation,Community
SITE-00846,PROTO-C_NEURO,Brazil,LATAM,Neurology,II,Alzheimer's,Academic,7,14,10,12,1,0,0,PI-021,12,6,1,1,3,91,3.2,2023-04-28,2023-06-06,2026-06-08,2026-09-10,39,1098,-94,2,2023,Other,2022-12-24,2023-02-24,62,1,LEC,2023-02-19,2023-04-12,52,107,2,0,1,1,1,0,0,0,0,0,0,,2,1,3,1,0,1,1850,0.547,78,2.13,adv_email,Email
SITE-00847,PROTO-C_NEURO,Japan,Asia,Neurology,II,Alzheimer's,Academic,7,14,10,12,1,0,0,PI-002,11,7,3,1,7,59,2.8,2021-03-31,2021-07-02,2024-01-02,2024-01-15,93,914,-13,3,2021,PMDA,2020-11-03,2021-03-05,122,1,CEC,2020-11-20,2021-01-15,56,224,1,1,0,1,0,0,1,0,0,1,0,,2,2,4,1,0,1,1900,0.439,42,1.38,adv_community_presentation,Community
SITE-00848,PROTO-C_NEURO,Spain,Europe,Neurology,II,Alzheimer's,Academic,7,14,10,12,1,0,0,PI-009,7,5,2,1,2,31,1.6,2023-03-15,2023-06-15,2024-09-09,2024-10-31,92,452,-52,2,2023,EMA,2022-09-29,2023-02-21,145,1,CEC,2022-10-09,2023-01-20,103,249,4,1,1,0,0,1,0,0,0,0,0,,0,3,3,0,1,0,650,0.536,16,1.06,adv_newsletter,Newsletter
SITE-00849,PROTO-C_NEURO,Poland,Europe,Neurology,II,Alzheimer's,Academic,7,14,10,12,1,0,0,PI-029,22,4,2,1,2,94,2.1,2022-11-14,2022-12-18,2024-09-13,2024-09-24,34,635,-11,4,2022,EMA,2022-03-09,2022-07-19,132,1,CEC,2022-04-30,2022-08-29,121,232,1,1,1,1,1,0,0,0,0,0,0,,2,2,4,1,0,1,2050,0.608,89,4.2,adv_email,Email
SITE-00850,PROTO-C_NEURO,Spain,Europe,Neurology,II,Alzheimer's,Academic,7,14,10,12,1,0,0,PI-028,20,3,2,0,1,33,2.9,2021-08-20,2022-01-12,2024-08-30,2024-08-24,145,961,6,1,2022,EMA,2021-05-09,2021-09-28,142,1,LEC,2021-06-13,2021-08-05,53,213,0,1,1,0,1,0,1,0,0,0,0,,1,3,4,1,0,1,2350,0.559,33,1.03,adv_online,Online
SITE-00851,PROTO-B_CARDIO,Germany,Europe,Cardiology,II,Heart Failure,Biotech,5,9,8,10,0,1,1,PI-019,17,3,5,0,2,954,3.5,2021-01-17,2021-04-16,2024-07-12,2024-05-24,89,1183,49,2,2021,EMA,2020-07-20,2020-12-19,152,1,CEC,2020-09-05,2020-10-29,54,223,2,0,0,1,0,1,1,0,0,0,0,,1,2,3,1,0,1,1600,0.456,400,10.14,adv_email,Email
SITE-00852,PROTO-B_CARDIO,Brazil,LATAM,Cardiology,II,Heart Failure,Biotech,5,9,8,10,0,1,1,PI-003,23,1,5,1,3,812,2.8,2021-09-04,2022-01-14,2024-08-31,2024-09-09,132,960,-9,1,2022,Other,2021-07-07,2021-11-04,120,1,LEC,2021-07-27,2021-08-25,29,171,0,1,1,0,0,0,1,0,0,1,0,,1,3,4,1,0,0,1550,0.361,400,12.5,adv_community_presentation,Community
SITE-00853,PROTO-B_CARDIO,USA,North America,Cardiology,II,Heart Failure,Biotech,5,9,8,10,0,1,1,PI-010,10,3,2,1,3,1115,3.0,2023-08-05,2023-07-29,2026-07-11,2026-06-17,-7,1078,24,3,2023,FDA,2023-03-31,2023-06-19,80,0,IRB,2023-05-01,2023-06-11,41,89,1,1,0,0,0,0,0,0,0,1,0,,1,1,2,1,0,0,600,0.407,400,11.13,adv_community_presentation,Community
SITE-00854,PROTO-B_CARDIO,UK,Europe,Cardiology,II,Heart Failure,Biotech,5,9,8,10,0,1,1,PI-010,16,2,1,1,1,839,1.0,2022-10-20,2022-12-14,2023-10-17,2023-10-11,55,307,6,4,2022,MHRA,2022-07-26,2022-09-23,59,1,LEC,2022-08-11,2022-09-08,28,125,1,0,0,0,0,0,0,0,1,1,0,,1,1,2,1,0,0,5400,0.399,400,39.09,adv_community_presentation,Community
SITE-00855,PROTO-B_CARDIO,UK,Europe,Cardiology,II,Heart Failure,Biotech,5,9,8,10,0,1,1,PI-012,17,1,3,1,3,820,3.7,2021-05-12,2021-08-28,2025-01-14,2025-02-09,108,1235,-26,3,2021,MHRA,2021-01-09,2021-03-20,70,1,LEC,2021-02-27,2021-04-05,37,182,3,1,1,0,1,0,0,0,0,1,0,,2,2,4,1,0,1,1950,0.484,400,9.72,adv_online,Online
SITE-00856,PROTO-C_NEURO,India,Asia,Neurology,II,Alzheimer's,Academic,7,14,10,12,1,0,0,PI-018,4,3,2,1,2,52,2.8,2022-10-26,2023-04-23,2025-10-11,2025-11-02,179,902,-22,2,2023,Other,2022-06-17,2022-12-11,177,1,LEC,2022-07-24,2022-10-01,69,273,4,0,1,1,1,0,0,0,1,1,0,,3,2,5,1,0,1,7250,0.625,45,1.5,adv_community_presentation,Community
SITE-00857,PROTO-B_CARDIO,Spain,Europe,Cardiology,II,Heart Failure,Biotech,5,9,8,10,0,1,1,PI-009,8,1,2,1,2,772,2.8,2022-06-14,2022-12-02,2025-05-14,2025-06-29,171,894,-46,4,2022,EMA,2022-02-07,2022-07-30,173,1,LEC,2022-02-24,2022-05-02,67,281,6,0,0,1,0,1,0,0,0,1,0,,2,1,3,1,0,1,1200,0.405,400,13.42,adv_email,Email
SITE-00858,PROTO-B_CARDIO,Brazil,LATAM,Cardiology,II,Heart Failure,Biotech,5,9,8,10,0,1,1,PI-003,2,5,4,1,4,751,2.7,2021-11-25,2022-02-12,2024-07-10,2024-06-18,79,879,22,1,2022,Other,2021-05-23,2021-07-20,58,1,CEC,2021-07-21,2021-10-01,72,206,0,1,1,0,1,1,0,0,0,0,0,,1,3,4,1,0,1,1850,0.378,400,13.65,adv_online,Online
SITE-00859,PROTO-B_CARDIO,USA,North America,Cardiology,II,Heart Failure,Biotech,5,9,8,10,0,1,1,PI-012,23,6,2,1,3,808,2.8,2023-01-24,2023-02-02,2025-10-01,2025-08-24,9,972,38,1,2023,FDA,2022-07-26,2022-12-09,136,0,IRB,2022-09-04,2022-11-30,87,151,4,0,1,0,0,1,0,1,0,1,0,,1,3,4,1,0,0,2350,0.344,400,12.35,adv_community_presentation,Community
SITE-00860,PROTO-A_ONCO,Australia,APAC,Oncology,III,NSCLC,Pharma,8,18,12,15,1,1,1,PI-007,10,4,4,1,4,139,2.1,2021-02-13,2021-08-13,2023-06-04,2023-06-18,181,660,-14,3,2021,Other,2020-10-13,2021-04-09,178,1,LEC,2020-11-08,2021-01-01,54,278,1,0,1,1,0,0,0,0,0,0,0,,1,1,2,1,0,1,650,0.611,42,1.91,adv_email,Email
SITE-00861,PROTO-A_ONCO,Australia,APAC,Oncology,III,NSCLC,Pharma,8,18,12,15,1,1,1,PI-008,4,3,1,1,7,131,1.2,2022-08-15,2022-11-29,2023-12-02,2023-12-22,106,368,-20,4,2022,Other,2022-05-06,2022-09-13,130,1,LEC,2022-05-30,2022-07-14,45,183,2,0,1,1,0,1,1,0,1,1,0,,2,4,6,1,0,1,7150,0.645,20,1.63,adv_email,Email
SITE-00862,PROTO-A_ONCO,Japan,Asia,Oncology,III,NSCLC,Pharma,8,18,12,15,1,1,1,PI-004,15,4,5,1,2,254,2.6,2022-04-14,2022-05-23,2024-09-04,2024-09-21,39,835,-17,2,2022,PMDA,2021-09-20,2022-01-24,126,1,CEC,2021-10-21,2022-01-25,96,214,1,1,1,1,0,1,0,0,1,0,0,,1,4,5,1,0,1,6150,0.618,201,7.22,adv_email,Email
SITE-00863,PROTO-C_NEURO,Brazil,LATAM,Neurology,II,Alzheimer's,Academic,7,14,10,12,1,0,0,PI-027,23,3,3,1,4,196,3.0,2021-11-06,2022-05-23,2025-02-20,2025-02-01,198,1004,19,2,2022,Other,2021-08-11,2022-02-03,176,1,LEC,2021-08-30,2021-10-04,35,266,2,1,1,0,1,0,0,0,0,0,1,Patient registry outreach,2,2,4,1,0,1,2150,0.61,141,4.21,adv_online,Online
SITE-00864,PROTO-A_ONCO,Spain,Europe,Oncology,III,NSCLC,Pharma,8,18,12,15,1,1,1,PI-019,20,1,5,1,2,127,2.6,2023-02-26,2023-04-20,2025-08-24,2025-08-23,53,857,1,2,2023,EMA,2022-09-12,2023-01-27,137,1,LEC,2022-11-07,2023-01-14,68,164,1,1,1,1,1,1,0,0,0,0,0,,2,3,5,1,0,1,2350,0.586,88,3.08,adv_email,Email
SITE-00865,PROTO-B_CARDIO,Brazil,LATAM,Cardiology,II,Heart Failure,Biotech,5,9,8,10,0,1,1,PI-011,18,3,2,1,7,850,2.6,2022-10-29,2023-01-31,2025-04-16,2025-03-18,94,806,29,1,2023,Other,2022-04-08,2022-05-19,41,1,CEC,2022-05-07,2022-09-20,136,269,3,1,1,0,1,1,0,0,0,0,0,,1,3,4,1,0,1,1850,0.345,400,14.89,adv_online,Online
SITE-00866,PROTO-A_ONCO,India,Asia,Oncology,III,NSCLC,Pharma,8,18,12,15,1,1,1,PI-007,14,1,3,1,2,194,1.7,2021-11-14,2021-12-24,2023-06-24,2023-06-15,40,547,9,4,2021,Other,2021-08-04,2021-10-01,58,1,LEC,2021-09-17,2021-10-29,42,98,2,1,0,1,1,1,0,0,1,0,0,,2,3,5,1,0,1,7200,0.563,126,6.91,adv_email,Email
SITE-00867,PROTO-B_CARDIO,Canada,North America,Cardiology,II,Heart Failure,Biotech,5,9,8,10,0,1,1,PI-018,16,0,1,1,8,807,1.5,2021-06-11,2021-07-30,2022-12-25,2022-12-07,49,513,18,3,2021,Other,2020-12-24,2021-06-21,179,0,IRB,2021-02-11,2021-05-02,80,169,2,1,1,1,0,0,1,0,0,1,0,,2,3,5,1,0,1,2050,0.386,331,19.36,adv_email,Email
SITE-00868,PROTO-C_NEURO,Australia,APAC,Neurology,II,Alzheimer's,Academic,7,14,10,12,1,0,0,PI-001,11,5,1,1,1,161,2.2,2021-06-13,2021-08-14,2023-07-17,2023-08-08,62,702,-22,3,2021,Other,2021-02-25,2021-03-30,33,1,LEC,2021-04-13,2021-05-08,25,123,3,1,1,0,1,0,0,0,0,1,0,,2,2,4,1,0,1,1950,0.543,148,6.32,adv_community_presentation,Community
SITE-00869,PROTO-C_NEURO,Japan,Asia,Neurology,II,Alzheimer's,Academic,7,14,10,12,1,0,0,PI-026,24,3,3,1,2,147,2.5,2022-09-21,2022-11-26,2025-03-06,2024-12-24,66,831,72,4,2022,PMDA,2022-03-31,2022-09-17,170,1,CEC,2022-05-21,2022-07-29,69,189,2,1,0,1,1,0,0,0,0,0,0,,2,1,3,1,0,1,1900,0.534,205,7.4,adv_email,Email
SITE-00870,PROTO-C_NEURO,Brazil,LATAM,Neurology,II,Alzheimer's,Academic,7,14,10,12,1,0,0,PI-021,4,4,3,1,3,120,3.9,2023-05-21,2023-09-09,2027-04-25,2027-03-20,111,1324,36,3,2023,Other,2022-12-02,2023-05-14,163,1,CEC,2023-01-01,2023-04-30,119,251,2,1,0,1,0,1,0,0,0,0,0,,1,2,3,1,0,1,1000,0.538,112,2.54,adv_email,Email
SITE-00871,PROTO-B_CARDIO,Japan,Asia,Cardiology,II,Heart Failure,Biotech,5,9,8,10,0,1,1,PI-001,8,4,5,1,5,959,1.7,2023-09-13,2023-11-30,2025-05-19,2025-04-18,78,536,31,4,2023,PMDA,2023-05-17,2023-07-25,69,1,LEC,2023-07-12,2023-08-27,46,141,3,1,1,1,1,0,0,0,0,0,0,,2,2,4,1,0,1,2050,0.3,400,22.39,adv_email,Email
SITE-00872,PROTO-A_ONCO,Poland,Europe,Oncology,III,NSCLC,Pharma,8,18,12,15,1,1,1,PI-016,11,1,1,1,6,48,1.4,2022-05-26,2022-08-07,2023-09-24,2023-09-21,73,413,3,3,2022,EMA,2022-02-01,2022-03-26,53,1,LEC,2022-03-27,2022-04-25,29,133,0,1,0,0,0,0,0,0,0,0,0,,0,1,1,0,1,0,200,0.512,11,0.8,adv_poster,Poster
SITE-00873,PROTO-C_NEURO,USA,North America,Neurology,II,Alzheimer's,Academic,7,14,10,12,1,0,0,PI-022,7,4,5,0,7,146,3.7,2021-09-04,2021-09-01,2025-04-01,2025-04-22,-3,1308,-21,3,2021,FDA,2021-04-03,2021-05-19,46,0,IRB,2021-05-11,2021-08-04,85,113,2,1,1,0,0,0,1,0,0,0,0,,0,3,3,0,1,0,1150,0.592,58,1.33,adv_poster,Poster
SITE-00874,PROTO-B_CARDIO,USA,North America,Cardiology,II,Heart Failure,Biotech,5,9,8,10,0,1,1,PI-020,5,3,5,1,4,701,2.0,2022-03-27,2022-06-14,2024-05-24,2024-06-26,79,710,-33,2,2022,FDA,2021-12-31,2022-04-22,112,0,IRB,2022-01-19,2022-02-24,36,146,2,0,1,1,0,0,0,0,0,0,0,,1,1,2,1,0,1,650,0.425,400,16.9,adv_email,Email
SITE-00875,PROTO-B_CARDIO,Australia,APAC,Cardiology,II,Heart Failure,Biotech,5,9,8,10,0,1,1,PI-020,9,6,2,1,4,856,2.7,2022-01-05,2022-02-16,2024-07-21,2024-08-27,42,886,-37,1,2022,Other,2021-07-08,2021-10-13,97,1,CEC,2021-09-03,2021-12-02,90,166,3,1,0,1,0,0,1,0,0,0,0,,1,2,3,1,0,1,1500,0.398,400,13.54,adv_email,Email
SITE-00876,PROTO-C_NEURO,Brazil,LATAM,Neurology,II,Alzheimer's,Academic,7,14,10,12,1,0,0,PI-023,17,3,1,1,6,140,2.9,2023-02-09,2023-08-07,2026-03-25,2026-02-20,179,961,33,3,2023,Other,2022-11-18,2023-04-14,147,1,LEC,2022-12-22,2023-01-22,31,228,2,1,1,0,0,0,0,1,0,0,0,,0,3,3,0,1,0,1850,0.521,92,2.87,adv_poster,Poster
SITE-00877,PROTO-B_CARDIO,Poland,Europe,Cardiology,II,Heart Failure,Biotech,5,9,8,10,0,1,1,PI-008,21,1,3,1,0,658,1.9,2023-08-11,2023-11-28,2025-06-29,2025-05-13,109,579,47,4,2023,EMA,2023-04-22,2023-05-25,33,1,LEC,2023-05-18,2023-07-13,56,194,2,0,1,1,0,1,0,0,0,0,0,,1,2,3,1,0,1,950,0.402,400,20.73,adv_email,Email
SITE-00878,PROTO-A_ONCO,Japan,Asia,Oncology,III,NSCLC,Pharma,8,18,12,15,1,1,1,PI-004,16,1,2,1,3,138,1.2,2022-02-26,2022-04-29,2023-03-06,2023-03-09,62,311,-3,2,2022,PMDA,2021-08-07,2022-01-21,167,1,CEC,2021-09-01,2022-01-11,132,240,0,1,0,1,0,0,0,0,0,0,0,,1,1,2,1,0,1,700,0.51,70,6.75,adv_email,Email
SITE-00879,PROTO-B_CARDIO,Japan,Asia,Cardiology,II,Heart Failure,Biotech,5,9,8,10,0,1,1,PI-009,4,6,3,1,3,973,1.0,2022-05-17,2022-09-10,2023-06-20,2023-06-03,116,283,17,3,2022,PMDA,2022-01-18,2022-06-27,160,1,LEC,2022-03-06,2022-05-06,61,188,2,0,1,0,0,1,0,0,0,0,0,,0,2,2,0,1,0,450,0.429,400,42.4,adv_newsletter,Newsletter
SITE-00880,PROTO-B_CARDIO,Japan,Asia,Cardiology,II,Heart Failure,Biotech,5,9,8,10,0,1,1,PI-019,11,3,1,1,5,1047,2.6,2022-09-29,2022-10-10,2025-03-20,2025-03-25,11,892,-5,4,2022,PMDA,2022-04-28,2022-07-10,73,1,CEC,2022-05-15,2022-07-05,51,148,1,0,0,0,1,0,0,0,1,0,0,,1,1,2,1,0,1,6200,0.359,400,13.45,adv_online,Online
SITE-00881,PROTO-B_CARDIO,India,Asia,Cardiology,II,Heart Failure,Biotech,5,9,8,10,0,1,1,PI-015,10,7,2,0,6,1080,3.2,2022-09-14,2023-05-03,2026-03-15,2026-01-28,231,1047,46,2,2023,Other,2022-06-18,2022-12-03,168,1,LEC,2022-07-05,2022-08-15,41,302,4,0,1,0,0,0,1,0,0,1,0,,1,2,3,1,0,0,1350,0.551,400,11.46,adv_community_presentation,Community
SITE-00882,PROTO-C_NEURO,UK,Europe,Neurology,II,Alzheimer's,Academic,7,14,10,12,1,0,0,PI-026,18,0,3,1,3,64,1.3,2022-09-22,2023-02-23,2024-02-24,2024-01-14,154,366,41,1,2023,MHRA,2022-06-10,2022-10-26,138,1,LEC,2022-07-15,2022-09-10,57,223,4,0,1,1,1,1,0,0,0,1,0,,3,2,5,1,0,1,2550,0.46,35,2.87,adv_community_presentation,Community
SITE-00883,PROTO-C_NEURO,Germany,Europe,Neurology,II,Alzheimer's,Academic,7,14,10,12,1,0,0,PI-022,10,7,2,1,5,44,1.2,2023-06-01,2023-11-23,2024-11-13,2024-11-29,175,356,-16,4,2023,EMA,2023-03-03,2023-08-19,169,1,LEC,2023-04-06,2023-05-02,26,231,2,0,1,1,1,0,0,0,0,0,1,Patient registry outreach,3,1,4,1,0,1,2450,0.555,12,1.01,adv_email,Email
SITE-00884,PROTO-C_NEURO,USA,North America,Neurology,II,Alzheimer's,Academic,7,14,10,12,1,0,0,PI-029,4,7,5,1,5,30,3.1,2023-07-20,2023-06-06,2026-05-16,2026-05-16,-44,1075,0,2,2023,FDA,2022-10-24,2022-11-26,33,0,CEC,2022-12-15,2023-05-09,145,173,2,1,1,0,0,0,0,0,0,0,0,,0,2,2,0,1,0,350,0.52,19,0.53,adv_poster,Poster
SITE-00885,PROTO-A_ONCO,Canada,North America,Oncology,III,NSCLC,Pharma,8,18,12,15,1,1,1,PI-001,18,4,1,1,6,251,1.5,2023-03-10,2023-03-14,2024-07-09,2024-04-29,4,483,71,1,2023,Other,2022-08-22,2022-10-31,70,0,CEC,2022-09-01,2023-01-23,144,194,2,1,0,0,1,0,0,0,0,1,0,,2,1,3,1,0,1,1800,0.584,66,4.1,adv_community_presentation,Community
SITE-00886,PROTO-A_ONCO,Japan,Asia,Oncology,III,NSCLC,Pharma,8,18,12,15,1,1,1,PI-029,8,4,3,1,1,83,1.5,2022-03-08,2022-05-07,2023-07-11,2023-05-21,60,430,51,2,2022,PMDA,2021-08-23,2022-01-29,159,1,CEC,2021-09-02,2021-12-27,116,247,3,1,1,1,0,0,0,0,0,1,1,Patient registry outreach,3,2,5,1,0,1,1850,0.628,42,2.93,adv_email,Email
SITE-00887,PROTO-C_NEURO,USA,North America,Neurology,II,Alzheimer's,Academic,7,14,10,12,1,0,0,PI-024,12,3,2,1,3,72,3.2,2022-10-08,2022-10-05,2025-10-30,2025-11-14,-3,1121,-15,4,2022,FDA,2022-04-09,2022-09-13,157,0,CEC,2022-05-23,2022-09-13,113,135,2,1,1,1,0,0,0,0,0,0,0,,1,2,3,1,0,1,850,0.493,73,1.95,adv_email,Email
SITE-00888,PROTO-C_NEURO,Brazil,LATAM,Neurology,II,Alzheimer's,Academic,7,14,10,12,1,0,0,PI-028,20,3,1,1,2,68,2.4,2022-05-15,2022-11-27,2024-12-19,2024-11-28,196,753,21,4,2022,Other,2022-01-19,2022-07-15,177,1,LEC,2022-02-24,2022-04-22,57,276,2,0,0,0,0,0,0,1,0,0,1,Patient registry outreach,1,1,2,1,0,0,2100,0.579,69,2.75,adv_other,Other
SITE-00889,PROTO-B_CARDIO,Poland,Europe,Cardiology,II,Heart Failure,Biotech,5,9,8,10,0,1,1,PI-016,23,2,4,1,4,839,2.5,2021-05-19,2021-08-21,2023-10-10,2023-10-07,94,780,3,3,2021,EMA,2020-11-02,2021-02-16,106,1,CEC,2020-11-21,2021-04-12,142,273,4,1,0,0,0,1,0,0,0,1,0,,1,2,3,1,0,0,900,0.444,400,15.38,adv_community_presentation,Community
SITE-00890,PROTO-C_NEURO,Australia,APAC,Neurology,II,Alzheimer's,Academic,7,14,10,12,1,0,0,PI-009,9,3,3,1,6,86,3.5,2021-05-09,2021-07-14,2024-10-02,2024-10-02,66,1176,0,3,2021,Other,2021-02-01,2021-03-20,47,1,LEC,2021-02-13,2021-03-27,42,151,3,1,0,1,0,0,0,0,0,1,1,Patient registry outreach,3,1,4,1,0,1,1700,0.537,54,1.38,adv_community_presentation,Community
SITE-00891,PROTO-B_CARDIO,USA,North America,Cardiology,II,Heart Failure,Biotech,5,9,8,10,0,1,1,PI-027,19,4,2,1,3,958,2.6,2021-03-19,2021-03-23,2023-08-29,2023-10-21,4,889,-53,1,2021,FDA,2020-09-13,2020-10-13,30,0,CEC,2020-10-27,2021-02-05,101,147,3,0,1,1,1,0,1,0,0,0,0,,2,2,4,1,0,1,2650,0.332,400,13.5,adv_email,Email
SITE-00892,PROTO-B_CARDIO,Germany,Europe,Cardiology,II,Heart Failure,Biotech,5,9,8,10,0,1,1,PI-017,20,0,5,1,5,1135,1.1,2023-05-31,2023-10-11,2024-08-30,2024-08-14,133,324,16,4,2023,EMA,2023-02-06,2023-07-04,148,1,CEC,2023-03-12,2023-05-03,52,213,2,1,0,0,1,0,0,0,0,0,0,,1,1,2,1,0,1,1400,0.337,400,37.04,adv_online,Online
SITE-00893,PROTO-C_NEURO,Brazil,LATAM,Neurology,II,Alzheimer's,Academic,7,14,10,12,1,0,0,PI-008,2,1,4,1,5,92,1.4,2021-08-15,2021-11-05,2022-12-12,2022-12-02,82,402,10,4,2021,Other,2021-04-20,2021-05-25,35,1,CEC,2021-05-08,2021-07-02,55,181,1,1,1,0,0,1,1,0,0,1,0,,1,4,5,1,0,0,1850,0.535,28,2.09,adv_community_presentation,Community
SITE-00894,PROTO-B_CARDIO,Australia,APAC,Cardiology,II,Heart Failure,Biotech,5,9,8,10,0,1,1,PI-024,7,2,4,1,4,1172,2.0,2022-07-24,2022-11-08,2024-09-07,2024-08-05,107,669,33,4,2022,Other,2022-04-19,2022-08-30,133,1,LEC,2022-06-03,2022-07-12,39,158,2,0,1,1,1,0,1,0,0,0,1,Patient registry outreach,3,2,5,1,0,1,3250,0.357,400,17.94,adv_email,Email
SITE-00895,PROTO-B_CARDIO,UK,Europe,Cardiology,II,Heart Failure,Biotech,5,9,8,10,0,1,1,PI-002,5,2,3,1,2,1322,2.4,2023-06-06,2023-09-01,2025-11-04,2025-10-28,87,795,7,3,2023,MHRA,2023-01-27,2023-06-28,152,1,LEC,2023-03-27,2023-04-29,33,158,2,1,1,0,1,0,1,1,0,1,0,,2,4,6,1,0,1,4250,0.475,400,15.09,adv_online,Online
SITE-00896,PROTO-B_CARDIO,Australia,APAC,Cardiology,II,Heart Failure,Biotech,5,9,8,10,0,1,1,PI-027,16,4,5,1,4,1238,1.2,2023-08-05,2024-02-26,2025-02-15,2025-02-08,205,355,7,1,2024,Other,2023-06-03,2023-11-20,170,1,LEC,2023-06-20,2023-07-20,30,251,3,0,1,0,0,0,0,0,0,0,0,,0,1,1,0,1,0,150,0.383,400,33.8,adv_pamphlet,Pamphlet
SITE-00897,PROTO-A_ONCO,Poland,Europe,Oncology,III,NSCLC,Pharma,8,18,12,15,1,1,1,PI-016,9,5,5,1,5,156,4.0,2023-02-20,2023-04-07,2027-01-12,2027-01-28,46,1376,-16,2,2023,EMA,2022-11-05,2022-12-06,31,1,LEC,2022-12-06,2023-01-23,48,122,0,0,0,0,1,0,0,1,0,0,0,,1,1,2,1,0,1,2700,0.594,70,1.53,adv_online,Online
SITE-00898,PROTO-B_CARDIO,USA,North America,Cardiology,II,Heart Failure,Biotech,5,9,8,10,0,1,1,PI-027,19,0,5,1,4,896,2.5,2023-02-05,2023-03-12,2025-08-14,2025-08-21,35,886,-7,1,2023,FDA,2022-11-01,2023-01-07,67,0,IRB,2022-11-23,2023-01-18,56,109,1,0,1,1,0,0,0,1,0,0,0,,1,2,3,1,0,1,2150,0.341,400,13.54,adv_email,Email
SITE-00899,PROTO-B_CARDIO,Poland,Europe,Cardiology,II,Heart Failure,Biotech,5,9,8,10,0,1,1,PI-021,24,8,4,1,5,772,2.2,2022-02-08,2022-06-09,2024-05-14,2024-05-14,121,705,0,2,2022,EMA,2021-11-25,2022-03-04,99,1,LEC,2021-12-30,2022-01-22,23,161,2,1,1,1,1,0,1,0,0,0,0,,2,3,5,1,0,1,2850,0.401,400,17.02,adv_email,Email
SITE-00900,PROTO-C_NEURO,India,Asia,Neurology,II,Alzheimer's,Academic,7,14,10,12,1,0,0,PI-018,7,4,3,1,3,66,2.9,2022-08-21,2023-01-26,2025-09-12,2025-10-06,158,960,-24,1,2023,Other,2022-04-26,2022-09-13,140,1,LEC,2022-06-19,2022-08-01,43,221,3,0,0,0,1,0,0,0,0,0,0,,1,0,1,1,0,1,1200,0.568,40,1.25,adv_online,Online
SITE-00901,PROTO-C_NEURO,Canada,North America,Neurology,II,Alzheimer's,Academic,7,14,10,12,1,0,0,PI-013,4,6,3,1,3,115,1.2,2021-01-03,2021-03-05,2022-04-23,2022-04-19,61,414,4,1,2021,Other,2020-09-11,2021-01-03,114,0,IRB,2020-10-03,2020-11-14,42,153,2,1,1,1,1,0,0,0,0,0,0,,2,2,4,1,0,1,2050,0.598,54,3.91,adv_email,Email
SITE-00902,PROTO-A_ONCO,Japan,Asia,Oncology,III,NSCLC,Pharma,8,18,12,15,1,1,1,PI-014,5,4,2,1,2,156,3.4,2021-01-15,2021-05-03,2024-06-19,2024-05-28,108,1143,22,2,2021,PMDA,2020-08-03,2020-09-17,45,1,CEC,2020-09-14,2020-12-23,100,231,1,1,0,0,0,0,0,0,0,0,1,Patient registry outreach,1,1,2,1,0,0,800,0.674,100,2.62,adv_other,Other
SITE-00903,PROTO-A_ONCO,USA,North America,Oncology,III,NSCLC,Pharma,8,18,12,15,1,1,1,PI-027,24,2,3,1,2,41,1.7,2021-03-19,2021-05-25,2022-12-29,2023-01-16,67,583,-18,2,2021,FDA,2020-11-28,2021-04-16,139,0,IRB,2021-01-08,2021-02-26,49,137,3,1,1,0,0,0,0,0,0,0,0,,0,2,2,0,1,0,350,0.621,28,1.44,adv_poster,Poster
SITE-00904,PROTO-B_CARDIO,Poland,Europe,Cardiology,II,Heart Failure,Biotech,5,9,8,10,0,1,1,PI-020,11,2,3,1,6,979,1.2,2021-05-28,2021-10-03,2022-09-16,2022-08-28,128,348,19,4,2021,EMA,2021-03-18,2021-06-25,99,1,LEC,2021-03-30,2021-05-12,43,187,2,1,1,1,0,0,0,0,0,1,0,,2,2,4,1,0,1,1250,0.425,400,34.48,adv_email,Email
SITE-00905,PROTO-B_CARDIO,USA,North America,Cardiology,II,Heart Failure,Biotech,5,9,8,10,0,1,1,PI-005,23,1,4,1,7,899,1.2,2023-03-10,2023-03-11,2024-03-30,2024-04-20,1,385,-21,1,2023,FDA,2022-10-28,2023-02-23,118,0,IRB,2022-12-02,2023-02-17,77,99,4,1,0,1,1,0,0,0,0,1,0,,3,1,4,1,0,1,2300,0.433,400,31.17,adv_email,Email
SITE-00906,PROTO-B_CARDIO,Germany,Europe,Cardiology,II,Heart Failure,Biotech,5,9,8,10,0,1,1,PI-023,19,1,2,1,5,1035,3.8,2022-12-25,2023-05-28,2026-12-15,2027-01-04,154,1297,-20,2,2023,EMA,2022-09-19,2023-01-24,127,1,LEC,2022-11-03,2022-11-26,23,206,3,1,1,1,0,0,0,1,0,0,0,,1,3,4,1,0,1,2350,0.436,400,9.25,adv_email,Email
SITE-00907,PROTO-B_CARDIO,Japan,Asia,Cardiology,II,Heart Failure,Biotech,5,9,8,10,0,1,1,PI-027,24,3,4,0,7,833,2.1,2022-08-21,2022-10-22,2024-09-08,2024-09-05,62,687,3,4,2022,PMDA,2022-03-18,2022-05-08,51,1,CEC,2022-04-10,2022-07-25,106,195,0,1,0,1,1,0,0,0,0,0,0,,2,1,3,1,0,1,1900,0.392,400,17.47,adv_email,Email
SITE-00908,PROTO-A_ONCO,Australia,APAC,Oncology,III,NSCLC,Pharma,8,18,12,15,1,1,1,PI-005,12,3,4,1,2,183,3.7,2022-07-26,2022-07-22,2025-12-15,2025-11-11,-4,1242,34,3,2022,Other,2021-12-16,2022-04-05,110,1,CEC,2022-02-01,2022-05-02,90,171,2,0,1,0,1,0,1,0,1,0,1,Patient registry outreach,2,3,5,1,0,1,7750,0.484,217,5.24,adv_online,Online
SITE-00909,PROTO-C_NEURO,UK,Europe,Neurology,II,Alzheimer's,Academic,7,14,10,12,1,0,0,PI-024,3,4,3,1,5,41,2.7,2023-04-04,2023-08-02,2025-12-22,2025-12-09,120,873,13,3,2023,MHRA,2023-01-03,2023-04-06,93,1,LEC,2023-01-15,2023-03-03,47,199,2,0,1,0,1,0,0,0,0,1,0,,2,1,3,1,0,1,1750,0.593,21,0.72,adv_community_presentation,Community
SITE-00910,PROTO-A_ONCO,India,Asia,Oncology,III,NSCLC,Pharma,8,18,12,15,1,1,1,PI-006,3,7,3,1,6,116,2.5,2022-02-08,2022-10-01,2024-12-02,2024-10-20,235,793,43,4,2022,Other,2021-12-05,2022-05-16,162,1,LEC,2021-12-28,2022-01-24,27,277,3,0,0,0,0,1,0,0,0,0,0,,0,1,1,0,1,0,300,0.612,25,0.95,adv_newsletter,Newsletter
SITE-00911,PROTO-C_NEURO,Brazil,LATAM,Neurology,II,Alzheimer's,Academic,7,14,10,12,1,0,0,PI-006,10,2,5,1,3,79,3.5,2021-07-06,2021-09-26,2024-12-25,2025-01-10,82,1186,-16,3,2021,Other,2021-02-17,2021-04-09,51,1,LEC,2021-04-10,2021-05-29,49,169,1,1,1,1,0,0,0,0,0,0,0,,1,2,3,1,0,1,850,0.69,53,1.34,adv_email,Email
SITE-00912,PROTO-C_NEURO,Germany,Europe,Neurology,II,Alzheimer's,Academic,7,14,10,12,1,0,0,PI-026,5,5,1,0,3,90,1.9,2022-02-27,2022-03-13,2023-11-18,2023-10-23,14,615,26,1,2022,EMA,2021-07-20,2021-12-29,162,1,CEC,2021-09-15,2021-12-01,77,179,0,1,0,1,1,0,0,0,0,0,0,,2,1,3,1,0,1,1900,0.576,52,2.54,adv_email,Email
SITE-00913,PROTO-B_CARDIO,India,Asia,Cardiology,II,Heart Failure,Biotech,5,9,8,10,0,1,1,PI-003,7,1,1,1,4,905,1.8,2021-12-15,2022-02-14,2023-08-21,2023-08-19,61,553,2,1,2022,Other,2021-07-25,2021-09-10,47,1,LEC,2021-09-22,2021-11-13,52,145,3,0,1,1,1,0,0,1,1,0,1,Patient registry outreach,3,3,6,1,0,1,8950,0.362,400,21.7,adv_email,Email
SITE-00914,PROTO-C_NEURO,USA,North America,Neurology,II,Alzheimer's,Academic,7,14,10,12,1,0,0,PI-005,8,1,5,1,3,133,3.1,2022-01-09,2022-01-09,2024-12-16,2024-11-29,0,1072,17,1,2022,FDA,2021-04-26,2021-07-26,91,0,CEC,2021-06-14,2021-10-22,130,209,2,1,1,0,0,1,1,0,0,0,0,,0,4,4,0,1,0,1450,0.511,65,1.82,adv_newsletter,Newsletter
SITE-00915,PROTO-A_ONCO,Japan,Asia,Oncology,III,NSCLC,Pharma,8,18,12,15,1,1,1,PI-006,6,6,4,1,5,69,3.9,2021-09-10,2022-01-13,2025-09-16,2025-09-25,125,1342,-9,1,2022,PMDA,2021-06-01,2021-10-29,150,1,LEC,2021-07-29,2021-08-22,24,168,1,0,1,1,0,0,0,0,0,0,0,,1,1,2,1,0,1,650,0.698,30,0.67,adv_email,Email
SITE-00916,PROTO-B_CARDIO,Japan,Asia,Cardiology,II,Heart Failure,Biotech,5,9,8,10,0,1,1,PI-026,10,4,1,1,3,784,2.7,2023-07-21,2023-07-22,2026-01-25,2026-01-20,1,918,5,3,2023,PMDA,2022-12-16,2023-04-19,124,1,CEC,2023-01-27,2023-04-27,90,176,1,1,1,1,1,1,0,0,0,0,0,,2,3,5,1,0,1,2350,0.345,400,13.07,adv_email,Email
SITE-00917,PROTO-A_ONCO,Spain,Europe,Oncology,III,NSCLC,Pharma,8,18,12,15,1,1,1,PI-019,20,2,1,1,5,117,1.9,2022-08-27,2023-01-01,2024-08-22,2024-07-07,127,599,46,1,2023,EMA,2022-05-29,2022-10-06,130,1,LEC,2022-06-27,2022-07-21,24,188,3,0,1,0,0,0,0,0,0,0,0,,0,1,1,0,1,0,150,0.593,45,2.25,adv_pamphlet,Pamphlet
SITE-00918,PROTO-A_ONCO,USA,North America,Oncology,III,NSCLC,Pharma,8,18,12,15,1,1,1,PI-001,14,1,1,1,7,270,1.7,2021-08-13,2021-08-27,2023-04-16,2023-04-12,14,597,4,3,2021,FDA,2021-04-27,2021-06-26,60,0,IRB,2021-05-11,2021-06-27,47,108,2,0,1,1,0,0,1,0,0,0,0,,1,2,3,1,0,1,1450,0.585,75,3.77,adv_email,Email
SITE-00919,PROTO-C_NEURO,Germany,Europe,Neurology,II,Alzheimer's,Academic,7,14,10,12,1,0,0,PI-023,4,0,3,0,2,76,2.9,2022-02-21,2022-05-09,2024-12-18,2024-11-17,77,954,31,2,2022,EMA,2021-10-14,2022-02-06,115,1,LEC,2021-12-06,2022-02-05,61,154,3,1,1,1,1,0,0,0,0,0,0,,2,2,4,1,0,1,2050,0.514,62,1.95,adv_email,Email
SITE-00920,PROTO-A_ONCO,USA,North America,Oncology,III,NSCLC,Pharma,8,18,12,15,1,1,1,PI-003,11,1,1,1,3,267,3.4,2022-12-22,2022-12-25,2026-04-27,2026-04-13,3,1219,14,4,2022,FDA,2022-08-07,2022-11-23,108,0,IRB,2022-09-17,2022-10-30,43,99,2,0,0,0,0,0,0,0,0,1,0,,1,0,1,1,0,0,400,0.575,152,3.74,adv_community_presentation,Community
SITE-00921,PROTO-B_CARDIO,UK,Europe,Cardiology,II,Heart Failure,Biotech,5,9,8,10,0,1,1,PI-002,8,1,4,1,2,946,3.4,2022-03-20,2022-07-05,2025-09-16,2025-10-29,107,1169,-43,3,2022,MHRA,2021-12-16,2022-03-25,99,1,LEC,2022-01-04,2022-02-16,43,182,1,1,1,1,0,0,0,0,0,0,0,,1,2,3,1,0,1,850,0.482,400,10.27,adv_email,Email
SITE-00922,PROTO-C_NEURO,USA,North America,Neurology,II,Alzheimer's,Academic,7,14,10,12,1,0,0,PI-023,16,0,4,1,3,79,3.9,2021-03-01,2021-05-01,2025-02-19,2025-03-23,61,1390,-32,2,2021,FDA,2020-09-25,2021-02-15,143,0,IRB,2020-11-08,2021-01-05,58,174,2,1,0,1,0,0,1,0,0,1,0,,2,2,4,1,0,1,1900,0.469,128,2.76,adv_community_presentation,Community
SITE-00923,PROTO-A_ONCO,Japan,Asia,Oncology,III,NSCLC,Pharma,8,18,12,15,1,1,1,PI-011,16,4,4,1,4,178,3.8,2022-02-02,2022-03-06,2025-08-24,2025-08-16,32,1267,8,1,2022,PMDA,2021-06-15,2021-10-28,135,1,CEC,2021-08-11,2021-11-07,88,207,1,1,0,0,0,0,1,0,1,0,0,,0,3,3,0,1,0,6000,0.57,175,4.14,adv_poster,Poster
SITE-00924,PROTO-C_NEURO,Spain,Europe,Neurology,II,Alzheimer's,Academic,7,14,10,12,1,0,0,PI-025,11,3,1,1,3,160,3.8,2022-02-24,2022-08-03,2026-03-02,2026-04-06,160,1307,-35,3,2022,EMA,2021-11-29,2022-05-26,178,1,LEC,2021-12-20,2022-02-02,44,226,0,1,1,0,0,1,0,0,0,1,0,,1,3,4,1,0,0,1050,0.533,148,3.4,adv_community_presentation,Community
SITE-00925,PROTO-B_CARDIO,Canada,North America,Cardiology,II,Heart Failure,Biotech,5,9,8,10,0,1,1,PI-014,10,2,3,0,2,1026,2.5,2021-04-02,2021-05-09,2023-09-18,2023-10-24,37,862,-36,2,2021,Other,2020-10-23,2021-03-28,156,0,IRB,2020-12-07,2021-02-11,66,153,4,1,0,0,0,1,0,1,0,0,0,,0,3,3,0,1,0,2000,0.457,400,13.92,adv_newsletter,Newsletter
SITE-00926,PROTO-A_ONCO,Poland,Europe,Oncology,III,NSCLC,Pharma,8,18,12,15,1,1,1,PI-010,15,3,5,1,5,88,1.8,2022-09-15,2022-12-15,2024-07-31,2024-09-23,91,594,-54,4,2022,EMA,2022-06-24,2022-08-17,54,1,LEC,2022-07-11,2022-08-22,42,157,3,0,0,0,0,0,1,0,0,1,0,,1,1,2,1,0,0,1200,0.665,29,1.46,adv_community_presentation,Community
SITE-00927,PROTO-C_NEURO,Japan,Asia,Neurology,II,Alzheimer's,Academic,7,14,10,12,1,0,0,PI-016,24,4,2,1,3,47,3.1,2022-09-19,2022-10-01,2025-07-30,2025-07-24,12,1033,6,4,2022,PMDA,2021-12-28,2022-04-21,114,1,CEC,2022-02-15,2022-07-11,146,228,1,0,0,1,0,1,0,0,0,0,0,,1,1,2,1,0,1,800,0.59,59,1.71,adv_email,Email
SITE-00928,PROTO-C_NEURO,Brazil,LATAM,Neurology,II,Alzheimer's,Academic,7,14,10,12,1,0,0,PI-022,17,1,2,1,3,58,2.5,2022-06-12,2022-11-28,2025-02-17,2025-01-31,169,812,17,4,2022,Other,2022-03-21,2022-08-11,143,1,LEC,2022-04-06,2022-05-23,47,236,3,1,1,1,0,0,1,0,0,0,1,Patient registry outreach,2,3,5,1,0,1,2250,0.683,28,1.03,adv_email,Email
SITE-00929,PROTO-B_CARDIO,Spain,Europe,Cardiology,II,Heart Failure,Biotech,5,9,8,10,0,1,1,PI-016,18,4,1,1,4,964,3.5,2023-02-09,2023-06-15,2026-10-19,2026-11-27,126,1222,-39,2,2023,EMA,2022-11-05,2023-03-25,140,1,LEC,2022-12-13,2023-01-13,31,184,1,1,0,1,1,0,0,0,0,0,0,,2,1,3,1,0,1,1900,0.375,400,9.82,adv_email,Email
SITE-00930,PROTO-C_NEURO,Australia,APAC,Neurology,II,Alzheimer's,Academic,7,14,10,12,1,0,0,PI-013,22,3,4,1,2,126,3.8,2023-07-17,2023-12-04,2027-06-01,2027-06-01,140,1275,0,4,2023,Other,2023-05-12,2023-08-04,84,1,LEC,2023-06-02,2023-07-01,29,185,2,1,1,0,0,0,0,0,0,1,0,,1,2,3,1,0,0,750,0.516,238,5.6,adv_community_presentation,Community
SITE-00931,PROTO-B_CARDIO,Brazil,LATAM,Cardiology,II,Heart Failure,Biotech,5,9,8,10,0,1,1,PI-002,22,7,2,1,8,932,1.2,2022-05-09,2022-06-29,2023-05-22,2023-06-14,51,327,-23,2,2022,Other,2021-11-11,2022-02-01,82,1,CEC,2021-12-06,2022-02-10,66,205,3,1,0,0,0,0,0,0,1,1,0,,1,2,3,1,0,0,5600,0.405,400,36.7,adv_community_presentation,Community
SITE-00932,PROTO-C_NEURO,Japan,Asia,Neurology,II,Alzheimer's,Academic,7,14,10,12,1,0,0,PI-024,2,2,5,1,6,62,3.6,2022-07-03,2022-08-09,2025-12-20,2025-12-19,37,1229,1,3,2022,PMDA,2021-12-21,2022-05-02,132,1,CEC,2022-01-28,2022-05-14,106,193,1,0,1,1,1,0,0,0,0,0,0,,2,1,3,1,0,1,1850,0.612,20,0.49,adv_email,Email
SITE-00933,PROTO-B_CARDIO,Canada,North America,Cardiology,II,Heart Failure,Biotech,5,9,8,10,0,1,1,PI-020,20,2,1,1,4,792,3.2,2021-02-07,2021-04-02,2024-04-02,2024-06-23,54,1096,-82,2,2021,Other,2020-07-02,2020-08-09,38,0,CEC,2020-08-29,2021-01-13,137,216,3,1,0,1,1,0,0,1,0,1,0,,3,2,5,1,0,1,3800,0.391,400,10.95,adv_email,Email
SITE-00934,PROTO-C_NEURO,UK,Europe,Neurology,II,Alzheimer's,Academic,7,14,10,12,1,0,0,PI-012,16,6,4,1,4,97,1.8,2021-09-24,2021-12-16,2023-07-05,2023-06-24,83,566,11,4,2021,MHRA,2021-06-03,2021-09-14,103,1,LEC,2021-07-14,2021-08-20,37,155,2,1,0,1,0,1,0,0,0,0,0,,1,2,3,1,0,1,1000,0.576,76,4.03,adv_email,Email
SITE-00935,PROTO-B_CARDIO,Spain,Europe,Cardiology,II,Heart Failure,Biotech,5,9,8,10,0,1,1,PI-010,9,2,5,1,5,1057,3.6,2021-09-10,2022-02-11,2025-05-30,2025-04-01,154,1204,59,1,2022,EMA,2021-05-22,2021-10-03,134,1,LEC,2021-07-04,2021-08-09,36,222,2,1,0,1,0,0,0,0,0,0,1,Patient registry outreach,2,1,3,1,0,1,1300,0.444,400,9.97,adv_email,Email
SITE-00936,PROTO-A_ONCO,Australia,APAC,Oncology,III,NSCLC,Pharma,8,18,12,15,1,1,1,PI-012,23,3,4,1,1,140,2.5,2023-01-20,2023-04-02,2025-07-04,2025-06-20,72,824,14,2,2023,Other,2022-09-13,2022-11-12,60,1,LEC,2022-11-07,2023-01-03,57,146,3,1,0,0,1,1,0,1,0,0,0,,1,3,4,1,0,1,3200,0.517,229,8.34,adv_online,Online
SITE-00937,PROTO-B_CARDIO,Japan,Asia,Cardiology,II,Heart Failure,Biotech,5,9,8,10,0,1,1,PI-008,13,3,1,1,0,998,3.1,2021-02-14,2021-04-03,2024-01-24,2024-01-30,48,1026,-6,2,2021,PMDA,2020-07-07,2020-09-13,68,1,CEC,2020-08-23,2020-12-28,127,223,3,0,1,1,0,1,0,0,0,1,0,,2,2,4,1,0,1,1350,0.336,400,11.7,adv_email,Email
SITE-00938,PROTO-B_CARDIO,UK,Europe,Cardiology,II,Heart Failure,Biotech,5,9,8,10,0,1,1,PI-006,22,4,2,1,2,968,2.4,2022-09-26,2022-08-29,2024-11-21,2024-11-26,-28,815,-5,3,2022,MHRA,2022-03-24,2022-06-24,92,1,CEC,2022-04-30,2022-07-16,77,121,0,1,1,0,0,0,0,0,1,1,1,Patient registry outreach,2,3,5,1,0,0,6350,0.466,400,14.72,adv_community_presentation,Community
SITE-00939,PROTO-B_CARDIO,Brazil,LATAM,Cardiology,II,Heart Failure,Biotech,5,9,8,10,0,1,1,PI-021,3,2,1,1,1,1111,3.6,2021-09-17,2021-11-24,2025-03-31,2025-03-20,68,1223,11,4,2021,Other,2021-03-10,2021-04-16,37,1,CEC,2021-04-15,2021-08-18,125,223,0,1,1,0,1,0,0,1,0,0,0,,1,3,4,1,0,1,3050,0.403,400,9.81,adv_online,Online
SITE-00940,PROTO-A_ONCO,Japan,Asia,Oncology,III,NSCLC,Pharma,8,18,12,15,1,1,1,PI-029,6,3,3,1,1,168,3.3,2021-04-01,2021-07-03,2024-08-11,2024-09-16,93,1135,-36,3,2021,PMDA,2020-12-09,2021-05-02,144,1,LEC,2021-01-03,2021-03-04,60,181,0,1,1,0,0,0,0,0,0,1,0,,1,2,3,1,0,0,750,0.607,135,3.57,adv_community_presentation,Community
SITE-00941,PROTO-C_NEURO,USA,North America,Neurology,II,Alzheimer's,Academic,7,14,10,12,1,0,0,PI-007,4,4,3,1,7,135,1.7,2023-09-21,2023-08-21,2025-04-04,2025-05-15,-31,592,-41,3,2023,FDA,2023-05-12,2023-06-23,42,0,IRB,2023-06-19,2023-07-26,37,63,4,1,1,0,0,1,0,0,0,0,0,,0,3,3,0,1,0,650,0.523,32,1.62,adv_newsletter,Newsletter
SITE-00942,PROTO-B_CARDIO,Germany,Europe,Cardiology,II,Heart Failure,Biotech,5,9,8,10,0,1,1,PI-015,4,4,2,1,3,756,2.4,2021-12-21,2022-02-21,2024-04-23,2024-06-24,62,792,-62,1,2022,EMA,2021-05-21,2021-09-03,105,1,CEC,2021-07-14,2021-11-06,115,222,0,1,1,0,0,0,0,0,0,0,1,Patient registry outreach,1,2,3,1,0,0,950,0.39,400,15.15,adv_other,Other
SITE-00943,PROTO-B_CARDIO,Poland,Europe,Cardiology,II,Heart Failure,Biotech,5,9,8,10,0,1,1,PI-016,17,6,1,1,3,1117,3.5,2021-05-21,2021-07-11,2024-11-27,2024-11-09,51,1235,18,3,2021,EMA,2021-02-11,2021-05-17,95,1,LEC,2021-03-08,2021-04-15,38,125,0,1,1,1,0,1,0,0,0,1,0,,2,3,5,1,0,1,1550,0.412,400,9.72,adv_email,Email
SITE-00944,PROTO-B_CARDIO,Japan,Asia,Cardiology,II,Heart Failure,Biotech,5,9,8,10,0,1,1,PI-024,2,4,1,1,4,884,1.3,2023-03-11,2023-08-04,2024-08-15,2024-09-15,146,377,-31,3,2023,PMDA,2022-11-20,2023-03-31,131,1,CEC,2022-12-07,2023-02-09,64,240,3,1,1,1,1,0,0,0,0,0,0,,2,2,4,1,0,1,2050,0.48,288,22.92,adv_email,Email
SITE-00945,PROTO-C_NEURO,UK,Europe,Neurology,II,Alzheimer's,Academic,7,14,10,12,1,0,0,PI-029,7,2,4,1,8,49,3.2,2023-02-03,2023-08-23,2026-07-06,2026-04-26,201,1048,71,3,2023,MHRA,2022-11-19,2023-04-02,134,1,LEC,2022-12-02,2023-01-16,45,264,4,1,1,1,1,1,0,0,0,0,0,,2,3,5,1,0,1,2350,0.511,21,0.6,adv_email,Email
SITE-00946,PROTO-B_CARDIO,USA,North America,Cardiology,II,Heart Failure,Biotech,5,9,8,10,0,1,1,PI-007,15,5,4,1,4,912,2.0,2021-03-14,2021-03-19,2023-01-27,2023-01-31,5,679,-4,1,2021,FDA,2020-09-12,2021-01-07,117,0,IRB,2020-11-04,2021-01-15,72,135,3,1,0,1,1,0,0,0,0,1,1,Patient registry outreach,4,1,5,1,0,1,2900,0.431,400,17.67,adv_email,Email
SITE-00947,PROTO-C_NEURO,Germany,Europe,Neurology,II,Alzheimer's,Academic,7,14,10,12,1,0,0,PI-021,24,6,3,1,5,122,2.0,2022-09-01,2022-11-15,2024-09-26,2024-07-11,75,681,77,4,2022,EMA,2022-05-23,2022-09-25,125,1,LEC,2022-06-26,2022-08-13,48,142,0,1,1,0,0,0,0,0,0,0,0,,0,2,2,0,1,0,350,0.59,95,4.19,adv_poster,Poster
SITE-00948,PROTO-B_CARDIO,Germany,Europe,Cardiology,II,Heart Failure,Biotech,5,9,8,10,0,1,1,PI-019,18,1,2,0,1,1272,1.3,2022-06-23,2022-08-24,2023-07-22,2023-07-26,62,332,-4,3,2022,EMA,2021-10-24,2022-02-10,109,1,CEC,2021-11-22,2022-04-14,143,275,2,1,1,1,0,0,0,0,0,0,1,Patient registry outreach,2,2,4,1,0,1,1450,0.449,400,36.14,adv_email,Email
SITE-00949,PROTO-B_CARDIO,India,Asia,Cardiology,II,Heart Failure,Biotech,5,9,8,10,0,1,1,PI-001,22,3,1,1,3,1084,2.4,2023-02-25,2023-05-04,2025-06-30,2025-06-28,68,788,2,2,2023,Other,2022-10-18,2022-12-05,48,1,LEC,2022-12-03,2023-01-26,54,152,4,1,0,1,1,0,1,0,0,1,0,,3,2,5,1,0,1,3100,0.459,400,15.23,adv_email,Email
SITE-00950,PROTO-C_NEURO,India,Asia,Neurology,II,Alzheimer's,Academic,7,14,10,12,1,0,0,PI-026,4,4,3,1,2,20,1.1,2021-08-05,2021-08-12,2022-06-25,2022-06-17,7,317,8,3,2021,Other,2021-01-09,2021-04-17,98,1,CEC,2021-02-16,2021-05-24,97,177,3,0,0,1,0,0,0,0,0,1,0,,2,0,2,1,0,1,900,0.526,8,0.76,adv_community_presentation,Community
SITE-00951,PROTO-B_CARDIO,Germany,Europe,Cardiology,II,Heart Failure,Biotech,5,9,8,10,0,1,1,PI-011,21,6,1,1,3,881,1.4,2022-09-26,2022-10-13,2023-11-09,2023-09-28,17,392,42,4,2022,EMA,2021-12-24,2022-02-04,42,1,CEC,2022-02-21,2022-07-07,136,234,1,1,1,1,1,1,0,0,0,0,0,,2,3,5,1,0,1,2350,0.435,400,30.61,adv_email,Email
SITE-00952,PROTO-B_CARDIO,Germany,Europe,Cardiology,II,Heart Failure,Biotech,5,9,8,10,0,1,1,PI-005,3,2,1,1,6,1112,1.3,2023-05-30,2023-08-13,2024-07-31,2024-06-30,75,353,31,3,2023,EMA,2022-12-12,2023-02-08,58,1,CEC,2023-01-23,2023-04-16,83,202,1,0,0,1,0,0,1,0,0,0,1,Patient registry outreach,2,1,3,1,0,1,1900,0.452,277,23.54,adv_email,Email
SITE-00953,PROTO-C_NEURO,USA,North America,Neurology,II,Alzheimer's,Academic,7,14,10,12,1,0,0,PI-014,17,2,2,1,1,163,1.3,2022-08-24,2022-08-24,2023-11-24,2023-11-29,0,457,-5,3,2022,FDA,2022-06-02,2022-07-21,49,0,IRB,2022-06-16,2022-07-23,37,69,1,1,1,0,0,0,1,0,1,0,0,,0,4,4,0,1,0,6150,0.593,105,6.89,adv_poster,Poster
SITE-00954,PROTO-C_NEURO,UK,Europe,Neurology,II,Alzheimer's,Academic,7,14,10,12,1,0,0,PI-006,12,1,4,1,2,116,3.3,2021-09-21,2021-12-10,2025-01-02,2024-12-08,80,1119,25,4,2021,MHRA,2021-06-03,2021-09-03,92,1,LEC,2021-07-12,2021-08-29,48,151,1,1,1,1,0,0,0,0,0,1,1,Patient registry outreach,3,2,5,1,0,1,1850,0.66,68,1.82,adv_community_presentation,Community
SITE-00955,PROTO-A_ONCO,USA,North America,Oncology,III,NSCLC,Pharma,8,18,12,15,1,1,1,PI-009,14,4,2,1,6,81,3.0,2022-04-17,2022-05-06,2025-03-19,2025-04-10,19,1048,-22,2,2022,FDA,2021-11-02,2022-03-20,138,0,IRB,2021-11-24,2022-02-27,95,163,2,1,0,0,0,0,0,0,0,0,0,,0,1,1,0,1,0,200,0.574,37,1.06,adv_poster,Poster
SITE-00956,PROTO-A_ONCO,Japan,Asia,Oncology,III,NSCLC,Pharma,8,18,12,15,1,1,1,PI-025,14,6,2,1,4,85,3.1,2021-12-02,2022-04-21,2025-02-15,2025-01-25,140,1031,21,2,2022,PMDA,2021-08-25,2022-01-10,138,1,CEC,2021-09-07,2021-11-08,62,226,4,1,0,1,1,0,0,0,1,0,0,,2,2,4,1,0,1,6900,0.644,64,1.86,adv_email,Email
SITE-00957,PROTO-C_NEURO,Germany,Europe,Neurology,II,Alzheimer's,Academic,7,14,10,12,1,0,0,PI-029,18,4,3,1,2,41,2.8,2023-09-07,2023-11-21,2026-05-14,2026-05-18,75,905,-4,4,2023,EMA,2023-03-27,2023-05-02,36,1,CEC,2023-04-23,2023-08-17,116,212,2,1,1,0,1,0,0,0,0,1,1,Patient registry outreach,3,2,5,1,0,1,2550,0.486,58,1.92,adv_community_presentation,Community
SITE-00958,PROTO-C_NEURO,Canada,North America,Neurology,II,Alzheimer's,Academic,7,14,10,12,1,0,0,PI-020,8,1,5,1,6,46,1.2,2022-04-27,2022-04-28,2023-06-14,2023-06-14,1,412,0,2,2022,Other,2021-12-01,2022-01-01,31,0,IRB,2021-12-20,2022-03-09,79,129,0,1,0,1,0,1,0,1,0,0,0,,1,3,4,1,0,1,2500,0.563,11,0.8,adv_email,Email
SITE-00959,PROTO-B_CARDIO,Germany,Europe,Cardiology,II,Heart Failure,Biotech,5,9,8,10,0,1,1,PI-025,20,6,4,0,4,1069,1.3,2021-08-22,2021-12-16,2022-11-23,2022-11-19,116,342,4,4,2021,EMA,2021-02-12,2021-05-01,78,1,CEC,2021-03-02,2021-07-21,141,289,2,1,1,1,0,1,0,0,0,0,0,,1,3,4,1,0,1,1150,0.421,400,35.09,adv_email,Email
SITE-00960,PROTO-C_NEURO,Canada,North America,Neurology,II,Alzheimer's,Academic,7,14,10,12,1,0,0,PI-002,6,2,1,1,4,36,2.0,2023-06-27,2023-08-15,2025-07-06,2025-06-30,49,691,6,3,2023,Other,2023-02-09,2023-05-28,108,0,IRB,2023-03-01,2023-06-08,99,167,1,1,0,1,1,0,0,0,0,0,1,Patient registry outreach,3,1,4,1,0,1,2500,0.611,17,0.74,adv_email,Email
SITE-00961,PROTO-C_NEURO,Japan,Asia,Neurology,II,Alzheimer's,Academic,7,14,10,12,1,0,0,PI-028,24,5,4,1,6,48,3.1,2021-08-25,2021-10-30,2024-08-02,2024-09-10,66,1007,-39,4,2021,PMDA,2021-02-10,2021-04-24,73,1,CEC,2021-03-15,2021-06-16,93,229,2,1,1,1,0,0,0,0,0,1,0,,2,2,4,1,0,1,1250,0.629,33,0.98,adv_community_presentation,Community
SITE-00962,PROTO-A_ONCO,Germany,Europe,Oncology,III,NSCLC,Pharma,8,18,12,15,1,1,1,PI-003,15,1,5,1,6,71,2.6,2022-11-07,2023-01-13,2025-05-11,2025-05-02,67,849,9,1,2023,EMA,2022-05-19,2022-08-09,82,1,CEC,2022-06-17,2022-10-06,111,210,3,1,1,1,0,0,1,0,0,0,1,Patient registry outreach,2,3,5,1,0,1,2250,0.534,37,1.31,adv_email,Email
SITE-00963,PROTO-A_ONCO,Spain,Europe,Oncology,III,NSCLC,Pharma,8,18,12,15,1,1,1,PI-012,5,3,1,1,4,168,1.0,2021-11-06,2022-03-16,2023-01-14,2023-01-14,130,304,0,1,2022,EMA,2021-07-06,2021-12-07,154,1,LEC,2021-08-08,2021-10-12,65,220,2,1,1,0,1,0,0,0,0,1,1,Patient registry outreach,3,2,5,1,0,1,2550,0.654,31,3.06,adv_community_presentation,Community
SITE-00964,PROTO-B_CARDIO,USA,North America,Cardiology,II,Heart Failure,Biotech,5,9,8,10,0,1,1,PI-011,24,4,1,1,6,1208,1.1,2022-09-01,2022-08-20,2023-08-12,2023-09-18,-12,357,-37,3,2022,FDA,2022-04-26,2022-06-11,46,0,IRB,2022-05-23,2022-07-13,51,89,3,1,1,1,0,1,0,0,0,1,0,,2,3,5,1,0,1,1550,0.457,400,33.61,adv_email,Email
SITE-00965,PROTO-C_NEURO,Australia,APAC,Neurology,II,Alzheimer's,Academic,7,14,10,12,1,0,0,PI-020,20,0,1,1,3,142,3.1,2021-06-06,2021-06-25,2024-06-11,2024-05-21,19,1082,21,2,2021,Other,2021-01-24,2021-06-13,140,1,LEC,2021-03-09,2021-04-27,49,108,0,1,0,0,0,0,0,0,0,0,0,,0,1,1,0,1,0,200,0.52,123,3.41,adv_poster,Poster
SITE-00966,PROTO-C_NEURO,USA,North America,Neurology,II,Alzheimer's,Academic,7,14,10,12,1,0,0,PI-008,11,2,5,0,5,66,3.3,2023-05-13,2023-05-18,2026-07-22,2026-07-31,5,1161,-9,2,2023,FDA,2022-12-21,2023-01-21,31,0,IRB,2023-01-14,2023-03-21,66,124,3,1,1,1,0,0,0,0,0,1,0,,2,2,4,1,0,1,1250,0.589,39,1.01,adv_community_presentation,Community
SITE-00967,PROTO-A_ONCO,Germany,Europe,Oncology,III,NSCLC,Pharma,8,18,12,15,1,1,1,PI-020,11,4,5,1,4,274,3.2,2021-02-04,2021-07-13,2024-06-09,2024-06-27,159,1062,-18,3,2021,EMA,2020-09-23,2021-02-24,154,1,LEC,2020-11-19,2021-01-17,59,236,1,0,1,1,0,0,1,0,0,0,0,,1,2,3,1,0,1,1450,0.579,164,4.63,adv_email,Email
SITE-00968,PROTO-A_ONCO,USA,North America,Oncology,III,NSCLC,Pharma,8,18,12,15,1,1,1,PI-012,16,4,3,1,1,103,1.4,2022-08-21,2022-08-24,2023-12-22,2023-12-06,3,485,16,3,2022,FDA,2022-04-11,2022-05-16,35,0,IRB,2022-04-24,2022-07-08,75,122,0,1,1,0,1,0,0,0,0,1,0,,2,2,4,1,0,1,1950,0.512,101,6.25,adv_community_presentation,Community
SITE-00969,PROTO-C_NEURO,Canada,North America,Neurology,II,Alzheimer's,Academic,7,14,10,12,1,0,0,PI-023,8,5,4,1,2,147,1.0,2021-05-21,2021-04-20,2022-03-15,2022-03-06,-31,329,9,2,2021,Other,2020-11-14,2021-03-20,126,0,IRB,2021-01-09,2021-03-23,73,101,3,1,1,1,1,0,0,0,1,1,0,,3,3,6,1,0,1,7450,0.622,82,7.48,adv_community_presentation,Community
SITE-00970,PROTO-B_CARDIO,Australia,APAC,Cardiology,II,Heart Failure,Biotech,5,9,8,10,0,1,1,PI-008,10,2,3,1,9,877,3.2,2022-01-19,2022-05-04,2025-05-07,2025-05-10,105,1099,-3,2,2022,Other,2021-08-14,2022-02-08,178,1,LEC,2021-10-01,2021-12-07,67,215,1,1,0,1,1,0,0,0,0,1,1,Patient registry outreach,4,1,5,1,0,1,2900,0.47,384,10.48,adv_email,Email
SITE-00971,PROTO-A_ONCO,Canada,North America,Oncology,III,NSCLC,Pharma,8,18,12,15,1,1,1,PI-020,3,2,5,1,1,139,3.6,2023-04-08,2023-06-14,2026-11-28,2026-12-17,67,1263,-19,2,2023,Other,2022-12-19,2023-04-28,130,0,IRB,2023-01-28,2023-03-16,47,137,6,1,0,0,0,0,0,0,0,0,1,Patient registry outreach,1,1,2,1,0,0,800,0.633,106,2.52,adv_other,Other
SITE-00972,PROTO-A_ONCO,USA,North America,Oncology,III,NSCLC,Pharma,8,18,12,15,1,1,1,PI-029,18,2,1,1,2,75,1.1,2022-11-21,2022-11-25,2023-11-20,2023-11-01,4,360,19,4,2022,FDA,2022-05-27,2022-10-19,145,0,IRB,2022-07-14,2022-10-11,89,134,3,1,0,0,0,1,0,0,0,0,0,,0,2,2,0,1,0,500,0.609,28,2.33,adv_newsletter,Newsletter
SITE-00973,PROTO-A_ONCO,UK,Europe,Oncology,III,NSCLC,Pharma,8,18,12,15,1,1,1,PI-005,15,2,1,1,3,86,1.2,2023-04-10,2023-06-22,2024-05-28,2024-05-22,73,341,6,2,2023,MHRA,2023-01-13,2023-03-04,50,1,LEC,2023-01-28,2023-03-01,32,145,1,0,0,0,0,0,0,1,0,1,0,,1,1,2,1,0,0,1900,0.548,31,2.73,adv_community_presentation,Community
SITE-00974,PROTO-C_NEURO,Poland,Europe,Neurology,II,Alzheimer's,Academic,7,14,10,12,1,0,0,PI-006,7,4,3,1,6,74,1.1,2021-11-12,2022-02-17,2023-01-26,2023-02-05,97,343,-10,1,2022,EMA,2021-08-08,2021-12-08,122,1,LEC,2021-10-02,2021-11-02,31,138,2,1,1,0,0,0,0,0,0,1,0,,1,2,3,1,0,0,750,0.592,19,1.66,adv_community_presentation,Community
SITE-00975,PROTO-C_NEURO,Poland,Europe,Neurology,II,Alzheimer's,Academic,7,14,10,12,1,0,0,PI-001,8,3,4,1,4,103,2.6,2023-06-02,2023-07-10,2025-10-14,2025-11-27,38,827,-44,3,2023,EMA,2022-10-19,2023-02-02,106,1,CEC,2022-10-29,2023-03-07,129,254,1,1,1,0,0,0,1,0,0,1,0,,1,3,4,1,0,0,1550,0.5,66,2.39,adv_community_presentation,Community
SITE-00976,PROTO-C_NEURO,USA,North America,Neurology,II,Alzheimer's,Academic,7,14,10,12,1,0,0,PI-002,13,4,2,1,4,98,1.3,2023-04-23,2023-04-28,2024-07-11,2024-07-01,5,440,10,2,2023,FDA,2022-11-22,2023-02-18,88,0,IRB,2023-01-14,2023-04-07,83,104,1,1,1,0,1,0,1,0,0,0,0,,1,3,4,1,0,1,2350,0.585,36,2.45,adv_online,Online
SITE-00977,PROTO-C_NEURO,Australia,APAC,Neurology,II,Alzheimer's,Academic,7,14,10,12,1,0,0,PI-020,4,7,5,1,5,23,3.3,2022-03-25,2022-07-18,2025-08-13,2025-09-16,115,1122,-34,3,2022,Other,2021-11-20,2022-05-05,166,1,CEC,2021-12-24,2022-02-13,51,206,2,1,0,0,0,0,1,0,0,0,0,,0,2,2,0,1,0,1000,0.639,12,0.32,adv_poster,Poster
SITE-00978,PROTO-A_ONCO,UK,Europe,Oncology,III,NSCLC,Pharma,8,18,12,15,1,1,1,PI-020,13,4,1,1,1,224,3.8,2021-11-23,2022-01-14,2025-07-27,2025-06-09,52,1290,48,1,2022,MHRA,2021-07-11,2021-08-20,40,1,LEC,2021-08-27,2021-10-10,44,140,4,1,0,0,0,0,0,1,0,0,0,,0,2,2,0,1,0,1700,0.586,284,6.6,adv_poster,Poster
SITE-00979,PROTO-B_CARDIO,Brazil,LATAM,Cardiology,II,Heart Failure,Biotech,5,9,8,10,0,1,1,PI-009,9,3,4,1,2,1131,3.6,2023-09-22,2023-12-01,2027-05-02,2027-04-26,70,1248,6,4,2023,Other,2023-05-07,2023-09-10,126,1,LEC,2023-06-27,2023-08-16,50,157,1,1,1,0,0,0,0,0,0,0,0,,0,2,2,0,1,0,350,0.409,400,9.62,adv_poster,Poster
SITE-00980,PROTO-A_ONCO,USA,North America,Oncology,III,NSCLC,Pharma,8,18,12,15,1,1,1,PI-011,14,7,4,1,3,156,3.1,2023-09-02,2023-09-15,2026-09-26,2026-11-03,13,1107,-38,3,2023,FDA,2023-04-28,2023-07-12,75,0,CEC,2023-06-05,2023-08-06,62,102,1,1,1,0,0,0,1,0,0,0,0,,0,3,3,0,1,0,1150,0.569,152,4.12,adv_poster,Poster
SITE-00981,PROTO-B_CARDIO,Brazil,LATAM,Cardiology,II,Heart Failure,Biotech,5,9,8,10,0,1,1,PI-027,23,4,3,0,5,789,1.2,2023-08-05,2023-08-24,2024-07-08,2024-06-12,19,319,26,3,2023,Other,2023-01-10,2023-03-12,61,1,CEC,2023-02-23,2023-05-20,86,182,2,1,1,1,0,0,0,0,0,0,0,,1,2,3,1,0,1,850,0.438,400,37.62,adv_email,Email
SITE-00982,PROTO-C_NEURO,Brazil,LATAM,Neurology,II,Alzheimer's,Academic,7,14,10,12,1,0,0,PI-005,7,2,4,0,3,112,3.8,2023-02-25,2023-06-13,2027-01-11,2026-12-26,108,1308,16,2,2023,Other,2022-11-25,2023-03-01,96,1,LEC,2022-12-15,2023-01-12,28,180,6,1,1,0,1,0,0,0,0,0,0,,1,2,3,1,0,1,1550,0.547,90,2.06,adv_online,Online
SITE-00983,PROTO-A_ONCO,Germany,Europe,Oncology,III,NSCLC,Pharma,8,18,12,15,1,1,1,PI-024,12,5,3,1,1,279,2.4,2021-06-17,2021-09-12,2023-10-10,2023-09-06,87,758,34,3,2021,EMA,2020-11-26,2021-01-15,50,1,CEC,2021-01-10,2021-05-01,111,245,3,1,0,0,0,0,0,0,0,0,0,,0,1,1,0,1,0,200,0.524,312,12.35,adv_poster,Poster
SITE-00984,PROTO-B_CARDIO,Australia,APAC,Cardiology,II,Heart Failure,Biotech,5,9,8,10,0,1,1,PI-019,20,3,2,1,7,1109,3.2,2021-11-13,2021-12-18,2024-11-28,2025-02-06,35,1076,-70,4,2021,Other,2021-06-21,2021-08-29,69,1,LEC,2021-07-30,2021-10-02,64,141,2,0,0,0,0,0,0,0,0,0,0,,0,0,0,0,0,0,0,0.402,400,11.15,none,None
SITE-00985,PROTO-B_CARDIO,USA,North America,Cardiology,II,Heart Failure,Biotech,5,9,8,10,0,1,1,PI-007,24,0,1,1,4,984,1.9,2023-05-28,2023-05-05,2025-02-04,2025-02-08,-23,641,-4,2,2023,FDA,2022-09-16,2023-01-02,108,0,CEC,2022-11-07,2023-03-26,139,179,1,0,1,0,0,0,1,0,0,1,0,,1,2,3,1,0,0,1350,0.345,400,18.72,adv_community_presentation,Community
SITE-00986,PROTO-C_NEURO,USA,North America,Neurology,II,Alzheimer's,Academic,7,14,10,12,1,0,0,PI-009,6,4,3,1,7,155,3.4,2022-10-12,2022-08-20,2025-11-20,2025-10-31,-53,1188,20,3,2022,FDA,2021-12-30,2022-06-06,158,0,CEC,2022-02-25,2022-07-24,149,176,1,1,1,0,0,1,0,0,0,1,0,,1,3,4,1,0,0,1050,0.59,52,1.31,adv_community_presentation,Community
SITE-00987,PROTO-B_CARDIO,Germany,Europe,Cardiology,II,Heart Failure,Biotech,5,9,8,10,0,1,1,PI-018,2,3,2,1,4,922,2.1,2021-10-10,2021-11-07,2023-09-27,2023-12-05,28,689,-69,4,2021,EMA,2021-04-26,2021-05-27,31,1,CEC,2021-05-18,2021-08-07,81,173,1,0,1,1,0,1,0,0,0,0,0,,1,2,3,1,0,1,950,0.453,400,17.42,adv_email,Email
SITE-00988,PROTO-B_CARDIO,Spain,Europe,Cardiology,II,Heart Failure,Biotech,5,9,8,10,0,1,1,PI-011,23,4,2,1,4,897,3.0,2023-07-27,2023-08-06,2026-05-07,2026-02-19,10,1005,77,3,2023,EMA,2022-12-05,2023-02-25,82,1,CEC,2023-01-01,2023-05-07,126,217,2,0,1,0,1,1,0,0,0,1,0,,2,2,4,1,0,1,2050,0.496,400,11.94,adv_online,Online
SITE-00989,PROTO-B_CARDIO,India,Asia,Cardiology,II,Heart Failure,Biotech,5,9,8,10,0,1,1,PI-006,24,3,3,1,2,925,3.9,2022-12-26,2023-03-25,2026-12-04,2026-11-19,89,1350,15,1,2023,Other,2022-09-21,2022-11-03,43,1,LEC,2022-11-04,2022-11-29,25,141,3,1,1,0,1,1,0,0,1,0,1,Patient registry outreach,2,4,6,1,0,1,7450,0.483,400,8.89,adv_online,Online
SITE-00990,PROTO-B_CARDIO,Japan,Asia,Cardiology,II,Heart Failure,Biotech,5,9,8,10,0,1,1,PI-006,5,2,1,1,5,1214,1.8,2023-03-11,2023-05-25,2024-11-28,2024-11-25,75,553,3,2,2023,PMDA,2022-09-17,2022-12-01,75,1,CEC,2022-11-08,2023-01-15,68,198,2,1,0,0,1,0,1,0,0,0,1,Patient registry outreach,2,2,4,1,0,1,2800,0.412,400,21.7,adv_online,Online
SITE-00991,PROTO-C_NEURO,Brazil,LATAM,Neurology,II,Alzheimer's,Academic,7,14,10,12,1,0,0,PI-009,19,1,3,1,1,56,1.8,2023-07-13,2023-08-01,2025-01-12,2025-01-20,19,530,-8,3,2023,Other,2022-11-09,2023-01-03,55,1,CEC,2022-12-23,2023-04-19,117,221,5,1,1,1,1,0,0,0,0,0,0,,2,2,4,1,0,1,2050,0.464,71,4.02,adv_email,Email
SITE-00992,PROTO-B_CARDIO,Germany,Europe,Cardiology,II,Heart Failure,Biotech,5,9,8,10,0,1,1,PI-006,16,5,3,1,3,1026,3.9,2022-01-18,2021-12-29,2025-09-13,2025-09-11,-20,1354,2,4,2021,EMA,2021-07-03,2021-08-21,49,1,CEC,2021-08-31,2021-10-25,55,120,1,0,0,1,0,0,0,1,0,1,0,,2,1,3,1,0,1,2400,0.447,400,8.86,adv_email,Email
SITE-00993,PROTO-C_NEURO,Brazil,LATAM,Neurology,II,Alzheimer's,Academic,7,14,10,12,1,0,0,PI-025,15,2,3,1,3,46,3.5,2021-08-02,2022-02-03,2025-04-12,2025-05-12,185,1164,-30,1,2022,Other,2021-04-17,2021-10-04,170,1,LEC,2021-05-15,2021-06-28,44,264,5,1,1,0,1,0,0,0,1,0,0,,1,3,4,1,0,1,6550,0.598,24,0.62,adv_online,Online
SITE-00994,PROTO-B_CARDIO,Japan,Asia,Cardiology,II,Heart Failure,Biotech,5,9,8,10,0,1,1,PI-010,8,3,5,1,2,954,2.4,2023-06-08,2023-08-28,2025-09-24,2025-07-28,81,758,58,3,2023,PMDA,2023-01-03,2023-02-07,35,1,CEC,2023-02-04,2023-05-09,94,205,3,1,0,1,1,1,0,0,0,0,0,,2,2,4,1,0,1,2200,0.355,400,15.83,adv_email,Email
SITE-00995,PROTO-A_ONCO,Spain,Europe,Oncology,III,NSCLC,Pharma,8,18,12,15,1,1,1,PI-023,16,1,4,1,6,217,1.2,2022-02-05,2022-02-18,2023-01-29,2023-02-03,13,345,-5,1,2022,EMA,2021-08-07,2021-11-24,109,1,CEC,2021-08-30,2021-12-24,116,172,2,1,1,0,1,1,0,0,0,0,0,,1,3,4,1,0,1,1850,0.462,61,5.3,adv_online,Online
SITE-00996,PROTO-C_NEURO,USA,North America,Neurology,II,Alzheimer's,Academic,7,14,10,12,1,0,0,PI-011,16,7,5,1,4,145,2.4,2023-08-05,2023-08-04,2025-11-27,2025-11-14,-1,846,13,3,2023,FDA,2023-03-28,2023-07-05,99,0,IRB,2023-04-20,2023-07-01,72,106,1,0,1,1,1,0,0,0,0,0,0,,2,1,3,1,0,1,1850,0.534,118,4.18,adv_email,Email
SITE-00997,PROTO-B_CARDIO,India,Asia,Cardiology,II,Heart Failure,Biotech,5,9,8,10,0,1,1,PI-022,8,1,3,1,4,935,1.4,2021-05-29,2021-07-26,2022-09-29,2022-09-13,58,430,16,3,2021,Other,2020-11-27,2021-05-12,166,1,CEC,2020-12-11,2021-03-23,102,227,2,0,0,0,0,0,0,0,0,1,1,Patient registry outreach,2,0,2,1,0,0,1000,0.365,400,27.91,adv_community_presentation,Community
SITE-00998,PROTO-B_CARDIO,UK,Europe,Cardiology,II,Heart Failure,Biotech,5,9,8,10,0,1,1,PI-027,16,4,5,1,4,1090,1.2,2021-10-11,2022-01-25,2022-12-27,2022-11-20,106,336,37,1,2022,MHRA,2021-07-14,2021-09-25,73,1,LEC,2021-08-18,2021-09-11,24,160,4,0,1,0,0,1,0,0,0,1,1,Patient registry outreach,2,2,4,1,0,0,1450,0.402,400,35.71,adv_community_presentation,Community
SITE-00999,PROTO-A_ONCO,UK,Europe,Oncology,III,NSCLC,Pharma,8,18,12,15,1,1,1,PI-008,24,2,3,1,1,171,3.5,2021-07-23,2021-08-13,2024-11-18,2024-11-27,21,1193,-9,3,2021,MHRA,2021-03-13,2021-05-26,74,1,CEC,2021-03-30,2021-05-21,52,136,3,1,1,0,1,0,1,0,0,0,0,,1,3,4,1,0,1,2350,0.549,259,6.51,adv_online,Online
SITE-01000,PROTO-A_ONCO,USA,North America,Oncology,III,NSCLC,Pharma,8,18,12,15,1,1,1,PI-004,8,2,2,1,5,23,3.8,2021-01-21,2021-01-30,2024-10-01,2024-09-02,9,1340,29,1,2021,FDA,2020-07-07,2021-01-02,179,0,CEC,2020-08-06,2020-12-07,123,177,1,1,1,1,1,0,0,0,0,1,0,,3,2,5,1,0,1,2450,0.649,9,0.2,adv_email,Email
SITE-01001,PROTO-B_CARDIO,India,Asia,Cardiology,II,Heart Failure,Biotech,5,9,8,10,0,1,1,PI-006,14,0,4,1,1,1002,2.2,2021-11-06,2022-01-20,2024-01-03,2023-12-22,75,713,12,1,2022,Other,2021-07-02,2021-09-27,87,1,LEC,2021-08-20,2021-10-05,46,153,3,1,1,1,0,0,0,0,0,1,0,,2,2,4,1,0,1,1250,0.431,400,16.83,adv_email,Email
SITE-01002,PROTO-C_NEURO,Japan,Asia,Neurology,II,Alzheimer's,Academic,7,14,10,12,1,0,0,PI-022,7,3,5,1,4,172,3.9,2022-06-02,2022-10-01,2026-04-29,2026-04-03,121,1306,26,4,2022,PMDA,2021-12-21,2022-05-08,138,1,CEC,2022-01-03,2022-03-10,66,271,2,1,0,1,0,0,0,0,0,1,0,,2,1,3,1,0,1,1100,0.499,166,3.81,adv_community_presentation,Community
SITE-01003,PROTO-A_ONCO,USA,North America,Oncology,III,NSCLC,Pharma,8,18,12,15,1,1,1,PI-016,19,2,4,1,5,153,1.3,2021-04-24,2021-04-03,2022-06-15,2022-05-23,-21,438,23,2,2021,FDA,2020-10-29,2020-12-23,55,0,IRB,2020-12-05,2021-03-03,88,119,1,1,1,1,0,0,0,0,0,0,1,Patient registry outreach,2,2,4,1,0,1,1450,0.575,63,4.32,adv_email,Email
SITE-01004,PROTO-A_ONCO,UK,Europe,Oncology,III,NSCLC,Pharma,8,18,12,15,1,1,1,PI-015,24,1,3,1,3,291,2.6,2021-08-05,2021-11-28,2024-05-17,2024-06-01,115,901,-15,4,2021,MHRA,2021-05-01,2021-09-23,145,1,LEC,2021-05-13,2021-06-27,45,199,0,1,0,1,1,0,0,0,1,1,0,,3,2,5,1,0,1,7300,0.623,235,7.82,adv_email,Email
SITE-01005,PROTO-A_ONCO,Brazil,LATAM,Oncology,III,NSCLC,Pharma,8,18,12,15,1,1,1,PI-013,7,5,3,1,4,152,1.4,2021-09-30,2022-03-25,2023-04-14,2023-05-04,176,385,-20,1,2022,Other,2021-06-12,2021-11-14,155,1,LEC,2021-07-14,2021-09-19,67,254,3,1,0,1,1,1,0,0,0,0,0,,2,2,4,1,0,1,2200,0.577,57,4.44,adv_email,Email
SITE-01006,PROTO-C_NEURO,USA,North America,Neurology,II,Alzheimer's,Academic,7,14,10,12,1,0,0,PI-022,24,9,1,1,0,175,2.7,2023-06-13,2023-07-05,2026-02-05,2026-03-17,22,946,-40,3,2023,FDA,2023-01-02,2023-05-18,136,0,IRB,2023-02-21,2023-05-04,72,134,3,1,1,0,0,0,1,0,0,1,0,,1,3,4,1,0,0,1550,0.472,400,12.68,adv_community_presentation,Community
SITE-01007,PROTO-A_ONCO,UK,Europe,Oncology,III,NSCLC,Pharma,8,18,12,15,1,1,1,PI-001,9,4,1,1,4,196,3.4,2022-06-15,2022-08-24,2025-10-22,2025-10-10,70,1155,12,3,2022,MHRA,2022-03-29,2022-05-28,60,1,LEC,2022-04-08,2022-05-22,44,138,2,1,1,1,0,0,0,0,0,0,0,,1,2,3,1,0,1,850,0.637,100,2.6,adv_email,Email
SITE-01008,PROTO-B_CARDIO,Brazil,LATAM,Cardiology,II,Heart Failure,Biotech,5,9,8,10,0,1,1,PI-021,4,2,4,1,1,670,3.6,2023-07-12,2023-11-11,2027-02-27,2027-02-03,122,1204,24,4,2023,Other,2023-03-16,2023-06-23,99,1,LEC,2023-04-13,2023-06-11,59,212,2,1,1,1,1,0,0,0,0,1,1,Patient registry outreach,4,2,6,1,0,1,3050,0.414,400,9.97,adv_email,Email
SITE-01009,PROTO-C_NEURO,Japan,Asia,Neurology,II,Alzheimer's,Academic,7,14,10,12,1,0,0,PI-016,13,2,2,1,4,43,1.7,2021-05-08,2021-07-04,2022-12-09,2022-11-14,57,523,25,3,2021,PMDA,2020-12-30,2021-04-18,109,1,CEC,2021-01-18,2021-04-08,80,167,2,1,1,0,0,0,0,0,0,0,0,,0,2,2,0,1,0,350,0.628,16,0.92,adv_poster,Poster
SITE-01010,PROTO-C_NEURO,USA,North America,Neurology,II,Alzheimer's,Academic,7,14,10,12,1,0,0,PI-023,9,2,2,1,1,98,1.4,2022-07-05,2022-06-14,2023-10-04,2023-09-08,-21,477,26,2,2022,FDA,2021-12-27,2022-04-04,98,0,CEC,2022-02-19,2022-05-15,85,115,1,0,1,1,1,0,0,0,0,1,0,,3,1,4,1,0,1,2250,0.557,71,4.47,adv_community_presentation,Community
SITE-01011,PROTO-C_NEURO,USA,North America,Neurology,II,Alzheimer's,Academic,7,14,10,12,1,0,0,PI-028,24,2,4,1,6,114,3.1,2022-02-16,2022-02-09,2025-02-15,2025-01-17,-7,1102,29,1,2022,FDA,2021-11-13,2022-01-04,52,0,CEC,2021-11-26,2022-01-25,60,75,1,1,0,0,1,0,0,0,0,0,0,,1,1,2,1,0,1,1400,0.52,60,1.63,adv_online,Online
SITE-01012,PROTO-A_ONCO,Japan,Asia,Oncology,III,NSCLC,Pharma,8,18,12,15,1,1,1,PI-001,5,2,4,0,2,203,2.7,2021-09-19,2021-10-28,2024-03-29,2024-04-08,39,883,-10,4,2021,PMDA,2021-04-14,2021-06-23,70,1,CEC,2021-05-27,2021-07-18,52,154,2,0,1,1,0,0,0,0,0,0,0,,1,1,2,1,0,1,650,0.64,126,4.28,adv_email,Email
SITE-01013,PROTO-A_ONCO,Brazil,LATAM,Oncology,III,NSCLC,Pharma,8,18,12,15,1,1,1,PI-025,5,1,5,1,4,186,2.5,2023-01-27,2023-07-16,2025-10-19,2025-11-17,170,826,-29,3,2023,Other,2022-11-18,2023-03-05,107,1,LEC,2022-12-08,2023-01-16,39,220,4,0,0,1,0,0,0,0,0,0,0,,1,0,1,1,0,1,500,0.598,58,2.11,adv_email,Email
SITE-01014,PROTO-B_CARDIO,Brazil,LATAM,Cardiology,II,Heart Failure,Biotech,5,9,8,10,0,1,1,PI-007,14,1,5,1,6,780,3.4,2023-07-07,2023-06-15,2026-08-05,2026-06-19,-22,1147,47,2,2023,Other,2022-12-27,2023-03-07,70,1,CEC,2023-02-08,2023-04-12,63,127,1,1,1,1,1,1,0,0,0,0,0,,2,3,5,1,0,1,2350,0.338,400,10.46,adv_email,Email
SITE-01015,PROTO-C_NEURO,Japan,Asia,Neurology,II,Alzheimer's,Academic,7,14,10,12,1,0,0,PI-029,11,2,3,1,3,135,2.1,2021-09-08,2021-11-11,2023-10-12,2023-10-16,64,700,-4,4,2021,PMDA,2021-06-18,2021-07-29,41,1,LEC,2021-07-01,2021-08-11,41,133,3,1,1,1,1,0,1,0,0,0,0,,2,3,5,1,0,1,2850,0.597,102,4.37,adv_email,Email
SITE-01016,PROTO-C_NEURO,Germany,Europe,Neurology,II,Alzheimer's,Academic,7,14,10,12,1,0,0,PI-027,10,1,5,0,3,70,1.4,2021-10-04,2021-11-06,2023-01-18,2023-01-10,33,438,8,4,2021,EMA,2021-05-10,2021-09-02,115,1,CEC,2021-06-27,2021-09-06,71,132,1,1,1,0,1,1,0,0,0,0,0,,1,3,4,1,0,1,1850,0.638,33,2.26,adv_online,Online
SITE-01017,PROTO-C_NEURO,Australia,APAC,Neurology,II,Alzheimer's,Academic,7,14,10,12,1,0,0,PI-001,14,3,2,1,7,101,1.6,2021-02-16,2021-07-03,2022-11-10,2022-11-11,137,495,-1,3,2021,Other,2020-10-26,2021-02-26,123,1,LEC,2020-12-23,2021-01-20,28,192,2,1,1,0,1,0,0,0,0,1,1,Patient registry outreach,3,2,5,1,0,1,2550,0.49,34,2.06,adv_community_presentation,Community
SITE-01018,PROTO-B_CARDIO,Brazil,LATAM,Cardiology,II,Heart Failure,Biotech,5,9,8,10,0,1,1,PI-013,5,6,5,1,4,978,2.0,2023-04-27,2023-07-23,2025-05-31,2025-06-14,87,678,-14,3,2023,Other,2023-02-08,2023-05-05,86,1,LEC,2023-02-27,2023-04-05,37,146,0,1,1,1,1,1,0,0,0,0,0,,2,3,5,1,0,1,2350,0.472,400,17.7,adv_email,Email
SITE-01019,PROTO-C_NEURO,UK,Europe,Neurology,II,Alzheimer's,Academic,7,14,10,12,1,0,0,PI-014,2,3,5,1,8,104,1.5,2023-02-15,2023-04-12,2024-06-14,2024-06-06,56,429,8,2,2023,MHRA,2022-08-16,2022-12-24,130,1,CEC,2022-08-31,2022-12-13,104,224,2,0,0,1,1,1,0,0,0,0,1,Patient registry outreach,3,1,4,1,0,1,2600,0.508,19,1.33,adv_email,Email
SITE-01020,PROTO-B_CARDIO,USA,North America,Cardiology,II,Heart Failure,Biotech,5,9,8,10,0,1,1,PI-003,6,5,2,1,2,1020,1.2,2021-01-13,2021-02-07,2022-03-05,2022-03-12,25,391,-7,1,2021,FDA,2020-08-30,2020-11-04,66,0,IRB,2020-10-13,2020-12-20,68,117,5,0,0,1,1,0,0,0,0,0,1,Patient registry outreach,3,0,3,1,0,1,2300,0.402,400,30.69,adv_email,Email
SITE-01021,PROTO-B_CARDIO,Germany,Europe,Cardiology,II,Heart Failure,Biotech,5,9,8,10,0,1,1,PI-012,6,1,2,1,5,797,2.1,2023-03-03,2023-05-10,2025-03-02,2024-12-27,68,662,65,2,2023,EMA,2022-08-25,2022-12-05,102,1,CEC,2022-09-18,2023-01-31,135,234,2,1,1,1,1,1,1,0,0,0,1,Patient registry outreach,3,4,7,1,0,1,3750,0.376,400,18.13,adv_email,Email
SITE-01022,PROTO-C_NEURO,Germany,Europe,Neurology,II,Alzheimer's,Academic,7,14,10,12,1,0,0,PI-016,17,1,3,1,3,116,3.1,2022-02-07,2022-02-19,2024-12-23,2024-09-27,12,1038,87,1,2022,EMA,2021-06-02,2021-08-10,69,1,CEC,2021-07-27,2021-12-15,141,207,1,0,1,1,1,0,0,0,0,0,0,,2,1,3,1,0,1,1850,0.554,88,2.54,adv_email,Email
SITE-01023,PROTO-B_CARDIO,UK,Europe,Cardiology,II,Heart Failure,Biotech,5,9,8,10,0,1,1,PI-012,22,5,4,1,3,848,2.1,2022-08-22,2022-10-29,2024-08-03,2024-08-24,68,644,-21,4,2022,MHRA,2022-01-19,2022-07-01,163,1,CEC,2022-03-02,2022-07-13,133,241,0,1,0,1,0,0,0,0,0,0,0,,1,1,2,1,0,1,700,0.402,400,18.63,adv_email,Email
SITE-01024,PROTO-C_NEURO,Poland,Europe,Neurology,II,Alzheimer's,Academic,7,14,10,12,1,0,0,PI-029,12,3,3,1,2,23,3.1,2022-02-17,2022-07-03,2025-05-28,2025-05-18,136,1060,10,3,2022,EMA,2021-11-21,2022-05-13,173,1,LEC,2021-12-09,2022-01-29,51,206,2,1,1,0,0,1,0,0,0,1,0,,1,3,4,1,0,0,1050,0.506,26,0.74,adv_community_presentation,Community
SITE-01025,PROTO-A_ONCO,Brazil,LATAM,Oncology,III,NSCLC,Pharma,8,18,12,15,1,1,1,PI-005,18,2,3,1,3,227,2.8,2022-12-23,2023-02-03,2025-09-01,2025-08-20,42,941,12,1,2023,Other,2022-07-30,2022-11-23,116,1,LEC,2022-09-15,2022-11-15,61,141,3,0,1,0,1,0,0,0,1,0,0,,1,2,3,1,0,1,6350,0.506,193,6.15,adv_online,Online
SITE-01026,PROTO-A_ONCO,Poland,Europe,Oncology,III,NSCLC,Pharma,8,18,12,15,1,1,1,PI-010,2,4,4,1,4,162,1.5,2021-06-20,2022-02-01,2023-04-01,2023-04-21,226,424,-20,1,2022,EMA,2021-03-06,2021-08-23,170,1,LEC,2021-04-24,2021-05-14,20,283,5,1,1,0,0,0,1,0,0,0,0,,0,3,3,0,1,0,1150,0.642,47,3.33,adv_poster,Poster
SITE-01027,PROTO-B_CARDIO,USA,North America,Cardiology,II,Heart Failure,Biotech,5,9,8,10,0,1,1,PI-007,2,6,2,1,6,899,2.7,2021-03-07,2021-03-21,2023-10-12,2023-10-16,14,935,-4,1,2021,FDA,2020-08-15,2021-01-29,167,0,CEC,2020-09-18,2020-12-19,92,184,4,1,1,0,0,0,0,1,0,1,0,,1,3,4,1,0,0,2250,0.351,400,12.83,adv_community_presentation,Community
SITE-01028,PROTO-A_ONCO,Spain,Europe,Oncology,III,NSCLC,Pharma,8,18,12,15,1,1,1,PI-025,21,1,1,0,1,81,2.3,2022-07-16,2022-08-11,2024-08-08,2024-08-15,26,728,-7,3,2022,EMA,2021-12-10,2022-03-31,111,1,CEC,2022-02-06,2022-05-09,92,186,4,0,0,0,0,0,0,0,0,0,0,,0,0,0,0,0,0,0,0.641,56,2.31,none,None
SITE-01029,PROTO-C_NEURO,UK,Europe,Neurology,II,Alzheimer's,Academic,7,14,10,12,1,0,0,PI-023,4,3,3,1,5,61,1.5,2023-09-22,2023-12-26,2025-05-02,2025-05-06,95,493,-4,4,2023,MHRA,2023-07-11,2023-10-28,109,1,LEC,2023-07-24,2023-09-10,48,155,1,0,1,1,0,1,0,0,0,0,0,,1,2,3,1,0,1,950,0.508,21,1.28,adv_email,Email
SITE-01030,PROTO-A_ONCO,USA,North America,Oncology,III,NSCLC,Pharma,8,18,12,15,1,1,1,PI-013,16,9,5,1,7,161,3.6,2022-07-28,2022-09-28,2026-03-30,2026-04-18,62,1279,-19,3,2022,FDA,2022-03-09,2022-07-09,122,0,IRB,2022-04-02,2022-06-16,75,179,2,1,0,1,0,0,1,0,0,0,0,,1,2,3,1,0,1,1500,0.547,73,1.71,adv_email,Email
SITE-01031,PROTO-A_ONCO,USA,North America,Oncology,III,NSCLC,Pharma,8,18,12,15,1,1,1,PI-020,4,3,5,1,5,163,3.5,2023-03-27,2023-03-26,2026-09-03,2026-09-19,-1,1257,-16,1,2023,FDA,2022-11-12,2023-03-21,129,0,IRB,2022-12-14,2023-02-14,62,102,0,1,1,1,0,0,1,1,0,0,0,,1,4,5,1,0,1,3150,0.626,55,1.31,adv_email,Email
SITE-01032,PROTO-A_ONCO,Japan,Asia,Oncology,III,NSCLC,Pharma,8,18,12,15,1,1,1,PI-017,9,3,5,1,6,114,1.8,2021-08-05,2021-09-04,2023-02-25,2023-02-24,30,539,1,3,2021,PMDA,2021-02-02,2021-06-16,134,1,CEC,2021-03-06,2021-06-21,107,182,3,1,1,1,0,0,1,0,0,1,1,Patient registry outreach,3,3,6,1,0,1,2650,0.627,33,1.84,adv_email,Email
SITE-01033,PROTO-A_ONCO,USA,North America,Oncology,III,NSCLC,Pharma,8,18,12,15,1,1,1,PI-021,14,2,2,1,6,223,2.4,2023-02-13,2023-02-07,2025-06-03,2025-05-28,-6,847,6,1,2023,FDA,2022-08-07,2023-01-02,148,0,IRB,2022-09-19,2022-12-16,88,141,0,0,1,1,1,0,0,1,0,0,1,Patient registry outreach,3,2,5,1,0,1,3950,0.645,80,2.83,adv_email,Email
SITE-01034,PROTO-B_CARDIO,Germany,Europe,Cardiology,II,Heart Failure,Biotech,5,9,8,10,0,1,1,PI-006,14,1,1,1,5,822,1.9,2023-07-20,2023-08-02,2025-03-23,2025-04-04,13,599,-12,3,2023,EMA,2023-01-25,2023-03-23,57,1,CEC,2023-02-23,2023-05-01,67,160,1,0,1,0,1,0,0,0,1,1,0,,2,2,4,1,0,1,6750,0.419,400,20.03,adv_online,Online
SITE-01035,PROTO-A_ONCO,Germany,Europe,Oncology,III,NSCLC,Pharma,8,18,12,15,1,1,1,PI-024,16,1,5,1,6,134,2.5,2023-06-19,2023-09-02,2025-11-10,2025-11-22,75,800,-12,3,2023,EMA,2023-01-28,2023-04-12,74,1,CEC,2023-03-16,2023-05-08,53,170,3,0,0,1,0,0,1,0,0,1,1,Patient registry outreach,3,1,4,1,0,1,2300,0.612,51,1.91,adv_email,Email
SITE-01036,PROTO-A_ONCO,Brazil,LATAM,Oncology,III,NSCLC,Pharma,8,18,12,15,1,1,1,PI-002,24,2,3,1,4,189,1.0,2021-09-20,2021-11-12,2022-09-02,2022-06-28,53,294,66,4,2021,Other,2021-06-11,2021-09-01,82,1,LEC,2021-06-24,2021-08-24,61,141,2,1,1,1,0,0,0,0,0,0,0,,1,2,3,1,0,1,850,0.573,103,10.51,adv_email,Email
SITE-01037,PROTO-A_ONCO,USA,North America,Oncology,III,NSCLC,Pharma,8,18,12,15,1,1,1,PI-012,9,3,5,1,1,20,2.9,2023-01-25,2022-12-08,2025-10-16,2025-10-02,-48,1043,14,4,2022,FDA,2022-08-23,2022-11-18,87,0,IRB,2022-10-21,2022-12-06,46,48,0,1,1,1,1,0,0,0,0,1,0,,3,2,5,1,0,1,2450,0.601,19,0.55,adv_email,Email
SITE-01038,PROTO-B_CARDIO,USA,North America,Cardiology,II,Heart Failure,Biotech,5,9,8,10,0,1,1,PI-008,10,2,3,1,3,1103,3.8,2021-01-28,2021-02-12,2024-11-10,2024-12-08,15,1367,-28,1,2021,FDA,2020-10-09,2021-01-21,104,0,IRB,2020-10-31,2020-12-13,43,104,2,1,0,1,1,0,0,0,0,1,1,Patient registry outreach,4,1,5,1,0,1,2900,0.405,400,8.78,adv_email,Email
SITE-01039,PROTO-B_CARDIO,Poland,Europe,Cardiology,II,Heart Failure,Biotech,5,9,8,10,0,1,1,PI-022,22,3,5,1,6,1009,2.9,2021-02-05,2021-04-15,2023-11-24,2023-12-29,69,953,-35,2,2021,EMA,2020-11-11,2021-01-08,58,1,LEC,2020-11-22,2021-01-08,47,144,2,0,1,0,1,0,0,0,1,1,0,,2,2,4,1,0,1,6750,0.41,400,12.59,adv_online,Online
SITE-01040,PROTO-A_ONCO,India,Asia,Oncology,III,NSCLC,Pharma,8,18,12,15,1,1,1,PI-026,12,1,1,1,2,82,3.7,2023-06-08,2023-09-24,2027-04-06,2027-05-08,108,1290,-32,3,2023,Other,2023-02-09,2023-08-06,178,1,LEC,2023-03-28,2023-05-08,41,180,0,1,1,1,0,1,0,0,0,0,0,,1,3,4,1,0,1,1150,0.578,69,1.6,adv_email,Email
SITE-01041,PROTO-A_ONCO,Poland,Europe,Oncology,III,NSCLC,Pharma,8,18,12,15,1,1,1,PI-013,13,1,4,0,6,141,2.8,2021-06-03,2021-10-03,2024-04-04,2024-03-16,122,914,19,4,2021,EMA,2021-03-17,2021-07-01,106,1,LEC,2021-04-26,2021-05-20,24,160,3,0,1,0,1,0,0,0,0,0,0,,1,1,2,1,0,1,1350,0.558,47,1.54,adv_online,Online
SITE-01042,PROTO-A_ONCO,Spain,Europe,Oncology,III,NSCLC,Pharma,8,18,12,15,1,1,1,PI-023,4,2,5,1,6,135,2.1,2021-10-12,2021-09-25,2023-08-12,2023-09-03,-17,686,-22,3,2021,EMA,2021-02-08,2021-03-28,48,1,CEC,2021-02-25,2021-07-16,141,212,0,1,1,1,0,0,0,0,0,1,0,,2,2,4,1,0,1,1250,0.652,30,1.31,adv_email,Email
SITE-01043,PROTO-C_NEURO,Australia,APAC,Neurology,II,Alzheimer's,Academic,7,14,10,12,1,0,0,PI-002,16,1,2,1,3,44,1.5,2021-06-03,2021-08-14,2022-11-27,2022-11-13,72,470,14,3,2021,Other,2021-02-15,2021-05-10,84,1,LEC,2021-03-12,2021-05-07,56,155,2,1,1,0,1,0,1,0,0,1,0,,2,3,5,1,0,1,2750,0.598,21,1.34,adv_community_presentation,Community
SITE-01044,PROTO-C_NEURO,Japan,Asia,Neurology,II,Alzheimer's,Academic,7,14,10,12,1,0,0,PI-011,2,1,4,1,4,73,3.8,2021-03-28,2021-05-22,2024-12-28,2025-01-09,55,1316,-12,2,2021,PMDA,2020-11-28,2021-02-01,65,1,CEC,2021-01-05,2021-02-26,52,137,0,1,0,1,0,0,0,0,0,0,0,,1,1,2,1,0,1,700,0.563,32,0.73,adv_email,Email
SITE-01045,PROTO-C_NEURO,Germany,Europe,Neurology,II,Alzheimer's,Academic,7,14,10,12,1,0,0,PI-008,12,4,1,1,8,115,2.2,2021-09-11,2022-01-25,2024-01-02,2023-12-21,136,707,12,1,2022,EMA,2021-07-08,2021-10-12,96,1,LEC,2021-07-19,2021-08-11,23,190,2,1,1,0,0,0,0,0,0,0,0,,0,2,2,0,1,0,350,0.671,17,0.72,adv_poster,Poster
SITE-01046,PROTO-B_CARDIO,USA,North America,Cardiology,II,Heart Failure,Biotech,5,9,8,10,0,1,1,PI-009,2,1,3,1,9,1025,3.2,2022-03-22,2022-05-01,2025-06-28,2025-07-23,40,1154,-25,2,2022,FDA,2021-11-18,2022-03-31,133,0,IRB,2022-01-11,2022-02-22,42,110,0,1,1,1,1,0,0,0,0,1,0,,3,2,5,1,0,1,2450,0.499,373,9.7,adv_email,Email
SITE-01047,PROTO-A_ONCO,USA,North America,Oncology,III,NSCLC,Pharma,8,18,12,15,1,1,1,PI-021,8,6,1,1,3,251,4.0,2021-04-06,2021-06-22,2025-05-24,2025-05-20,77,1432,4,2,2021,FDA,2020-12-07,2021-05-21,165,0,IRB,2021-01-26,2021-03-10,43,147,2,1,1,0,1,1,0,0,0,0,0,,1,3,4,1,0,1,1850,0.529,314,6.58,adv_online,Online
SITE-01048,PROTO-A_ONCO,USA,North America,Oncology,III,NSCLC,Pharma,8,18,12,15,1,1,1,PI-004,7,1,5,0,7,194,2.8,2022-11-16,2022-12-06,2025-08-17,2025-09-29,20,985,-43,4,2022,FDA,2022-07-05,2022-11-05,123,0,CEC,2022-08-09,2022-10-26,78,119,2,1,0,0,1,0,0,0,0,1,0,,2,1,3,1,0,1,1800,0.608,55,1.68,adv_community_presentation,Community
SITE-01049,PROTO-B_CARDIO,Poland,Europe,Cardiology,II,Heart Failure,Biotech,5,9,8,10,0,1,1,PI-029,5,4,1,1,5,916,1.1,2023-03-28,2023-07-29,2024-06-03,2024-05-24,123,310,10,3,2023,EMA,2022-12-03,2023-02-15,74,1,LEC,2023-01-30,2023-03-05,34,180,5,0,1,0,1,0,0,0,0,0,0,,1,1,2,1,0,1,1350,0.359,400,38.71,adv_online,Online
SITE-01050,PROTO-C_NEURO,India,Asia,Neurology,II,Alzheimer's,Academic,7,14,10,12,1,0,0,PI-001,5,2,2,1,6,128,1.4,2023-07-01,2023-10-21,2024-11-22,2024-10-21,112,398,32,4,2023,Other,2023-03-07,2023-05-10,64,1,LEC,2023-04-26,2023-06-20,55,178,3,1,1,1,1,1,0,0,0,0,0,,2,3,5,1,0,1,2350,0.541,32,2.41,adv_email,Email
SITE-01051,PROTO-B_CARDIO,Poland,Europe,Cardiology,II,Heart Failure,Biotech,5,9,8,10,0,1,1,PI-003,5,2,3,1,5,1310,2.2,2022-11-22,2022-12-28,2025-01-08,2025-02-28,36,742,-51,4,2022,EMA,2022-08-26,2022-09-25,30,1,LEC,2022-09-15,2022-10-20,35,104,0,1,1,1,0,0,0,0,0,0,0,,1,2,3,1,0,1,850,0.399,400,16.17,adv_email,Email
SITE-01052,PROTO-C_NEURO,India,Asia,Neurology,II,Alzheimer's,Academic,7,14,10,12,1,0,0,PI-025,19,4,3,1,5,101,3.4,2023-01-13,2023-06-18,2026-08-15,2026-05-29,156,1154,78,2,2023,Other,2022-10-25,2023-02-23,121,1,LEC,2022-11-10,2022-12-04,24,220,2,0,0,0,0,0,0,0,0,1,0,,1,0,1,1,0,0,400,0.585,85,2.21,adv_community_presentation,Community
SITE-01053,PROTO-B_CARDIO,Japan,Asia,Cardiology,II,Heart Failure,Biotech,5,9,8,10,0,1,1,PI-018,23,2,3,1,6,1045,3.4,2021-05-30,2021-07-24,2024-10-12,2024-10-06,55,1176,6,3,2021,PMDA,2020-12-26,2021-04-03,98,1,LEC,2021-02-20,2021-04-20,59,154,0,0,1,0,1,0,0,0,0,1,0,,2,1,3,1,0,1,1750,0.358,400,10.2,adv_online,Online
SITE-01054,PROTO-A_ONCO,UK,Europe,Oncology,III,NSCLC,Pharma,8,18,12,15,1,1,1,PI-001,14,5,4,1,4,208,2.0,2023-03-15,2023-07-04,2025-04-07,2025-03-11,111,643,27,3,2023,MHRA,2022-12-14,2023-04-18,125,1,LEC,2023-01-24,2023-03-02,37,161,4,1,1,0,0,0,0,0,0,1,0,,1,2,3,1,0,0,750,0.561,92,4.29,adv_community_presentation,Community
SITE-01055,PROTO-B_CARDIO,USA,North America,Cardiology,II,Heart Failure,Biotech,5,9,8,10,0,1,1,PI-014,10,4,3,1,3,1075,2.5,2021-02-23,2021-06-12,2023-11-16,2023-10-09,109,887,38,2,2021,FDA,2020-11-15,2021-05-08,174,0,IRB,2020-12-12,2021-01-28,47,182,2,1,1,1,0,0,1,0,0,0,0,,1,3,4,1,0,1,1650,0.374,400,13.53,adv_email,Email
SITE-01056,PROTO-C_NEURO,India,Asia,Neurology,II,Alzheimer's,Academic,7,14,10,12,1,0,0,PI-018,18,7,5,1,5,57,2.2,2022-06-09,2022-10-12,2024-09-29,2024-10-28,125,718,-29,4,2022,Other,2022-03-27,2022-07-23,118,1,LEC,2022-04-07,2022-05-25,48,188,1,1,0,0,0,0,0,0,1,0,0,,0,2,2,0,1,0,5200,0.692,22,0.92,adv_poster,Poster
SITE-01057,PROTO-C_NEURO,Spain,Europe,Neurology,II,Alzheimer's,Academic,7,14,10,12,1,0,0,PI-001,21,4,4,1,1,54,1.4,2022-04-09,2022-05-21,2023-08-02,2023-07-13,42,438,20,2,2022,EMA,2021-10-27,2022-03-05,129,1,CEC,2021-12-24,2022-02-08,46,148,2,1,0,1,1,0,1,0,0,1,0,,3,2,5,1,0,1,3100,0.567,48,3.29,adv_community_presentation,Community
SITE-01058,PROTO-C_NEURO,Australia,APAC,Neurology,II,Alzheimer's,Academic,7,14,10,12,1,0,0,PI-028,5,2,1,1,4,75,1.9,2021-08-29,2021-11-07,2023-07-16,2023-06-27,70,616,19,4,2021,Other,2021-06-05,2021-07-23,48,1,LEC,2021-06-27,2021-07-19,22,133,2,1,1,1,0,0,0,0,0,1,1,Patient registry outreach,3,2,5,1,0,1,1850,0.544,29,1.41,adv_community_presentation,Community
SITE-01059,PROTO-C_NEURO,Canada,North America,Neurology,II,Alzheimer's,Academic,7,14,10,12,1,0,0,PI-022,13,3,2,1,7,43,1.6,2023-06-25,2023-08-30,2025-03-23,2025-05-18,66,571,-56,3,2023,Other,2023-02-25,2023-07-20,145,0,IRB,2023-04-06,2023-05-08,32,146,1,0,1,1,0,0,0,0,0,0,0,,1,1,2,1,0,1,650,0.519,13,0.68,adv_email,Email
SITE-01060,PROTO-A_ONCO,Japan,Asia,Oncology,III,NSCLC,Pharma,8,18,12,15,1,1,1,PI-006,18,4,1,1,3,143,3.7,2022-02-03,2022-06-19,2025-11-15,2025-10-24,136,1245,22,2,2022,PMDA,2021-11-04,2022-03-19,135,1,LEC,2021-11-16,2021-12-25,39,215,3,1,1,0,0,0,0,0,0,0,0,,0,2,2,0,1,0,350,0.558,178,4.29,adv_poster,Poster
SITE-01061,PROTO-B_CARDIO,UK,Europe,Cardiology,II,Heart Failure,Biotech,5,9,8,10,0,1,1,PI-019,20,4,4,1,3,1065,3.6,2021-08-30,2022-01-10,2025-05-31,2025-04-22,133,1237,39,1,2022,MHRA,2021-07-01,2021-11-01,123,1,LEC,2021-07-20,2021-08-10,21,174,4,1,0,0,0,0,0,0,0,1,0,,1,1,2,1,0,0,600,0.445,400,9.7,adv_community_presentation,Community
SITE-01062,PROTO-A_ONCO,Germany,Europe,Oncology,III,NSCLC,Pharma,8,18,12,15,1,1,1,PI-025,15,4,2,1,4,145,2.4,2022-03-08,2022-06-02,2024-08-01,2024-06-01,86,791,61,2,2022,EMA,2021-11-30,2022-02-06,68,1,LEC,2022-01-11,2022-02-05,25,142,1,1,1,0,1,0,0,0,0,1,0,,2,2,4,1,0,1,1950,0.61,78,2.96,adv_community_presentation,Community
SITE-01063,PROTO-C_NEURO,Germany,Europe,Neurology,II,Alzheimer's,Academic,7,14,10,12,1,0,0,PI-023,22,4,4,1,4,148,1.3,2021-03-10,2021-07-13,2022-07-06,2022-09-26,125,358,-82,3,2021,EMA,2020-10-07,2021-03-16,160,1,CEC,2020-10-17,2021-01-25,100,269,0,1,1,0,0,1,0,1,0,0,0,,0,4,4,0,1,0,2150,0.616,45,3.77,adv_newsletter,Newsletter
SITE-01064,PROTO-C_NEURO,Germany,Europe,Neurology,II,Alzheimer's,Academic,7,14,10,12,1,0,0,PI-022,17,5,2,1,7,75,4.0,2021-08-08,2021-10-16,2025-05-26,2025-03-17,69,1318,70,4,2021,EMA,2020-12-04,2021-01-15,42,1,CEC,2021-01-18,2021-05-24,126,271,2,1,1,0,0,1,0,0,0,1,0,,1,3,4,1,0,0,1050,0.564,48,1.09,adv_community_presentation,Community
SITE-01065,PROTO-C_NEURO,India,Asia,Neurology,II,Alzheimer's,Academic,7,14,10,12,1,0,0,PI-006,5,3,2,1,6,98,1.2,2021-12-06,2022-05-22,2023-03-19,2023-03-24,167,301,-5,2,2022,Other,2021-08-23,2021-12-31,130,1,LEC,2021-09-11,2021-11-17,67,253,4,1,1,0,0,0,0,0,0,0,0,,0,2,2,0,1,0,350,0.611,14,1.4,adv_poster,Poster
SITE-01066,PROTO-A_ONCO,USA,North America,Oncology,III,NSCLC,Pharma,8,18,12,15,1,1,1,PI-009,4,1,3,1,5,142,3.1,2021-11-09,2021-12-30,2025-01-14,2025-02-15,51,1111,-32,4,2021,FDA,2021-07-23,2021-12-22,152,0,IRB,2021-08-16,2021-10-16,61,136,0,0,0,0,1,1,1,0,0,0,0,,1,2,3,1,0,1,2300,0.616,41,1.11,adv_online,Online
SITE-01067,PROTO-C_NEURO,Brazil,LATAM,Neurology,II,Alzheimer's,Academic,7,14,10,12,1,0,0,PI-003,11,4,1,1,5,65,2.0,2022-09-12,2022-11-13,2024-08-31,2024-08-11,62,657,20,4,2022,Other,2022-07-03,2022-08-16,44,1,LEC,2022-07-26,2022-08-28,33,110,0,0,1,0,1,0,0,0,0,0,0,,1,1,2,1,0,1,1350,0.542,34,1.55,adv_online,Online
SITE-01068,PROTO-A_ONCO,India,Asia,Oncology,III,NSCLC,Pharma,8,18,12,15,1,1,1,PI-029,15,5,1,1,7,112,2.7,2021-03-08,2021-05-06,2023-11-10,2023-11-05,59,918,5,2,2021,Other,2020-10-22,2021-03-10,139,1,LEC,2020-11-26,2021-01-27,62,161,2,1,1,0,0,0,1,0,0,1,0,,1,3,4,1,0,0,1550,0.557,51,1.67,adv_community_presentation,Community
SITE-01069,PROTO-B_CARDIO,USA,North America,Cardiology,II,Heart Failure,Biotech,5,9,8,10,0,1,1,PI-022,16,2,2,1,3,1176,3.8,2021-05-30,2021-05-26,2025-01-10,2025-02-17,-4,1325,-38,2,2021,FDA,2020-10-24,2021-04-06,164,0,CEC,2020-12-04,2021-04-16,133,173,2,0,1,1,1,0,0,0,0,0,0,,2,1,3,1,0,1,1850,0.418,400,9.06,adv_email,Email
SITE-01070,PROTO-B_CARDIO,USA,North America,Cardiology,II,Heart Failure,Biotech,5,9,8,10,0,1,1,PI-008,18,3,4,1,6,1107,2.2,2023-01-03,2023-03-11,2025-04-24,2025-05-02,67,775,-8,1,2023,FDA,2022-10-05,2023-02-08,126,0,IRB,2022-10-30,2022-11-29,30,132,2,1,1,1,1,1,0,0,0,1,0,,3,3,6,1,0,1,2750,0.429,400,15.48,adv_email,Email
SITE-01071,PROTO-C_NEURO,Brazil,LATAM,Neurology,II,Alzheimer's,Academic,7,14,10,12,1,0,0,PI-001,6,3,2,1,2,27,2.3,2022-03-04,2022-08-14,2024-09-04,2024-08-07,163,752,28,3,2022,Other,2021-12-14,2022-04-15,122,1,LEC,2022-01-12,2022-02-16,35,214,3,1,0,0,0,1,0,0,0,0,0,,0,2,2,0,1,0,500,0.486,17,0.68,adv_newsletter,Newsletter
SITE-01072,PROTO-A_ONCO,UK,Europe,Oncology,III,NSCLC,Pharma,8,18,12,15,1,1,1,PI-001,14,5,1,1,3,71,3.1,2023-03-21,2023-07-11,2026-05-09,2026-04-14,112,1033,25,3,2023,MHRA,2022-11-08,2023-02-23,107,1,LEC,2022-12-25,2023-02-07,44,198,0,1,1,0,0,0,0,0,0,0,1,Patient registry outreach,1,2,3,1,0,0,950,0.586,50,1.45,adv_other,Other
SITE-01073,PROTO-B_CARDIO,Poland,Europe,Cardiology,II,Heart Failure,Biotech,5,9,8,10,0,1,1,PI-006,2,3,1,1,3,1031,3.1,2023-08-22,2023-12-11,2026-09-27,2026-10-09,111,1021,-12,4,2023,EMA,2023-05-02,2023-08-09,99,1,LEC,2023-06-08,2023-07-14,36,186,4,1,0,1,1,0,0,0,0,0,0,,2,1,3,1,0,1,1900,0.366,400,11.75,adv_email,Email
SITE-01074,PROTO-A_ONCO,Spain,Europe,Oncology,III,NSCLC,Pharma,8,18,12,15,1,1,1,PI-021,4,3,3,1,5,283,3.8,2022-01-28,2022-04-21,2025-10-11,2025-10-17,83,1269,-6,2,2022,EMA,2021-08-10,2021-12-05,117,1,CEC,2021-09-27,2021-12-23,87,206,1,1,0,0,1,0,0,1,0,1,0,,2,2,4,1,0,1,3300,0.566,107,2.53,adv_community_presentation,Community
SITE-01075,PROTO-C_NEURO,Germany,Europe,Neurology,II,Alzheimer's,Academic,7,14,10,12,1,0,0,PI-010,24,5,1,0,5,160,1.1,2021-01-26,2021-04-04,2022-01-08,2022-01-04,68,279,4,2,2021,EMA,2020-06-17,2020-10-25,130,1,CEC,2020-08-10,2020-12-22,134,237,3,1,1,0,1,1,1,0,0,0,0,,1,4,5,1,0,1,2650,0.469,96,10.32,adv_online,Online
SITE-01076,PROTO-B_CARDIO,Brazil,LATAM,Cardiology,II,Heart Failure,Biotech,5,9,8,10,0,1,1,PI-024,4,2,2,1,2,948,2.2,2021-05-10,2021-07-13,2023-07-06,2023-06-22,64,723,14,3,2021,Other,2021-01-13,2021-05-12,119,1,CEC,2021-01-24,2021-03-25,60,170,3,1,1,1,1,0,0,0,0,0,0,,2,2,4,1,0,1,2050,0.412,400,16.6,adv_email,Email
SITE-01077,PROTO-A_ONCO,Japan,Asia,Oncology,III,NSCLC,Pharma,8,18,12,15,1,1,1,PI-025,24,1,3,1,7,108,1.9,2022-05-03,2022-07-26,2024-02-09,2024-02-05,84,563,4,3,2022,PMDA,2021-11-19,2022-02-10,83,1,CEC,2021-12-01,2022-03-27,116,237,1,1,1,1,0,0,0,0,0,1,1,Patient registry outreach,3,2,5,1,0,1,1850,0.466,52,2.77,adv_email,Email
SITE-01078,PROTO-B_CARDIO,Germany,Europe,Cardiology,II,Heart Failure,Biotech,5,9,8,10,0,1,1,PI-011,15,4,5,1,4,820,1.8,2023-01-20,2023-03-24,2024-10-21,2024-11-10,63,577,-20,1,2023,EMA,2022-08-19,2022-10-31,73,1,CEC,2022-09-25,2022-12-31,97,180,2,1,1,1,0,0,1,0,0,0,0,,1,3,4,1,0,1,1650,0.326,400,20.8,adv_email,Email
SITE-01079,PROTO-B_CARDIO,Canada,North America,Cardiology,II,Heart Failure,Biotech,5,9,8,10,0,1,1,PI-025,7,0,5,1,2,1121,2.4,2021-11-09,2021-10-18,2024-02-16,2024-03-08,-22,851,-21,4,2021,Other,2021-06-29,2021-10-08,101,0,IRB,2021-08-09,2021-10-04,56,70,1,0,0,0,0,0,1,0,0,0,1,Patient registry outreach,1,1,2,1,0,0,1400,0.273,400,14.1,adv_other,Other
SITE-01080,PROTO-A_ONCO,Canada,North America,Oncology,III,NSCLC,Pharma,8,18,12,15,1,1,1,PI-019,4,2,4,1,3,88,2.6,2021-04-27,2021-04-24,2023-09-16,2023-08-08,-3,875,39,2,2021,Other,2020-09-23,2021-01-01,100,0,CEC,2020-11-14,2021-04-06,143,161,3,0,1,1,0,0,0,0,0,1,0,,2,1,3,1,0,1,1050,0.54,35,1.2,adv_email,Email
SITE-01081,PROTO-C_NEURO,Poland,Europe,Neurology,II,Alzheimer's,Academic,7,14,10,12,1,0,0,PI-003,17,3,2,1,6,104,2.9,2021-03-19,2021-05-17,2023-11-05,2023-11-14,59,902,-9,2,2021,EMA,2020-07-19,2020-11-01,105,1,CEC,2020-09-11,2021-01-29,140,248,3,1,1,1,1,0,0,1,0,0,0,,2,3,5,1,0,1,3550,0.558,52,1.73,adv_email,Email
SITE-01082,PROTO-C_NEURO,USA,North America,Neurology,II,Alzheimer's,Academic,7,14,10,12,1,0,0,PI-001,24,4,3,1,3,80,2.0,2021-04-22,2021-04-28,2023-03-09,2023-03-02,6,680,7,2,2021,FDA,2021-01-23,2021-03-10,46,0,IRB,2021-02-10,2021-03-12,30,77,5,1,1,0,1,0,0,0,0,1,0,,2,2,4,1,0,1,1950,0.57,75,3.31,adv_community_presentation,Community
SITE-01083,PROTO-A_ONCO,UK,Europe,Oncology,III,NSCLC,Pharma,8,18,12,15,1,1,1,PI-003,17,3,1,1,3,167,3.1,2023-03-14,2023-09-07,2026-07-19,2026-06-30,177,1046,19,3,2023,MHRA,2022-12-08,2023-05-29,172,1,LEC,2023-01-27,2023-02-19,23,223,1,1,1,0,0,0,0,1,0,1,1,Patient registry outreach,2,3,5,1,0,0,2850,0.583,119,3.41,adv_community_presentation,Community
SITE-01084,PROTO-B_CARDIO,Poland,Europe,Cardiology,II,Heart Failure,Biotech,5,9,8,10,0,1,1,PI-004,2,5,5,1,3,1266,1.9,2023-03-03,2023-08-17,2025-04-26,2025-03-17,167,618,40,3,2023,EMA,2022-11-05,2023-05-03,179,1,LEC,2022-12-22,2023-02-01,41,238,3,1,1,1,0,0,0,0,0,1,0,,2,2,4,1,0,1,1250,0.415,400,19.42,adv_email,Email
SITE-01085,PROTO-A_ONCO,Germany,Europe,Oncology,III,NSCLC,Pharma,8,18,12,15,1,1,1,PI-029,4,5,2,1,2,234,3.1,2022-09-24,2023-01-22,2025-12-05,2025-12-04,120,1048,1,1,2023,EMA,2022-06-09,2022-11-11,155,1,CEC,2022-07-09,2022-09-03,56,197,3,1,0,1,0,0,0,0,0,0,0,,1,1,2,1,0,1,700,0.623,145,4.15,adv_email,Email
SITE-01086,PROTO-B_CARDIO,India,Asia,Cardiology,II,Heart Failure,Biotech,5,9,8,10,0,1,1,PI-027,20,2,2,1,2,857,2.9,2022-06-08,2022-09-22,2025-06-30,2025-08-07,106,1012,-38,3,2022,Other,2022-03-29,2022-07-11,104,1,LEC,2022-04-11,2022-05-26,45,164,0,0,1,0,1,0,0,0,0,0,0,,1,1,2,1,0,1,1350,0.383,400,11.86,adv_online,Online
SITE-01087,PROTO-A_ONCO,Australia,APAC,Oncology,III,NSCLC,Pharma,8,18,12,15,1,1,1,PI-024,20,0,1,0,4,126,2.5,2022-11-20,2023-02-11,2025-05-18,2025-06-18,83,827,-31,1,2023,Other,2022-08-11,2022-10-14,64,1,LEC,2022-09-25,2022-11-10,46,139,1,1,1,0,0,0,0,0,1,1,1,Patient registry outreach,2,3,5,1,0,0,6350,0.553,85,3.08,adv_community_presentation,Community
SITE-01088,PROTO-C_NEURO,Japan,Asia,Neurology,II,Alzheimer's,Academic,7,14,10,12,1,0,0,PI-006,17,5,2,1,4,112,3.8,2023-06-05,2023-08-12,2027-01-15,2027-01-05,68,1252,10,3,2023,PMDA,2022-11-02,2023-02-11,101,1,CEC,2022-11-22,2023-04-05,134,263,1,1,1,0,0,0,0,0,0,1,1,Patient registry outreach,2,2,4,1,0,0,1350,0.527,174,4.17,adv_community_presentation,Community
SITE-01089,PROTO-B_CARDIO,UK,Europe,Cardiology,II,Heart Failure,Biotech,5,9,8,10,0,1,1,PI-025,13,1,4,1,6,1122,3.1,2023-04-21,2023-07-19,2026-07-01,2026-06-05,89,1078,26,3,2023,MHRA,2023-01-22,2023-05-05,103,1,LEC,2023-02-05,2023-03-23,46,164,0,1,0,0,1,0,1,0,0,0,0,,1,2,3,1,0,1,2200,0.488,400,11.13,adv_online,Online
SITE-01090,PROTO-A_ONCO,UK,Europe,Oncology,III,NSCLC,Pharma,8,18,12,15,1,1,1,PI-019,8,1,3,1,2,126,2.4,2021-12-17,2022-06-29,2024-08-16,2024-07-20,194,779,27,2,2022,MHRA,2021-09-06,2022-02-27,174,1,LEC,2021-10-17,2021-11-16,30,255,0,1,1,1,0,0,1,0,0,1,0,,2,3,5,1,0,1,2050,0.637,76,2.93,adv_email,Email
SITE-01091,PROTO-A_ONCO,Poland,Europe,Oncology,III,NSCLC,Pharma,8,18,12,15,1,1,1,PI-008,23,4,1,0,4,169,3.5,2022-05-09,2022-08-04,2025-11-14,2025-10-08,87,1198,37,3,2022,EMA,2022-02-04,2022-05-30,115,1,LEC,2022-02-24,2022-04-13,48,161,1,1,1,1,0,0,1,0,0,0,1,Patient registry outreach,2,3,5,1,0,1,2250,0.613,189,4.73,adv_email,Email
SITE-01092,PROTO-A_ONCO,USA,North America,Oncology,III,NSCLC,Pharma,8,18,12,15,1,1,1,PI-011,4,3,2,1,4,237,3.1,2023-02-09,2023-02-25,2026-02-24,2026-03-01,16,1095,-5,1,2023,FDA,2022-10-27,2022-12-04,38,0,IRB,2022-11-06,2023-01-17,72,111,3,1,1,0,1,0,0,0,0,0,0,,1,2,3,1,0,1,1550,0.513,159,4.36,adv_online,Online
SITE-01093,PROTO-A_ONCO,Germany,Europe,Oncology,III,NSCLC,Pharma,8,18,12,15,1,1,1,PI-023,8,2,5,1,1,159,2.7,2022-05-25,2022-09-22,2025-02-08,2025-01-28,120,870,11,3,2022,EMA,2021-12-16,2022-05-09,144,1,CEC,2022-02-01,2022-04-02,60,233,4,1,1,1,0,1,0,0,0,1,1,Patient registry outreach,3,3,6,1,0,1,2150,0.534,197,6.79,adv_email,Email
SITE-01094,PROTO-A_ONCO,Germany,Europe,Oncology,III,NSCLC,Pharma,8,18,12,15,1,1,1,PI-013,13,3,4,1,3,144,3.0,2023-05-18,2023-05-12,2026-01-29,2026-02-04,-6,993,-6,2,2023,EMA,2022-08-27,2022-11-10,75,1,CEC,2022-10-18,2023-03-02,135,206,1,1,1,0,0,0,0,0,0,0,0,,0,2,2,0,1,0,350,0.634,71,2.15,adv_poster,Poster
SITE-01095,PROTO-A_ONCO,Canada,North America,Oncology,III,NSCLC,Pharma,8,18,12,15,1,1,1,PI-012,19,1,1,1,5,59,1.4,2022-10-05,2022-10-27,2024-03-07,2024-03-21,22,497,-14,4,2022,Other,2022-06-03,2022-09-07,96,0,IRB,2022-07-28,2022-08-27,30,91,1,1,1,0,1,1,0,0,0,0,1,Patient registry outreach,2,3,5,1,0,1,2450,0.47,20,1.21,adv_online,Online
SITE-01096,PROTO-A_ONCO,India,Asia,Oncology,III,NSCLC,Pharma,8,18,12,15,1,1,1,PI-008,5,3,5,1,5,190,2.3,2023-04-14,2023-06-28,2025-07-25,2025-07-01,75,758,24,2,2023,Other,2023-01-03,2023-04-08,95,1,LEC,2023-01-20,2023-03-30,69,159,2,1,1,0,1,0,0,1,0,0,0,,1,3,4,1,0,1,3050,0.577,71,2.81,adv_online,Online
SITE-01097,PROTO-C_NEURO,India,Asia,Neurology,II,Alzheimer's,Academic,7,14,10,12,1,0,0,PI-017,7,2,5,1,5,132,1.2,2023-05-26,2023-06-27,2024-06-21,2024-08-07,32,360,-47,2,2023,Other,2023-02-01,2023-04-16,74,1,LEC,2023-03-16,2023-04-14,29,103,3,0,1,1,1,0,0,0,0,0,0,,2,1,3,1,0,1,1850,0.475,38,3.17,adv_email,Email
SITE-01098,PROTO-A_ONCO,Spain,Europe,Oncology,III,NSCLC,Pharma,8,18,12,15,1,1,1,PI-002,23,3,4,1,3,155,3.7,2023-01-13,2023-03-19,2026-09-26,2026-08-19,65,1287,38,1,2023,EMA,2022-09-12,2022-10-16,34,1,LEC,2022-10-22,2022-12-13,52,148,1,1,0,0,0,0,0,0,0,1,0,,1,1,2,1,0,0,600,0.614,164,3.82,adv_community_presentation,Community
SITE-01099,PROTO-C_NEURO,UK,Europe,Neurology,II,Alzheimer's,Academic,7,14,10,12,1,0,0,PI-005,9,4,2,1,2,97,1.1,2022-08-27,2022-12-10,2023-11-19,2023-10-25,105,344,25,4,2022,MHRA,2022-05-13,2022-10-09,149,1,LEC,2022-06-16,2022-07-18,32,177,2,0,1,1,1,0,1,0,0,1,1,Patient registry outreach,4,2,6,1,0,1,3650,0.6,43,3.75,adv_community_presentation,Community
SITE-01100,PROTO-C_NEURO,Poland,Europe,Neurology,II,Alzheimer's,Academic,7,14,10,12,1,0,0,PI-016,5,4,2,1,1,88,2.5,2022-05-22,2022-06-26,2024-10-09,2024-10-04,35,836,5,2,2022,EMA,2021-10-22,2022-04-19,179,1,CEC,2021-12-18,2022-03-21,93,190,2,1,0,0,0,0,0,0,1,0,0,,0,2,2,0,1,0,5200,0.522,62,2.22,adv_poster,Poster
SITE-01101,PROTO-B_CARDIO,Germany,Europe,Cardiology,II,Heart Failure,Biotech,5,9,8,10,0,1,1,PI-019,17,5,5,1,5,848,1.9,2022-01-17,2022-02-26,2023-10-06,2023-08-08,40,587,59,1,2022,EMA,2021-06-06,2021-10-23,139,1,CEC,2021-07-28,2021-11-19,114,213,0,1,1,1,1,0,0,0,0,0,0,,2,2,4,1,0,1,2050,0.425,400,20.44,adv_email,Email
SITE-01102,PROTO-B_CARDIO,Canada,North America,Cardiology,II,Heart Failure,Biotech,5,9,8,10,0,1,1,PI-009,21,1,5,1,3,1043,1.3,2021-06-10,2021-08-04,2022-11-08,2022-10-13,55,461,26,3,2021,Other,2021-03-19,2021-06-29,102,0,IRB,2021-04-16,2021-05-25,39,110,0,1,0,1,0,0,0,0,0,1,0,,2,1,3,1,0,1,1100,0.404,400,26.03,adv_email,Email
SITE-01103,PROTO-A_ONCO,Spain,Europe,Oncology,III,NSCLC,Pharma,8,18,12,15,1,1,1,PI-024,14,5,5,1,1,239,1.8,2021-03-23,2021-08-06,2023-02-10,2022-12-26,136,553,46,3,2021,EMA,2020-12-22,2021-04-05,104,1,LEC,2021-01-10,2021-02-15,36,208,2,1,1,1,1,0,0,0,0,0,0,,2,2,4,1,0,1,2050,0.598,256,13.89,adv_email,Email
SITE-01104,PROTO-B_CARDIO,USA,North America,Cardiology,II,Heart Failure,Biotech,5,9,8,10,0,1,1,PI-007,12,3,1,1,7,796,3.4,2022-08-24,2022-07-26,2025-11-13,2025-12-27,-29,1206,-44,3,2022,FDA,2022-02-06,2022-03-16,38,0,CEC,2022-03-18,2022-06-14,88,130,1,0,1,1,1,0,0,0,0,0,0,,2,1,3,1,0,1,1850,0.435,400,9.95,adv_email,Email
SITE-01105,PROTO-A_ONCO,USA,North America,Oncology,III,NSCLC,Pharma,8,18,12,15,1,1,1,PI-012,10,5,3,1,3,109,2.1,2022-03-13,2022-02-12,2024-02-09,2024-02-17,-29,727,-8,1,2022,FDA,2021-10-18,2021-12-27,70,0,IRB,2021-12-06,2022-02-26,82,68,3,1,1,0,0,0,1,1,0,0,1,Patient registry outreach,1,4,5,1,0,0,3250,0.598,55,2.27,adv_other,Other
SITE-01106,PROTO-C_NEURO,USA,North America,Neurology,II,Alzheimer's,Academic,7,14,10,12,1,0,0,PI-010,9,2,2,1,3,68,1.5,2022-02-25,2022-04-03,2023-09-05,2023-09-14,37,520,-9,2,2022,FDA,2021-09-28,2022-02-18,143,0,CEC,2021-10-31,2022-01-04,65,154,1,1,1,1,0,1,1,1,0,0,0,,1,5,6,1,0,1,3450,0.494,28,1.62,adv_email,Email
SITE-01107,PROTO-C_NEURO,Poland,Europe,Neurology,II,Alzheimer's,Academic,7,14,10,12,1,0,0,PI-026,13,0,5,1,3,128,2.8,2022-12-16,2023-05-20,2026-01-10,2026-03-04,155,966,-53,2,2023,EMA,2022-09-14,2023-02-28,167,1,LEC,2022-10-14,2022-12-06,53,218,1,0,1,1,0,0,1,0,0,0,0,,1,2,3,1,0,1,1450,0.603,90,2.8,adv_email,Email
SITE-01108,PROTO-A_ONCO,Spain,Europe,Oncology,III,NSCLC,Pharma,8,18,12,15,1,1,1,PI-019,14,3,4,1,4,145,1.4,2023-05-30,2023-10-31,2024-12-31,2025-02-03,154,427,-34,4,2023,EMA,2023-02-22,2023-07-06,134,1,LEC,2023-04-14,2023-05-12,28,200,4,1,1,1,1,1,0,0,0,0,0,,2,3,5,1,0,1,2350,0.642,45,3.16,adv_email,Email
SITE-01109,PROTO-B_CARDIO,USA,North America,Cardiology,II,Heart Failure,Biotech,5,9,8,10,0,1,1,PI-004,5,2,4,1,4,1097,2.7,2023-04-18,2023-04-04,2025-11-27,2025-12-12,-14,968,-15,2,2023,FDA,2022-11-29,2023-01-04,36,0,IRB,2023-01-15,2023-02-28,44,79,1,1,1,0,1,1,1,1,0,0,0,,1,5,6,1,0,1,4150,0.359,400,12.4,adv_online,Online
SITE-01110,PROTO-C_NEURO,Canada,North America,Neurology,II,Alzheimer's,Academic,7,14,10,12,1,0,0,PI-011,4,5,5,0,2,102,1.9,2022-08-29,2022-08-08,2024-05-23,2024-07-07,-21,654,-45,3,2022,Other,2022-02-16,2022-04-20,63,0,CEC,2022-03-10,2022-06-12,94,151,1,0,1,1,0,0,0,0,0,0,0,,1,1,2,1,0,1,650,0.536,60,2.75,adv_email,Email
SITE-01111,PROTO-A_ONCO,Japan,Asia,Oncology,III,NSCLC,Pharma,8,18,12,15,1,1,1,PI-006,9,4,1,1,5,171,1.9,2023-01-08,2022-12-15,2024-09-02,2024-08-03,-24,627,30,4,2022,PMDA,2022-08-07,2022-09-06,30,1,CEC,2022-08-17,2022-11-10,85,120,0,0,0,1,1,1,0,1,0,0,0,,2,2,4,1,0,1,3500,0.585,73,3.49,adv_email,Email
SITE-01112,PROTO-C_NEURO,USA,North America,Neurology,II,Alzheimer's,Academic,7,14,10,12,1,0,0,PI-007,23,2,2,1,6,98,2.9,2023-08-14,2023-09-03,2026-07-07,2026-06-05,20,1038,32,3,2023,FDA,2023-05-03,2023-08-18,107,0,IRB,2023-06-17,2023-07-18,31,78,2,1,0,0,1,0,0,0,0,0,0,,1,1,2,1,0,1,1400,0.499,78,2.25,adv_online,Online
SITE-01113,PROTO-B_CARDIO,Japan,Asia,Cardiology,II,Heart Failure,Biotech,5,9,8,10,0,1,1,PI-019,16,4,4,0,3,1061,1.7,2021-10-28,2021-11-27,2023-05-21,2023-04-23,30,540,28,4,2021,PMDA,2021-04-19,2021-09-07,141,1,CEC,2021-05-24,2021-08-02,70,187,0,1,1,0,0,0,1,0,0,0,0,,0,3,3,0,1,0,1150,0.352,400,22.22,adv_poster,Poster
SITE-01114,PROTO-B_CARDIO,Poland,Europe,Cardiology,II,Heart Failure,Biotech,5,9,8,10,0,1,1,PI-001,10,3,4,1,3,1066,3.2,2023-09-08,2024-01-05,2026-12-14,2026-12-18,119,1074,-4,1,2024,EMA,2023-06-29,2023-09-13,76,1,LEC,2023-07-17,2023-08-27,41,172,3,1,1,1,1,0,0,0,0,0,0,,2,2,4,1,0,1,2050,0.426,400,11.17,adv_email,Email
SITE-01115,PROTO-B_CARDIO,Poland,Europe,Cardiology,II,Heart Failure,Biotech,5,9,8,10,0,1,1,PI-021,6,2,2,1,7,1179,3.1,2021-04-24,2021-06-08,2024-04-12,2024-04-30,45,1039,-18,2,2021,EMA,2020-11-17,2021-03-13,116,1,CEC,2020-12-23,2021-03-03,70,167,3,1,0,0,1,0,0,0,0,1,0,,2,1,3,1,0,1,1800,0.433,400,11.55,adv_online,Online
SITE-01116,PROTO-B_CARDIO,Poland,Europe,Cardiology,II,Heart Failure,Biotech,5,9,8,10,0,1,1,PI-001,13,2,2,1,1,849,1.2,2021-08-16,2021-11-25,2022-11-30,2022-12-27,101,370,-27,4,2021,EMA,2021-04-14,2021-09-23,162,1,LEC,2021-05-30,2021-07-10,41,179,2,1,0,1,1,0,0,1,0,0,0,,2,2,4,1,0,1,3400,0.535,400,32.43,adv_email,Email
SITE-01117,PROTO-C_NEURO,Japan,Asia,Neurology,II,Alzheimer's,Academic,7,14,10,12,1,0,0,PI-026,8,4,5,1,3,20,2.2,2023-08-30,2024-02-29,2026-02-06,2026-03-14,183,708,-36,1,2024,PMDA,2023-04-28,2023-10-08,163,1,LEC,2023-05-29,2023-07-30,62,276,0,0,1,1,0,0,0,0,0,1,0,,2,1,3,1,0,1,1050,0.577,8,0.34,adv_community_presentation,Community
SITE-01118,PROTO-A_ONCO,UK,Europe,Oncology,III,NSCLC,Pharma,8,18,12,15,1,1,1,PI-003,5,3,1,1,3,189,1.5,2021-03-19,2021-06-21,2022-09-23,2022-09-12,94,459,11,2,2021,MHRA,2020-10-21,2021-03-24,154,1,CEC,2020-12-03,2021-01-18,46,200,4,1,1,0,0,1,0,0,0,0,0,,0,3,3,0,1,0,650,0.558,69,4.51,adv_newsletter,Newsletter
SITE-01119,PROTO-B_CARDIO,Australia,APAC,Cardiology,II,Heart Failure,Biotech,5,9,8,10,0,1,1,PI-003,8,1,2,1,7,798,2.6,2022-11-11,2022-12-29,2025-05-21,2025-07-13,48,874,-53,4,2022,Other,2022-07-11,2022-08-29,49,1,LEC,2022-08-26,2022-10-13,48,125,3,1,1,1,0,0,0,0,0,0,0,,1,2,3,1,0,1,850,0.473,378,12.97,adv_email,Email
SITE-01120,PROTO-A_ONCO,UK,Europe,Oncology,III,NSCLC,Pharma,8,18,12,15,1,1,1,PI-019,21,4,5,1,7,194,1.6,2022-10-02,2022-11-10,2024-03-17,2024-03-09,39,493,8,4,2022,MHRA,2022-06-07,2022-07-13,36,1,LEC,2022-07-24,2022-08-27,34,109,3,1,1,1,1,1,0,0,0,1,0,,3,3,6,1,0,1,2750,0.647,65,3.96,adv_email,Email
SITE-01121,PROTO-A_ONCO,Brazil,LATAM,Oncology,III,NSCLC,Pharma,8,18,12,15,1,1,1,PI-015,19,4,4,1,3,144,3.8,2022-08-05,2022-08-09,2026-03-13,2026-01-05,4,1312,67,3,2022,Other,2022-02-27,2022-05-10,72,1,CEC,2022-03-29,2022-05-29,61,133,2,1,1,0,0,0,0,0,0,1,1,Patient registry outreach,2,2,4,1,0,0,1350,0.625,156,3.57,adv_community_presentation,Community
SITE-01122,PROTO-C_NEURO,India,Asia,Neurology,II,Alzheimer's,Academic,7,14,10,12,1,0,0,PI-016,18,4,2,1,3,130,3.9,2023-03-25,2023-05-07,2027-01-24,2027-02-26,43,1358,-33,2,2023,Other,2022-11-11,2022-12-19,38,1,LEC,2023-01-04,2023-02-20,47,123,2,1,0,0,0,1,0,0,0,0,0,,0,2,2,0,1,0,500,0.614,113,2.5,adv_newsletter,Newsletter
SITE-01123,PROTO-B_CARDIO,USA,North America,Cardiology,II,Heart Failure,Biotech,5,9,8,10,0,1,1,PI-026,8,2,4,1,7,748,3.8,2021-07-10,2021-10-12,2025-06-18,2025-06-05,94,1345,13,4,2021,FDA,2021-03-15,2021-09-06,175,0,IRB,2021-04-07,2021-05-23,46,188,3,1,0,1,1,0,0,0,0,0,0,,2,1,3,1,0,1,1900,0.463,400,8.92,adv_email,Email
SITE-01124,PROTO-A_ONCO,USA,North America,Oncology,III,NSCLC,Pharma,8,18,12,15,1,1,1,PI-016,16,2,4,1,5,303,1.6,2022-01-03,2022-02-11,2023-08-08,2023-07-30,39,543,9,1,2022,FDA,2021-08-19,2021-12-24,127,0,IRB,2021-10-02,2021-11-22,51,132,3,0,1,1,1,0,0,0,0,0,0,,2,1,3,1,0,1,1850,0.59,92,5.08,adv_email,Email
SITE-01125,PROTO-C_NEURO,Germany,Europe,Neurology,II,Alzheimer's,Academic,7,14,10,12,1,0,0,PI-010,9,1,4,1,6,100,1.8,2022-12-12,2023-03-30,2024-08-04,2024-07-12,108,493,23,1,2023,EMA,2022-06-09,2022-10-24,137,1,CEC,2022-07-04,2022-10-08,96,269,8,0,1,0,0,0,0,0,0,1,0,,1,1,2,1,0,0,550,0.581,23,1.4,adv_community_presentation,Community
SITE-01126,PROTO-B_CARDIO,Germany,Europe,Cardiology,II,Heart Failure,Biotech,5,9,8,10,0,1,1,PI-003,14,4,1,1,3,1100,2.4,2022-04-05,2022-05-24,2024-07-04,2024-07-19,49,772,-15,2,2022,EMA,2021-10-26,2022-01-04,70,1,CEC,2021-11-16,2022-01-29,74,189,1,0,0,0,1,1,0,0,0,0,1,Patient registry outreach,2,1,3,1,0,1,2100,0.405,400,15.54,adv_online,Online
SITE-01127,PROTO-A_ONCO,Japan,Asia,Oncology,III,NSCLC,Pharma,8,18,12,15,1,1,1,PI-002,14,5,5,1,2,167,3.4,2023-07-13,2023-10-25,2026-12-14,2027-01-07,104,1146,-24,4,2023,PMDA,2023-02-14,2023-08-09,176,1,CEC,2023-04-09,2023-06-06,58,199,1,1,1,1,1,0,0,0,0,1,0,,3,2,5,1,0,1,2450,0.513,185,4.84,adv_email,Email
SITE-01128,PROTO-B_CARDIO,Germany,Europe,Cardiology,II,Heart Failure,Biotech,5,9,8,10,0,1,1,PI-008,11,3,4,1,4,1197,1.1,2022-07-04,2022-10-19,2023-08-24,2023-09-18,107,309,-25,4,2022,EMA,2022-03-25,2022-05-30,66,1,LEC,2022-05-20,2022-06-09,20,152,2,1,0,1,0,0,1,0,0,1,0,,2,2,4,1,0,1,1900,0.365,400,38.83,adv_email,Email
SITE-01129,PROTO-B_CARDIO,Germany,Europe,Cardiology,II,Heart Failure,Biotech,5,9,8,10,0,1,1,PI-019,12,2,2,1,4,1121,1.1,2021-11-20,2022-02-28,2022-12-25,2023-01-07,100,300,-13,1,2022,EMA,2021-07-11,2021-11-25,137,1,CEC,2021-08-16,2021-10-04,49,196,1,1,1,1,0,0,0,0,0,1,0,,2,2,4,1,0,1,1250,0.372,400,40.0,adv_email,Email
SITE-01130,PROTO-A_ONCO,India,Asia,Oncology,III,NSCLC,Pharma,8,18,12,15,1,1,1,PI-022,7,2,1,1,4,295,1.2,2022-09-18,2022-10-13,2023-08-30,2023-08-26,25,321,4,4,2022,Other,2022-02-19,2022-05-21,91,1,CEC,2022-03-10,2022-08-04,147,217,1,1,1,0,1,0,1,1,0,1,0,,2,4,6,1,0,1,4250,0.553,86,8.04,adv_community_presentation,Community
SITE-01131,PROTO-C_NEURO,India,Asia,Neurology,II,Alzheimer's,Academic,7,14,10,12,1,0,0,PI-003,13,4,3,1,1,121,1.2,2022-05-08,2022-08-22,2023-08-10,2023-08-26,106,353,-16,3,2022,Other,2022-01-11,2022-05-31,140,1,LEC,2022-02-19,2022-04-10,50,184,1,0,1,1,1,0,0,0,0,0,0,,2,1,3,1,0,1,1850,0.484,93,7.9,adv_email,Email
SITE-01132,PROTO-C_NEURO,Germany,Europe,Neurology,II,Alzheimer's,Academic,7,14,10,12,1,0,0,PI-021,13,1,1,1,3,66,2.8,2021-04-26,2021-07-27,2024-01-13,2024-01-06,92,900,7,3,2021,EMA,2020-10-29,2021-03-03,125,1,CEC,2020-11-21,2021-03-15,114,248,1,1,1,0,1,0,0,1,0,0,0,,1,3,4,1,0,1,3050,0.524,46,1.53,adv_online,Online
SITE-01133,PROTO-C_NEURO,Poland,Europe,Neurology,II,Alzheimer's,Academic,7,14,10,12,1,0,0,PI-009,23,4,1,1,6,79,3.5,2021-12-11,2022-03-29,2025-06-12,2025-06-15,108,1171,-3,1,2022,EMA,2021-08-15,2021-11-09,86,1,LEC,2021-10-06,2021-11-18,43,174,1,1,0,1,0,0,0,0,0,0,1,Patient registry outreach,2,1,3,1,0,1,1300,0.549,63,1.61,adv_email,Email
SITE-01134,PROTO-B_CARDIO,Spain,Europe,Cardiology,II,Heart Failure,Biotech,5,9,8,10,0,1,1,PI-019,5,4,5,1,1,775,3.1,2021-05-02,2021-05-16,2024-03-08,2024-03-03,14,1027,5,2,2021,EMA,2020-09-09,2021-01-26,139,1,CEC,2020-10-09,2021-03-03,145,219,3,1,1,0,1,1,0,0,0,0,0,,1,3,4,1,0,1,1850,0.406,400,11.68,adv_online,Online
SITE-01135,PROTO-C_NEURO,USA,North America,Neurology,II,Alzheimer's,Academic,7,14,10,12,1,0,0,PI-001,6,3,1,1,1,72,3.3,2022-01-31,2022-04-21,2025-06-14,2025-06-01,80,1150,13,2,2022,FDA,2021-09-21,2022-02-01,133,0,IRB,2021-11-14,2022-01-11,58,158,5,1,1,0,1,1,0,0,0,0,0,,1,3,4,1,0,1,1850,0.487,66,1.72,adv_online,Online
SITE-01136,PROTO-C_NEURO,UK,Europe,Neurology,II,Alzheimer's,Academic,7,14,10,12,1,0,0,PI-015,11,3,4,1,3,112,2.6,2022-03-27,2022-07-21,2024-12-13,2024-12-16,116,876,-3,3,2022,MHRA,2021-11-10,2022-04-29,170,1,LEC,2021-12-29,2022-03-03,64,204,1,1,1,0,1,0,1,0,0,1,0,,2,3,5,1,0,1,2750,0.501,104,3.56,adv_community_presentation,Community
SITE-01137,PROTO-B_CARDIO,USA,North America,Cardiology,II,Heart Failure,Biotech,5,9,8,10,0,1,1,PI-022,2,3,1,1,1,1052,2.5,2022-12-24,2022-12-23,2025-05-19,2025-04-29,-1,878,20,4,2022,FDA,2022-08-18,2022-11-14,88,0,IRB,2022-09-06,2022-11-29,84,108,1,1,0,1,1,1,0,0,0,0,0,,2,2,4,1,0,1,2200,0.367,400,13.67,adv_email,Email
SITE-01138,PROTO-A_ONCO,USA,North America,Oncology,III,NSCLC,Pharma,8,18,12,15,1,1,1,PI-013,14,2,1,1,3,162,2.3,2021-09-06,2021-08-27,2023-11-04,2023-10-27,-10,799,8,3,2021,FDA,2021-03-30,2021-06-27,89,0,IRB,2021-05-05,2021-07-22,78,114,2,1,1,0,0,1,0,0,0,0,0,,0,3,3,0,1,0,650,0.626,68,2.55,adv_newsletter,Newsletter
SITE-01139,PROTO-A_ONCO,Germany,Europe,Oncology,III,NSCLC,Pharma,8,18,12,15,1,1,1,PI-024,23,1,4,1,5,34,1.3,2021-11-05,2022-01-17,2022-12-21,2022-12-09,73,338,12,1,2022,EMA,2021-05-02,2021-09-13,134,1,CEC,2021-06-01,2021-09-19,110,230,3,1,0,0,0,0,1,0,1,0,0,,0,3,3,0,1,0,6000,0.641,9,0.8,adv_poster,Poster
SITE-01140,PROTO-A_ONCO,USA,North America,Oncology,III,NSCLC,Pharma,8,18,12,15,1,1,1,PI-023,14,2,2,1,6,147,2.0,2021-02-05,2021-01-13,2022-12-22,2023-02-04,-23,708,-44,1,2021,FDA,2020-10-24,2020-12-08,45,0,IRB,2020-11-11,2020-12-25,44,63,1,0,0,0,0,0,0,0,0,1,0,,1,0,1,1,0,0,400,0.501,62,2.63,adv_community_presentation,Community
SITE-01141,PROTO-A_ONCO,USA,North America,Oncology,III,NSCLC,Pharma,8,18,12,15,1,1,1,PI-016,13,4,3,1,2,127,1.1,2023-01-09,2022-12-04,2023-12-13,2023-11-30,-36,374,13,4,2022,FDA,2022-08-09,2022-10-11,63,0,CEC,2022-08-28,2022-10-19,52,98,2,1,1,0,0,1,0,0,0,1,0,,1,3,4,1,0,0,1050,0.626,46,3.69,adv_community_presentation,Community
SITE-01142,PROTO-A_ONCO,USA,North America,Oncology,III,NSCLC,Pharma,8,18,12,15,1,1,1,PI-013,4,3,2,1,3,122,2.9,2021-01-25,2021-01-11,2023-11-04,2023-12-09,-14,1027,-35,1,2021,FDA,2020-08-13,2020-12-29,138,0,IRB,2020-09-08,2020-12-12,95,125,0,1,0,0,0,0,0,0,0,0,0,,0,1,1,0,1,0,200,0.539,57,1.67,adv_poster,Poster
SITE-01143,PROTO-A_ONCO,UK,Europe,Oncology,III,NSCLC,Pharma,8,18,12,15,1,1,1,PI-004,9,2,4,1,2,75,1.4,2023-09-11,2023-12-06,2025-01-17,2025-02-10,86,408,-24,4,2023,MHRA,2023-05-09,2023-07-22,74,1,LEC,2023-07-03,2023-08-22,50,156,3,1,1,1,1,0,0,0,0,0,0,,2,2,4,1,0,1,2050,0.601,26,1.91,adv_email,Email
SITE-01144,PROTO-A_ONCO,UK,Europe,Oncology,III,NSCLC,Pharma,8,18,12,15,1,1,1,PI-012,7,8,3,1,4,146,3.4,2021-09-23,2021-10-23,2025-01-10,2024-12-15,30,1175,26,4,2021,MHRA,2021-05-26,2021-06-29,34,1,LEC,2021-07-10,2021-08-18,39,105,1,0,0,1,0,0,0,0,1,0,0,,1,1,2,1,0,1,5500,0.577,95,2.43,adv_email,Email
SITE-01145,PROTO-A_ONCO,Spain,Europe,Oncology,III,NSCLC,Pharma,8,18,12,15,1,1,1,PI-002,22,8,4,1,1,226,1.7,2023-08-27,2023-11-02,2025-03-28,2025-02-22,67,512,34,4,2023,EMA,2023-05-11,2023-07-21,71,1,LEC,2023-06-07,2023-08-04,58,148,0,0,1,0,0,1,1,0,0,0,0,,0,3,3,0,1,0,1250,0.523,274,16.05,adv_newsletter,Newsletter
SITE-01146,PROTO-A_ONCO,USA,North America,Oncology,III,NSCLC,Pharma,8,18,12,15,1,1,1,PI-028,12,2,5,1,2,131,1.6,2021-11-08,2021-11-02,2023-05-14,2023-06-06,-6,558,-23,4,2021,FDA,2021-07-03,2021-08-24,52,0,IRB,2021-07-26,2021-09-25,61,99,2,1,1,0,0,0,1,0,0,0,1,Patient registry outreach,1,3,4,1,0,0,1750,0.546,70,3.76,adv_other,Other
SITE-01147,PROTO-A_ONCO,Germany,Europe,Oncology,III,NSCLC,Pharma,8,18,12,15,1,1,1,PI-013,13,1,5,1,2,175,1.3,2023-04-02,2023-05-15,2024-05-18,2024-05-17,43,369,1,2,2023,EMA,2022-10-21,2023-01-13,84,1,CEC,2022-12-18,2023-03-08,80,148,0,0,1,1,1,0,0,0,1,1,0,,3,2,5,1,0,1,7250,0.561,76,6.18,adv_email,Email
SITE-01148,PROTO-A_ONCO,Canada,North America,Oncology,III,NSCLC,Pharma,8,18,12,15,1,1,1,PI-019,6,3,5,1,6,262,4.0,2023-05-17,2023-05-06,2027-03-19,2027-04-14,-11,1413,-26,2,2023,Other,2022-12-14,2023-04-09,116,0,IRB,2022-12-28,2023-03-27,89,129,2,0,1,1,0,0,0,1,0,0,0,,1,2,3,1,0,1,2150,0.635,108,2.29,adv_email,Email
SITE-01149,PROTO-C_NEURO,Australia,APAC,Neurology,II,Alzheimer's,Academic,7,14,10,12,1,0,0,PI-012,8,3,2,1,1,97,3.9,2021-11-10,2022-07-21,2026-03-08,2026-04-30,253,1326,-53,3,2022,Other,2021-09-23,2022-03-10,168,1,LEC,2021-10-06,2021-10-26,20,288,3,1,1,1,1,0,1,0,0,0,0,,2,3,5,1,0,1,2850,0.569,95,2.15,adv_email,Email
SITE-01150,PROTO-B_CARDIO,USA,North America,Cardiology,II,Heart Failure,Biotech,5,9,8,10,0,1,1,PI-022,7,3,1,1,2,850,1.3,2021-12-05,2021-11-26,2023-02-04,2023-02-04,-9,435,0,4,2021,FDA,2021-08-02,2021-11-07,97,0,IRB,2021-08-25,2021-10-28,64,93,6,1,1,1,1,0,0,0,0,0,0,,2,2,4,1,0,1,2050,0.402,400,27.59,adv_email,Email
SITE-01151,PROTO-A_ONCO,Spain,Europe,Oncology,III,NSCLC,Pharma,8,18,12,15,1,1,1,PI-010,10,4,5,1,4,133,1.2,2022-08-11,2023-01-19,2023-12-05,2023-12-07,161,320,-2,1,2023,EMA,2022-04-19,2022-09-22,156,1,LEC,2022-05-10,2022-07-15,66,254,3,1,0,0,0,1,0,0,0,0,0,,0,2,2,0,1,0,500,0.695,34,3.19,adv_newsletter,Newsletter
SITE-01152,PROTO-C_NEURO,Brazil,LATAM,Neurology,II,Alzheimer's,Academic,7,14,10,12,1,0,0,PI-014,23,1,4,1,3,75,2.7,2022-01-27,2022-04-19,2024-09-26,2024-08-22,82,891,35,2,2022,Other,2021-10-05,2021-12-28,84,1,LEC,2021-11-19,2022-01-11,53,151,1,0,1,0,0,0,0,0,0,0,0,,0,1,1,0,1,0,150,0.583,53,1.78,adv_pamphlet,Pamphlet
SITE-01153,PROTO-B_CARDIO,UK,Europe,Cardiology,II,Heart Failure,Biotech,5,9,8,10,0,1,1,PI-004,20,6,2,1,7,933,2.5,2023-05-19,2023-08-13,2025-12-19,2025-12-19,86,859,0,3,2023,MHRA,2023-02-12,2023-05-24,101,1,LEC,2023-03-19,2023-04-18,30,147,1,1,1,1,0,1,0,0,0,1,0,,2,3,5,1,0,1,1550,0.34,400,13.97,adv_email,Email
SITE-01154,PROTO-B_CARDIO,Poland,Europe,Cardiology,II,Heart Failure,Biotech,5,9,8,10,0,1,1,PI-022,6,5,3,0,2,869,1.4,2022-02-14,2022-05-05,2023-07-26,2023-08-16,80,447,-21,2,2022,EMA,2021-11-01,2022-03-02,121,1,LEC,2021-12-01,2022-01-08,38,155,1,1,1,0,0,0,0,0,0,0,0,,0,2,2,0,1,0,350,0.41,400,26.85,adv_poster,Poster
SITE-01155,PROTO-C_NEURO,Germany,Europe,Neurology,II,Alzheimer's,Academic,7,14,10,12,1,0,0,PI-025,6,4,3,1,6,80,1.2,2023-05-27,2023-06-20,2024-05-04,2024-05-01,24,319,3,2,2023,EMA,2022-10-16,2023-02-14,121,1,CEC,2022-12-14,2023-03-12,88,188,3,1,1,0,0,0,1,0,0,0,0,,0,3,3,0,1,0,1150,0.624,13,1.22,adv_poster,Poster
SITE-01156,PROTO-B_CARDIO,Japan,Asia,Cardiology,II,Heart Failure,Biotech,5,9,8,10,0,1,1,PI-003,18,2,3,0,2,877,1.6,2021-12-22,2022-04-10,2023-07-18,2023-07-23,109,464,-5,2,2022,PMDA,2021-07-22,2021-12-01,132,1,CEC,2021-08-30,2021-10-21,52,223,2,1,1,1,1,0,0,0,0,0,0,,2,2,4,1,0,1,2050,0.398,400,25.86,adv_email,Email
SITE-01157,PROTO-C_NEURO,UK,Europe,Neurology,II,Alzheimer's,Academic,7,14,10,12,1,0,0,PI-008,24,2,5,1,5,107,1.2,2023-01-24,2023-03-07,2024-03-21,2024-02-26,42,380,24,1,2023,MHRA,2022-10-14,2022-11-21,38,1,LEC,2022-10-28,2022-12-22,55,130,1,1,1,1,1,0,0,0,0,0,0,,2,2,4,1,0,1,2050,0.509,57,4.5,adv_email,Email
SITE-01158,PROTO-C_NEURO,Spain,Europe,Neurology,II,Alzheimer's,Academic,7,14,10,12,1,0,0,PI-021,5,3,4,1,5,118,1.2,2023-06-07,2023-07-10,2024-07-23,2024-07-30,33,379,-7,3,2023,EMA,2023-03-01,2023-04-26,56,1,LEC,2023-03-13,2023-05-04,52,119,0,1,1,0,1,0,0,0,0,0,1,Patient registry outreach,2,2,4,1,0,1,2150,0.502,29,2.3,adv_online,Online
SITE-01159,PROTO-A_ONCO,India,Asia,Oncology,III,NSCLC,Pharma,8,18,12,15,1,1,1,PI-016,2,4,5,0,5,128,1.5,2021-06-21,2021-08-15,2022-11-25,2022-12-14,55,467,-19,3,2021,Other,2021-03-23,2021-05-28,66,1,LEC,2021-04-21,2021-05-22,31,116,3,1,1,1,1,1,0,0,0,0,0,,2,3,5,1,0,1,2350,0.607,34,2.18,adv_email,Email
SITE-01160,PROTO-B_CARDIO,Japan,Asia,Cardiology,II,Heart Failure,Biotech,5,9,8,10,0,1,1,PI-027,2,0,2,1,6,906,1.8,2022-08-14,2022-09-14,2024-04-29,2024-04-06,31,593,23,3,2022,PMDA,2022-04-24,2022-07-17,84,1,CEC,2022-05-20,2022-07-22,63,117,2,1,1,0,1,0,0,0,0,0,0,,1,2,3,1,0,1,1550,0.447,400,20.24,adv_online,Online
SITE-01161,PROTO-B_CARDIO,Germany,Europe,Cardiology,II,Heart Failure,Biotech,5,9,8,10,0,1,1,PI-007,19,1,5,1,6,1021,2.5,2022-03-18,2022-05-15,2024-08-17,2024-10-10,58,825,-54,2,2022,EMA,2021-09-05,2021-12-26,112,1,CEC,2021-10-24,2022-02-22,121,203,3,0,1,0,1,0,0,0,0,0,0,,1,1,2,1,0,1,1350,0.454,400,14.55,adv_online,Online
SITE-01162,PROTO-A_ONCO,USA,North America,Oncology,III,NSCLC,Pharma,8,18,12,15,1,1,1,PI-010,2,5,1,1,3,184,1.4,2021-09-18,2021-08-22,2022-12-13,2022-11-18,-27,478,25,3,2021,FDA,2021-05-05,2021-06-14,40,0,CEC,2021-05-28,2021-07-15,48,86,4,1,1,0,0,1,0,0,0,0,1,Patient registry outreach,1,3,4,1,0,0,1250,0.552,67,4.21,adv_other,Other
SITE-01163,PROTO-C_NEURO,Spain,Europe,Neurology,II,Alzheimer's,Academic,7,14,10,12,1,0,0,PI-027,3,4,1,1,6,97,3.9,2022-06-08,2022-08-12,2026-04-08,2026-05-12,65,1335,-34,3,2022,EMA,2022-03-04,2022-04-06,33,1,LEC,2022-03-27,2022-05-26,60,138,1,1,1,1,1,0,1,0,0,0,0,,2,3,5,1,0,1,2850,0.581,51,1.15,adv_email,Email
SITE-01164,PROTO-B_CARDIO,USA,North America,Cardiology,II,Heart Failure,Biotech,5,9,8,10,0,1,1,PI-022,24,2,5,1,4,1001,2.7,2023-02-09,2023-01-25,2025-09-01,2025-11-22,-15,950,-82,1,2023,FDA,2022-08-31,2023-01-01,123,0,IRB,2022-10-07,2022-12-29,83,110,1,1,1,1,0,0,1,0,0,0,0,,1,3,4,1,0,1,1650,0.33,400,12.63,adv_email,Email
SITE-01165,PROTO-B_CARDIO,Germany,Europe,Cardiology,II,Heart Failure,Biotech,5,9,8,10,0,1,1,PI-007,23,7,5,1,4,1182,3.0,2022-08-19,2022-08-16,2025-05-30,2025-06-24,-3,1018,-25,3,2022,EMA,2022-02-15,2022-07-07,142,1,CEC,2022-03-24,2022-07-07,105,145,2,1,1,1,1,1,0,0,1,1,1,Patient registry outreach,4,4,8,1,0,1,8350,0.417,400,11.79,adv_email,Email
SITE-01166,PROTO-A_ONCO,USA,North America,Oncology,III,NSCLC,Pharma,8,18,12,15,1,1,1,PI-010,18,6,4,0,9,111,2.0,2021-07-23,2021-06-20,2023-04-25,2023-06-03,-33,674,-39,2,2021,FDA,2020-11-15,2021-01-21,67,0,CEC,2020-12-11,2021-05-05,145,191,1,1,1,0,0,1,0,0,1,1,0,,1,4,5,1,0,0,6050,0.551,32,1.42,adv_community_presentation,Community
SITE-01167,PROTO-C_NEURO,Poland,Europe,Neurology,II,Alzheimer's,Academic,7,14,10,12,1,0,0,PI-019,19,2,1,1,3,162,2.2,2022-03-09,2022-04-02,2024-02-25,2024-03-21,24,694,-25,2,2022,EMA,2021-08-17,2021-11-28,103,1,CEC,2021-09-13,2022-02-02,142,201,2,1,1,0,1,0,0,0,0,0,0,,1,2,3,1,0,1,1550,0.589,89,3.85,adv_online,Online
SITE-01168,PROTO-A_ONCO,USA,North America,Oncology,III,NSCLC,Pharma,8,18,12,15,1,1,1,PI-024,8,1,2,1,8,114,2.5,2023-02-26,2023-01-31,2025-07-10,2025-09-13,-26,891,-65,1,2023,FDA,2022-10-21,2023-01-20,91,0,IRB,2022-12-03,2023-01-17,45,59,2,1,1,1,1,0,1,0,0,0,0,,2,3,5,1,0,1,2850,0.553,27,0.91,adv_email,Email
SITE-01169,PROTO-B_CARDIO,Germany,Europe,Cardiology,II,Heart Failure,Biotech,5,9,8,10,0,1,1,PI-015,8,2,4,1,5,879,3.1,2021-11-19,2022-01-04,2024-11-21,2024-11-11,46,1052,10,1,2022,EMA,2021-07-03,2021-08-17,45,1,CEC,2021-07-18,2021-09-02,46,170,2,1,0,1,0,0,0,0,0,0,0,,1,1,2,1,0,1,700,0.411,400,11.41,adv_email,Email
SITE-01170,PROTO-A_ONCO,USA,North America,Oncology,III,NSCLC,Pharma,8,18,12,15,1,1,1,PI-022,12,3,1,1,3,134,3.0,2022-01-31,2022-02-18,2024-12-18,2024-12-07,18,1034,11,1,2022,FDA,2021-07-26,2022-01-02,160,0,CEC,2021-08-05,2021-12-19,136,197,2,1,1,0,0,0,0,0,0,1,0,,1,2,3,1,0,0,750,0.523,118,3.42,adv_community_presentation,Community
SITE-01171,PROTO-C_NEURO,USA,North America,Neurology,II,Alzheimer's,Academic,7,14,10,12,1,0,0,PI-004,11,2,4,1,4,173,2.5,2023-06-09,2023-06-06,2025-11-05,2025-11-19,-3,883,-14,2,2023,FDA,2022-12-02,2023-04-26,145,0,CEC,2023-01-11,2023-04-09,88,146,0,1,0,0,0,1,0,0,0,1,1,Patient registry outreach,2,2,4,1,0,0,1500,0.515,112,3.81,adv_community_presentation,Community
SITE-01172,PROTO-C_NEURO,USA,North America,Neurology,II,Alzheimer's,Academic,7,14,10,12,1,0,0,PI-019,24,1,2,1,5,43,3.3,2022-09-09,2022-09-18,2025-12-11,2026-01-20,9,1180,-40,3,2022,FDA,2022-04-20,2022-06-30,71,0,IRB,2022-06-16,2022-08-05,50,94,2,0,1,0,1,0,0,0,0,0,0,,1,1,2,1,0,1,1350,0.466,37,0.94,adv_online,Online
SITE-01173,PROTO-B_CARDIO,Germany,Europe,Cardiology,II,Heart Failure,Biotech,5,9,8,10,0,1,1,PI-025,4,4,1,1,3,687,3.9,2021-01-29,2021-02-06,2024-09-22,2024-09-18,8,1324,4,1,2021,EMA,2020-06-12,2020-07-17,35,1,CEC,2020-07-29,2020-11-02,96,192,2,1,1,1,1,1,0,0,0,0,0,,2,3,5,1,0,1,2350,0.294,400,9.06,adv_email,Email
SITE-01174,PROTO-A_ONCO,Canada,North America,Oncology,III,NSCLC,Pharma,8,18,12,15,1,1,1,PI-015,19,6,2,1,1,258,2.2,2023-04-10,2023-05-06,2025-05-28,2025-06-26,26,753,-29,2,2023,Other,2022-11-21,2023-03-23,122,0,IRB,2023-01-10,2023-03-21,70,116,3,1,1,1,1,0,0,0,1,0,0,,2,3,5,1,0,1,7050,0.529,364,14.5,adv_email,Email
SITE-01175,PROTO-C_NEURO,UK,Europe,Neurology,II,Alzheimer's,Academic,7,14,10,12,1,0,0,PI-008,20,2,2,1,5,155,1.4,2022-03-16,2022-06-08,2023-08-13,2023-07-25,84,431,19,2,2022,MHRA,2021-11-05,2022-03-08,123,1,LEC,2021-12-14,2022-02-13,61,176,2,1,1,1,0,0,0,0,0,1,0,,2,2,4,1,0,1,1250,0.49,68,4.73,adv_community_presentation,Community
SITE-01176,PROTO-C_NEURO,UK,Europe,Neurology,II,Alzheimer's,Academic,7,14,10,12,1,0,0,PI-002,7,3,5,1,4,105,1.8,2022-03-18,2022-07-21,2024-03-07,2024-02-09,125,595,27,3,2022,MHRA,2021-12-18,2022-05-15,148,1,LEC,2022-01-10,2022-02-06,27,192,1,1,1,0,0,0,0,0,0,1,1,Patient registry outreach,2,2,4,1,0,0,1350,0.564,37,1.87,adv_community_presentation,Community
SITE-01177,PROTO-A_ONCO,India,Asia,Oncology,III,NSCLC,Pharma,8,18,12,15,1,1,1,PI-028,3,6,1,1,5,170,2.2,2022-04-25,2022-06-30,2024-04-08,2024-03-31,66,648,8,2,2022,Other,2021-08-26,2021-12-23,119,1,CEC,2021-10-02,2022-02-10,131,271,4,1,1,0,1,0,0,0,0,0,0,,1,2,3,1,0,1,1550,0.559,66,3.06,adv_online,Online
SITE-01178,PROTO-A_ONCO,Poland,Europe,Oncology,III,NSCLC,Pharma,8,18,12,15,1,1,1,PI-019,4,2,2,0,2,69,1.6,2023-04-10,2023-06-03,2024-09-14,2024-09-04,54,469,10,2,2023,EMA,2022-09-21,2023-03-04,164,1,CEC,2022-10-14,2023-02-11,120,232,3,0,1,1,0,0,0,0,0,0,0,,1,1,2,1,0,1,650,0.586,29,1.86,adv_email,Email
SITE-01179,PROTO-A_ONCO,Canada,North America,Oncology,III,NSCLC,Pharma,8,18,12,15,1,1,1,PI-004,14,6,5,1,3,22,2.1,2023-03-04,2023-04-10,2025-04-04,2025-04-14,37,725,-10,2,2023,Other,2022-09-25,2023-02-25,153,0,IRB,2022-10-25,2023-01-11,78,167,3,0,1,0,0,1,0,0,1,0,1,Patient registry outreach,1,3,4,1,0,0,6050,0.554,16,0.66,adv_other,Other
SITE-01180,PROTO-A_ONCO,Australia,APAC,Oncology,III,NSCLC,Pharma,8,18,12,15,1,1,1,PI-008,21,2,4,0,3,145,1.4,2021-11-28,2022-02-23,2023-05-18,2023-04-03,87,449,45,1,2022,Other,2021-10-09,2021-11-11,33,1,LEC,2021-10-21,2021-11-14,24,125,0,1,1,0,0,0,0,0,1,0,0,,0,3,3,0,1,0,5350,0.614,67,4.48,adv_poster,Poster
SITE-01181,PROTO-B_CARDIO,Germany,Europe,Cardiology,II,Heart Failure,Biotech,5,9,8,10,0,1,1,PI-028,6,2,2,1,2,900,1.3,2022-02-20,2022-02-21,2023-03-30,2023-03-02,1,402,28,1,2022,EMA,2021-08-20,2021-12-17,119,1,CEC,2021-09-26,2021-12-12,77,148,0,0,0,1,0,0,1,0,0,0,1,Patient registry outreach,2,1,3,1,0,1,1900,0.429,400,29.85,adv_email,Email
SITE-01182,PROTO-C_NEURO,Poland,Europe,Neurology,II,Alzheimer's,Academic,7,14,10,12,1,0,0,PI-001,14,6,5,1,3,20,2.4,2022-10-30,2022-11-15,2024-12-22,2024-12-13,16,768,9,4,2022,EMA,2022-04-09,2022-05-14,35,1,CEC,2022-05-13,2022-08-19,98,186,1,1,1,0,1,0,0,0,0,0,0,,1,2,3,1,0,1,1550,0.445,27,1.05,adv_online,Online
SITE-01183,PROTO-B_CARDIO,Poland,Europe,Cardiology,II,Heart Failure,Biotech,5,9,8,10,0,1,1,PI-024,21,5,3,1,5,854,2.5,2021-08-07,2022-01-04,2024-03-31,2024-05-01,150,817,-31,1,2022,EMA,2021-04-06,2021-10-01,178,1,LEC,2021-05-22,2021-07-12,51,227,3,1,0,0,0,0,1,0,0,1,0,,1,2,3,1,0,0,1400,0.427,400,14.69,adv_community_presentation,Community
SITE-01184,PROTO-C_NEURO,Brazil,LATAM,Neurology,II,Alzheimer's,Academic,7,14,10,12,1,0,0,PI-005,9,4,5,1,6,39,2.0,2023-08-30,2023-08-22,2025-06-10,2025-08-10,-8,658,-61,3,2023,Other,2023-03-07,2023-05-04,58,1,CEC,2023-05-05,2023-06-19,45,109,0,1,1,0,1,0,0,0,0,0,0,,1,2,3,1,0,1,1550,0.61,14,0.64,adv_online,Online
SITE-01185,PROTO-C_NEURO,Brazil,LATAM,Neurology,II,Alzheimer's,Academic,7,14,10,12,1,0,0,PI-021,12,3,2,1,6,60,2.2,2023-01-25,2023-04-09,2025-03-17,2025-04-16,74,708,-30,2,2023,Other,2022-10-15,2022-11-29,45,1,LEC,2022-11-12,2022-12-20,38,148,0,1,1,0,1,1,0,0,0,1,0,,2,3,5,1,0,1,2250,0.546,28,1.19,adv_community_presentation,Community
SITE-01186,PROTO-C_NEURO,Spain,Europe,Neurology,II,Alzheimer's,Academic,7,14,10,12,1,0,0,PI-024,12,1,1,1,4,90,2.0,2021-09-29,2022-01-04,2023-09-06,2023-09-04,97,610,2,1,2022,EMA,2021-05-14,2021-07-19,66,1,LEC,2021-07-01,2021-08-30,60,187,5,1,0,0,1,0,1,0,0,1,0,,2,2,4,1,0,1,2600,0.504,48,2.36,adv_community_presentation,Community
SITE-01187,PROTO-C_NEURO,India,Asia,Neurology,II,Alzheimer's,Academic,7,14,10,12,1,0,0,PI-028,18,1,4,1,2,100,3.8,2022-12-01,2022-12-25,2026-06-02,2026-03-18,24,1255,76,4,2022,Other,2022-02-27,2022-05-04,66,1,CEC,2022-04-08,2022-09-03,148,261,5,1,1,1,1,0,0,0,0,0,0,,2,2,4,1,0,1,2050,0.568,83,1.98,adv_email,Email
SITE-01188,PROTO-B_CARDIO,USA,North America,Cardiology,II,Heart Failure,Biotech,5,9,8,10,0,1,1,PI-013,21,3,4,1,8,1142,3.3,2023-05-24,2023-07-03,2026-08-31,2026-10-04,40,1155,-34,3,2023,FDA,2023-02-11,2023-03-14,31,0,IRB,2023-03-26,2023-05-09,44,99,7,0,1,1,1,0,0,0,0,1,0,,3,1,4,1,0,1,2250,0.394,400,10.39,adv_email,Email
SITE-01189,PROTO-B_CARDIO,Brazil,LATAM,Cardiology,II,Heart Failure,Biotech,5,9,8,10,0,1,1,PI-027,9,4,3,1,7,1073,2.1,2021-12-28,2022-03-02,2024-01-23,2024-01-23,64,692,0,1,2022,Other,2021-09-19,2021-10-28,39,1,LEC,2021-10-24,2021-11-21,28,129,3,1,1,1,1,1,0,0,0,0,1,Patient registry outreach,3,3,6,1,0,1,2950,0.47,400,17.34,adv_email,Email
SITE-01190,PROTO-B_CARDIO,USA,North America,Cardiology,II,Heart Failure,Biotech,5,9,8,10,0,1,1,PI-028,15,3,2,1,3,648,2.3,2023-02-23,2023-02-23,2025-05-13,2025-07-08,0,810,-56,1,2023,FDA,2022-09-13,2023-01-29,138,0,IRB,2022-09-29,2022-12-27,89,147,0,0,1,1,0,1,0,0,0,0,0,,1,2,3,1,0,1,950,0.362,400,14.81,adv_email,Email
SITE-01191,PROTO-B_CARDIO,Germany,Europe,Cardiology,II,Heart Failure,Biotech,5,9,8,10,0,1,1,PI-022,3,5,4,1,7,1173,2.1,2022-03-13,2022-04-26,2024-03-23,2024-02-28,44,697,24,2,2022,EMA,2021-11-16,2021-12-16,30,1,CEC,2021-12-28,2022-02-12,46,119,1,1,1,1,1,1,0,0,0,1,0,,3,3,6,1,0,1,2750,0.515,400,17.22,adv_email,Email
SITE-01192,PROTO-A_ONCO,Japan,Asia,Oncology,III,NSCLC,Pharma,8,18,12,15,1,1,1,PI-011,18,2,1,1,8,199,1.5,2022-04-20,2022-07-11,2023-10-16,2023-11-07,82,462,-22,3,2022,PMDA,2021-12-22,2022-04-12,111,1,CEC,2022-01-02,2022-03-08,65,190,5,1,1,0,0,0,1,0,0,0,0,,0,3,3,0,1,0,1150,0.653,28,1.82,adv_poster,Poster
SITE-01193,PROTO-B_CARDIO,India,Asia,Cardiology,II,Heart Failure,Biotech,5,9,8,10,0,1,1,PI-004,3,6,3,1,4,905,3.4,2022-11-08,2023-03-17,2026-05-22,2026-05-20,129,1162,2,1,2023,Other,2022-09-11,2023-01-06,117,1,LEC,2022-09-21,2022-10-23,32,177,1,1,1,0,1,0,0,0,0,1,0,,2,2,4,1,0,1,1950,0.454,400,10.33,adv_online,Online
SITE-01194,PROTO-A_ONCO,USA,North America,Oncology,III,NSCLC,Pharma,8,18,12,15,1,1,1,PI-001,8,2,5,1,5,230,2.8,2023-01-26,2022-12-22,2025-08-23,2025-11-30,-35,975,-99,4,2022,FDA,2022-06-17,2022-08-15,59,0,CEC,2022-07-25,2022-11-16,114,150,1,1,0,0,0,0,0,0,0,0,0,,0,1,1,0,1,0,200,0.522,92,2.83,adv_poster,Poster
SITE-01195,PROTO-B_CARDIO,USA,North America,Cardiology,II,Heart Failure,Biotech,5,9,8,10,0,1,1,PI-028,11,1,3,1,3,1321,2.4,2023-05-19,2023-06-21,2025-10-02,2025-09-02,33,834,30,2,2023,FDA,2022-12-23,2023-04-29,127,0,IRB,2023-01-02,2023-03-21,78,170,2,0,0,1,1,0,0,0,0,1,0,,3,0,3,1,0,1,2100,0.395,400,14.39,adv_email,Email
SITE-01196,PROTO-B_CARDIO,Australia,APAC,Cardiology,II,Heart Failure,Biotech,5,9,8,10,0,1,1,PI-014,10,2,2,1,6,1131,3.6,2021-08-20,2021-12-11,2025-04-22,2025-04-14,113,1228,8,4,2021,Other,2021-05-22,2021-09-12,113,1,LEC,2021-06-13,2021-08-10,58,181,0,1,1,1,1,0,1,0,0,0,0,,2,3,5,1,0,1,2850,0.476,400,9.77,adv_email,Email
SITE-01197,PROTO-C_NEURO,Canada,North America,Neurology,II,Alzheimer's,Academic,7,14,10,12,1,0,0,PI-027,7,3,1,1,1,88,2.1,2021-10-29,2021-11-04,2023-09-16,2023-11-03,6,681,-48,4,2021,Other,2021-02-23,2021-08-09,167,0,CEC,2021-03-20,2021-08-04,137,229,5,0,0,1,0,0,1,0,0,0,0,,1,1,2,1,0,1,1300,0.555,73,3.22,adv_email,Email
SITE-01198,PROTO-C_NEURO,Poland,Europe,Neurology,II,Alzheimer's,Academic,7,14,10,12,1,0,0,PI-013,23,1,1,0,6,73,2.9,2021-10-30,2022-01-08,2024-08-13,2024-09-02,70,948,-20,1,2022,EMA,2021-06-23,2021-09-11,80,1,LEC,2021-07-27,2021-10-03,68,165,2,1,1,0,0,0,0,0,0,0,0,,0,2,2,0,1,0,350,0.481,41,1.3,adv_poster,Poster
SITE-01199,PROTO-A_ONCO,Germany,Europe,Oncology,III,NSCLC,Pharma,8,18,12,15,1,1,1,PI-026,13,1,5,1,5,216,3.1,2022-12-26,2023-01-06,2025-11-14,2025-11-09,11,1043,5,1,2023,EMA,2022-06-13,2022-08-27,75,1,CEC,2022-06-27,2022-11-11,137,193,0,1,0,0,1,0,0,0,0,0,1,Patient registry outreach,2,1,3,1,0,1,2000,0.676,77,2.21,adv_online,Online
SITE-01200,PROTO-C_NEURO,Japan,Asia,Neurology,II,Alzheimer's,Academic,7,14,10,12,1,0,0,PI-013,21,3,4,1,1,102,2.3,2022-12-27,2023-04-29,2025-04-30,2025-06-06,123,732,-37,2,2023,PMDA,2022-08-31,2023-01-11,133,1,LEC,2022-09-14,2022-11-19,66,227,1,0,1,0,0,0,0,1,0,0,0,,0,2,2,0,1,0,1650,0.508,141,5.78,adv_pamphlet,Pamphlet
SITE-01201,PROTO-B_CARDIO,USA,North America,Cardiology,II,Heart Failure,Biotech,5,9,8,10,0,1,1,PI-012,20,4,3,1,2,951,2.6,2022-02-15,2022-01-23,2024-07-16,2024-07-18,-23,905,-2,1,2022,FDA,2021-06-25,2021-11-15,143,0,CEC,2021-08-15,2021-12-26,133,161,0,1,1,0,0,0,1,0,0,0,0,,0,3,3,0,1,0,1150,0.374,400,13.26,adv_poster,Poster
SITE-01202,PROTO-B_CARDIO,USA,North America,Cardiology,II,Heart Failure,Biotech,5,9,8,10,0,1,1,PI-028,13,5,1,1,2,996,2.0,2023-01-16,2022-12-16,2024-11-03,2024-10-17,-31,688,17,4,2022,FDA,2022-07-13,2022-09-30,79,0,CEC,2022-08-25,2022-12-17,114,113,1,0,1,0,1,1,0,0,0,1,0,,2,2,4,1,0,1,2050,0.347,400,17.44,adv_online,Online
SITE-01203,PROTO-B_CARDIO,USA,North America,Cardiology,II,Heart Failure,Biotech,5,9,8,10,0,1,1,PI-018,19,4,1,1,4,839,2.7,2023-04-06,2023-03-15,2025-10-18,2025-10-01,-22,948,17,1,2023,FDA,2022-10-25,2022-12-28,64,0,IRB,2022-11-14,2023-02-14,92,121,1,0,0,1,0,1,0,0,0,1,0,,2,1,3,1,0,1,1200,0.427,400,12.66,adv_email,Email
SITE-01204,PROTO-C_NEURO,Canada,North America,Neurology,II,Alzheimer's,Academic,7,14,10,12,1,0,0,PI-016,5,4,1,1,2,75,1.2,2022-06-26,2022-05-26,2023-06-06,2023-05-21,-31,376,16,2,2022,Other,2021-10-13,2022-02-10,120,0,CEC,2021-12-11,2022-04-04,114,166,3,1,1,0,0,0,0,0,1,1,0,,1,3,4,1,0,0,5750,0.47,39,3.11,adv_community_presentation,Community
SITE-01205,PROTO-A_ONCO,Brazil,LATAM,Oncology,III,NSCLC,Pharma,8,18,12,15,1,1,1,PI-028,6,8,1,1,3,128,3.2,2021-05-13,2021-08-14,2024-08-26,2024-08-02,93,1108,24,3,2021,Other,2021-01-18,2021-06-03,136,1,LEC,2021-02-08,2021-04-02,53,187,2,1,1,0,0,1,0,0,0,0,0,,0,3,3,0,1,0,650,0.618,87,2.36,adv_newsletter,Newsletter
SITE-01206,PROTO-A_ONCO,USA,North America,Oncology,III,NSCLC,Pharma,8,18,12,15,1,1,1,PI-018,3,3,2,1,3,117,1.1,2022-06-26,2022-08-14,2023-08-22,2023-07-26,49,373,27,3,2022,FDA,2022-02-18,2022-07-05,137,0,IRB,2022-03-16,2022-05-26,71,151,1,1,1,1,0,0,0,0,0,0,0,,1,2,3,1,0,1,850,0.568,45,3.62,adv_email,Email
SITE-01207,PROTO-A_ONCO,Australia,APAC,Oncology,III,NSCLC,Pharma,8,18,12,15,1,1,1,PI-021,19,5,3,1,3,140,3.7,2023-06-29,2023-10-13,2027-03-04,2027-02-07,106,1238,25,4,2023,Other,2023-03-28,2023-05-23,56,1,LEC,2023-05-17,2023-06-14,28,149,2,1,0,1,0,0,1,1,0,0,0,,1,3,4,1,0,1,3000,0.543,142,3.44,adv_email,Email
SITE-01208,PROTO-A_ONCO,Spain,Europe,Oncology,III,NSCLC,Pharma,8,18,12,15,1,1,1,PI-023,16,1,5,1,3,94,2.1,2021-10-18,2021-11-22,2023-10-24,2023-10-12,35,701,12,4,2021,EMA,2021-06-26,2021-08-10,45,1,LEC,2021-07-08,2021-09-11,65,137,0,1,0,1,1,0,0,0,0,0,0,,2,1,3,1,0,1,1900,0.643,55,2.35,adv_email,Email
SITE-01209,PROTO-B_CARDIO,Australia,APAC,Cardiology,II,Heart Failure,Biotech,5,9,8,10,0,1,1,PI-012,19,2,5,1,5,1110,3.6,2023-04-04,2023-06-10,2026-11-12,2026-10-31,67,1251,12,2,2023,Other,2023-01-18,2023-03-04,45,1,LEC,2023-02-17,2023-03-20,31,113,2,0,0,0,0,0,1,0,0,0,0,,0,1,1,0,1,0,800,0.477,400,9.59,adv_newspaper,Newspaper
SITE-01210,PROTO-C_NEURO,USA,North America,Neurology,II,Alzheimer's,Academic,7,14,10,12,1,0,0,PI-004,19,2,5,1,6,91,3.2,2022-07-14,2022-07-16,2025-08-20,2025-08-21,2,1131,-1,3,2022,FDA,2021-12-31,2022-06-03,154,0,IRB,2022-02-24,2022-05-30,95,142,1,1,0,0,0,0,0,0,0,0,0,,0,1,1,0,1,0,200,0.669,38,1.01,adv_poster,Poster
SITE-01211,PROTO-C_NEURO,Spain,Europe,Neurology,II,Alzheimer's,Academic,7,14,10,12,1,0,0,PI-023,22,2,5,1,0,106,1.2,2021-11-16,2022-03-21,2023-04-08,2023-04-28,125,383,-20,1,2022,EMA,2021-08-31,2022-01-11,133,1,LEC,2021-09-23,2021-11-01,39,179,1,1,1,0,1,0,0,0,0,0,0,,1,2,3,1,0,1,1550,0.495,90,7.05,adv_online,Online
SITE-01212,PROTO-C_NEURO,India,Asia,Neurology,II,Alzheimer's,Academic,7,14,10,12,1,0,0,PI-026,19,2,2,1,6,98,3.1,2022-01-08,2022-02-08,2025-01-12,2025-01-18,31,1069,-6,1,2022,Other,2021-08-27,2021-09-27,31,1,LEC,2021-10-12,2021-12-18,67,119,1,1,1,0,0,0,0,0,0,1,0,,1,2,3,1,0,0,750,0.638,45,1.26,adv_community_presentation,Community
SITE-01213,PROTO-B_CARDIO,UK,Europe,Cardiology,II,Heart Failure,Biotech,5,9,8,10,0,1,1,PI-005,18,2,4,1,6,919,1.6,2021-02-04,2021-06-06,2022-10-05,2022-09-21,122,486,14,2,2021,MHRA,2020-10-02,2021-03-07,156,1,LEC,2020-11-18,2021-01-16,59,200,3,0,1,0,1,0,0,0,0,1,0,,2,1,3,1,0,1,1750,0.375,400,24.69,adv_online,Online
SITE-01214,PROTO-C_NEURO,UK,Europe,Neurology,II,Alzheimer's,Academic,7,14,10,12,1,0,0,PI-001,9,7,1,1,1,32,2.3,2022-05-16,2022-11-05,2024-10-28,2024-11-14,173,723,-17,4,2022,MHRA,2022-02-09,2022-06-04,115,1,LEC,2022-03-15,2022-04-19,35,235,4,1,0,0,1,0,0,0,0,0,0,,1,1,2,1,0,1,1400,0.541,33,1.37,adv_online,Online
SITE-01215,PROTO-B_CARDIO,Japan,Asia,Cardiology,II,Heart Failure,Biotech,5,9,8,10,0,1,1,PI-008,20,3,1,0,8,1068,2.8,2021-09-04,2021-12-05,2024-05-20,2024-06-08,92,897,-19,4,2021,PMDA,2021-03-25,2021-08-22,150,1,CEC,2021-04-05,2021-07-19,105,244,2,1,0,1,0,0,1,0,0,0,0,,1,2,3,1,0,1,1500,0.384,400,13.38,adv_email,Email
SITE-01216,PROTO-C_NEURO,Germany,Europe,Neurology,II,Alzheimer's,Academic,7,14,10,12,1,0,0,PI-011,9,3,5,1,1,114,2.0,2022-06-24,2022-09-18,2024-04-11,2024-03-11,86,571,31,3,2022,EMA,2021-11-12,2022-01-16,65,1,CEC,2021-12-28,2022-05-06,129,264,5,0,1,0,1,0,0,0,0,0,0,,1,1,2,1,0,1,1350,0.522,92,4.83,adv_online,Online
SITE-01217,PROTO-C_NEURO,India,Asia,Neurology,II,Alzheimer's,Academic,7,14,10,12,1,0,0,PI-026,11,0,4,1,5,70,1.4,2021-06-04,2021-12-07,2023-02-04,2023-02-19,186,424,-15,4,2021,Other,2021-03-07,2021-08-11,157,1,LEC,2021-04-12,2021-05-09,27,239,1,1,1,1,0,1,0,0,0,1,1,Patient registry outreach,3,3,6,1,0,1,2150,0.566,29,2.05,adv_community_presentation,Community
SITE-01218,PROTO-B_CARDIO,Germany,Europe,Cardiology,II,Heart Failure,Biotech,5,9,8,10,0,1,1,PI-014,5,2,2,1,6,1095,1.8,2023-05-11,2023-04-16,2024-12-06,2024-12-22,-25,600,-16,2,2023,EMA,2022-12-02,2023-02-02,62,1,CEC,2022-12-30,2023-03-01,61,107,0,0,0,1,0,1,0,0,0,0,0,,1,1,2,1,0,1,800,0.454,400,20.0,adv_email,Email
SITE-01219,PROTO-B_CARDIO,USA,North America,Cardiology,II,Heart Failure,Biotech,5,9,8,10,0,1,1,PI-011,15,6,2,1,7,822,2.3,2023-03-06,2023-04-15,2025-07-10,2025-06-15,40,817,25,2,2023,FDA,2022-11-09,2023-03-10,121,0,IRB,2022-12-04,2023-01-26,53,132,1,1,0,1,0,1,1,0,0,1,0,,2,3,5,1,0,1,2200,0.408,400,14.69,adv_email,Email
SITE-01220,PROTO-A_ONCO,Japan,Asia,Oncology,III,NSCLC,Pharma,8,18,12,15,1,1,1,PI-020,22,5,5,1,0,221,1.6,2023-09-23,2023-10-21,2025-02-26,2025-03-12,28,494,-14,4,2023,PMDA,2023-04-09,2023-06-10,62,1,CEC,2023-04-27,2023-08-08,103,177,3,0,1,1,0,1,0,0,0,0,0,,1,2,3,1,0,1,950,0.659,184,11.17,adv_email,Email
SITE-01221,PROTO-C_NEURO,USA,North America,Neurology,II,Alzheimer's,Academic,7,14,10,12,1,0,0,PI-013,19,3,5,1,5,49,3.7,2023-03-29,2023-05-04,2026-11-12,2026-12-22,36,1288,-40,2,2023,FDA,2022-08-31,2023-02-25,178,0,CEC,2022-10-07,2023-02-09,125,209,3,1,1,0,0,0,0,0,0,0,0,,0,2,2,0,1,0,350,0.492,46,1.07,adv_poster,Poster
SITE-01222,PROTO-B_CARDIO,USA,North America,Cardiology,II,Heart Failure,Biotech,5,9,8,10,0,1,1,PI-008,19,2,1,1,2,986,2.5,2021-03-24,2021-02-21,2023-07-26,2023-09-06,-31,885,-42,1,2021,FDA,2020-09-07,2020-12-11,95,0,IRB,2020-11-02,2021-01-24,83,111,0,0,1,0,0,0,0,0,0,1,1,Patient registry outreach,2,1,3,1,0,0,1150,0.482,400,13.56,adv_community_presentation,Community
SITE-01223,PROTO-C_NEURO,Poland,Europe,Neurology,II,Alzheimer's,Academic,7,14,10,12,1,0,0,PI-007,17,5,4,1,1,183,3.7,2021-01-07,2021-02-10,2024-07-27,2024-08-28,34,1263,-32,1,2021,EMA,2020-06-11,2020-08-09,59,1,CEC,2020-08-06,2020-12-16,132,188,1,1,0,1,0,1,0,0,0,0,0,,1,2,3,1,0,1,1000,0.435,400,9.5,adv_email,Email
SITE-01224,PROTO-C_NEURO,Germany,Europe,Neurology,II,Alzheimer's,Academic,7,14,10,12,1,0,0,PI-023,10,1,5,1,4,73,3.3,2023-09-24,2024-01-18,2027-02-15,2027-02-25,116,1124,-10,1,2024,EMA,2023-07-24,2023-10-08,76,1,LEC,2023-08-08,2023-09-01,24,163,1,1,1,0,1,0,0,1,0,1,0,,2,3,5,1,0,1,3450,0.551,37,0.99,adv_community_presentation,Community
SITE-01225,PROTO-A_ONCO,Japan,Asia,Oncology,III,NSCLC,Pharma,8,18,12,15,1,1,1,PI-006,17,3,2,1,5,39,3.3,2022-03-26,2022-04-23,2025-04-29,2025-06-03,28,1102,-35,2,2022,PMDA,2021-10-15,2021-12-19,65,1,CEC,2021-11-14,2022-01-17,64,160,2,0,1,0,1,0,1,0,1,1,0,,2,3,5,1,0,1,7550,0.589,31,0.84,adv_community_presentation,Community
SITE-01226,PROTO-B_CARDIO,Japan,Asia,Cardiology,II,Heart Failure,Biotech,5,9,8,10,0,1,1,PI-008,11,2,2,1,1,776,2.3,2023-01-20,2023-01-29,2025-02-10,2025-01-31,9,743,10,1,2023,PMDA,2022-06-27,2022-08-03,37,1,CEC,2022-08-15,2022-11-03,80,167,2,1,0,1,1,0,1,0,0,0,0,,2,2,4,1,0,1,2700,0.378,400,16.15,adv_email,Email
SITE-01227,PROTO-C_NEURO,Poland,Europe,Neurology,II,Alzheimer's,Academic,7,14,10,12,1,0,0,PI-010,16,2,2,1,5,35,2.3,2022-11-13,2023-05-26,2025-06-30,2025-07-23,194,766,-23,2,2023,EMA,2022-08-31,2023-02-14,167,1,LEC,2022-09-20,2022-10-15,25,248,1,1,1,0,0,0,0,1,0,0,0,,0,3,3,0,1,0,1850,0.615,13,0.51,adv_poster,Poster
SITE-01228,PROTO-A_ONCO,USA,North America,Oncology,III,NSCLC,Pharma,8,18,12,15,1,1,1,PI-005,14,3,1,1,5,41,1.6,2022-09-28,2022-09-03,2024-03-13,2024-03-03,-25,557,10,3,2022,FDA,2022-04-13,2022-06-08,56,0,CEC,2022-05-19,2022-07-16,58,107,2,1,0,0,1,1,1,0,0,0,0,,1,3,4,1,0,1,2500,0.514,17,0.92,adv_online,Online
SITE-01229,PROTO-C_NEURO,Australia,APAC,Neurology,II,Alzheimer's,Academic,7,14,10,12,1,0,0,PI-028,7,2,1,1,3,86,3.2,2022-08-01,2023-01-04,2025-11-30,2025-11-17,156,1061,13,1,2023,Other,2022-04-03,2022-08-20,139,1,LEC,2022-05-28,2022-07-08,41,221,2,0,0,0,1,0,0,0,0,1,0,,2,0,2,1,0,1,1600,0.562,60,1.7,adv_community_presentation,Community
SITE-01230,PROTO-B_CARDIO,Japan,Asia,Cardiology,II,Heart Failure,Biotech,5,9,8,10,0,1,1,PI-019,14,5,5,1,4,1157,2.7,2022-04-07,2022-05-07,2024-09-03,2024-07-24,30,850,41,2,2022,PMDA,2021-08-28,2021-11-18,82,1,CEC,2021-10-07,2022-01-26,111,212,2,1,1,0,0,0,1,0,0,0,0,,0,3,3,0,1,0,1150,0.415,400,14.12,adv_poster,Poster
SITE-01231,PROTO-A_ONCO,Poland,Europe,Oncology,III,NSCLC,Pharma,8,18,12,15,1,1,1,PI-020,24,3,3,1,4,90,3.5,2023-01-21,2023-05-30,2026-08-20,2026-08-07,129,1178,13,2,2023,EMA,2022-11-04,2023-02-26,114,1,LEC,2022-11-18,2023-01-07,50,193,1,1,1,0,1,0,1,0,0,0,0,,1,3,4,1,0,1,2350,0.606,88,2.24,adv_online,Online
SITE-01232,PROTO-A_ONCO,Poland,Europe,Oncology,III,NSCLC,Pharma,8,18,12,15,1,1,1,PI-008,5,4,4,0,5,95,3.4,2023-01-25,2023-04-12,2026-06-14,2026-06-04,77,1159,10,2,2023,EMA,2022-11-01,2022-12-21,50,1,LEC,2022-11-18,2022-12-13,25,145,1,1,1,1,0,0,0,0,0,0,1,Patient registry outreach,2,2,4,1,0,1,1450,0.536,54,1.4,adv_email,Email
SITE-01233,PROTO-C_NEURO,USA,North America,Neurology,II,Alzheimer's,Academic,7,14,10,12,1,0,0,PI-023,8,4,4,1,3,108,2.8,2023-05-11,2023-07-03,2026-03-26,2026-03-03,53,997,23,3,2023,FDA,2023-01-25,2023-06-10,136,0,IRB,2023-02-13,2023-04-04,50,140,1,1,0,1,0,0,0,1,0,0,0,,1,2,3,1,0,1,2200,0.523,118,3.55,adv_email,Email
SITE-01234,PROTO-C_NEURO,USA,North America,Neurology,II,Alzheimer's,Academic,7,14,10,12,1,0,0,PI-007,10,3,2,1,4,185,3.9,2021-03-12,2021-06-02,2025-03-30,2025-04-06,82,1397,-7,2,2021,FDA,2020-12-06,2021-04-25,140,0,CEC,2020-12-20,2021-02-09,51,164,3,1,0,1,0,1,0,0,0,0,0,,1,2,3,1,0,1,1000,0.519,136,2.92,adv_email,Email
SITE-01235,PROTO-B_CARDIO,USA,North America,Cardiology,II,Heart Failure,Biotech,5,9,8,10,0,1,1,PI-009,23,1,2,1,4,1174,3.2,2021-09-28,2021-10-22,2024-11-15,2024-11-03,24,1120,12,4,2021,FDA,2021-03-13,2021-07-16,125,0,IRB,2021-05-11,2021-08-11,92,164,3,1,1,1,1,0,0,0,0,0,0,,2,2,4,1,0,1,2050,0.341,400,10.71,adv_email,Email
SITE-01236,PROTO-A_ONCO,Canada,North America,Oncology,III,NSCLC,Pharma,8,18,12,15,1,1,1,PI-004,13,4,3,1,4,212,1.9,2023-07-12,2023-07-26,2025-05-19,2025-04-10,14,663,39,3,2023,Other,2023-02-06,2023-04-04,57,0,IRB,2023-03-31,2023-06-16,77,117,1,0,0,0,0,0,1,0,0,0,0,,0,1,1,0,1,0,800,0.567,122,5.52,adv_newspaper,Newspaper
SITE-01237,PROTO-B_CARDIO,USA,North America,Cardiology,II,Heart Failure,Biotech,5,9,8,10,0,1,1,PI-028,15,4,2,1,2,1072,3.2,2022-08-11,2022-08-30,2025-10-18,2025-11-14,19,1145,-27,3,2022,FDA,2022-03-26,2022-05-27,62,0,IRB,2022-05-09,2022-07-18,70,113,0,1,0,0,0,0,0,0,0,1,0,,1,1,2,1,0,0,600,0.43,400,10.48,adv_community_presentation,Community
SITE-01238,PROTO-C_NEURO,Japan,Asia,Neurology,II,Alzheimer's,Academic,7,14,10,12,1,0,0,PI-010,5,2,4,1,4,91,2.4,2023-01-10,2023-01-05,2025-03-27,2025-05-10,-5,812,-44,1,2023,PMDA,2022-08-04,2022-10-19,76,1,CEC,2022-09-19,2022-11-16,58,108,1,1,1,0,1,0,0,1,0,0,0,,1,3,4,1,0,1,3050,0.539,39,1.44,adv_online,Online
SITE-01239,PROTO-A_ONCO,Germany,Europe,Oncology,III,NSCLC,Pharma,8,18,12,15,1,1,1,PI-020,7,5,2,1,5,222,1.1,2021-11-11,2021-12-19,2022-09-23,2022-10-15,38,278,-22,4,2021,EMA,2021-04-22,2021-08-12,112,1,CEC,2021-05-25,2021-10-12,140,208,2,1,1,0,0,1,1,0,0,0,1,Patient registry outreach,1,4,5,1,0,0,2050,0.579,57,6.15,adv_other,Other
SITE-01240,PROTO-B_CARDIO,USA,North America,Cardiology,II,Heart Failure,Biotech,5,9,8,10,0,1,1,PI-024,18,4,2,1,2,1141,2.7,2023-03-22,2023-02-26,2025-09-25,2025-09-19,-24,942,6,1,2023,FDA,2022-09-24,2023-02-04,133,0,IRB,2022-11-21,2023-02-04,75,97,2,1,0,0,0,1,0,0,0,1,0,,1,2,3,1,0,0,900,0.35,400,12.74,adv_community_presentation,Community
SITE-01241,PROTO-C_NEURO,Germany,Europe,Neurology,II,Alzheimer's,Academic,7,14,10,12,1,0,0,PI-020,4,2,2,1,8,181,1.6,2022-02-15,2022-07-18,2023-11-24,2023-11-18,153,494,6,3,2022,EMA,2021-11-10,2022-03-25,135,1,LEC,2021-12-23,2022-01-25,33,207,0,1,0,0,0,0,0,0,0,0,0,,0,1,1,0,1,0,200,0.46,30,1.82,adv_poster,Poster
SITE-01242,PROTO-A_ONCO,USA,North America,Oncology,III,NSCLC,Pharma,8,18,12,15,1,1,1,PI-013,18,1,2,1,3,170,2.2,2023-03-17,2023-03-07,2025-04-21,2025-07-25,-10,776,-95,1,2023,FDA,2022-10-25,2023-02-03,101,0,IRB,2022-12-02,2023-02-03,63,95,2,1,1,0,0,0,1,0,0,0,0,,0,3,3,0,1,0,1150,0.609,94,3.63,adv_poster,Poster
SITE-01243,PROTO-B_CARDIO,Poland,Europe,Cardiology,II,Heart Failure,Biotech,5,9,8,10,0,1,1,PI-013,14,4,3,1,1,865,2.5,2023-04-07,2023-04-09,2025-08-01,2025-08-26,2,845,-25,2,2023,EMA,2022-09-28,2023-02-24,149,1,CEC,2022-11-24,2023-02-28,96,136,1,1,1,1,0,0,0,0,0,0,0,,1,2,3,1,0,1,850,0.416,400,14.2,adv_email,Email
SITE-01244,PROTO-A_ONCO,Spain,Europe,Oncology,III,NSCLC,Pharma,8,18,12,15,1,1,1,PI-005,8,2,5,1,4,301,2.8,2022-07-17,2022-10-19,2025-04-15,2025-05-21,94,909,-36,4,2022,EMA,2021-11-28,2022-01-15,48,1,CEC,2022-01-26,2022-06-20,145,266,1,1,1,1,0,1,0,0,0,0,0,,1,3,4,1,0,1,1150,0.466,176,5.81,adv_email,Email
SITE-01245,PROTO-B_CARDIO,USA,North America,Cardiology,II,Heart Failure,Biotech,5,9,8,10,0,1,1,PI-028,12,6,5,1,6,1211,3.4,2022-08-24,2022-08-28,2025-12-19,2026-01-17,4,1209,-29,3,2022,FDA,2022-04-20,2022-06-04,45,0,IRB,2022-06-04,2022-07-29,55,85,2,1,1,1,0,0,0,0,0,0,0,,1,2,3,1,0,1,850,0.367,400,9.93,adv_email,Email
SITE-01246,PROTO-C_NEURO,Poland,Europe,Neurology,II,Alzheimer's,Academic,7,14,10,12,1,0,0,PI-011,13,0,1,1,3,143,2.0,2021-08-10,2022-01-31,2023-10-08,2023-09-15,174,615,23,1,2022,EMA,2021-04-21,2021-09-11,143,1,LEC,2021-06-13,2021-07-09,26,232,3,1,0,1,1,0,1,0,1,0,1,Patient registry outreach,3,3,6,1,0,1,8300,0.568,87,4.24,adv_email,Email
SITE-01247,PROTO-B_CARDIO,Germany,Europe,Cardiology,II,Heart Failure,Biotech,5,9,8,10,0,1,1,PI-022,22,2,4,1,4,994,2.4,2023-01-10,2023-03-06,2025-03-29,2025-03-10,55,754,19,1,2023,EMA,2022-07-13,2022-11-30,140,1,CEC,2022-08-30,2022-11-11,73,188,4,0,1,1,0,1,0,0,0,1,0,,2,2,4,1,0,1,1350,0.372,400,15.92,adv_email,Email
SITE-01248,PROTO-A_ONCO,USA,North America,Oncology,III,NSCLC,Pharma,8,18,12,15,1,1,1,PI-024,7,1,4,1,6,240,1.8,2023-03-04,2023-02-14,2024-11-05,2024-11-15,-18,630,-10,1,2023,FDA,2022-09-04,2022-11-17,74,0,CEC,2022-10-18,2023-01-07,81,119,0,0,0,1,1,0,0,0,0,0,0,,2,0,2,1,0,1,1700,0.655,49,2.33,adv_email,Email
SITE-01249,PROTO-A_ONCO,USA,North America,Oncology,III,NSCLC,Pharma,8,18,12,15,1,1,1,PI-011,2,2,3,1,4,125,3.6,2021-01-27,2021-01-20,2024-08-03,2024-08-24,-7,1291,-21,1,2021,FDA,2020-09-22,2021-01-12,112,0,IRB,2020-10-08,2020-12-16,69,104,0,1,0,0,0,0,0,0,0,1,0,,1,1,2,1,0,0,600,0.564,71,1.65,adv_community_presentation,Community
SITE-01250,PROTO-A_ONCO,UK,Europe,Oncology,III,NSCLC,Pharma,8,18,12,15,1,1,1,PI-022,23,4,2,1,0,244,1.8,2021-09-12,2021-12-16,2023-06-17,2023-06-07,95,548,10,4,2021,MHRA,2021-05-24,2021-09-12,111,1,LEC,2021-06-14,2021-08-22,69,185,3,0,1,0,1,0,1,0,0,0,0,,1,2,3,1,0,1,2150,0.622,229,12.54,adv_online,Online
SITE-01251,PROTO-C_NEURO,Germany,Europe,Neurology,II,Alzheimer's,Academic,7,14,10,12,1,0,0,PI-004,15,5,2,1,5,83,1.4,2023-02-14,2023-04-12,2024-05-15,2024-04-13,57,399,32,2,2023,EMA,2022-06-19,2022-10-14,117,1,CEC,2022-08-09,2022-12-22,135,246,2,1,1,1,1,0,1,0,0,0,0,,2,3,5,1,0,1,2850,0.603,28,2.11,adv_email,Email
SITE-01252,PROTO-B_CARDIO,Japan,Asia,Cardiology,II,Heart Failure,Biotech,5,9,8,10,0,1,1,PI-010,7,3,4,1,5,923,3.1,2021-07-24,2021-09-12,2024-06-08,2024-05-29,50,1000,10,3,2021,PMDA,2020-12-02,2021-04-12,131,1,CEC,2020-12-23,2021-05-19,147,263,2,1,1,1,0,0,0,0,0,0,0,,1,2,3,1,0,1,850,0.337,400,12.0,adv_email,Email
SITE-01253,PROTO-B_CARDIO,Japan,Asia,Cardiology,II,Heart Failure,Biotech,5,9,8,10,0,1,1,PI-012,5,2,3,1,6,1056,3.4,2021-10-15,2021-11-11,2024-12-29,2024-12-22,27,1144,7,4,2021,PMDA,2021-04-05,2021-05-30,55,1,CEC,2021-05-25,2021-08-02,69,170,0,0,1,0,0,0,0,0,0,0,0,,0,1,1,0,1,0,150,0.4,400,10.49,adv_pamphlet,Pamphlet
SITE-01254,PROTO-C_NEURO,USA,North America,Neurology,II,Alzheimer's,Academic,7,14,10,12,1,0,0,PI-014,22,2,4,1,7,140,2.1,2021-07-24,2021-08-11,2023-08-18,2023-09-10,18,737,-23,3,2021,FDA,2021-02-22,2021-07-10,138,0,IRB,2021-03-13,2021-06-10,89,151,0,1,1,1,0,0,0,0,0,0,0,,1,2,3,1,0,1,850,0.566,49,1.99,adv_email,Email
SITE-01255,PROTO-B_CARDIO,USA,North America,Cardiology,II,Heart Failure,Biotech,5,9,8,10,0,1,1,PI-022,18,3,2,1,3,920,1.9,2023-04-09,2023-07-20,2025-05-24,2025-06-29,102,674,-36,3,2023,FDA,2022-12-06,2023-05-22,167,0,IRB,2022-12-29,2023-02-09,42,203,1,1,0,1,0,0,0,0,0,1,0,,2,1,3,1,0,1,1100,0.352,400,17.8,adv_email,Email
SITE-01256,PROTO-A_ONCO,Australia,APAC,Oncology,III,NSCLC,Pharma,8,18,12,15,1,1,1,PI-026,24,2,3,1,3,169,3.4,2021-10-06,2021-12-23,2025-01-18,2025-03-18,78,1122,-59,4,2021,Other,2021-05-07,2021-09-12,128,1,CEC,2021-06-09,2021-09-10,93,197,4,1,1,0,0,1,0,1,0,1,0,,1,4,5,1,0,0,2550,0.539,172,4.6,adv_community_presentation,Community
SITE-01257,PROTO-A_ONCO,Poland,Europe,Oncology,III,NSCLC,Pharma,8,18,12,15,1,1,1,PI-004,23,3,2,0,10,113,3.1,2021-09-14,2022-05-14,2025-03-05,2025-02-22,242,1026,11,2,2022,EMA,2021-07-12,2021-12-20,161,1,LEC,2021-07-26,2021-08-18,23,292,3,1,1,1,1,0,1,0,0,0,0,,2,3,5,1,0,1,2850,0.578,31,0.91,adv_email,Email
SITE-01258,PROTO-C_NEURO,UK,Europe,Neurology,II,Alzheimer's,Academic,7,14,10,12,1,0,0,PI-014,19,5,4,1,2,97,3.6,2022-02-16,2022-05-14,2025-09-08,2025-09-16,87,1213,-8,2,2022,MHRA,2021-10-03,2021-11-03,31,1,LEC,2021-11-24,2022-01-18,55,171,5,1,1,0,0,1,0,0,0,0,0,,0,3,3,0,1,0,650,0.59,123,3.04,adv_newsletter,Newsletter
SITE-01259,PROTO-C_NEURO,Canada,North America,Neurology,II,Alzheimer's,Academic,7,14,10,12,1,0,0,PI-019,17,1,3,1,6,39,1.9,2023-08-25,2023-10-25,2025-08-16,2025-08-02,61,661,14,4,2023,Other,2023-03-31,2023-08-29,151,0,IRB,2023-04-21,2023-07-06,76,187,1,1,1,1,0,1,1,1,0,1,0,,2,5,7,1,0,1,3850,0.624,16,0.73,adv_community_presentation,Community
SITE-01260,PROTO-C_NEURO,India,Asia,Neurology,II,Alzheimer's,Academic,7,14,10,12,1,0,0,PI-006,14,1,3,1,3,126,1.2,2022-09-17,2022-12-12,2023-12-31,2023-12-04,86,384,27,4,2022,Other,2022-06-15,2022-10-08,115,1,LEC,2022-07-18,2022-08-12,25,147,1,1,0,1,0,1,0,0,0,1,0,,2,2,4,1,0,1,1400,0.602,50,3.91,adv_community_presentation,Community
SITE-01261,PROTO-B_CARDIO,Spain,Europe,Cardiology,II,Heart Failure,Biotech,5,9,8,10,0,1,1,PI-025,5,5,5,1,5,1022,1.7,2021-10-04,2022-02-16,2023-07-18,2023-06-17,135,517,31,1,2022,EMA,2021-05-25,2021-09-22,120,1,LEC,2021-07-20,2021-09-05,47,211,5,1,1,0,1,1,0,0,0,1,0,,2,3,5,1,0,1,2250,0.43,400,23.21,adv_online,Online
SITE-01262,PROTO-C_NEURO,Japan,Asia,Neurology,II,Alzheimer's,Academic,7,14,10,12,1,0,0,PI-025,18,4,5,1,5,118,1.2,2022-01-21,2022-03-14,2023-01-22,2023-01-22,52,314,0,1,2022,PMDA,2021-07-24,2021-10-11,79,1,CEC,2021-08-03,2021-10-24,82,223,7,0,1,1,0,1,0,0,0,1,0,,2,2,4,1,0,1,1350,0.544,60,5.73,adv_community_presentation,Community
SITE-01263,PROTO-B_CARDIO,Brazil,LATAM,Cardiology,II,Heart Failure,Biotech,5,9,8,10,0,1,1,PI-022,24,5,5,1,6,1020,2.6,2021-12-07,2022-04-28,2024-08-27,2024-08-22,142,852,5,2,2022,Other,2021-08-13,2022-01-18,158,1,LEC,2021-09-20,2021-10-29,39,220,3,1,1,1,1,0,0,0,0,0,0,,2,2,4,1,0,1,2050,0.422,400,14.08,adv_email,Email
SITE-01264,PROTO-B_CARDIO,Japan,Asia,Cardiology,II,Heart Failure,Biotech,5,9,8,10,0,1,1,PI-004,21,4,1,1,2,1045,2.3,2023-05-16,2023-06-09,2025-05-28,2025-04-04,24,719,54,2,2023,PMDA,2022-08-21,2022-10-19,59,1,CEC,2022-09-26,2023-02-16,143,256,2,0,1,1,1,0,0,0,0,0,0,,2,1,3,1,0,1,1850,0.457,400,16.69,adv_email,Email
SITE-01265,PROTO-B_CARDIO,UK,Europe,Cardiology,II,Heart Failure,Biotech,5,9,8,10,0,1,1,PI-005,16,5,1,1,4,871,2.8,2022-09-19,2022-12-01,2025-07-07,2025-06-09,73,949,28,4,2022,MHRA,2022-05-25,2022-08-31,98,1,LEC,2022-07-13,2022-08-08,26,141,1,1,1,1,0,0,0,0,0,0,1,Patient registry outreach,2,2,4,1,0,1,1450,0.41,400,12.64,adv_email,Email
SITE-01266,PROTO-B_CARDIO,Japan,Asia,Cardiology,II,Heart Failure,Biotech,5,9,8,10,0,1,1,PI-015,14,5,3,1,5,1018,2.4,2023-08-16,2023-09-29,2025-11-16,2025-12-12,44,779,-26,3,2023,PMDA,2023-02-17,2023-03-24,35,1,CEC,2023-04-01,2023-06-20,80,181,1,1,0,1,0,0,0,0,0,0,1,Patient registry outreach,2,1,3,1,0,1,1300,0.327,400,15.4,adv_email,Email
SITE-01267,PROTO-C_NEURO,Spain,Europe,Neurology,II,Alzheimer's,Academic,7,14,10,12,1,0,0,PI-015,18,3,1,1,4,25,1.2,2022-12-29,2023-05-05,2024-04-06,2024-03-25,127,337,12,2,2023,EMA,2022-09-08,2023-02-12,157,1,LEC,2022-09-23,2022-11-30,68,224,0,0,0,1,0,0,1,0,0,0,1,Patient registry outreach,2,1,3,1,0,1,1900,0.579,13,1.16,adv_email,Email
SITE-01268,PROTO-C_NEURO,India,Asia,Neurology,II,Alzheimer's,Academic,7,14,10,12,1,0,0,PI-006,20,5,5,1,6,166,2.2,2021-12-16,2022-04-21,2024-03-04,2024-02-27,126,683,6,2,2022,Other,2021-07-24,2021-12-16,145,1,CEC,2021-08-12,2021-10-24,73,252,2,0,1,0,0,0,0,0,0,0,0,,0,1,1,0,1,0,150,0.599,77,3.38,adv_pamphlet,Pamphlet
SITE-01269,PROTO-B_CARDIO,USA,North America,Cardiology,II,Heart Failure,Biotech,5,9,8,10,0,1,1,PI-024,11,3,5,1,4,701,2.0,2023-04-13,2023-05-20,2025-04-11,2025-04-28,37,692,-17,2,2023,FDA,2022-10-31,2023-04-15,166,0,IRB,2022-12-08,2023-02-15,69,163,3,0,1,1,0,1,0,0,0,1,0,,2,2,4,1,0,1,1350,0.425,400,17.34,adv_email,Email
SITE-01270,PROTO-C_NEURO,India,Asia,Neurology,II,Alzheimer's,Academic,7,14,10,12,1,0,0,PI-022,15,3,5,1,4,104,2.8,2021-06-18,2021-11-30,2024-06-27,2024-06-14,165,940,13,4,2021,Other,2021-04-19,2021-08-17,120,1,LEC,2021-05-10,2021-05-30,20,204,2,1,0,1,0,0,1,0,0,1,0,,2,2,4,1,0,1,1900,0.515,96,3.06,adv_community_presentation,Community
SITE-01271,PROTO-B_CARDIO,Germany,Europe,Cardiology,II,Heart Failure,Biotech,5,9,8,10,0,1,1,PI-014,2,5,2,1,2,1145,3.4,2022-02-02,2022-03-10,2025-05-21,2025-05-20,36,1168,1,1,2022,EMA,2021-09-19,2021-12-11,83,1,CEC,2021-10-10,2021-12-12,63,151,2,1,0,0,0,0,0,0,0,0,0,,0,1,1,0,1,0,200,0.364,400,10.27,adv_poster,Poster
SITE-01272,PROTO-A_ONCO,Spain,Europe,Oncology,III,NSCLC,Pharma,8,18,12,15,1,1,1,PI-003,6,2,1,1,5,156,3.0,2023-01-03,2023-03-29,2026-02-02,2026-01-02,85,1041,31,1,2023,EMA,2022-09-07,2023-01-16,131,1,LEC,2022-10-23,2022-12-11,49,157,0,0,0,0,0,0,1,0,0,0,0,,0,1,1,0,1,0,800,0.631,53,1.53,adv_newspaper,Newspaper
SITE-01273,PROTO-C_NEURO,USA,North America,Neurology,II,Alzheimer's,Academic,7,14,10,12,1,0,0,PI-027,20,7,1,0,2,20,2.4,2022-04-05,2022-04-12,2024-07-21,2024-07-23,7,831,-2,2,2022,FDA,2021-09-29,2021-11-28,60,0,CEC,2021-10-28,2022-03-13,136,166,0,1,0,0,0,0,0,0,0,0,0,,0,1,1,0,1,0,200,0.635,12,0.43,adv_poster,Poster
SITE-01274,PROTO-C_NEURO,USA,North America,Neurology,II,Alzheimer's,Academic,7,14,10,12,1,0,0,PI-021,3,4,5,1,2,28,3.0,2021-05-14,2021-07-07,2024-05-16,2024-05-20,54,1044,-4,3,2021,FDA,2020-12-15,2021-02-04,51,0,IRB,2021-01-29,2021-04-10,71,159,4,1,1,1,1,1,0,0,0,0,1,Patient registry outreach,3,3,6,1,0,1,2950,0.621,22,0.63,adv_email,Email
SITE-01275,PROTO-A_ONCO,USA,North America,Oncology,III,NSCLC,Pharma,8,18,12,15,1,1,1,PI-013,19,4,2,1,3,177,2.2,2021-07-06,2021-07-15,2023-09-01,2023-09-12,9,778,-11,3,2021,FDA,2021-02-28,2021-04-24,55,0,IRB,2021-04-11,2021-06-05,55,95,1,0,0,0,0,1,0,1,0,1,1,Patient registry outreach,2,2,4,1,0,0,2800,0.589,170,6.56,adv_community_presentation,Community
SITE-01276,PROTO-A_ONCO,Spain,Europe,Oncology,III,NSCLC,Pharma,8,18,12,15,1,1,1,PI-002,17,4,1,1,3,113,3.5,2021-10-16,2022-01-09,2025-03-31,2025-04-08,85,1177,-8,1,2022,EMA,2021-06-22,2021-08-11,50,1,LEC,2021-07-18,2021-09-11,55,175,2,1,1,1,0,0,0,0,0,0,0,,1,2,3,1,0,1,850,0.538,122,3.11,adv_email,Email
SITE-01277,PROTO-B_CARDIO,India,Asia,Cardiology,II,Heart Failure,Biotech,5,9,8,10,0,1,1,PI-025,3,3,1,1,2,986,1.3,2021-11-04,2022-01-06,2023-02-19,2023-04-06,63,409,-46,1,2022,Other,2021-07-17,2021-09-21,66,1,CEC,2021-08-13,2021-10-02,50,146,2,1,0,1,0,0,1,0,0,1,0,,2,2,4,1,0,1,1900,0.343,400,29.34,adv_email,Email
SITE-01278,PROTO-A_ONCO,UK,Europe,Oncology,III,NSCLC,Pharma,8,18,12,15,1,1,1,PI-023,17,4,1,1,8,129,2.7,2022-07-11,2022-09-21,2025-02-15,2025-01-29,72,878,17,3,2022,MHRA,2022-03-17,2022-05-25,69,1,LEC,2022-04-20,2022-05-30,40,154,2,1,1,1,0,0,0,0,0,0,0,,1,2,3,1,0,1,850,0.565,53,1.81,adv_email,Email
SITE-01279,PROTO-B_CARDIO,USA,North America,Cardiology,II,Heart Failure,Biotech,5,9,8,10,0,1,1,PI-002,7,5,4,0,8,921,3.5,2022-03-11,2022-05-20,2025-10-01,2025-08-10,70,1230,52,2,2022,FDA,2021-09-19,2022-03-13,175,0,CEC,2021-10-18,2022-01-09,83,214,4,1,1,1,0,0,1,0,0,0,0,,1,3,4,1,0,1,1650,0.423,400,9.76,adv_email,Email
SITE-01280,PROTO-A_ONCO,Germany,Europe,Oncology,III,NSCLC,Pharma,8,18,12,15,1,1,1,PI-016,4,4,4,1,3,166,3.9,2022-12-02,2023-03-27,2026-11-17,2026-12-15,115,1331,-28,1,2023,EMA,2022-07-27,2022-11-24,120,1,LEC,2022-09-18,2022-11-05,48,190,1,1,0,1,1,1,1,0,1,0,1,Patient registry outreach,3,4,7,1,0,1,8600,0.624,133,3.0,adv_email,Email
SITE-01281,PROTO-A_ONCO,USA,North America,Oncology,III,NSCLC,Pharma,8,18,12,15,1,1,1,PI-023,13,1,4,0,4,238,3.0,2022-01-20,2022-01-25,2024-12-12,2024-12-12,5,1052,0,1,2022,FDA,2021-08-24,2021-11-16,84,0,CEC,2021-09-19,2021-11-15,57,128,3,1,1,0,0,0,0,1,0,0,0,,0,3,3,0,1,0,1850,0.604,129,3.68,adv_poster,Poster
SITE-01282,PROTO-C_NEURO,Japan,Asia,Neurology,II,Alzheimer's,Academic,7,14,10,12,1,0,0,PI-019,5,0,2,1,1,71,2.0,2021-07-15,2021-09-14,2023-05-24,2023-05-03,61,617,21,3,2021,PMDA,2021-01-24,2021-03-13,48,1,CEC,2021-02-09,2021-06-03,114,217,0,1,1,1,1,0,0,0,0,0,0,,2,2,4,1,0,1,2050,0.551,64,3.11,adv_email,Email
SITE-01283,PROTO-C_NEURO,UK,Europe,Neurology,II,Alzheimer's,Academic,7,14,10,12,1,0,0,PI-016,4,3,4,1,4,56,2.2,2022-12-13,2023-04-23,2025-04-20,2025-04-26,131,728,-6,2,2023,MHRA,2022-09-10,2023-02-19,162,1,LEC,2022-10-13,2022-11-07,25,192,2,0,0,0,0,0,0,0,0,1,0,,1,0,1,1,0,0,400,0.555,24,0.99,adv_community_presentation,Community
SITE-01284,PROTO-A_ONCO,USA,North America,Oncology,III,NSCLC,Pharma,8,18,12,15,1,1,1,PI-009,5,7,1,1,6,102,3.0,2022-04-25,2022-02-17,2025-01-08,2024-12-27,-67,1056,12,1,2022,FDA,2021-10-11,2022-01-25,106,0,CEC,2021-10-24,2022-01-28,96,116,1,1,0,1,0,0,0,0,0,0,0,,1,1,2,1,0,1,700,0.602,41,1.16,adv_email,Email
SITE-01285,PROTO-B_CARDIO,UK,Europe,Cardiology,II,Heart Failure,Biotech,5,9,8,10,0,1,1,PI-007,13,2,3,1,1,980,1.1,2023-03-27,2023-06-04,2024-02-15,2024-02-22,69,256,-7,2,2023,MHRA,2022-08-18,2022-10-19,62,1,CEC,2022-10-01,2023-02-16,138,246,4,1,0,0,1,0,1,0,0,0,0,,1,2,3,1,0,1,2200,0.433,400,46.88,adv_online,Online
SITE-01286,PROTO-B_CARDIO,Japan,Asia,Cardiology,II,Heart Failure,Biotech,5,9,8,10,0,1,1,PI-029,23,1,3,1,6,1017,3.0,2021-08-27,2021-10-24,2024-07-26,2024-08-09,58,1006,-14,4,2021,PMDA,2021-03-16,2021-06-22,98,1,CEC,2021-05-14,2021-07-02,49,163,1,1,1,1,1,0,0,0,0,0,0,,2,2,4,1,0,1,2050,0.291,400,11.93,adv_email,Email
SITE-01287,PROTO-A_ONCO,Germany,Europe,Oncology,III,NSCLC,Pharma,8,18,12,15,1,1,1,PI-029,8,5,4,1,5,231,3.5,2021-06-19,2021-08-28,2024-11-16,2024-11-24,70,1176,-8,3,2021,EMA,2021-02-22,2021-04-11,48,1,LEC,2021-04-07,2021-05-12,35,143,1,0,0,0,0,0,0,0,0,1,0,,1,0,1,1,0,0,400,0.659,81,2.07,adv_community_presentation,Community
SITE-01288,PROTO-B_CARDIO,USA,North America,Cardiology,II,Heart Failure,Biotech,5,9,8,10,0,1,1,PI-005,2,2,4,1,2,1079,3.7,2023-03-22,2023-04-21,2026-12-08,2026-11-09,30,1327,29,2,2023,FDA,2022-11-28,2023-03-14,106,0,IRB,2023-01-17,2023-03-03,45,94,2,1,1,0,1,0,0,0,0,0,0,,1,2,3,1,0,1,1550,0.365,400,9.04,adv_online,Online
SITE-01289,PROTO-C_NEURO,Canada,North America,Neurology,II,Alzheimer's,Academic,7,14,10,12,1,0,0,PI-017,18,1,2,1,6,20,1.3,2022-11-04,2022-11-05,2024-02-02,2024-02-11,1,454,-9,4,2022,Other,2022-07-06,2022-09-27,83,0,IRB,2022-08-19,2022-10-02,44,78,1,1,1,1,1,0,0,0,1,0,0,,2,3,5,1,0,1,7050,0.567,7,0.46,adv_email,Email
SITE-01290,PROTO-C_NEURO,Canada,North America,Neurology,II,Alzheimer's,Academic,7,14,10,12,1,0,0,PI-017,2,2,3,1,3,67,1.6,2022-11-03,2022-10-15,2024-03-30,2024-02-03,-19,532,56,4,2022,Other,2022-02-05,2022-05-27,111,0,CEC,2022-03-25,2022-08-18,146,204,1,1,1,1,0,0,0,0,0,0,0,,1,2,3,1,0,1,850,0.52,33,1.86,adv_email,Email
SITE-01291,PROTO-B_CARDIO,UK,Europe,Cardiology,II,Heart Failure,Biotech,5,9,8,10,0,1,1,PI-018,17,3,5,1,3,1047,3.0,2022-11-28,2023-01-22,2025-11-25,2025-09-26,55,1038,60,1,2023,MHRA,2022-09-29,2022-12-07,69,1,LEC,2022-10-11,2022-11-02,22,103,1,1,0,0,0,0,0,0,0,1,0,,1,1,2,1,0,0,600,0.407,400,11.56,adv_community_presentation,Community
SITE-01292,PROTO-B_CARDIO,USA,North America,Cardiology,II,Heart Failure,Biotech,5,9,8,10,0,1,1,PI-015,8,1,2,1,6,910,3.7,2021-07-26,2021-06-27,2025-01-18,2025-03-14,-29,1301,-55,2,2021,FDA,2021-02-05,2021-03-10,33,0,IRB,2021-03-07,2021-06-10,95,112,3,1,1,1,0,0,0,0,0,0,0,,1,2,3,1,0,1,850,0.292,400,9.22,adv_email,Email
SITE-01293,PROTO-A_ONCO,Australia,APAC,Oncology,III,NSCLC,Pharma,8,18,12,15,1,1,1,PI-017,19,1,4,1,5,127,2.9,2023-02-09,2023-03-12,2025-10-05,2025-11-03,31,938,-29,1,2023,Other,2022-07-12,2022-08-21,40,1,CEC,2022-08-05,2022-11-12,99,219,0,1,1,0,0,0,0,0,0,1,0,,1,2,3,1,0,0,750,0.592,58,1.86,adv_community_presentation,Community
SITE-01294,PROTO-A_ONCO,Spain,Europe,Oncology,III,NSCLC,Pharma,8,18,12,15,1,1,1,PI-005,13,2,4,1,5,133,3.1,2023-05-08,2023-09-23,2026-08-02,2026-09-30,138,1044,-59,3,2023,EMA,2022-12-19,2023-05-30,162,1,LEC,2023-02-09,2023-04-11,61,226,3,1,1,0,0,0,0,1,0,0,0,,0,3,3,0,1,0,1850,0.615,48,1.38,adv_poster,Poster
SITE-01295,PROTO-C_NEURO,Japan,Asia,Neurology,II,Alzheimer's,Academic,7,14,10,12,1,0,0,PI-011,22,4,1,0,7,106,2.9,2021-07-31,2021-11-05,2024-07-14,2024-07-16,97,982,-2,4,2021,PMDA,2021-02-27,2021-08-06,160,1,CEC,2021-04-18,2021-07-06,79,201,0,1,0,1,0,0,0,0,0,1,1,Patient registry outreach,3,1,4,1,0,1,1700,0.558,51,1.56,adv_community_presentation,Community
SITE-01296,PROTO-A_ONCO,Germany,Europe,Oncology,III,NSCLC,Pharma,8,18,12,15,1,1,1,PI-025,18,6,1,1,3,71,2.5,2021-02-17,2021-06-30,2023-10-18,2023-11-10,133,840,-23,2,2021,EMA,2020-10-12,2021-04-05,175,1,CEC,2020-12-02,2021-01-18,47,210,2,0,1,0,0,1,0,0,0,1,0,,1,2,3,1,0,0,850,0.596,59,2.11,adv_community_presentation,Community
SITE-01297,PROTO-A_ONCO,Japan,Asia,Oncology,III,NSCLC,Pharma,8,18,12,15,1,1,1,PI-017,9,3,4,1,2,102,2.1,2023-01-29,2023-04-02,2025-03-04,2025-04-15,63,702,-42,2,2023,PMDA,2022-09-21,2022-11-09,49,1,LEC,2022-11-15,2023-01-07,53,138,0,1,0,0,0,0,0,0,0,0,0,,0,1,1,0,1,0,200,0.538,65,2.78,adv_poster,Poster
SITE-01298,PROTO-B_CARDIO,USA,North America,Cardiology,II,Heart Failure,Biotech,5,9,8,10,0,1,1,PI-013,21,2,2,1,4,874,3.5,2022-10-21,2022-11-28,2026-05-09,2026-06-12,38,1258,-34,4,2022,FDA,2022-06-10,2022-09-30,112,0,IRB,2022-08-03,2022-09-03,31,117,1,0,0,1,0,0,0,0,0,1,0,,2,0,2,1,0,1,900,0.421,400,9.54,adv_email,Email
SITE-01299,PROTO-C_NEURO,India,Asia,Neurology,II,Alzheimer's,Academic,7,14,10,12,1,0,0,PI-002,11,0,2,1,3,152,2.2,2021-07-26,2021-09-02,2023-08-12,2023-07-22,38,709,21,3,2021,Other,2020-12-05,2021-04-24,140,1,CEC,2021-01-17,2021-05-29,132,228,1,1,0,0,1,1,0,0,0,0,0,,1,2,3,1,0,1,1700,0.445,82,3.47,adv_online,Online
SITE-01300,PROTO-C_NEURO,Germany,Europe,Neurology,II,Alzheimer's,Academic,7,14,10,12,1,0,0,PI-020,5,3,3,1,0,137,1.8,2021-02-13,2021-04-25,2022-10-17,2022-10-22,71,540,-5,2,2021,EMA,2020-08-28,2020-10-05,38,1,CEC,2020-10-11,2020-12-22,72,196,7,1,1,1,0,0,0,0,1,1,0,,2,3,5,1,0,1,6250,0.555,101,5.61,adv_community_presentation,Community
SITE-01301,PROTO-C_NEURO,Australia,APAC,Neurology,II,Alzheimer's,Academic,7,14,10,12,1,0,0,PI-001,11,6,2,1,2,140,3.9,2023-03-29,2023-07-01,2027-02-13,2027-01-16,94,1323,28,3,2023,Other,2022-12-05,2023-02-12,69,1,LEC,2023-01-17,2023-02-26,40,165,1,0,0,1,0,1,0,0,0,0,0,,1,1,2,1,0,1,800,0.529,207,4.69,adv_email,Email
SITE-01302,PROTO-B_CARDIO,Spain,Europe,Cardiology,II,Heart Failure,Biotech,5,9,8,10,0,1,1,PI-008,20,7,2,1,3,1003,3.0,2022-11-15,2023-01-06,2025-10-14,2025-10-08,52,1012,6,1,2023,EMA,2022-08-01,2022-10-21,81,1,LEC,2022-08-13,2022-10-15,63,146,2,0,0,1,0,0,0,0,0,0,0,,1,0,1,1,0,1,500,0.435,400,11.86,adv_email,Email
SITE-01303,PROTO-B_CARDIO,USA,North America,Cardiology,II,Heart Failure,Biotech,5,9,8,10,0,1,1,PI-029,10,4,4,0,1,1053,1.9,2022-06-06,2022-06-17,2024-04-19,2024-05-27,11,672,-38,2,2022,FDA,2022-04-02,2022-05-09,37,0,IRB,2022-04-13,2022-05-18,35,65,2,1,0,1,0,0,0,0,0,1,0,,2,1,3,1,0,1,1100,0.311,400,17.86,adv_email,Email
SITE-01304,PROTO-C_NEURO,UK,Europe,Neurology,II,Alzheimer's,Academic,7,14,10,12,1,0,0,PI-017,9,5,5,1,6,58,3.2,2023-09-15,2024-04-21,2027-03-08,2027-04-21,219,1051,-44,2,2024,MHRA,2023-07-12,2023-12-14,155,1,LEC,2023-07-23,2023-08-27,35,273,3,0,1,0,1,1,0,1,0,1,0,,2,3,5,1,0,1,3550,0.571,27,0.77,adv_community_presentation,Community
SITE-01305,PROTO-C_NEURO,USA,North America,Neurology,II,Alzheimer's,Academic,7,14,10,12,1,0,0,PI-017,13,3,1,1,2,48,3.6,2022-06-28,2022-05-29,2025-12-11,2026-01-03,-30,1292,-23,2,2022,FDA,2022-03-03,2022-05-12,70,0,IRB,2022-03-14,2022-05-03,50,76,2,1,0,1,0,0,0,0,0,0,0,,1,1,2,1,0,1,700,0.537,60,1.39,adv_email,Email
SITE-01306,PROTO-A_ONCO,Germany,Europe,Oncology,III,NSCLC,Pharma,8,18,12,15,1,1,1,PI-005,20,2,4,1,4,165,1.1,2023-01-25,2023-04-25,2024-01-29,2024-03-05,90,279,-36,2,2023,EMA,2022-08-27,2022-09-27,31,1,CEC,2022-10-01,2022-12-28,88,206,4,1,1,1,0,0,0,0,0,0,0,,1,2,3,1,0,1,850,0.515,58,6.24,adv_email,Email
SITE-01307,PROTO-C_NEURO,Spain,Europe,Neurology,II,Alzheimer's,Academic,7,14,10,12,1,0,0,PI-009,4,3,3,1,3,35,4.0,2023-09-12,2023-12-27,2027-10-10,2027-10-05,106,1383,5,4,2023,EMA,2023-05-20,2023-10-11,144,1,LEC,2023-06-28,2023-08-26,59,182,4,0,1,0,0,0,0,0,0,0,0,,0,1,1,0,1,0,150,0.577,26,0.56,adv_pamphlet,Pamphlet
SITE-01308,PROTO-C_NEURO,Brazil,LATAM,Neurology,II,Alzheimer's,Academic,7,14,10,12,1,0,0,PI-007,3,3,3,1,2,114,1.6,2021-04-18,2021-09-18,2023-01-24,2022-12-20,153,493,35,3,2021,Other,2021-02-01,2021-05-27,115,1,LEC,2021-02-28,2021-03-25,25,202,1,1,0,0,0,1,0,0,0,0,0,,0,2,2,0,1,0,500,0.547,45,2.74,adv_newsletter,Newsletter
SITE-01309,PROTO-C_NEURO,Poland,Europe,Neurology,II,Alzheimer's,Academic,7,14,10,12,1,0,0,PI-025,6,2,2,1,2,89,1.5,2022-07-01,2022-11-02,2024-02-10,2024-03-06,124,465,-25,4,2022,EMA,2022-03-11,2022-09-06,179,1,LEC,2022-03-27,2022-05-29,63,220,3,1,1,0,0,1,0,0,0,0,0,,0,3,3,0,1,0,650,0.546,37,2.39,adv_newsletter,Newsletter
SITE-01310,PROTO-C_NEURO,Germany,Europe,Neurology,II,Alzheimer's,Academic,7,14,10,12,1,0,0,PI-002,24,0,4,1,2,137,2.6,2021-08-21,2021-10-04,2023-12-31,2023-12-14,44,818,17,4,2021,EMA,2020-12-22,2021-03-03,71,1,CEC,2021-01-26,2021-06-24,149,251,0,1,1,0,1,1,0,0,0,1,0,,2,3,5,1,0,1,2250,0.509,167,6.12,adv_community_presentation,Community
SITE-01311,PROTO-B_CARDIO,Poland,Europe,Cardiology,II,Heart Failure,Biotech,5,9,8,10,0,1,1,PI-014,8,5,2,0,3,1135,2.8,2022-04-03,2022-08-06,2025-02-19,2025-02-25,125,928,-6,3,2022,EMA,2021-12-31,2022-04-14,104,1,LEC,2022-01-10,2022-03-08,57,208,3,1,0,1,0,0,0,0,0,0,1,Patient registry outreach,2,1,3,1,0,1,1300,0.42,400,12.93,adv_email,Email
SITE-01312,PROTO-A_ONCO,Germany,Europe,Oncology,III,NSCLC,Pharma,8,18,12,15,1,1,1,PI-023,24,2,4,1,2,140,2.8,2022-04-11,2022-04-08,2024-10-29,2024-10-24,-3,935,5,2,2022,EMA,2021-08-28,2021-10-30,63,1,CEC,2021-09-20,2022-02-08,141,200,1,1,0,1,1,0,0,0,0,0,0,,2,1,3,1,0,1,1900,0.705,97,3.11,adv_email,Email
SITE-01313,PROTO-C_NEURO,Germany,Europe,Neurology,II,Alzheimer's,Academic,7,14,10,12,1,0,0,PI-018,3,2,2,1,6,42,2.1,2022-05-18,2022-06-21,2024-03-29,2024-04-04,34,647,-6,2,2022,EMA,2021-10-09,2021-12-03,55,1,CEC,2021-11-04,2022-02-19,107,229,0,0,0,1,0,0,0,0,0,0,0,,1,0,1,1,0,1,500,0.49,10,0.46,adv_email,Email
SITE-01314,PROTO-B_CARDIO,Germany,Europe,Cardiology,II,Heart Failure,Biotech,5,9,8,10,0,1,1,PI-025,21,1,5,1,6,885,2.7,2021-08-13,2021-09-08,2024-02-04,2024-01-20,26,879,15,3,2021,EMA,2020-12-13,2021-04-13,121,1,CEC,2021-01-19,2021-06-12,144,232,2,1,1,0,1,1,1,0,0,1,0,,2,4,6,1,0,1,3050,0.421,400,13.65,adv_online,Online
SITE-01315,PROTO-A_ONCO,Brazil,LATAM,Oncology,III,NSCLC,Pharma,8,18,12,15,1,1,1,PI-015,18,4,2,1,3,63,2.2,2023-07-17,2024-01-15,2025-11-22,2025-11-03,182,677,19,1,2024,Other,2023-04-03,2023-09-03,153,1,LEC,2023-04-29,2023-06-25,57,261,2,1,1,0,0,0,1,0,0,1,0,,1,3,4,1,0,0,1550,0.545,44,1.95,adv_community_presentation,Community
SITE-01316,PROTO-A_ONCO,USA,North America,Oncology,III,NSCLC,Pharma,8,18,12,15,1,1,1,PI-019,23,2,4,1,1,154,2.5,2023-03-26,2023-04-17,2025-09-19,2025-09-14,22,886,5,2,2023,FDA,2022-11-09,2023-03-14,125,0,IRB,2022-12-23,2023-02-22,61,115,1,0,0,0,0,0,0,1,0,1,1,Patient registry outreach,2,1,3,1,0,0,2500,0.508,285,9.65,adv_community_presentation,Community
SITE-01317,PROTO-A_ONCO,USA,North America,Oncology,III,NSCLC,Pharma,8,18,12,15,1,1,1,PI-024,22,2,3,1,1,190,2.2,2021-09-25,2021-08-21,2023-09-28,2023-11-25,-35,768,-58,3,2021,FDA,2021-03-17,2021-06-08,83,0,IRB,2021-05-01,2021-07-29,89,112,1,1,0,1,1,0,0,0,0,0,0,,2,1,3,1,0,1,1900,0.562,156,6.09,adv_email,Email
SITE-01318,PROTO-C_NEURO,USA,North America,Neurology,II,Alzheimer's,Academic,7,14,10,12,1,0,0,PI-009,7,5,5,1,6,21,1.7,2022-08-25,2022-10-25,2024-03-28,2024-06-28,61,520,-92,4,2022,FDA,2022-01-30,2022-07-14,165,0,CEC,2022-03-04,2022-07-21,139,235,6,0,1,0,1,0,0,1,0,0,0,,1,2,3,1,0,1,2850,0.554,5,0.29,adv_online,Online
SITE-01319,PROTO-A_ONCO,USA,North America,Oncology,III,NSCLC,Pharma,8,18,12,15,1,1,1,PI-016,12,2,1,1,4,44,3.0,2022-04-20,2022-05-11,2025-03-29,2025-04-05,21,1053,-7,2,2022,FDA,2022-01-08,2022-03-22,73,0,IRB,2022-01-27,2022-03-12,44,104,4,1,1,0,1,0,0,0,0,0,0,,1,2,3,1,0,1,1550,0.581,22,0.63,adv_online,Online
SITE-01320,PROTO-A_ONCO,Canada,North America,Oncology,III,NSCLC,Pharma,8,18,12,15,1,1,1,PI-021,8,5,3,1,6,129,1.5,2021-03-14,2021-04-04,2022-09-03,2022-06-19,21,517,76,2,2021,Other,2020-10-14,2021-03-01,138,0,IRB,2020-12-08,2021-01-14,37,117,2,1,0,0,1,1,1,0,1,1,0,,2,4,6,1,0,1,7900,0.534,43,2.5,adv_community_presentation,Community
SITE-01321,PROTO-C_NEURO,UK,Europe,Neurology,II,Alzheimer's,Academic,7,14,10,12,1,0,0,PI-014,16,2,1,1,3,51,4.0,2021-12-25,2022-05-10,2026-01-29,2026-01-29,136,1360,0,2,2022,MHRA,2021-08-22,2022-01-09,140,1,LEC,2021-10-15,2021-12-04,50,207,2,1,1,0,0,0,0,0,0,1,0,,1,2,3,1,0,0,750,0.676,38,0.84,adv_community_presentation,Community
SITE-01322,PROTO-A_ONCO,Poland,Europe,Oncology,III,NSCLC,Pharma,8,18,12,15,1,1,1,PI-027,3,6,2,1,4,174,2.0,2023-06-30,2023-08-22,2025-05-14,2025-06-03,53,631,-20,3,2023,EMA,2023-02-25,2023-05-19,83,1,LEC,2023-04-17,2023-05-23,36,127,3,1,0,0,0,0,0,0,1,0,0,,0,2,2,0,1,0,5200,0.583,70,3.33,adv_poster,Poster
SITE-01323,PROTO-B_CARDIO,Japan,Asia,Cardiology,II,Heart Failure,Biotech,5,9,8,10,0,1,1,PI-012,18,3,2,1,4,1020,3.4,2021-11-30,2022-01-29,2025-02-23,2025-03-19,60,1121,-24,1,2022,PMDA,2021-05-03,2021-07-29,87,1,CEC,2021-06-11,2021-09-27,108,232,4,1,0,0,0,0,0,0,0,1,0,,1,1,2,1,0,0,600,0.351,400,10.7,adv_community_presentation,Community
SITE-01324,PROTO-B_CARDIO,Poland,Europe,Cardiology,II,Heart Failure,Biotech,5,9,8,10,0,1,1,PI-008,17,1,1,1,6,886,2.7,2023-01-24,2023-04-05,2025-10-01,2025-10-06,71,910,-5,2,2023,EMA,2022-09-17,2022-12-29,103,1,LEC,2022-10-13,2022-12-18,66,174,2,1,1,0,0,0,1,0,0,0,1,Patient registry outreach,1,3,4,1,0,0,1750,0.498,400,13.19,adv_other,Other
SITE-01325,PROTO-A_ONCO,India,Asia,Oncology,III,NSCLC,Pharma,8,18,12,15,1,1,1,PI-004,4,2,2,1,1,178,1.2,2023-01-15,2023-03-19,2024-02-28,2024-03-15,63,346,-16,1,2023,Other,2022-08-05,2022-12-22,139,1,CEC,2022-08-19,2022-10-23,65,212,2,1,0,1,0,0,0,0,0,1,0,,2,1,3,1,0,1,1100,0.642,47,4.08,adv_email,Email
SITE-01326,PROTO-C_NEURO,Japan,Asia,Neurology,II,Alzheimer's,Academic,7,14,10,12,1,0,0,PI-022,14,0,3,1,0,46,2.3,2021-12-16,2022-01-15,2023-12-31,2023-12-15,30,715,16,1,2022,PMDA,2021-05-20,2021-09-16,119,1,CEC,2021-07-07,2021-10-08,93,192,3,1,1,1,0,0,0,0,1,0,0,,1,3,4,1,0,1,5850,0.488,56,2.35,adv_email,Email
SITE-01327,PROTO-A_ONCO,USA,North America,Oncology,III,NSCLC,Pharma,8,18,12,15,1,1,1,PI-012,11,4,1,1,4,121,1.5,2023-05-27,2023-05-29,2024-10-11,2024-12-28,2,501,-78,2,2023,FDA,2022-11-22,2023-04-10,139,0,CEC,2023-01-09,2023-04-05,86,140,2,1,0,0,0,0,1,0,0,0,0,,0,2,2,0,1,0,1000,0.558,40,2.4,adv_poster,Poster
SITE-01328,PROTO-C_NEURO,Japan,Asia,Neurology,II,Alzheimer's,Academic,7,14,10,12,1,0,0,PI-028,20,3,3,1,3,111,1.2,2021-03-18,2021-03-07,2022-02-14,2022-02-16,-11,344,-2,1,2021,PMDA,2020-08-29,2020-10-25,57,1,CEC,2020-10-14,2020-12-28,75,144,1,1,1,0,0,1,0,0,0,0,0,,0,3,3,0,1,0,650,0.561,68,5.93,adv_newsletter,Newsletter
SITE-01329,PROTO-A_ONCO,Germany,Europe,Oncology,III,NSCLC,Pharma,8,18,12,15,1,1,1,PI-023,13,2,2,1,8,126,1.3,2022-12-25,2023-03-22,2024-02-16,2024-04-03,87,331,-47,1,2023,EMA,2022-05-06,2022-09-22,139,1,CEC,2022-07-02,2022-11-28,149,263,1,0,0,1,1,0,0,0,0,0,0,,2,0,2,1,0,1,1700,0.529,23,2.08,adv_email,Email
SITE-01330,PROTO-A_ONCO,Spain,Europe,Oncology,III,NSCLC,Pharma,8,18,12,15,1,1,1,PI-001,17,1,2,1,8,221,1.3,2022-12-29,2023-01-29,2024-03-11,2024-02-21,31,407,19,1,2023,EMA,2022-09-03,2022-11-06,64,1,LEC,2022-10-10,2022-12-08,59,111,1,0,1,0,0,0,0,0,1,0,0,,0,2,2,0,1,0,5150,0.653,37,2.73,adv_pamphlet,Pamphlet
SITE-01331,PROTO-A_ONCO,Japan,Asia,Oncology,III,NSCLC,Pharma,8,18,12,15,1,1,1,PI-017,9,4,3,1,7,214,2.2,2022-08-21,2022-10-19,2024-09-17,2024-09-12,59,699,5,4,2022,PMDA,2022-03-14,2022-05-11,58,1,CEC,2022-04-24,2022-07-25,92,178,1,1,0,0,0,1,0,0,0,0,0,,0,2,2,0,1,0,500,0.628,56,2.4,adv_newsletter,Newsletter
SITE-01332,PROTO-C_NEURO,Poland,Europe,Neurology,II,Alzheimer's,Academic,7,14,10,12,1,0,0,PI-020,10,5,3,0,6,113,3.4,2022-03-04,2022-05-12,2025-07-28,2025-08-09,69,1173,-12,2,2022,EMA,2021-11-09,2022-02-14,97,1,LEC,2021-12-25,2022-02-17,54,138,1,0,1,1,0,0,0,0,0,0,1,Patient registry outreach,2,1,3,1,0,1,1250,0.544,82,2.1,adv_email,Email
SITE-01333,PROTO-B_CARDIO,UK,Europe,Cardiology,II,Heart Failure,Biotech,5,9,8,10,0,1,1,PI-003,11,3,2,1,1,984,2.3,2022-12-29,2023-01-24,2025-01-29,2025-01-16,26,736,13,1,2023,MHRA,2022-03-17,2022-05-12,56,1,CEC,2022-05-14,2022-10-06,145,255,2,1,1,0,1,1,0,0,1,0,0,,1,4,5,1,0,1,6850,0.362,400,16.3,adv_online,Online
SITE-01334,PROTO-A_ONCO,USA,North America,Oncology,III,NSCLC,Pharma,8,18,12,15,1,1,1,PI-010,6,1,2,1,10,176,2.0,2021-05-15,2021-05-22,2023-03-19,2023-03-15,7,666,4,2,2021,FDA,2020-09-24,2021-03-14,171,0,CEC,2020-11-10,2021-04-05,146,193,2,0,1,0,0,0,0,0,0,1,1,Patient registry outreach,2,1,3,1,0,0,1150,0.566,23,1.04,adv_community_presentation,Community
SITE-01335,PROTO-C_NEURO,Spain,Europe,Neurology,II,Alzheimer's,Academic,7,14,10,12,1,0,0,PI-005,24,5,5,1,5,106,3.4,2021-09-16,2022-03-04,2025-05-19,2025-04-06,169,1172,43,1,2022,EMA,2021-07-17,2021-12-06,142,1,LEC,2021-07-30,2021-08-27,28,217,2,1,1,1,0,0,0,0,0,0,0,,1,2,3,1,0,1,850,0.532,108,2.76,adv_email,Email
SITE-01336,PROTO-A_ONCO,UK,Europe,Oncology,III,NSCLC,Pharma,8,18,12,15,1,1,1,PI-011,15,0,3,1,6,137,3.3,2022-11-24,2023-04-05,2026-05-29,2026-05-26,132,1150,3,2,2023,MHRA,2022-08-28,2023-01-27,152,1,LEC,2022-09-18,2022-11-05,48,199,0,0,1,0,0,0,0,0,1,0,0,,0,2,2,0,1,0,5150,0.454,66,1.72,adv_pamphlet,Pamphlet
SITE-01337,PROTO-B_CARDIO,Japan,Asia,Cardiology,II,Heart Failure,Biotech,5,9,8,10,0,1,1,PI-013,21,3,5,1,5,759,2.0,2023-08-16,2024-02-17,2025-09-30,2025-10-03,185,591,-3,1,2024,PMDA,2023-04-01,2023-09-21,173,1,CEC,2023-04-17,2023-07-03,77,306,4,1,1,1,0,0,0,0,0,1,0,,2,2,4,1,0,1,1250,0.348,400,20.3,adv_email,Email
SITE-01338,PROTO-C_NEURO,Germany,Europe,Neurology,II,Alzheimer's,Academic,7,14,10,12,1,0,0,PI-012,12,6,1,1,3,40,1.2,2021-10-03,2021-10-11,2022-10-21,2022-11-20,8,375,-30,4,2021,EMA,2021-03-22,2021-07-29,129,1,CEC,2021-04-16,2021-07-06,81,178,1,1,0,0,1,0,1,0,0,0,0,,1,2,3,1,0,1,2200,0.543,15,1.2,adv_online,Online
SITE-01339,PROTO-B_CARDIO,Poland,Europe,Cardiology,II,Heart Failure,Biotech,5,9,8,10,0,1,1,PI-008,13,1,4,1,6,861,3.9,2023-05-15,2023-08-16,2027-03-17,2027-05-19,93,1309,-63,3,2023,EMA,2023-01-26,2023-04-21,85,1,LEC,2023-02-08,2023-04-06,57,189,1,1,1,1,0,0,0,0,0,0,0,,1,2,3,1,0,1,850,0.414,400,9.17,adv_email,Email
SITE-01340,PROTO-B_CARDIO,USA,North America,Cardiology,II,Heart Failure,Biotech,5,9,8,10,0,1,1,PI-008,6,5,2,1,5,901,3.4,2021-10-15,2021-10-30,2025-02-13,2025-02-09,15,1202,4,4,2021,FDA,2021-06-14,2021-07-29,45,0,IRB,2021-08-11,2021-09-25,45,80,4,1,1,0,1,0,0,0,0,0,0,,1,2,3,1,0,1,1550,0.319,400,9.98,adv_online,Online
SITE-01341,PROTO-A_ONCO,Spain,Europe,Oncology,III,NSCLC,Pharma,8,18,12,15,1,1,1,PI-010,17,1,1,1,6,129,2.2,2022-01-15,2022-03-03,2024-02-10,2024-03-03,47,709,-22,1,2022,EMA,2021-07-12,2021-11-02,113,1,CEC,2021-08-25,2021-12-23,120,190,2,1,0,1,0,1,0,0,0,0,0,,1,2,3,1,0,1,1000,0.674,28,1.18,adv_email,Email
SITE-01342,PROTO-B_CARDIO,Germany,Europe,Cardiology,II,Heart Failure,Biotech,5,9,8,10,0,1,1,PI-003,16,4,5,1,1,925,1.6,2021-09-15,2022-02-19,2023-07-01,2023-07-02,157,497,-1,1,2022,EMA,2021-06-13,2021-11-07,147,1,LEC,2021-07-22,2021-09-05,45,212,1,1,0,0,1,0,1,0,0,0,0,,1,2,3,1,0,1,2200,0.34,400,24.14,adv_online,Online
SITE-01343,PROTO-C_NEURO,Poland,Europe,Neurology,II,Alzheimer's,Academic,7,14,10,12,1,0,0,PI-025,23,3,4,0,7,43,3.9,2021-02-15,2021-06-22,2025-02-23,2025-04-19,127,1342,-55,2,2021,EMA,2020-12-12,2021-03-09,87,1,LEC,2020-12-29,2021-01-26,28,175,1,1,0,1,1,0,0,0,0,0,1,Patient registry outreach,3,1,4,1,0,1,2500,0.46,40,0.89,adv_email,Email
SITE-01344,PROTO-B_CARDIO,USA,North America,Cardiology,II,Heart Failure,Biotech,5,9,8,10,0,1,1,PI-017,12,3,2,1,2,1032,3.5,2021-06-18,2021-05-19,2024-10-09,2024-09-28,-30,1239,11,2,2021,FDA,2021-01-20,2021-03-15,54,0,CEC,2021-02-02,2021-04-16,73,106,2,0,0,1,1,0,0,0,0,0,0,,2,0,2,1,0,1,1700,0.349,400,9.69,adv_email,Email
SITE-01345,PROTO-A_ONCO,Brazil,LATAM,Oncology,III,NSCLC,Pharma,8,18,12,15,1,1,1,PI-019,13,4,5,0,7,186,3.6,2021-12-12,2022-02-21,2025-07-18,2025-07-23,71,1243,-5,1,2022,Other,2021-07-27,2021-09-18,53,1,LEC,2021-09-07,2021-11-11,65,167,2,1,0,0,0,0,0,0,0,0,0,,0,1,1,0,1,0,200,0.567,98,2.37,adv_poster,Poster
SITE-01346,PROTO-B_CARDIO,USA,North America,Cardiology,II,Heart Failure,Biotech,5,9,8,10,0,1,1,PI-017,7,4,3,0,10,1034,3.1,2022-08-26,2022-09-27,2025-09-13,2025-09-17,32,1082,-4,3,2022,FDA,2022-03-03,2022-07-20,139,0,CEC,2022-04-11,2022-07-14,94,169,3,1,0,1,1,1,0,0,0,1,1,Patient registry outreach,4,2,6,1,0,1,3200,0.472,400,11.09,adv_email,Email
SITE-01347,PROTO-B_CARDIO,USA,North America,Cardiology,II,Heart Failure,Biotech,5,9,8,10,0,1,1,PI-016,8,2,2,1,7,1001,3.1,2021-05-03,2021-04-18,2024-05-13,2024-03-08,-15,1121,66,2,2021,FDA,2021-02-12,2021-04-18,65,0,IRB,2021-03-11,2021-04-11,31,38,0,0,1,1,0,0,0,0,0,1,0,,2,1,3,1,0,1,1050,0.313,400,10.7,adv_email,Email
SITE-01348,PROTO-B_CARDIO,Brazil,LATAM,Cardiology,II,Heart Failure,Biotech,5,9,8,10,0,1,1,PI-012,12,2,1,1,2,1038,3.8,2022-10-19,2022-11-04,2026-06-19,2026-05-21,16,1323,29,4,2022,Other,2022-04-21,2022-06-06,46,1,CEC,2022-06-16,2022-08-09,54,141,1,0,1,1,0,0,0,1,0,0,0,,1,2,3,1,0,1,2150,0.365,400,9.07,adv_email,Email
SITE-01349,PROTO-B_CARDIO,Japan,Asia,Cardiology,II,Heart Failure,Biotech,5,9,8,10,0,1,1,PI-011,8,5,5,1,8,1341,1.2,2023-01-26,2023-03-21,2024-04-09,2024-04-06,54,385,3,1,2023,PMDA,2022-10-03,2023-01-28,117,1,LEC,2022-12-01,2023-01-01,31,110,2,0,0,0,1,1,0,0,0,0,0,,1,1,2,1,0,1,1500,0.387,400,31.17,adv_online,Online
SITE-01350,PROTO-C_NEURO,Australia,APAC,Neurology,II,Alzheimer's,Academic,7,14,10,12,1,0,0,PI-004,24,2,2,1,7,126,2.7,2021-12-15,2022-04-08,2024-09-07,2024-08-27,114,883,11,2,2022,Other,2021-09-21,2021-12-16,86,1,LEC,2021-10-05,2021-11-12,38,185,1,1,1,0,0,0,1,0,0,0,0,,0,3,3,0,1,0,1150,0.488,55,1.87,adv_poster,Poster
SITE-01351,PROTO-B_CARDIO,Spain,Europe,Cardiology,II,Heart Failure,Biotech,5,9,8,10,0,1,1,PI-020,11,0,2,1,4,903,3.9,2022-11-24,2023-05-07,2027-01-22,2027-01-04,164,1356,18,2,2023,EMA,2022-07-22,2023-01-09,171,1,LEC,2022-09-03,2022-10-11,38,246,1,1,1,1,0,0,0,0,0,0,0,,1,2,3,1,0,1,850,0.404,400,8.85,adv_email,Email
SITE-01352,PROTO-A_ONCO,Germany,Europe,Oncology,III,NSCLC,Pharma,8,18,12,15,1,1,1,PI-012,6,6,5,1,9,130,3.3,2021-07-10,2021-11-15,2024-11-13,2024-10-07,128,1094,37,4,2021,EMA,2021-03-24,2021-07-26,124,1,LEC,2021-04-26,2021-06-09,44,203,3,1,0,1,0,1,0,0,0,0,0,,1,2,3,1,0,1,1000,0.575,36,0.99,adv_email,Email
SITE-01353,PROTO-A_ONCO,India,Asia,Oncology,III,NSCLC,Pharma,8,18,12,15,1,1,1,PI-009,18,3,5,1,2,213,2.8,2023-02-11,2023-05-09,2025-11-22,2026-01-08,87,928,-47,2,2023,Other,2022-10-14,2023-01-26,104,1,LEC,2022-12-08,2023-01-16,39,152,3,0,1,0,1,0,1,0,0,0,0,,1,2,3,1,0,1,2150,0.582,137,4.43,adv_online,Online
SITE-01354,PROTO-C_NEURO,Spain,Europe,Neurology,II,Alzheimer's,Academic,7,14,10,12,1,0,0,PI-029,23,3,5,1,4,126,2.4,2021-09-29,2021-12-12,2024-02-21,2024-03-01,74,801,-9,4,2021,EMA,2021-07-25,2021-09-06,43,1,LEC,2021-08-10,2021-09-14,35,124,4,1,0,1,0,0,1,0,0,0,0,,1,2,3,1,0,1,1500,0.623,103,3.86,adv_email,Email
SITE-01355,PROTO-C_NEURO,UK,Europe,Neurology,II,Alzheimer's,Academic,7,14,10,12,1,0,0,PI-023,2,3,1,1,5,71,2.0,2023-08-01,2023-10-16,2025-07-18,2025-05-03,76,641,76,4,2023,MHRA,2023-04-12,2023-08-02,112,1,LEC,2023-05-17,2023-06-28,42,152,2,0,0,0,1,0,0,0,0,0,0,,1,0,1,1,0,1,1200,0.539,27,1.26,adv_online,Online
SITE-01356,PROTO-B_CARDIO,India,Asia,Cardiology,II,Heart Failure,Biotech,5,9,8,10,0,1,1,PI-015,24,1,5,1,6,981,3.5,2023-03-31,2023-07-16,2026-11-23,2026-12-03,107,1226,-10,3,2023,Other,2022-12-20,2023-05-28,159,1,LEC,2023-01-15,2023-03-03,47,182,1,1,0,0,1,0,0,0,0,0,0,,1,1,2,1,0,1,1400,0.452,400,9.79,adv_online,Online
SITE-01357,PROTO-C_NEURO,USA,North America,Neurology,II,Alzheimer's,Academic,7,14,10,12,1,0,0,PI-014,20,4,3,1,4,110,1.9,2023-06-03,2023-06-08,2025-04-02,2025-04-06,5,664,-4,2,2023,FDA,2023-01-20,2023-04-07,77,0,CEC,2023-02-10,2023-05-10,89,118,0,1,1,0,0,0,0,0,0,1,0,,1,2,3,1,0,0,750,0.496,62,2.8,adv_community_presentation,Community
SITE-01358,PROTO-B_CARDIO,Germany,Europe,Cardiology,II,Heart Failure,Biotech,5,9,8,10,0,1,1,PI-019,3,2,3,1,3,1110,3.2,2021-12-22,2022-01-03,2024-12-06,2024-12-25,12,1068,-19,1,2022,EMA,2021-04-22,2021-06-11,50,1,CEC,2021-06-08,2021-10-24,138,209,2,1,1,0,0,0,1,0,0,0,0,,0,3,3,0,1,0,1150,0.351,400,11.24,adv_poster,Poster
SITE-01359,PROTO-C_NEURO,USA,North America,Neurology,II,Alzheimer's,Academic,7,14,10,12,1,0,0,PI-029,12,2,5,0,4,98,3.0,2022-06-13,2022-08-01,2025-07-18,2025-08-18,49,1082,-31,3,2022,FDA,2022-02-09,2022-07-26,167,0,IRB,2022-04-08,2022-05-17,39,115,0,1,1,1,0,0,1,0,0,1,0,,2,3,5,1,0,1,2050,0.462,81,2.25,adv_community_presentation,Community
SITE-01360,PROTO-A_ONCO,UK,Europe,Oncology,III,NSCLC,Pharma,8,18,12,15,1,1,1,PI-008,22,4,4,1,3,291,3.4,2021-01-18,2021-04-29,2024-06-28,2024-06-09,101,1156,19,2,2021,MHRA,2020-09-02,2021-01-21,141,1,LEC,2020-10-13,2020-12-09,57,198,1,1,0,0,1,0,0,0,0,0,0,,1,1,2,1,0,1,1400,0.531,286,7.42,adv_online,Online
SITE-01361,PROTO-A_ONCO,Germany,Europe,Oncology,III,NSCLC,Pharma,8,18,12,15,1,1,1,PI-021,6,1,3,1,4,20,3.1,2021-07-12,2021-09-25,2024-07-26,2024-09-07,75,1035,-43,3,2021,EMA,2021-03-02,2021-05-02,61,1,LEC,2021-04-25,2021-06-17,53,153,2,1,1,1,0,0,1,0,0,0,0,,1,3,4,1,0,1,1650,0.678,8,0.23,adv_email,Email
SITE-01362,PROTO-A_ONCO,Brazil,LATAM,Oncology,III,NSCLC,Pharma,8,18,12,15,1,1,1,PI-026,16,7,4,1,7,138,2.1,2021-03-19,2021-06-07,2023-05-16,2023-04-11,80,708,35,2,2021,Other,2020-11-23,2021-03-13,110,1,LEC,2021-01-09,2021-02-10,32,149,2,0,1,1,1,0,0,0,1,1,0,,3,2,5,1,0,1,7250,0.623,49,2.08,adv_email,Email
SITE-01363,PROTO-C_NEURO,Japan,Asia,Neurology,II,Alzheimer's,Academic,7,14,10,12,1,0,0,PI-001,15,4,2,1,4,62,3.7,2022-05-09,2022-05-29,2025-11-03,2025-11-26,20,1254,-23,2,2022,PMDA,2021-09-13,2022-02-13,153,1,CEC,2021-11-09,2022-04-07,149,201,1,0,1,0,0,0,1,0,0,0,0,,0,2,2,0,1,0,950,0.504,59,1.41,adv_pamphlet,Pamphlet
SITE-01364,PROTO-C_NEURO,Australia,APAC,Neurology,II,Alzheimer's,Academic,7,14,10,12,1,0,0,PI-002,13,1,1,0,4,50,2.4,2022-07-19,2022-09-07,2024-12-14,2024-12-13,50,829,1,3,2022,Other,2022-03-29,2022-07-05,98,1,LEC,2022-04-19,2022-06-10,52,141,0,1,1,0,0,0,1,0,0,0,0,,0,3,3,0,1,0,1150,0.616,20,0.72,adv_poster,Poster
SITE-01365,PROTO-A_ONCO,Germany,Europe,Oncology,III,NSCLC,Pharma,8,18,12,15,1,1,1,PI-016,18,1,1,1,3,200,2.7,2022-06-06,2023-01-07,2025-06-14,2025-07-02,215,889,-18,1,2023,EMA,2022-03-11,2022-08-24,166,1,LEC,2022-03-29,2022-05-01,33,284,5,0,0,1,1,0,0,1,1,0,0,,2,2,4,1,0,1,8200,0.5,114,3.85,adv_email,Email
SITE-01366,PROTO-C_NEURO,Germany,Europe,Neurology,II,Alzheimer's,Academic,7,14,10,12,1,0,0,PI-002,2,4,3,1,8,43,2.1,2023-05-27,2023-08-12,2025-07-09,2025-07-18,77,697,-9,3,2023,EMA,2023-01-31,2023-05-31,120,1,LEC,2023-02-16,2023-04-14,57,177,2,0,0,1,0,1,0,0,0,0,0,,1,1,2,1,0,1,800,0.47,12,0.52,adv_email,Email
SITE-01367,PROTO-B_CARDIO,Japan,Asia,Cardiology,II,Heart Failure,Biotech,5,9,8,10,0,1,1,PI-021,5,3,1,1,3,1027,1.8,2022-10-24,2022-12-31,2024-07-01,2024-06-18,68,548,13,4,2022,PMDA,2022-04-30,2022-06-22,53,1,CEC,2022-06-02,2022-09-30,120,212,5,1,1,0,0,0,0,0,0,0,0,,0,2,2,0,1,0,350,0.45,400,21.9,adv_poster,Poster
SITE-01368,PROTO-B_CARDIO,USA,North America,Cardiology,II,Heart Failure,Biotech,5,9,8,10,0,1,1,PI-017,21,2,1,1,3,893,1.1,2023-05-09,2023-05-27,2024-05-23,2024-06-23,18,362,-31,2,2023,FDA,2023-01-02,2023-04-14,102,0,IRB,2023-02-10,2023-03-29,47,106,3,0,1,1,1,0,0,0,0,0,0,,2,1,3,1,0,1,1850,0.371,400,33.15,adv_email,Email
SITE-01369,PROTO-B_CARDIO,Brazil,LATAM,Cardiology,II,Heart Failure,Biotech,5,9,8,10,0,1,1,PI-027,20,4,1,1,2,924,3.9,2022-09-24,2022-11-13,2026-06-28,2026-07-22,50,1323,-24,4,2022,Other,2022-06-09,2022-07-26,47,1,CEC,2022-06-21,2022-08-20,60,145,2,1,1,1,1,0,0,0,0,1,0,,3,2,5,1,0,1,2450,0.476,400,9.07,adv_email,Email
SITE-01370,PROTO-A_ONCO,UK,Europe,Oncology,III,NSCLC,Pharma,8,18,12,15,1,1,1,PI-007,17,2,2,1,1,111,3.9,2021-09-26,2022-02-04,2025-10-20,2025-11-18,131,1354,-29,1,2022,MHRA,2021-05-23,2021-10-30,160,1,LEC,2021-07-15,2021-09-06,53,204,2,1,0,1,1,0,0,0,1,0,1,Patient registry outreach,3,2,5,1,0,1,7500,0.602,170,3.77,adv_email,Email
SITE-01371,PROTO-A_ONCO,Germany,Europe,Oncology,III,NSCLC,Pharma,8,18,12,15,1,1,1,PI-017,4,3,3,1,4,162,1.9,2021-01-06,2021-05-12,2022-12-22,2022-12-07,126,589,15,2,2021,EMA,2020-10-11,2020-12-16,66,1,LEC,2020-10-27,2020-11-23,27,197,2,1,1,0,0,0,0,1,0,0,1,Patient registry outreach,1,3,4,1,0,0,2450,0.628,47,2.39,adv_other,Other
SITE-01372,PROTO-B_CARDIO,UK,Europe,Cardiology,II,Heart Failure,Biotech,5,9,8,10,0,1,1,PI-013,14,5,5,1,8,837,1.2,2023-06-20,2023-06-04,2024-05-21,2024-05-24,-16,352,-3,2,2023,MHRA,2022-12-02,2023-03-06,94,1,CEC,2023-01-07,2023-04-22,105,148,4,1,1,1,1,1,0,0,1,0,0,,2,4,6,1,0,1,7350,0.393,360,30.68,adv_email,Email
SITE-01373,PROTO-B_CARDIO,Australia,APAC,Cardiology,II,Heart Failure,Biotech,5,9,8,10,0,1,1,PI-022,11,4,4,1,3,1247,2.8,2021-02-28,2021-04-08,2023-12-05,2023-10-17,39,971,49,2,2021,Other,2020-10-08,2020-11-20,43,1,LEC,2020-11-27,2021-01-17,51,132,0,0,0,1,0,0,0,0,0,0,0,,1,0,1,1,0,1,500,0.469,400,12.36,adv_email,Email
SITE-01374,PROTO-A_ONCO,Poland,Europe,Oncology,III,NSCLC,Pharma,8,18,12,15,1,1,1,PI-026,12,4,3,1,4,151,2.1,2022-03-07,2022-04-13,2024-02-24,2024-03-06,37,682,-11,2,2022,EMA,2021-10-08,2021-12-03,56,1,CEC,2021-10-27,2021-12-18,52,168,1,1,1,1,1,0,0,0,0,0,0,,2,2,4,1,0,1,2050,0.639,65,2.86,adv_email,Email
SITE-01375,PROTO-C_NEURO,Germany,Europe,Neurology,II,Alzheimer's,Academic,7,14,10,12,1,0,0,PI-019,10,3,5,1,4,23,2.7,2021-03-23,2021-06-20,2023-10-26,2023-09-30,89,858,26,2,2021,EMA,2020-08-19,2020-11-28,101,1,CEC,2020-10-17,2021-02-09,115,246,1,0,1,1,1,1,0,1,1,1,0,,3,4,7,1,0,1,9050,0.535,16,0.56,adv_community_presentation,Community
SITE-01376,PROTO-C_NEURO,Germany,Europe,Neurology,II,Alzheimer's,Academic,7,14,10,12,1,0,0,PI-002,24,1,5,0,4,91,2.3,2023-01-18,2023-02-07,2025-02-06,2024-12-15,20,730,53,1,2023,EMA,2022-05-24,2022-09-20,119,1,CEC,2022-06-14,2022-11-08,147,238,2,1,1,1,0,0,0,0,0,0,0,,1,2,3,1,0,1,850,0.504,80,3.29,adv_email,Email
SITE-01377,PROTO-A_ONCO,Spain,Europe,Oncology,III,NSCLC,Pharma,8,18,12,15,1,1,1,PI-001,5,4,1,1,3,181,2.8,2023-02-02,2023-04-22,2025-11-29,2025-10-31,79,952,29,2,2023,EMA,2022-10-25,2023-02-04,102,1,LEC,2022-12-10,2023-01-09,30,133,2,1,0,0,0,0,1,0,0,0,0,,0,2,2,0,1,0,1000,0.621,83,2.62,adv_poster,Poster
SITE-01378,PROTO-B_CARDIO,Poland,Europe,Cardiology,II,Heart Failure,Biotech,5,9,8,10,0,1,1,PI-016,20,5,1,1,8,990,2.9,2021-01-13,2021-03-16,2023-11-23,2023-11-24,62,982,-1,1,2021,EMA,2020-09-11,2021-01-02,113,1,LEC,2020-10-23,2020-12-11,49,144,2,1,0,0,1,1,0,1,0,0,0,,1,3,4,1,0,1,3200,0.43,400,12.22,adv_online,Online
SITE-01379,PROTO-A_ONCO,Brazil,LATAM,Oncology,III,NSCLC,Pharma,8,18,12,15,1,1,1,PI-017,17,4,3,1,1,183,2.2,2023-03-31,2023-08-10,2025-08-04,2025-06-13,132,725,52,3,2023,Other,2023-01-18,2023-05-09,111,1,LEC,2023-02-14,2023-03-14,28,177,0,1,0,1,0,0,1,0,0,0,0,,1,2,3,1,0,1,1500,0.696,105,4.34,adv_email,Email
SITE-01380,PROTO-A_ONCO,India,Asia,Oncology,III,NSCLC,Pharma,8,18,12,15,1,1,1,PI-026,3,2,3,0,2,169,2.9,2021-12-30,2022-02-19,2024-09-30,2024-09-15,51,954,15,1,2022,Other,2021-07-04,2021-08-21,48,1,CEC,2021-08-20,2021-10-10,51,183,2,0,1,1,1,0,0,1,0,0,0,,2,2,4,1,0,1,3350,0.731,52,1.64,adv_email,Email
SITE-01381,PROTO-B_CARDIO,USA,North America,Cardiology,II,Heart Failure,Biotech,5,9,8,10,0,1,1,PI-012,22,3,2,1,7,728,2.8,2023-05-18,2023-05-07,2026-01-22,2026-02-01,-11,991,-10,2,2023,FDA,2022-12-24,2023-03-25,91,0,IRB,2023-01-26,2023-03-27,60,101,2,1,0,0,0,0,0,0,0,0,0,,0,1,1,0,1,0,200,0.345,400,12.11,adv_poster,Poster
SITE-01382,PROTO-B_CARDIO,Japan,Asia,Cardiology,II,Heart Failure,Biotech,5,9,8,10,0,1,1,PI-026,22,5,4,0,5,348,2.0,2023-03-25,2023-05-28,2025-02-02,2025-01-19,64,616,14,2,2023,PMDA,2022-10-31,2023-01-30,91,1,CEC,2022-11-13,2023-03-04,111,196,0,0,1,0,0,0,1,0,0,1,0,,1,2,3,1,0,0,1350,0.435,391,19.04,adv_community_presentation,Community
SITE-01383,PROTO-A_ONCO,USA,North America,Oncology,III,NSCLC,Pharma,8,18,12,15,1,1,1,PI-022,21,0,1,1,3,158,1.5,2022-01-02,2022-01-02,2023-05-07,2023-04-11,0,490,26,1,2022,FDA,2021-06-22,2021-09-23,93,0,CEC,2021-08-17,2021-12-05,110,138,3,1,1,0,0,0,0,1,0,0,1,Patient registry outreach,1,3,4,1,0,0,2450,0.569,64,3.92,adv_other,Other
SITE-01384,PROTO-C_NEURO,USA,North America,Neurology,II,Alzheimer's,Academic,7,14,10,12,1,0,0,PI-026,16,5,5,1,5,58,2.9,2023-07-13,2023-07-21,2026-04-25,2026-03-25,8,1009,31,3,2023,FDA,2023-01-30,2023-04-04,64,0,CEC,2023-03-06,2023-06-09,95,137,3,0,1,0,0,0,0,0,0,0,0,,0,1,1,0,1,0,150,0.541,58,1.72,adv_pamphlet,Pamphlet
SITE-01385,PROTO-A_ONCO,UK,Europe,Oncology,III,NSCLC,Pharma,8,18,12,15,1,1,1,PI-005,11,4,3,1,5,152,3.5,2023-05-06,2023-07-22,2026-10-13,2026-09-08,77,1179,35,3,2023,MHRA,2022-12-26,2023-02-01,37,1,LEC,2023-02-01,2023-04-06,64,171,2,1,1,0,1,0,1,0,0,0,0,,1,3,4,1,0,1,2350,0.463,100,2.54,adv_online,Online
SITE-01386,PROTO-B_CARDIO,Canada,North America,Cardiology,II,Heart Failure,Biotech,5,9,8,10,0,1,1,PI-029,19,7,1,1,3,1010,3.8,2021-05-05,2021-03-10,2024-11-05,2024-10-28,-56,1336,8,1,2021,Other,2020-09-27,2021-01-14,109,0,CEC,2020-10-08,2021-02-12,127,153,3,1,0,1,0,1,0,0,0,0,0,,1,2,3,1,0,1,1000,0.4,400,8.98,adv_email,Email
SITE-01387,PROTO-A_ONCO,Japan,Asia,Oncology,III,NSCLC,Pharma,8,18,12,15,1,1,1,PI-028,13,1,1,1,0,192,3.2,2022-10-28,2023-02-28,2026-02-18,2026-01-04,123,1086,45,1,2023,PMDA,2022-05-23,2022-11-15,176,1,CEC,2022-07-06,2022-08-25,50,237,3,1,1,0,0,0,0,0,0,1,0,,1,2,3,1,0,0,750,0.652,162,4.48,adv_community_presentation,Community
SITE-01388,PROTO-B_CARDIO,USA,North America,Cardiology,II,Heart Failure,Biotech,5,9,8,10,0,1,1,PI-015,3,1,5,1,3,1028,1.6,2023-08-11,2023-07-19,2025-01-05,2025-01-24,-23,536,-19,3,2023,FDA,2023-03-26,2023-05-25,60,0,IRB,2023-04-18,2023-06-19,62,92,4,0,1,0,0,1,0,0,0,1,0,,1,2,3,1,0,0,850,0.376,400,22.39,adv_community_presentation,Community
SITE-01389,PROTO-A_ONCO,Poland,Europe,Oncology,III,NSCLC,Pharma,8,18,12,15,1,1,1,PI-028,17,3,2,1,5,187,3.9,2021-11-08,2022-04-15,2025-11-12,2025-10-30,158,1307,13,2,2022,EMA,2021-07-27,2021-12-12,138,1,LEC,2021-08-10,2021-10-18,69,248,1,1,1,1,1,0,0,0,0,1,0,,3,2,5,1,0,1,2450,0.576,154,3.53,adv_email,Email
SITE-01390,PROTO-C_NEURO,Germany,Europe,Neurology,II,Alzheimer's,Academic,7,14,10,12,1,0,0,PI-017,21,3,4,1,12,56,1.9,2023-06-17,2023-07-03,2025-02-05,2024-12-16,16,583,51,3,2023,EMA,2022-10-29,2023-01-24,87,1,CEC,2022-11-19,2023-04-07,139,226,2,1,0,1,0,0,0,0,1,0,1,Patient registry outreach,2,2,4,1,0,1,6300,0.541,12,0.62,adv_email,Email
SITE-01391,PROTO-B_CARDIO,Australia,APAC,Cardiology,II,Heart Failure,Biotech,5,9,8,10,0,1,1,PI-009,15,3,3,1,4,813,3.3,2022-04-26,2022-05-27,2025-06-04,2025-06-08,31,1104,-4,2,2022,Other,2021-12-01,2022-01-27,57,1,CEC,2022-01-07,2022-03-10,62,140,2,1,1,0,1,0,0,0,0,0,0,,1,2,3,1,0,1,1550,0.367,400,10.87,adv_online,Online
SITE-01392,PROTO-B_CARDIO,Canada,North America,Cardiology,II,Heart Failure,Biotech,5,9,8,10,0,1,1,PI-013,20,5,3,1,5,751,3.0,2021-09-17,2021-08-30,2024-07-13,2024-05-20,-18,1048,54,3,2021,Other,2021-04-05,2021-06-14,70,0,IRB,2021-05-20,2021-08-21,93,102,2,1,1,0,1,0,0,0,0,1,0,,2,2,4,1,0,1,1950,0.4,400,11.45,adv_online,Online
SITE-01393,PROTO-A_ONCO,UK,Europe,Oncology,III,NSCLC,Pharma,8,18,12,15,1,1,1,PI-014,23,2,2,1,4,112,3.3,2022-12-13,2023-06-09,2026-07-10,2026-08-05,178,1127,-26,2,2023,MHRA,2022-10-11,2023-02-22,134,1,LEC,2022-10-24,2022-12-01,38,228,3,1,0,1,0,0,1,0,0,0,0,,1,2,3,1,0,1,1500,0.497,131,3.49,adv_email,Email
SITE-01394,PROTO-B_CARDIO,Spain,Europe,Cardiology,II,Heart Failure,Biotech,5,9,8,10,0,1,1,PI-006,4,1,1,1,5,721,2.5,2023-08-20,2023-11-29,2026-01-23,2026-01-14,101,786,9,4,2023,EMA,2023-05-06,2023-06-27,52,1,LEC,2023-05-18,2023-07-25,68,195,2,1,1,0,0,0,0,0,0,0,0,,0,2,2,0,1,0,350,0.486,369,14.08,adv_poster,Poster
SITE-01395,PROTO-B_CARDIO,USA,North America,Cardiology,II,Heart Failure,Biotech,5,9,8,10,0,1,1,PI-029,22,4,2,1,5,1198,2.0,2021-05-13,2021-05-06,2023-03-23,2023-03-19,-7,686,4,2,2021,FDA,2020-11-29,2021-01-11,43,0,CEC,2020-12-21,2021-04-03,103,136,2,1,0,0,1,0,1,0,0,0,1,Patient registry outreach,2,2,4,1,0,1,2800,0.354,400,17.49,adv_online,Online
SITE-01396,PROTO-A_ONCO,India,Asia,Oncology,III,NSCLC,Pharma,8,18,12,15,1,1,1,PI-006,7,4,4,1,3,83,3.0,2022-04-27,2022-08-14,2025-05-02,2025-04-13,109,992,19,3,2022,Other,2022-01-04,2022-04-18,104,1,LEC,2022-02-12,2022-03-14,30,183,2,1,1,0,0,0,1,0,0,1,0,,1,3,4,1,0,0,1550,0.589,60,1.81,adv_community_presentation,Community
SITE-01397,PROTO-C_NEURO,Germany,Europe,Neurology,II,Alzheimer's,Academic,7,14,10,12,1,0,0,PI-005,10,2,1,1,3,132,3.4,2022-06-18,2023-01-10,2026-02-13,2026-04-05,206,1130,-51,1,2023,EMA,2022-02-24,2022-08-07,164,1,LEC,2022-04-24,2022-06-04,41,261,2,0,0,0,0,0,0,0,0,0,1,Patient registry outreach,1,0,1,1,0,0,600,0.592,94,2.5,adv_other,Other
SITE-01398,PROTO-B_CARDIO,India,Asia,Cardiology,II,Heart Failure,Biotech,5,9,8,10,0,1,1,PI-014,15,1,1,1,5,930,3.1,2023-08-12,2023-11-01,2026-08-09,2026-08-07,81,1012,2,4,2023,Other,2023-02-21,2023-05-07,75,1,CEC,2023-03-09,2023-07-07,120,237,0,1,1,1,1,1,0,0,0,1,1,Patient registry outreach,4,3,7,1,0,1,3350,0.331,400,11.86,adv_email,Email
SITE-01399,PROTO-A_ONCO,Poland,Europe,Oncology,III,NSCLC,Pharma,8,18,12,15,1,1,1,PI-022,12,4,4,1,3,187,3.4,2022-09-13,2022-11-13,2026-01-08,2025-11-15,61,1152,54,4,2022,EMA,2022-03-29,2022-08-23,147,1,CEC,2022-04-13,2022-07-14,92,214,0,0,1,1,0,0,1,0,0,1,1,Patient registry outreach,3,2,5,1,0,1,2450,0.551,155,4.04,adv_email,Email
SITE-01400,PROTO-C_NEURO,Spain,Europe,Neurology,II,Alzheimer's,Academic,7,14,10,12,1,0,0,PI-027,17,0,1,1,4,125,2.0,2022-02-21,2022-09-08,2024-05-22,2024-04-29,199,622,23,3,2022,EMA,2021-11-07,2022-03-28,141,1,LEC,2021-12-19,2022-01-15,27,263,2,1,0,0,0,0,0,0,1,0,0,,0,2,2,0,1,0,5200,0.504,72,3.47,adv_poster,Poster
SITE-01401,PROTO-C_NEURO,Brazil,LATAM,Neurology,II,Alzheimer's,Academic,7,14,10,12,1,0,0,PI-018,12,2,5,1,1,136,2.4,2022-12-30,2023-03-28,2025-05-01,2025-05-17,88,765,-16,1,2023,Other,2022-08-20,2022-12-08,110,1,LEC,2022-09-25,2022-12-02,68,184,1,1,1,0,1,0,0,0,0,0,0,,1,2,3,1,0,1,1550,0.511,116,4.55,adv_online,Online
SITE-01402,PROTO-B_CARDIO,USA,North America,Cardiology,II,Heart Failure,Biotech,5,9,8,10,0,1,1,PI-024,5,6,3,1,8,766,2.2,2021-09-30,2021-09-05,2023-09-30,2023-10-26,-25,755,-26,3,2021,FDA,2021-05-03,2021-06-06,34,0,CEC,2021-05-21,2021-08-21,92,107,2,1,1,1,0,0,0,0,1,0,0,,1,3,4,1,0,1,5850,0.408,312,12.4,adv_email,Email
SITE-01403,PROTO-C_NEURO,UK,Europe,Neurology,II,Alzheimer's,Academic,7,14,10,12,1,0,0,PI-006,18,5,1,1,2,112,3.5,2023-01-25,2023-07-08,2026-09-30,2026-09-13,164,1180,17,3,2023,MHRA,2022-10-18,2023-03-29,162,1,LEC,2022-11-05,2022-12-27,52,245,1,0,1,0,1,0,0,1,0,0,0,,1,2,3,1,0,1,2850,0.538,138,3.51,adv_online,Online
SITE-01404,PROTO-A_ONCO,Germany,Europe,Oncology,III,NSCLC,Pharma,8,18,12,15,1,1,1,PI-012,2,0,2,1,5,198,3.8,2021-03-17,2021-05-11,2024-12-10,2024-11-03,55,1309,37,2,2021,EMA,2020-09-24,2021-01-17,115,1,CEC,2020-10-13,2021-02-12,122,210,0,1,1,1,0,1,0,0,0,0,0,,1,3,4,1,0,1,1150,0.615,65,1.49,adv_email,Email
SITE-01405,PROTO-B_CARDIO,UK,Europe,Cardiology,II,Heart Failure,Biotech,5,9,8,10,0,1,1,PI-002,8,6,2,1,5,838,3.6,2022-03-02,2022-08-26,2025-12-30,2025-11-11,177,1222,49,3,2022,MHRA,2021-12-29,2022-05-18,140,1,LEC,2022-01-11,2022-02-02,22,227,3,1,1,0,1,0,0,0,0,1,0,,2,2,4,1,0,1,1950,0.418,400,9.82,adv_online,Online
SITE-01406,PROTO-C_NEURO,Germany,Europe,Neurology,II,Alzheimer's,Academic,7,14,10,12,1,0,0,PI-015,16,1,3,1,8,91,3.1,2021-11-11,2022-05-07,2025-02-24,2025-01-28,177,1024,27,2,2022,EMA,2021-08-20,2022-02-01,165,1,LEC,2021-09-02,2021-10-20,48,247,3,1,1,0,1,0,0,0,0,1,0,,2,2,4,1,0,1,1950,0.464,41,1.2,adv_community_presentation,Community
SITE-01407,PROTO-A_ONCO,India,Asia,Oncology,III,NSCLC,Pharma,8,18,12,15,1,1,1,PI-013,16,3,1,1,4,87,2.5,2023-03-04,2023-05-23,2025-09-05,2025-09-05,80,836,0,2,2023,Other,2022-12-20,2023-01-24,35,1,LEC,2023-01-24,2023-02-18,25,119,4,1,1,0,1,0,0,0,0,0,0,,1,2,3,1,0,1,1550,0.549,54,1.94,adv_online,Online
SITE-01408,PROTO-C_NEURO,Brazil,LATAM,Neurology,II,Alzheimer's,Academic,7,14,10,12,1,0,0,PI-013,2,1,5,0,4,123,2.3,2021-02-18,2021-05-11,2023-05-28,2023-06-28,82,747,-31,2,2021,Other,2020-09-02,2020-12-10,99,1,CEC,2020-10-06,2021-01-28,114,217,4,1,1,1,1,0,0,1,0,1,0,,3,3,6,1,0,1,3950,0.484,84,3.37,adv_community_presentation,Community
SITE-01409,PROTO-B_CARDIO,Germany,Europe,Cardiology,II,Heart Failure,Biotech,5,9,8,10,0,1,1,PI-020,9,2,3,1,5,1032,3.0,2022-06-22,2022-06-30,2025-03-11,2025-03-05,8,985,6,2,2022,EMA,2021-10-19,2021-12-08,50,1,CEC,2021-12-03,2022-04-06,124,209,2,0,0,1,0,0,0,1,0,1,0,,2,1,3,1,0,1,2400,0.333,400,12.18,adv_email,Email
SITE-01410,PROTO-B_CARDIO,Japan,Asia,Cardiology,II,Heart Failure,Biotech,5,9,8,10,0,1,1,PI-001,22,3,2,1,6,922,2.3,2021-05-23,2021-08-20,2023-08-26,2023-10-18,89,736,-53,3,2021,PMDA,2021-01-28,2021-02-28,31,1,LEC,2021-03-18,2021-05-09,52,155,4,1,1,1,1,0,0,1,0,0,0,,2,3,5,1,0,1,3550,0.46,400,16.3,adv_email,Email
SITE-01411,PROTO-C_NEURO,India,Asia,Neurology,II,Alzheimer's,Academic,7,14,10,12,1,0,0,PI-011,12,2,3,1,3,75,1.8,2022-10-14,2023-02-18,2024-08-21,2024-08-16,127,550,5,1,2023,Other,2022-05-19,2022-11-12,177,1,LEC,2022-07-08,2022-09-06,60,225,4,1,0,1,1,1,0,0,0,1,0,,3,2,5,1,0,1,2600,0.594,48,2.62,adv_community_presentation,Community
SITE-01412,PROTO-B_CARDIO,Australia,APAC,Cardiology,II,Heart Failure,Biotech,5,9,8,10,0,1,1,PI-012,22,3,5,1,2,1187,2.3,2023-07-25,2023-11-26,2025-12-02,2025-11-28,124,737,4,4,2023,Other,2023-04-25,2023-06-02,38,1,LEC,2023-05-25,2023-06-19,25,185,3,1,1,0,1,0,0,0,0,1,0,,2,2,4,1,0,1,1950,0.501,400,16.28,adv_online,Online
SITE-01413,PROTO-A_ONCO,Spain,Europe,Oncology,III,NSCLC,Pharma,8,18,12,15,1,1,1,PI-027,11,2,2,1,4,90,3.1,2023-02-05,2023-07-31,2026-05-22,2026-05-28,176,1026,-6,3,2023,EMA,2022-11-13,2023-04-22,160,1,LEC,2022-11-26,2023-01-25,60,247,3,1,1,1,0,0,0,0,0,1,1,Patient registry outreach,3,2,5,1,0,1,1850,0.604,47,1.37,adv_email,Email
SITE-01414,PROTO-A_ONCO,Germany,Europe,Oncology,III,NSCLC,Pharma,8,18,12,15,1,1,1,PI-008,6,5,5,1,6,153,3.3,2021-01-02,2021-05-08,2024-04-25,2024-06-03,126,1083,-39,2,2021,EMA,2020-10-02,2020-12-17,76,1,LEC,2020-10-15,2020-12-21,67,205,3,1,0,0,0,1,0,0,0,0,0,,0,2,2,0,1,0,500,0.601,63,1.75,adv_newsletter,Newsletter
SITE-01415,PROTO-C_NEURO,Australia,APAC,Neurology,II,Alzheimer's,Academic,7,14,10,12,1,0,0,PI-015,21,2,3,1,3,77,3.4,2022-06-01,2022-09-14,2025-10-20,2025-10-16,105,1132,4,3,2022,Other,2022-01-25,2022-05-28,123,1,CEC,2022-03-08,2022-05-04,57,190,1,1,1,0,0,0,0,0,0,1,1,Patient registry outreach,2,2,4,1,0,0,1350,0.543,100,2.65,adv_community_presentation,Community
SITE-01416,PROTO-B_CARDIO,India,Asia,Cardiology,II,Heart Failure,Biotech,5,9,8,10,0,1,1,PI-011,12,1,3,1,2,1241,2.8,2022-08-11,2023-01-18,2025-07-09,2025-06-29,160,903,10,1,2023,Other,2022-04-15,2022-08-25,132,1,LEC,2022-06-09,2022-07-08,29,223,3,1,0,0,1,0,0,0,0,1,0,,2,1,3,1,0,1,1800,0.416,400,13.29,adv_online,Online
SITE-01417,PROTO-B_CARDIO,Canada,North America,Cardiology,II,Heart Failure,Biotech,5,9,8,10,0,1,1,PI-001,23,4,4,1,4,1148,3.5,2022-09-06,2022-08-29,2026-02-01,2026-02-11,-8,1252,-10,3,2022,Other,2022-04-09,2022-06-07,59,0,CEC,2022-05-05,2022-07-04,60,116,1,0,1,0,1,1,1,0,0,0,0,,1,3,4,1,0,1,2450,0.464,400,9.58,adv_online,Online
SITE-01418,PROTO-B_CARDIO,USA,North America,Cardiology,II,Heart Failure,Biotech,5,9,8,10,0,1,1,PI-003,16,3,2,1,2,922,3.3,2022-08-13,2022-10-05,2025-12-27,2026-01-16,53,1179,-20,4,2022,FDA,2022-04-17,2022-08-29,134,0,IRB,2022-05-26,2022-07-10,45,132,2,0,1,0,1,0,0,0,0,1,0,,2,1,3,1,0,1,1750,0.386,400,10.18,adv_online,Online
SITE-01419,PROTO-C_NEURO,Germany,Europe,Neurology,II,Alzheimer's,Academic,7,14,10,12,1,0,0,PI-021,20,2,5,1,5,127,1.6,2022-01-21,2022-04-06,2023-07-03,2023-08-27,75,453,-55,2,2022,EMA,2021-06-15,2021-09-17,94,1,CEC,2021-07-27,2021-12-19,145,253,1,1,1,1,0,0,0,0,0,0,0,,1,2,3,1,0,1,850,0.545,38,2.52,adv_email,Email
SITE-01420,PROTO-A_ONCO,Poland,Europe,Oncology,III,NSCLC,Pharma,8,18,12,15,1,1,1,PI-013,17,4,3,1,6,176,1.5,2023-03-07,2023-03-06,2024-07-07,2024-07-09,-1,489,-2,1,2023,EMA,2022-12-05,2023-01-11,37,1,LEC,2023-01-02,2023-02-06,35,63,0,0,1,0,0,1,0,0,0,0,1,Patient registry outreach,1,2,3,1,0,0,1050,0.456,103,6.32,adv_other,Other
SITE-01421,PROTO-B_CARDIO,Germany,Europe,Cardiology,II,Heart Failure,Biotech,5,9,8,10,0,1,1,PI-029,5,1,3,1,4,785,1.9,2022-11-26,2022-12-05,2024-07-24,2024-09-02,9,597,-40,4,2022,EMA,2022-03-06,2022-08-03,150,1,CEC,2022-04-22,2022-09-16,147,227,1,0,0,1,0,1,0,0,0,0,0,,1,1,2,1,0,1,800,0.436,400,20.1,adv_email,Email
SITE-01422,PROTO-B_CARDIO,Australia,APAC,Cardiology,II,Heart Failure,Biotech,5,9,8,10,0,1,1,PI-010,13,1,3,1,2,916,2.6,2022-11-27,2023-03-30,2025-07-31,2025-07-26,123,854,5,1,2023,Other,2022-08-20,2023-01-11,144,1,LEC,2022-09-14,2022-11-03,50,197,1,1,0,0,0,0,0,0,0,0,0,,0,1,1,0,1,0,200,0.389,400,14.05,adv_poster,Poster
SITE-01423,PROTO-B_CARDIO,Germany,Europe,Cardiology,II,Heart Failure,Biotech,5,9,8,10,0,1,1,PI-023,16,5,3,1,2,1107,1.2,2021-04-20,2021-06-06,2022-06-30,2022-07-20,47,389,-20,2,2021,EMA,2021-01-07,2021-03-21,73,1,LEC,2021-02-12,2021-03-28,44,114,1,1,1,1,0,0,0,0,0,0,0,,1,2,3,1,0,1,850,0.373,400,30.85,adv_email,Email
SITE-01424,PROTO-A_ONCO,Japan,Asia,Oncology,III,NSCLC,Pharma,8,18,12,15,1,1,1,PI-014,10,1,1,1,4,125,1.2,2022-09-04,2023-03-16,2024-02-22,2024-05-17,193,343,-85,1,2023,PMDA,2022-07-02,2022-11-12,133,1,LEC,2022-07-14,2022-08-24,41,245,1,1,1,1,0,0,0,0,1,0,0,,1,3,4,1,0,1,5850,0.574,32,2.8,adv_email,Email
SITE-01425,PROTO-B_CARDIO,Germany,Europe,Cardiology,II,Heart Failure,Biotech,5,9,8,10,0,1,1,PI-008,9,4,2,0,4,919,1.3,2022-02-18,2022-04-15,2023-05-10,2023-05-12,56,390,-2,2,2022,EMA,2021-09-01,2022-01-21,142,1,CEC,2021-10-05,2021-12-13,69,192,1,1,0,1,0,0,0,0,0,1,0,,2,1,3,1,0,1,1100,0.48,400,30.77,adv_email,Email
SITE-01426,PROTO-A_ONCO,Brazil,LATAM,Oncology,III,NSCLC,Pharma,8,18,12,15,1,1,1,PI-006,2,2,3,1,4,311,2.3,2021-07-12,2021-09-30,2023-10-07,2023-09-28,80,737,9,3,2021,Other,2021-04-05,2021-05-17,42,1,LEC,2021-04-22,2021-06-09,48,161,4,1,0,0,0,0,0,0,0,0,0,,0,1,1,0,1,0,200,0.608,95,3.87,adv_poster,Poster
SITE-01427,PROTO-A_ONCO,USA,North America,Oncology,III,NSCLC,Pharma,8,18,12,15,1,1,1,PI-016,3,4,3,1,5,237,2.6,2021-01-10,2020-12-17,2023-07-03,2023-06-29,-24,928,4,4,2020,FDA,2020-09-20,2020-12-11,82,0,IRB,2020-10-14,2020-11-16,33,64,2,1,0,1,0,0,1,0,0,0,0,,1,2,3,1,0,1,1500,0.617,64,2.07,adv_email,Email
SITE-01428,PROTO-A_ONCO,Spain,Europe,Oncology,III,NSCLC,Pharma,8,18,12,15,1,1,1,PI-021,6,2,5,1,5,185,2.4,2021-10-23,2022-02-12,2024-04-05,2024-03-05,112,783,31,1,2022,EMA,2021-06-12,2021-11-16,157,1,LEC,2021-07-29,2021-09-27,60,198,1,1,1,1,1,1,1,1,0,0,0,,2,5,7,1,0,1,4650,0.561,89,3.41,adv_email,Email
SITE-01429,PROTO-B_CARDIO,Germany,Europe,Cardiology,II,Heart Failure,Biotech,5,9,8,10,0,1,1,PI-025,8,3,4,1,4,1064,2.4,2023-08-15,2023-10-02,2025-10-29,2025-09-28,48,758,31,4,2023,EMA,2023-01-17,2023-03-16,58,1,CEC,2023-02-07,2023-06-02,115,237,1,1,1,1,1,0,0,0,0,1,1,Patient registry outreach,4,2,6,1,0,1,3050,0.36,400,15.83,adv_email,Email
SITE-01430,PROTO-A_ONCO,Japan,Asia,Oncology,III,NSCLC,Pharma,8,18,12,15,1,1,1,PI-012,2,2,4,1,7,192,2.1,2021-03-23,2021-04-26,2023-02-07,2023-03-18,34,652,-39,2,2021,PMDA,2020-09-07,2020-11-17,71,1,CEC,2020-11-02,2020-12-27,55,175,4,0,0,1,0,0,0,0,0,0,0,,1,0,1,1,0,1,500,0.613,31,1.43,adv_email,Email
SITE-01431,PROTO-A_ONCO,India,Asia,Oncology,III,NSCLC,Pharma,8,18,12,15,1,1,1,PI-002,21,1,4,0,3,179,1.8,2022-09-23,2022-12-19,2024-06-21,2024-06-30,87,550,-9,4,2022,Other,2022-05-05,2022-08-06,93,1,CEC,2022-05-28,2022-08-06,70,205,1,1,1,0,0,1,0,0,0,0,0,,0,3,3,0,1,0,650,0.477,101,5.51,adv_newsletter,Newsletter
SITE-01432,PROTO-A_ONCO,Japan,Asia,Oncology,III,NSCLC,Pharma,8,18,12,15,1,1,1,PI-009,16,2,4,1,2,116,2.6,2022-12-05,2022-12-20,2025-03-25,2025-03-07,15,826,18,4,2022,PMDA,2022-04-02,2022-08-19,139,1,CEC,2022-05-03,2022-09-08,128,231,3,1,0,0,1,0,0,0,0,1,0,,2,1,3,1,0,1,1800,0.647,76,2.76,adv_community_presentation,Community
SITE-01433,PROTO-C_NEURO,USA,North America,Neurology,II,Alzheimer's,Academic,7,14,10,12,1,0,0,PI-001,7,5,5,1,2,84,1.6,2022-04-12,2022-04-24,2023-10-05,2023-08-27,12,529,39,2,2022,FDA,2021-09-13,2021-10-14,31,0,CEC,2021-11-08,2022-03-19,131,167,3,1,1,1,1,0,0,0,0,0,0,,2,2,4,1,0,1,2050,0.574,53,3.01,adv_email,Email
SITE-01434,PROTO-B_CARDIO,Canada,North America,Cardiology,II,Heart Failure,Biotech,5,9,8,10,0,1,1,PI-018,2,8,4,1,4,1013,2.5,2023-06-29,2023-08-14,2026-01-14,2026-02-17,46,884,-34,3,2023,Other,2023-02-08,2023-06-18,130,0,IRB,2023-04-07,2023-05-09,32,129,2,1,1,1,1,0,0,0,0,0,0,,2,2,4,1,0,1,2050,0.413,400,13.57,adv_email,Email
SITE-01435,PROTO-B_CARDIO,India,Asia,Cardiology,II,Heart Failure,Biotech,5,9,8,10,0,1,1,PI-005,20,1,2,1,3,1027,3.3,2023-05-23,2023-09-29,2026-10-27,2026-09-22,129,1124,35,3,2023,Other,2023-02-16,2023-07-29,163,1,LEC,2023-03-26,2023-04-20,25,187,1,1,1,0,1,0,0,0,0,1,0,,2,2,4,1,0,1,1950,0.384,400,10.68,adv_online,Online
SITE-01436,PROTO-B_CARDIO,Japan,Asia,Cardiology,II,Heart Failure,Biotech,5,9,8,10,0,1,1,PI-023,18,5,3,1,3,1077,2.0,2021-04-28,2021-06-13,2023-02-08,2023-02-07,46,605,1,2,2021,PMDA,2020-11-13,2021-02-13,92,1,CEC,2020-12-20,2021-03-30,100,175,2,1,1,1,0,0,0,0,0,0,1,Patient registry outreach,2,2,4,1,0,1,1450,0.427,400,19.83,adv_email,Email
SITE-01437,PROTO-A_ONCO,USA,North America,Oncology,III,NSCLC,Pharma,8,18,12,15,1,1,1,PI-008,15,2,3,1,4,180,3.0,2022-08-26,2022-07-23,2025-06-21,2025-06-05,-34,1064,16,3,2022,FDA,2022-02-19,2022-06-19,120,0,IRB,2022-04-09,2022-07-11,93,105,0,1,0,0,0,0,0,0,0,0,0,,0,1,1,0,1,0,200,0.559,110,3.1,adv_poster,Poster
SITE-01438,PROTO-C_NEURO,Australia,APAC,Neurology,II,Alzheimer's,Academic,7,14,10,12,1,0,0,PI-029,16,2,3,1,3,102,2.3,2023-04-16,2023-05-03,2025-05-19,2025-07-11,17,747,-53,2,2023,Other,2022-11-13,2023-01-30,78,1,CEC,2022-11-23,2023-01-30,68,161,3,1,0,1,0,0,0,0,0,1,0,,2,1,3,1,0,1,1100,0.568,94,3.78,adv_community_presentation,Community
SITE-01439,PROTO-C_NEURO,Japan,Asia,Neurology,II,Alzheimer's,Academic,7,14,10,12,1,0,0,PI-018,16,2,1,1,0,117,2.9,2021-08-01,2022-01-03,2024-08-22,2024-08-28,155,962,-6,1,2022,PMDA,2021-04-09,2021-09-08,152,1,LEC,2021-05-14,2021-07-06,53,234,5,1,1,0,0,0,0,0,0,0,1,Patient registry outreach,1,2,3,1,0,0,950,0.536,171,5.33,adv_other,Other
SITE-01440,PROTO-C_NEURO,Japan,Asia,Neurology,II,Alzheimer's,Academic,7,14,10,12,1,0,0,PI-012,21,1,3,0,5,20,3.0,2022-08-16,2022-10-13,2025-07-01,2025-05-09,58,992,53,4,2022,PMDA,2022-02-07,2022-07-11,154,1,CEC,2022-03-27,2022-07-27,122,200,2,1,0,1,1,0,1,0,0,0,0,,2,2,4,1,0,1,2700,0.541,10,0.3,adv_email,Email
SITE-01441,PROTO-C_NEURO,USA,North America,Neurology,II,Alzheimer's,Academic,7,14,10,12,1,0,0,PI-002,5,3,1,0,4,104,1.8,2022-11-26,2023-01-20,2024-09-28,2024-11-10,55,617,-43,1,2023,FDA,2022-07-08,2022-12-14,159,0,IRB,2022-07-28,2022-10-08,72,176,2,1,1,0,0,0,1,0,0,0,0,,0,3,3,0,1,0,1150,0.542,40,1.94,adv_poster,Poster
SITE-01442,PROTO-A_ONCO,Poland,Europe,Oncology,III,NSCLC,Pharma,8,18,12,15,1,1,1,PI-016,8,1,5,1,4,174,3.6,2021-05-26,2021-08-02,2024-12-30,2024-11-22,68,1246,38,3,2021,EMA,2021-01-30,2021-04-11,71,1,LEC,2021-03-30,2021-05-15,46,125,3,0,1,0,0,1,0,0,0,0,0,,0,2,2,0,1,0,450,0.614,78,1.88,adv_newsletter,Newsletter
SITE-01443,PROTO-A_ONCO,India,Asia,Oncology,III,NSCLC,Pharma,8,18,12,15,1,1,1,PI-003,3,9,3,1,3,84,1.6,2023-01-03,2023-04-02,2024-08-01,2024-07-27,89,487,5,2,2023,Other,2022-07-31,2022-12-13,135,1,CEC,2022-08-23,2022-11-06,75,222,1,1,1,1,1,0,1,0,0,0,0,,2,3,5,1,0,1,2850,0.574,39,2.4,adv_email,Email
SITE-01444,PROTO-C_NEURO,Poland,Europe,Neurology,II,Alzheimer's,Academic,7,14,10,12,1,0,0,PI-004,22,2,3,1,1,75,1.2,2023-07-10,2023-11-26,2024-12-02,2024-10-21,139,372,42,4,2023,EMA,2023-03-23,2023-09-11,172,1,LEC,2023-05-04,2023-06-25,52,206,0,1,1,0,1,0,1,0,0,0,1,Patient registry outreach,2,3,5,1,0,1,2950,0.586,61,4.92,adv_online,Online
SITE-01445,PROTO-B_CARDIO,USA,North America,Cardiology,II,Heart Failure,Biotech,5,9,8,10,0,1,1,PI-023,14,3,5,1,6,1125,2.6,2021-02-17,2020-12-27,2023-06-08,2023-07-28,-52,893,-50,4,2020,FDA,2020-06-15,2020-09-21,98,0,CEC,2020-08-10,2020-11-24,106,139,3,1,1,0,1,0,0,0,0,0,0,,1,2,3,1,0,1,1550,0.338,400,13.44,adv_online,Online
SITE-01446,PROTO-C_NEURO,Germany,Europe,Neurology,II,Alzheimer's,Academic,7,14,10,12,1,0,0,PI-016,8,2,2,1,4,88,3.8,2022-08-14,2022-10-03,2026-05-15,2026-05-16,50,1320,-1,4,2022,EMA,2022-04-03,2022-08-23,142,1,LEC,2022-05-09,2022-07-15,67,147,1,1,1,1,0,0,1,0,0,0,0,,1,3,4,1,0,1,1650,0.626,55,1.25,adv_email,Email
SITE-01447,PROTO-A_ONCO,Japan,Asia,Oncology,III,NSCLC,Pharma,8,18,12,15,1,1,1,PI-016,18,1,5,1,7,131,2.1,2021-02-17,2021-04-03,2023-01-30,2023-01-24,45,667,6,2,2021,PMDA,2020-10-10,2020-11-25,46,1,LEC,2020-11-26,2021-01-05,40,128,1,1,1,1,0,1,0,0,0,1,0,,2,3,5,1,0,1,1550,0.644,29,1.3,adv_email,Email
SITE-01448,PROTO-B_CARDIO,Brazil,LATAM,Cardiology,II,Heart Failure,Biotech,5,9,8,10,0,1,1,PI-008,6,3,1,1,5,849,3.9,2022-09-24,2022-11-12,2026-08-01,2026-08-20,49,1358,-19,4,2022,Other,2022-06-07,2022-07-20,43,1,LEC,2022-07-23,2022-08-24,32,112,2,1,1,0,1,1,1,0,0,1,1,Patient registry outreach,3,4,7,1,0,1,3650,0.478,400,8.84,adv_online,Online
SITE-01449,PROTO-C_NEURO,Japan,Asia,Neurology,II,Alzheimer's,Academic,7,14,10,12,1,0,0,PI-005,10,0,4,1,1,20,2.6,2021-12-08,2021-12-11,2024-04-29,2024-06-26,3,870,-58,4,2021,PMDA,2021-05-27,2021-08-03,68,1,CEC,2021-07-01,2021-10-30,121,163,1,0,1,1,0,0,0,0,0,1,1,Patient registry outreach,3,1,4,1,0,1,1650,0.498,23,0.79,adv_community_presentation,Community
SITE-01450,PROTO-B_CARDIO,Poland,Europe,Cardiology,II,Heart Failure,Biotech,5,9,8,10,0,1,1,PI-024,15,4,1,0,4,1107,2.9,2023-03-05,2023-07-22,2026-03-04,2026-05-08,139,956,-65,3,2023,EMA,2022-11-01,2023-03-26,145,1,LEC,2022-12-20,2023-01-21,32,214,2,0,0,1,0,1,0,0,0,0,0,,1,1,2,1,0,1,800,0.383,400,12.55,adv_email,Email
SITE-01451,PROTO-B_CARDIO,India,Asia,Cardiology,II,Heart Failure,Biotech,5,9,8,10,0,1,1,PI-002,10,1,1,1,4,1229,2.4,2023-04-12,2023-08-10,2025-10-13,2025-10-03,120,795,10,3,2023,Other,2022-12-30,2023-04-20,111,1,LEC,2023-02-19,2023-03-11,20,172,2,1,0,1,1,0,0,0,0,0,0,,2,1,3,1,0,1,1900,0.464,400,15.09,adv_email,Email
SITE-01452,PROTO-C_NEURO,USA,North America,Neurology,II,Alzheimer's,Academic,7,14,10,12,1,0,0,PI-026,19,6,5,1,6,96,3.3,2022-02-22,2022-05-24,2025-08-20,2025-09-24,91,1184,-35,2,2022,FDA,2021-10-12,2022-04-09,179,0,IRB,2021-12-08,2022-02-07,61,167,0,1,1,0,1,0,1,0,0,1,0,,2,3,5,1,0,1,2750,0.585,87,2.2,adv_community_presentation,Community
SITE-01453,PROTO-A_ONCO,UK,Europe,Oncology,III,NSCLC,Pharma,8,18,12,15,1,1,1,PI-027,20,1,1,1,7,118,2.6,2022-11-24,2023-05-05,2025-09-17,2025-08-21,162,866,27,2,2023,MHRA,2022-09-11,2023-02-03,145,1,LEC,2022-09-29,2022-11-07,39,218,5,1,0,0,0,0,0,0,0,0,1,Patient registry outreach,1,1,2,1,0,0,800,0.569,37,1.28,adv_other,Other
SITE-01454,PROTO-A_ONCO,Germany,Europe,Oncology,III,NSCLC,Pharma,8,18,12,15,1,1,1,PI-018,23,2,4,1,2,258,1.8,2023-03-26,2023-06-30,2025-01-31,2025-01-20,96,581,11,2,2023,EMA,2022-11-22,2023-04-16,145,1,CEC,2022-12-15,2023-01-30,46,197,2,0,0,0,0,0,0,0,0,0,0,,0,0,0,0,0,0,0,0.55,174,8.98,none,None
SITE-01455,PROTO-B_CARDIO,Canada,North America,Cardiology,II,Heart Failure,Biotech,5,9,8,10,0,1,1,PI-019,23,2,3,0,4,1053,3.1,2022-02-03,2022-02-07,2025-02-18,2025-01-25,4,1107,24,1,2022,Other,2021-11-01,2022-01-14,74,0,IRB,2021-12-01,2022-01-07,37,68,3,1,1,0,0,1,0,0,0,0,0,,0,3,3,0,1,0,650,0.484,400,10.84,adv_newsletter,Newsletter
SITE-01456,PROTO-A_ONCO,USA,North America,Oncology,III,NSCLC,Pharma,8,18,12,15,1,1,1,PI-023,4,1,2,1,5,152,2.3,2021-06-21,2021-06-16,2023-08-13,2023-07-11,-5,788,33,2,2021,FDA,2021-01-19,2021-03-04,44,0,CEC,2021-02-12,2021-05-05,82,124,3,1,0,1,0,0,0,0,0,0,0,,1,1,2,1,0,1,700,0.712,33,1.26,adv_email,Email
SITE-01457,PROTO-A_ONCO,Germany,Europe,Oncology,III,NSCLC,Pharma,8,18,12,15,1,1,1,PI-020,18,4,2,0,2,221,3.8,2023-01-06,2023-02-25,2026-09-28,2026-09-02,50,1311,26,1,2023,EMA,2022-08-05,2022-12-05,122,1,CEC,2022-08-26,2022-11-18,84,183,3,0,1,0,0,0,1,0,0,0,0,,0,2,2,0,1,0,950,0.485,396,9.06,adv_pamphlet,Pamphlet
SITE-01458,PROTO-C_NEURO,Australia,APAC,Neurology,II,Alzheimer's,Academic,7,14,10,12,1,0,0,PI-013,8,1,5,1,1,67,3.5,2021-02-24,2021-04-22,2024-08-10,2024-09-06,57,1206,-27,2,2021,Other,2020-10-23,2021-01-12,81,1,LEC,2020-12-19,2021-01-18,30,124,0,1,1,0,1,0,0,0,0,1,1,Patient registry outreach,3,2,5,1,0,1,2550,0.623,58,1.44,adv_community_presentation,Community
SITE-01459,PROTO-A_ONCO,Poland,Europe,Oncology,III,NSCLC,Pharma,8,18,12,15,1,1,1,PI-013,9,4,5,1,4,265,1.1,2022-05-22,2022-10-15,2023-09-01,2023-08-12,146,321,20,4,2022,EMA,2022-02-22,2022-07-05,133,1,LEC,2022-04-03,2022-05-03,30,195,2,1,0,1,0,0,0,0,0,0,0,,1,1,2,1,0,1,700,0.6,68,6.36,adv_email,Email
SITE-01460,PROTO-A_ONCO,Japan,Asia,Oncology,III,NSCLC,Pharma,8,18,12,15,1,1,1,PI-021,20,5,2,0,6,52,2.7,2023-02-25,2023-05-01,2025-08-13,2025-07-24,65,835,20,2,2023,PMDA,2022-05-12,2022-08-17,97,1,CEC,2022-07-06,2022-12-01,148,299,3,1,0,0,0,0,0,0,0,0,0,,0,1,1,0,1,0,200,0.61,28,1.01,adv_poster,Poster
SITE-01461,PROTO-C_NEURO,Spain,Europe,Neurology,II,Alzheimer's,Academic,7,14,10,12,1,0,0,PI-006,22,2,2,1,2,42,2.9,2021-05-10,2021-07-19,2024-03-01,2024-03-03,70,956,-2,3,2021,EMA,2020-11-18,2021-04-02,135,1,CEC,2020-12-20,2021-03-07,77,211,4,1,1,1,1,1,1,0,0,1,0,,3,4,7,1,0,1,3550,0.485,53,1.66,adv_community_presentation,Community
SITE-01462,PROTO-B_CARDIO,Canada,North America,Cardiology,II,Heart Failure,Biotech,5,9,8,10,0,1,1,PI-018,24,5,5,1,7,893,1.1,2022-01-20,2022-01-04,2023-01-15,2023-01-22,-16,376,-7,1,2022,Other,2021-08-18,2021-10-31,74,0,CEC,2021-09-20,2021-12-04,75,106,0,1,1,0,1,0,0,0,0,0,0,,1,2,3,1,0,1,1550,0.432,400,31.91,adv_online,Online
SITE-01463,PROTO-A_ONCO,USA,North America,Oncology,III,NSCLC,Pharma,8,18,12,15,1,1,1,PI-020,13,4,5,1,2,151,3.7,2022-10-10,2022-10-07,2026-05-08,2026-05-12,-3,1309,-4,4,2022,FDA,2022-04-19,2022-06-27,69,0,IRB,2022-05-30,2022-09-05,98,130,3,0,1,1,1,1,1,0,0,0,0,,2,3,5,1,0,1,2950,0.654,123,2.82,adv_email,Email
SITE-01464,PROTO-A_ONCO,Germany,Europe,Oncology,III,NSCLC,Pharma,8,18,12,15,1,1,1,PI-002,4,2,3,1,3,93,3.3,2021-05-09,2021-06-08,2024-05-25,2024-04-05,30,1082,50,2,2021,EMA,2020-10-10,2020-12-29,80,1,CEC,2020-10-20,2021-03-05,136,231,3,1,0,0,0,0,0,0,0,1,0,,1,1,2,1,0,0,600,0.589,50,1.39,adv_community_presentation,Community
SITE-01465,PROTO-B_CARDIO,Japan,Asia,Cardiology,II,Heart Failure,Biotech,5,9,8,10,0,1,1,PI-010,24,0,3,1,3,964,1.6,2022-12-20,2023-01-29,2024-06-20,2024-06-02,40,508,18,1,2023,PMDA,2022-07-27,2022-11-15,111,1,CEC,2022-09-06,2022-11-15,70,145,4,0,0,0,0,1,0,0,0,0,1,Patient registry outreach,1,1,2,1,0,0,900,0.413,400,23.62,adv_other,Other
SITE-01466,PROTO-A_ONCO,India,Asia,Oncology,III,NSCLC,Pharma,8,18,12,15,1,1,1,PI-023,10,3,3,1,2,173,2.2,2022-07-09,2022-11-21,2024-10-22,2024-09-22,135,701,30,4,2022,Other,2022-04-30,2022-07-24,85,1,LEC,2022-05-13,2022-06-18,36,192,2,1,0,1,0,1,0,0,0,1,0,,2,2,4,1,0,1,1400,0.571,125,5.35,adv_email,Email
SITE-01467,PROTO-A_ONCO,Japan,Asia,Oncology,III,NSCLC,Pharma,8,18,12,15,1,1,1,PI-024,20,1,2,1,4,129,3.5,2022-11-07,2023-03-12,2026-04-27,2026-05-02,125,1142,-5,1,2023,PMDA,2022-04-19,2022-06-05,47,1,CEC,2022-05-25,2022-10-17,145,291,5,1,0,1,0,0,0,0,0,0,1,Patient registry outreach,2,1,3,1,0,1,1300,0.488,124,3.26,adv_email,Email
SITE-01468,PROTO-B_CARDIO,USA,North America,Cardiology,II,Heart Failure,Biotech,5,9,8,10,0,1,1,PI-024,2,3,3,1,2,765,3.0,2022-04-27,2022-05-03,2025-04-12,2025-03-28,6,1075,15,2,2022,FDA,2021-12-08,2022-04-10,123,0,IRB,2022-01-24,2022-03-07,42,99,2,1,0,1,1,0,0,0,0,0,0,,2,1,3,1,0,1,1900,0.424,400,11.16,adv_email,Email
SITE-01469,PROTO-C_NEURO,USA,North America,Neurology,II,Alzheimer's,Academic,7,14,10,12,1,0,0,PI-018,8,4,4,1,5,84,1.4,2023-09-12,2023-12-25,2025-03-19,2025-03-28,104,450,-9,4,2023,FDA,2023-05-28,2023-09-22,117,0,IRB,2023-06-17,2023-08-18,62,191,8,0,1,0,1,0,0,0,0,0,0,,1,1,2,1,0,1,1350,0.578,22,1.47,adv_online,Online
SITE-01470,PROTO-B_CARDIO,Japan,Asia,Cardiology,II,Heart Failure,Biotech,5,9,8,10,0,1,1,PI-026,21,2,1,1,1,977,1.6,2022-04-30,2022-06-29,2023-11-03,2023-09-22,60,492,42,2,2022,PMDA,2021-12-20,2022-03-04,74,1,CEC,2022-01-08,2022-04-07,89,172,2,1,0,0,1,1,1,0,0,1,1,Patient registry outreach,3,3,6,1,0,1,3500,0.425,400,24.39,adv_online,Online
SITE-01471,PROTO-B_CARDIO,Brazil,LATAM,Cardiology,II,Heart Failure,Biotech,5,9,8,10,0,1,1,PI-012,12,4,5,1,5,747,4.0,2022-07-03,2022-08-30,2026-06-08,2026-08-03,58,1378,-56,3,2022,Other,2022-02-12,2022-05-25,102,1,LEC,2022-04-11,2022-06-09,59,141,0,1,0,1,1,0,0,0,0,1,0,,3,1,4,1,0,1,2300,0.433,400,8.71,adv_email,Email
SITE-01472,PROTO-C_NEURO,India,Asia,Neurology,II,Alzheimer's,Academic,7,14,10,12,1,0,0,PI-028,15,3,4,1,4,34,1.9,2021-07-16,2021-12-25,2023-08-11,2023-08-03,162,594,8,4,2021,Other,2021-04-08,2021-07-30,113,1,LEC,2021-05-20,2021-06-11,22,219,1,1,0,1,1,0,0,0,0,0,1,Patient registry outreach,3,1,4,1,0,1,2500,0.568,24,1.21,adv_email,Email
SITE-01473,PROTO-C_NEURO,Poland,Europe,Neurology,II,Alzheimer's,Academic,7,14,10,12,1,0,0,PI-019,24,2,3,1,6,165,2.6,2022-01-03,2022-05-01,2024-08-28,2024-09-25,118,850,-28,2,2022,EMA,2021-08-14,2022-01-03,142,1,CEC,2021-10-02,2021-12-05,64,211,2,1,1,1,1,1,0,0,0,1,0,,3,3,6,1,0,1,2750,0.525,131,4.62,adv_community_presentation,Community
SITE-01474,PROTO-C_NEURO,USA,North America,Neurology,II,Alzheimer's,Academic,7,14,10,12,1,0,0,PI-013,24,4,5,1,4,66,1.5,2023-09-19,2023-10-31,2025-03-30,2025-02-17,42,516,41,4,2023,FDA,2023-04-26,2023-09-10,137,0,IRB,2023-06-07,2023-08-15,69,146,2,0,1,1,1,0,0,0,0,1,0,,3,1,4,1,0,1,2250,0.559,56,3.26,adv_community_presentation,Community
SITE-01475,PROTO-C_NEURO,India,Asia,Neurology,II,Alzheimer's,Academic,7,14,10,12,1,0,0,PI-009,24,1,2,1,8,71,2.1,2022-07-09,2022-07-17,2024-06-03,2024-07-02,8,687,-29,3,2022,Other,2021-12-22,2022-05-22,151,1,CEC,2022-01-21,2022-04-27,96,177,0,1,1,1,0,1,0,0,0,1,1,Patient registry outreach,3,3,6,1,0,1,2150,0.509,33,1.44,adv_community_presentation,Community
SITE-01476,PROTO-B_CARDIO,USA,North America,Cardiology,II,Heart Failure,Biotech,5,9,8,10,0,1,1,PI-022,23,3,2,1,5,993,2.3,2023-01-07,2023-01-21,2025-03-27,2025-04-25,14,796,-29,1,2023,FDA,2022-09-23,2022-10-25,32,0,IRB,2022-11-03,2022-12-22,49,79,3,0,1,0,1,0,1,1,0,0,1,Patient registry outreach,2,3,5,1,0,1,4250,0.374,400,15.08,adv_online,Online
SITE-01477,PROTO-C_NEURO,USA,North America,Neurology,II,Alzheimer's,Academic,7,14,10,12,1,0,0,PI-010,6,3,1,1,5,87,2.1,2021-05-14,2021-06-01,2023-06-03,2023-04-26,18,732,38,2,2021,FDA,2021-01-28,2021-04-17,79,0,IRB,2021-03-09,2021-04-19,41,84,3,1,1,1,1,0,0,0,0,0,0,,2,2,4,1,0,1,2050,0.581,31,1.27,adv_email,Email
SITE-01478,PROTO-C_NEURO,Poland,Europe,Neurology,II,Alzheimer's,Academic,7,14,10,12,1,0,0,PI-024,6,0,1,1,2,33,2.4,2022-05-28,2022-10-01,2024-12-04,2024-12-14,126,795,-10,4,2022,EMA,2022-02-27,2022-06-06,99,1,LEC,2022-03-23,2022-04-18,26,192,4,1,1,1,0,0,0,0,0,0,0,,1,2,3,1,0,1,850,0.463,26,0.98,adv_email,Email
SITE-01479,PROTO-A_ONCO,UK,Europe,Oncology,III,NSCLC,Pharma,8,18,12,15,1,1,1,PI-020,22,3,2,1,3,185,1.8,2021-12-07,2022-03-28,2023-11-16,2023-12-18,111,598,-32,1,2022,MHRA,2021-08-06,2022-01-09,156,1,LEC,2021-09-15,2021-10-29,44,194,2,1,1,1,0,0,0,0,0,0,0,,1,2,3,1,0,1,850,0.604,115,5.77,adv_email,Email
SITE-01480,PROTO-A_ONCO,Japan,Asia,Oncology,III,NSCLC,Pharma,8,18,12,15,1,1,1,PI-003,2,2,2,0,3,332,3.2,2022-12-26,2023-02-26,2026-01-24,2026-02-03,62,1063,-10,1,2023,PMDA,2022-06-07,2022-09-01,86,1,CEC,2022-07-07,2022-10-24,109,234,0,1,1,0,1,1,0,0,0,0,0,,1,3,4,1,0,1,1850,0.561,164,4.63,adv_online,Online
SITE-01481,PROTO-C_NEURO,USA,North America,Neurology,II,Alzheimer's,Academic,7,14,10,12,1,0,0,PI-012,12,3,3,1,2,122,2.7,2023-04-19,2023-03-23,2025-11-02,2025-12-01,-27,955,-29,1,2023,FDA,2022-10-26,2023-01-26,92,0,IRB,2022-12-15,2023-02-27,74,98,1,1,1,1,1,0,1,0,0,0,0,,2,3,5,1,0,1,2850,0.402,117,3.68,adv_email,Email
SITE-01482,PROTO-A_ONCO,Spain,Europe,Oncology,III,NSCLC,Pharma,8,18,12,15,1,1,1,PI-021,14,2,4,1,3,215,2.3,2022-02-08,2022-05-19,2024-05-20,2024-07-06,100,732,-47,2,2022,EMA,2021-09-28,2021-11-13,46,1,LEC,2021-11-08,2022-01-01,54,192,2,1,0,0,0,0,0,0,0,1,0,,1,1,2,1,0,0,600,0.643,100,4.1,adv_community_presentation,Community
SITE-01483,PROTO-C_NEURO,Canada,North America,Neurology,II,Alzheimer's,Academic,7,14,10,12,1,0,0,PI-028,12,3,4,1,4,39,2.5,2021-06-15,2021-10-16,2024-03-21,2024-02-20,123,887,30,4,2021,Other,2021-04-04,2021-09-29,178,0,IRB,2021-04-27,2021-05-29,32,172,3,1,1,0,0,0,0,0,0,0,0,,0,2,2,0,1,0,350,0.497,29,0.98,adv_poster,Poster
SITE-01484,PROTO-C_NEURO,India,Asia,Neurology,II,Alzheimer's,Academic,7,14,10,12,1,0,0,PI-003,15,6,3,1,8,120,3.1,2022-07-03,2023-01-06,2025-11-16,2025-12-15,187,1045,-29,1,2023,Other,2022-05-08,2022-09-20,135,1,LEC,2022-05-23,2022-06-20,28,228,5,0,1,1,1,0,0,0,0,1,0,,3,1,4,1,0,1,2250,0.588,58,1.67,adv_community_presentation,Community
SITE-01485,PROTO-B_CARDIO,UK,Europe,Cardiology,II,Heart Failure,Biotech,5,9,8,10,0,1,1,PI-015,4,4,3,1,5,825,3.8,2023-07-09,2023-12-07,2027-06-08,2027-05-30,151,1279,9,4,2023,MHRA,2023-04-16,2023-08-03,109,1,LEC,2023-05-09,2023-06-11,33,212,1,1,1,1,1,0,1,0,0,0,0,,2,3,5,1,0,1,2850,0.479,400,9.38,adv_email,Email
SITE-01486,PROTO-B_CARDIO,Spain,Europe,Cardiology,II,Heart Failure,Biotech,5,9,8,10,0,1,1,PI-005,17,5,1,1,3,1124,3.1,2021-03-26,2021-06-25,2024-03-26,2024-03-11,91,1005,15,2,2021,EMA,2020-10-15,2021-01-11,88,1,CEC,2020-11-03,2021-03-06,123,234,7,1,1,0,0,1,0,0,0,1,0,,1,3,4,1,0,0,1050,0.499,400,11.94,adv_community_presentation,Community
SITE-01487,PROTO-B_CARDIO,USA,North America,Cardiology,II,Heart Failure,Biotech,5,9,8,10,0,1,1,PI-001,5,2,3,1,5,819,1.6,2023-02-05,2023-02-20,2024-08-01,2024-08-10,15,528,-9,1,2023,FDA,2022-08-28,2023-01-26,151,0,IRB,2022-09-20,2022-12-23,94,153,5,1,1,1,1,0,0,0,0,1,0,,3,2,5,1,0,1,2450,0.501,393,22.33,adv_email,Email
SITE-01488,PROTO-C_NEURO,USA,North America,Neurology,II,Alzheimer's,Academic,7,14,10,12,1,0,0,PI-005,7,5,5,1,2,145,3.0,2021-04-26,2021-04-12,2024-03-17,2024-02-12,-14,1070,34,2,2021,FDA,2020-11-12,2021-02-21,101,0,IRB,2020-12-24,2021-03-11,77,109,0,1,0,0,0,0,0,0,0,0,0,,0,1,1,0,1,0,200,0.494,121,3.39,adv_poster,Poster
SITE-01489,PROTO-B_CARDIO,Germany,Europe,Cardiology,II,Heart Failure,Biotech,5,9,8,10,0,1,1,PI-010,7,2,4,1,6,980,3.1,2022-11-24,2023-01-25,2025-10-19,2025-10-17,62,998,2,1,2023,EMA,2022-04-22,2022-10-14,175,1,CEC,2022-05-30,2022-09-01,94,240,3,0,1,1,0,0,0,0,0,0,0,,1,1,2,1,0,1,650,0.446,400,12.02,adv_email,Email
SITE-01490,PROTO-C_NEURO,USA,North America,Neurology,II,Alzheimer's,Academic,7,14,10,12,1,0,0,PI-018,23,1,3,1,3,25,1.9,2021-09-27,2022-02-03,2023-12-12,2023-11-09,129,677,33,1,2022,FDA,2021-07-21,2022-01-02,165,0,IRB,2021-07-31,2021-09-06,37,187,1,0,1,1,0,0,1,0,0,0,0,,1,2,3,1,0,1,1450,0.563,20,0.89,adv_email,Email
SITE-01491,PROTO-A_ONCO,Spain,Europe,Oncology,III,NSCLC,Pharma,8,18,12,15,1,1,1,PI-022,12,3,1,1,4,245,2.9,2022-04-08,2022-07-02,2025-03-30,2025-01-31,85,1002,58,3,2022,EMA,2022-02-03,2022-04-21,77,1,LEC,2022-02-20,2022-03-13,21,132,3,1,0,1,1,0,0,0,0,1,1,Patient registry outreach,4,1,5,1,0,1,2900,0.499,190,5.69,adv_email,Email
SITE-01492,PROTO-C_NEURO,Poland,Europe,Neurology,II,Alzheimer's,Academic,7,14,10,12,1,0,0,PI-028,18,3,1,1,5,104,1.4,2023-06-22,2023-09-30,2024-12-01,2024-11-06,100,428,25,3,2023,EMA,2023-02-18,2023-06-30,132,1,LEC,2023-04-18,2023-06-02,45,165,2,1,1,1,0,0,0,0,0,0,0,,1,2,3,1,0,1,850,0.596,37,2.59,adv_email,Email
SITE-01493,PROTO-A_ONCO,UK,Europe,Oncology,III,NSCLC,Pharma,8,18,12,15,1,1,1,PI-006,12,3,3,1,7,172,2.1,2022-02-25,2022-06-12,2024-05-02,2024-04-11,107,690,21,2,2022,MHRA,2021-11-30,2022-04-02,123,1,LEC,2022-01-08,2022-02-11,34,155,0,1,1,1,0,0,0,0,0,0,0,,1,2,3,1,0,1,850,0.555,50,2.17,adv_email,Email
SITE-01494,PROTO-A_ONCO,Poland,Europe,Oncology,III,NSCLC,Pharma,8,18,12,15,1,1,1,PI-003,20,1,3,1,2,157,3.7,2022-07-02,2022-09-26,2026-04-05,2026-05-13,86,1287,-38,3,2022,EMA,2022-04-11,2022-06-23,73,1,LEC,2022-05-29,2022-06-19,21,120,0,0,0,1,0,1,0,0,0,1,1,Patient registry outreach,3,1,4,1,0,1,1800,0.59,180,4.2,adv_email,Email
SITE-01495,PROTO-B_CARDIO,Germany,Europe,Cardiology,II,Heart Failure,Biotech,5,9,8,10,0,1,1,PI-023,24,4,2,1,4,855,2.0,2022-01-30,2022-04-20,2024-01-16,2024-01-02,80,636,14,2,2022,EMA,2021-10-09,2021-12-31,83,1,CEC,2021-10-26,2021-12-12,47,176,1,0,0,0,0,1,0,0,0,1,0,,1,1,2,1,0,0,700,0.478,400,18.87,adv_community_presentation,Community
SITE-01496,PROTO-A_ONCO,Japan,Asia,Oncology,III,NSCLC,Pharma,8,18,12,15,1,1,1,PI-013,2,4,2,1,7,207,3.3,2022-11-18,2023-01-20,2026-02-12,2026-01-30,63,1119,13,1,2023,PMDA,2022-04-30,2022-10-19,172,1,CEC,2022-06-11,2022-09-25,106,223,0,0,1,1,0,0,0,0,0,0,0,,1,1,2,1,0,1,650,0.601,49,1.31,adv_email,Email
SITE-01497,PROTO-B_CARDIO,UK,Europe,Cardiology,II,Heart Failure,Biotech,5,9,8,10,0,1,1,PI-008,13,2,1,1,3,951,2.6,2023-03-31,2023-06-03,2025-09-11,2025-09-09,64,831,2,2,2023,MHRA,2022-10-11,2023-01-27,108,1,CEC,2022-11-11,2023-03-06,115,204,2,1,0,0,1,1,0,0,0,0,0,,1,2,3,1,0,1,1700,0.413,400,14.44,adv_online,Online
SITE-01498,PROTO-B_CARDIO,Poland,Europe,Cardiology,II,Heart Failure,Biotech,5,9,8,10,0,1,1,PI-012,12,3,5,1,1,913,2.7,2021-03-08,2021-04-15,2023-10-20,2023-10-18,38,918,2,2,2021,EMA,2020-11-16,2021-02-10,86,1,LEC,2021-01-01,2021-02-01,31,104,2,1,0,1,0,0,0,0,0,1,0,,2,1,3,1,0,1,1100,0.4,400,13.07,adv_email,Email
SITE-01499,PROTO-C_NEURO,USA,North America,Neurology,II,Alzheimer's,Academic,7,14,10,12,1,0,0,PI-002,18,2,5,1,6,64,3.6,2023-01-14,2023-02-03,2026-08-09,2026-09-03,20,1283,-25,1,2023,FDA,2022-08-18,2023-01-24,159,0,IRB,2022-09-25,2022-12-05,71,131,1,1,1,0,1,0,0,0,0,1,0,,2,2,4,1,0,1,1950,0.472,55,1.29,adv_community_presentation,Community
SITE-01500,PROTO-B_CARDIO,Japan,Asia,Cardiology,II,Heart Failure,Biotech,5,9,8,10,0,1,1,PI-022,14,1,2,1,6,743,3.8,2021-06-26,2021-11-13,2025-05-27,2025-04-27,140,1291,30,4,2021,PMDA,2021-01-19,2021-06-28,160,1,CEC,2021-03-05,2021-05-02,58,253,2,1,0,0,0,0,1,0,0,1,0,,1,2,3,1,0,0,1400,0.372,400,9.3,adv_community_presentation,Community
SITE-01501,PROTO-B_CARDIO,USA,North America,Cardiology,II,Heart Failure,Biotech,5,9,8,10,0,1,1,PI-003,5,1,2,1,1,875,1.5,2021-03-13,2021-04-10,2022-09-06,2022-07-29,28,514,39,2,2021,FDA,2020-11-17,2020-12-22,35,0,IRB,2020-12-18,2021-02-15,59,113,2,1,0,0,0,0,0,0,0,1,0,,1,1,2,1,0,0,600,0.392,400,23.35,adv_community_presentation,Community
SITE-01502,PROTO-B_CARDIO,USA,North America,Cardiology,II,Heart Failure,Biotech,5,9,8,10,0,1,1,PI-027,9,6,5,1,4,1038,3.9,2021-03-17,2021-05-02,2025-03-02,2025-04-09,46,1400,-38,2,2021,FDA,2020-10-20,2021-03-30,161,0,IRB,2020-12-08,2021-01-19,42,145,1,1,1,0,1,0,0,0,0,0,0,,1,2,3,1,0,1,1550,0.454,400,8.57,adv_online,Online
SITE-01503,PROTO-B_CARDIO,UK,Europe,Cardiology,II,Heart Failure,Biotech,5,9,8,10,0,1,1,PI-001,21,2,4,1,6,927,2.7,2023-03-15,2023-06-13,2025-10-24,2025-10-17,90,864,7,2,2023,MHRA,2022-12-05,2023-01-31,57,1,LEC,2023-01-02,2023-02-14,43,162,2,1,1,1,0,0,0,0,0,0,0,,1,2,3,1,0,1,850,0.408,400,13.89,adv_email,Email
SITE-01504,PROTO-B_CARDIO,USA,North America,Cardiology,II,Heart Failure,Biotech,5,9,8,10,0,1,1,PI-009,13,4,4,1,7,982,2.8,2021-11-12,2021-11-20,2024-08-22,2024-08-23,8,1006,-1,4,2021,FDA,2021-06-16,2021-10-24,130,0,IRB,2021-08-03,2021-09-17,45,109,0,1,0,0,0,0,1,0,0,1,0,,1,2,3,1,0,0,1400,0.411,400,11.93,adv_community_presentation,Community
SITE-01505,PROTO-C_NEURO,Japan,Asia,Neurology,II,Alzheimer's,Academic,7,14,10,12,1,0,0,PI-020,6,3,4,1,4,114,1.9,2021-11-15,2021-11-13,2023-07-21,2023-06-29,-2,615,22,4,2021,PMDA,2021-05-29,2021-09-20,114,1,CEC,2021-06-14,2021-09-15,93,152,2,1,1,0,0,1,1,0,0,0,0,,0,4,4,0,1,0,1450,0.479,53,2.59,adv_newsletter,Newsletter
SITE-01506,PROTO-C_NEURO,India,Asia,Neurology,II,Alzheimer's,Academic,7,14,10,12,1,0,0,PI-024,22,4,2,1,5,47,1.2,2022-01-28,2022-03-10,2023-02-12,2023-02-07,41,339,5,1,2022,Other,2021-09-10,2021-12-11,92,1,LEC,2021-10-23,2021-12-18,56,138,1,1,1,0,0,1,1,0,0,0,0,,0,4,4,0,1,0,1450,0.543,21,1.86,adv_newsletter,Newsletter
SITE-01507,PROTO-C_NEURO,USA,North America,Neurology,II,Alzheimer's,Academic,7,14,10,12,1,0,0,PI-022,7,3,5,1,4,143,2.2,2021-05-07,2021-05-08,2023-06-11,2023-07-10,1,764,-29,2,2021,FDA,2020-11-17,2021-03-31,134,0,IRB,2020-12-11,2021-03-11,90,148,3,1,0,0,1,0,0,0,0,0,1,Patient registry outreach,2,1,3,1,0,1,2000,0.551,84,3.3,adv_online,Online
SITE-01508,PROTO-B_CARDIO,Brazil,LATAM,Cardiology,II,Heart Failure,Biotech,5,9,8,10,0,1,1,PI-007,18,4,4,1,1,1240,3.6,2022-11-16,2023-01-14,2026-06-10,2026-06-11,59,1243,-1,1,2023,Other,2022-06-27,2022-11-07,133,1,LEC,2022-08-22,2022-10-11,50,145,6,1,0,1,0,0,0,0,0,1,0,,2,1,3,1,0,1,1100,0.353,400,9.65,adv_email,Email
SITE-01509,PROTO-B_CARDIO,UK,Europe,Cardiology,II,Heart Failure,Biotech,5,9,8,10,0,1,1,PI-024,18,7,5,1,5,988,1.5,2023-07-08,2023-07-25,2024-10-15,2024-10-30,17,448,-15,3,2023,MHRA,2022-11-27,2023-03-18,111,1,CEC,2022-12-31,2023-05-03,123,206,2,1,1,0,0,0,0,0,1,0,0,,0,3,3,0,1,0,5350,0.42,400,26.79,adv_poster,Poster
SITE-01510,PROTO-A_ONCO,USA,North America,Oncology,III,NSCLC,Pharma,8,18,12,15,1,1,1,PI-022,17,3,3,1,3,204,3.2,2022-03-20,2022-03-24,2025-04-27,2025-05-02,4,1130,-5,1,2022,FDA,2021-11-19,2022-01-07,49,0,IRB,2021-12-13,2022-02-17,66,101,4,1,1,0,1,1,0,0,0,0,0,,1,3,4,1,0,1,1850,0.641,140,3.72,adv_online,Online
SITE-01511,PROTO-B_CARDIO,USA,North America,Cardiology,II,Heart Failure,Biotech,5,9,8,10,0,1,1,PI-010,10,1,1,1,4,1350,2.4,2021-01-30,2021-03-27,2023-07-14,2023-08-05,56,839,-22,1,2021,FDA,2020-09-20,2021-01-29,131,0,IRB,2020-10-25,2020-12-23,59,153,2,1,1,1,1,1,0,0,0,1,0,,3,3,6,1,0,1,2750,0.416,400,14.3,adv_email,Email
SITE-01512,PROTO-B_CARDIO,Poland,Europe,Cardiology,II,Heart Failure,Biotech,5,9,8,10,0,1,1,PI-012,12,7,3,1,8,1155,2.7,2023-09-10,2024-01-15,2026-07-10,2026-07-04,127,907,6,1,2024,EMA,2023-06-27,2023-10-12,107,1,LEC,2023-07-27,2023-08-19,23,172,2,1,0,0,0,0,0,0,0,0,0,,0,1,1,0,1,0,200,0.374,400,13.23,adv_poster,Poster
SITE-01513,PROTO-A_ONCO,UK,Europe,Oncology,III,NSCLC,Pharma,8,18,12,15,1,1,1,PI-029,5,2,4,1,2,159,2.4,2022-01-12,2022-02-11,2024-04-23,2024-04-22,30,802,1,1,2022,MHRA,2021-08-12,2021-10-18,67,1,LEC,2021-09-28,2021-12-04,67,136,0,1,0,0,0,0,0,0,1,0,0,,0,2,2,0,1,0,5200,0.549,83,3.1,adv_poster,Poster
SITE-01514,PROTO-B_CARDIO,USA,North America,Cardiology,II,Heart Failure,Biotech,5,9,8,10,0,1,1,PI-003,21,3,2,1,6,852,1.0,2023-01-28,2023-02-05,2024-01-03,2023-12-29,8,332,5,1,2023,FDA,2022-09-05,2022-10-09,34,0,IRB,2022-10-19,2023-01-05,78,109,1,1,0,0,0,0,0,0,0,1,0,,1,1,2,1,0,0,600,0.382,400,36.14,adv_community_presentation,Community
SITE-01515,PROTO-B_CARDIO,Brazil,LATAM,Cardiology,II,Heart Failure,Biotech,5,9,8,10,0,1,1,PI-020,16,1,5,1,1,1103,1.3,2021-03-10,2021-04-26,2022-06-20,2022-07-28,47,420,-38,2,2021,Other,2020-12-14,2021-02-12,60,1,LEC,2021-01-18,2021-02-15,28,98,2,1,0,0,1,0,0,0,0,0,0,,1,1,2,1,0,1,1400,0.326,400,28.57,adv_online,Online
SITE-01516,PROTO-A_ONCO,USA,North America,Oncology,III,NSCLC,Pharma,8,18,12,15,1,1,1,PI-011,24,4,1,1,8,64,1.2,2022-05-14,2022-07-22,2023-08-26,2023-07-19,69,400,38,3,2022,FDA,2021-12-25,2022-06-10,167,0,IRB,2022-01-13,2022-04-14,91,190,2,1,0,1,0,1,0,0,0,0,0,,1,2,3,1,0,1,1000,0.615,13,0.97,adv_email,Email
SITE-01517,PROTO-B_CARDIO,Canada,North America,Cardiology,II,Heart Failure,Biotech,5,9,8,10,0,1,1,PI-003,6,5,5,1,4,835,2.2,2022-05-13,2022-03-22,2024-05-01,2024-06-26,-52,771,-56,1,2022,Other,2021-10-26,2022-03-25,150,0,CEC,2021-12-15,2022-03-22,97,97,0,1,1,1,1,1,1,0,0,1,1,Patient registry outreach,4,4,8,1,0,1,4150,0.384,400,15.56,adv_email,Email
SITE-01518,PROTO-C_NEURO,Japan,Asia,Neurology,II,Alzheimer's,Academic,7,14,10,12,1,0,0,PI-026,5,2,2,1,2,134,3.0,2022-09-29,2022-12-29,2025-08-28,2025-09-10,91,973,-13,4,2022,PMDA,2022-04-24,2022-08-01,99,1,CEC,2022-05-05,2022-08-12,99,238,4,1,1,1,0,1,0,0,0,1,0,,2,3,5,1,0,1,1550,0.53,103,3.18,adv_community_presentation,Community
SITE-01519,PROTO-B_CARDIO,USA,North America,Cardiology,II,Heart Failure,Biotech,5,9,8,10,0,1,1,PI-011,20,5,3,1,6,1022,2.1,2023-01-27,2023-04-10,2025-04-01,2025-04-12,73,722,-11,2,2023,FDA,2022-09-07,2023-02-17,163,0,IRB,2022-10-26,2022-12-07,42,166,6,1,1,0,1,1,0,1,0,1,0,,2,4,6,1,0,1,3750,0.447,400,16.62,adv_online,Online
SITE-01520,PROTO-B_CARDIO,Brazil,LATAM,Cardiology,II,Heart Failure,Biotech,5,9,8,10,0,1,1,PI-016,10,3,2,1,6,925,2.9,2022-04-11,2022-08-19,2025-04-27,2025-04-30,130,982,-3,3,2022,Other,2021-11-27,2022-05-12,166,1,LEC,2022-01-18,2022-03-17,58,213,2,1,1,1,1,1,0,0,0,0,0,,2,3,5,1,0,1,2350,0.508,400,12.22,adv_email,Email
SITE-01521,PROTO-B_CARDIO,Poland,Europe,Cardiology,II,Heart Failure,Biotech,5,9,8,10,0,1,1,PI-009,11,2,5,1,3,917,2.6,2022-01-05,2022-03-01,2024-07-18,2024-07-21,55,870,-3,1,2022,EMA,2021-08-31,2021-12-14,105,1,LEC,2021-10-28,2021-12-13,46,124,2,0,0,0,1,1,1,0,0,0,0,,1,2,3,1,0,1,2300,0.461,400,13.79,adv_online,Online
SITE-01522,PROTO-C_NEURO,USA,North America,Neurology,II,Alzheimer's,Academic,7,14,10,12,1,0,0,PI-020,5,4,1,1,6,82,3.9,2023-07-24,2023-09-02,2027-06-22,2027-08-15,40,1389,-54,3,2023,FDA,2023-02-07,2023-07-25,168,0,IRB,2023-04-04,2023-06-10,67,151,2,1,1,1,1,0,0,0,0,0,0,,2,2,4,1,0,1,2050,0.553,53,1.14,adv_email,Email
SITE-01523,PROTO-A_ONCO,UK,Europe,Oncology,III,NSCLC,Pharma,8,18,12,15,1,1,1,PI-023,24,4,1,1,4,60,1.9,2021-02-15,2021-03-27,2022-12-19,2022-10-16,40,632,64,1,2021,MHRA,2020-09-03,2021-01-20,139,1,CEC,2020-10-31,2021-01-01,62,147,1,1,1,1,0,0,1,0,0,0,0,,1,3,4,1,0,1,1650,0.528,40,1.9,adv_email,Email
SITE-01524,PROTO-C_NEURO,Japan,Asia,Neurology,II,Alzheimer's,Academic,7,14,10,12,1,0,0,PI-010,2,3,5,1,6,120,1.0,2022-05-24,2022-05-31,2023-03-05,2023-03-02,7,278,3,2,2022,PMDA,2021-10-07,2022-01-30,115,1,CEC,2021-11-28,2022-03-09,101,184,1,1,0,0,1,0,0,0,0,0,0,,1,1,2,1,0,1,1400,0.551,22,2.37,adv_online,Online
SITE-01525,PROTO-C_NEURO,UK,Europe,Neurology,II,Alzheimer's,Academic,7,14,10,12,1,0,0,PI-017,20,5,4,1,3,113,2.4,2023-05-22,2023-09-25,2025-11-12,2025-11-23,126,779,-11,3,2023,MHRA,2023-02-06,2023-06-29,143,1,LEC,2023-03-17,2023-04-15,29,192,3,1,1,0,1,1,0,0,0,0,1,Patient registry outreach,2,3,5,1,0,1,2450,0.553,114,4.39,adv_online,Online
SITE-01526,PROTO-B_CARDIO,Germany,Europe,Cardiology,II,Heart Failure,Biotech,5,9,8,10,0,1,1,PI-007,17,5,2,1,4,961,1.4,2022-05-13,2022-06-26,2023-07-24,2023-08-22,44,393,-29,2,2022,EMA,2021-10-17,2021-12-26,70,1,CEC,2021-11-18,2022-03-30,132,220,1,0,1,0,1,0,0,0,0,1,1,Patient registry outreach,3,1,4,1,0,1,2350,0.373,400,30.53,adv_online,Online
SITE-01527,PROTO-B_CARDIO,UK,Europe,Cardiology,II,Heart Failure,Biotech,5,9,8,10,0,1,1,PI-001,10,3,2,1,2,1259,1.2,2023-09-13,2023-12-15,2024-11-03,2024-10-20,93,324,14,4,2023,MHRA,2023-04-11,2023-08-12,123,1,CEC,2023-05-29,2023-08-06,69,200,1,1,1,1,0,0,0,0,0,1,0,,2,2,4,1,0,1,1250,0.375,400,37.04,adv_email,Email
SITE-01528,PROTO-C_NEURO,Poland,Europe,Neurology,II,Alzheimer's,Academic,7,14,10,12,1,0,0,PI-005,8,1,1,1,4,116,3.1,2023-09-19,2023-12-14,2026-09-17,2026-07-11,86,1008,68,4,2023,EMA,2023-04-07,2023-08-01,116,1,CEC,2023-04-23,2023-07-26,94,235,1,1,1,1,0,0,0,0,0,0,1,Patient registry outreach,2,2,4,1,0,1,1450,0.545,75,2.23,adv_email,Email
SITE-01529,PROTO-A_ONCO,UK,Europe,Oncology,III,NSCLC,Pharma,8,18,12,15,1,1,1,PI-002,23,5,4,1,5,292,2.0,2022-01-11,2022-06-03,2024-03-15,2024-04-15,143,651,-31,2,2022,MHRA,2021-10-03,2022-02-04,124,1,LEC,2021-10-15,2021-12-02,48,231,4,1,0,1,0,0,1,0,0,0,1,Patient registry outreach,2,2,4,1,0,1,2100,0.628,140,6.45,adv_email,Email
SITE-01530,PROTO-A_ONCO,Germany,Europe,Oncology,III,NSCLC,Pharma,8,18,12,15,1,1,1,PI-012,11,1,1,1,3,20,2.3,2022-03-21,2022-05-06,2024-05-01,2024-05-02,46,726,-1,2,2022,EMA,2021-07-29,2021-12-02,126,1,CEC,2021-09-18,2022-01-24,128,230,3,1,0,1,0,1,0,0,0,0,1,Patient registry outreach,2,2,4,1,0,1,1600,0.459,13,0.54,adv_email,Email
SITE-01531,PROTO-A_ONCO,USA,North America,Oncology,III,NSCLC,Pharma,8,18,12,15,1,1,1,PI-022,4,3,5,1,2,155,1.1,2022-09-06,2022-09-24,2023-09-30,2023-11-03,18,371,-34,3,2022,FDA,2022-04-07,2022-08-16,131,0,IRB,2022-05-18,2022-07-20,63,129,3,0,0,0,0,0,1,0,1,0,0,,0,2,2,0,1,0,5800,0.535,41,3.32,adv_tv,TV
SITE-01532,PROTO-C_NEURO,Poland,Europe,Neurology,II,Alzheimer's,Academic,7,14,10,12,1,0,0,PI-011,19,8,5,0,3,115,3.9,2021-11-03,2022-05-23,2025-12-18,2025-12-24,201,1305,-6,2,2022,EMA,2021-07-10,2021-12-23,166,1,LEC,2021-08-03,2021-09-23,51,293,2,1,1,1,0,0,0,1,0,0,0,,1,3,4,1,0,1,2350,0.623,111,2.55,adv_email,Email
SITE-01533,PROTO-B_CARDIO,Australia,APAC,Cardiology,II,Heart Failure,Biotech,5,9,8,10,0,1,1,PI-024,8,6,1,1,6,951,2.8,2022-04-13,2022-07-18,2025-01-27,2025-01-15,96,924,12,3,2022,Other,2022-02-05,2022-03-27,50,1,LEC,2022-02-16,2022-03-21,33,152,4,0,1,1,1,0,0,0,0,1,0,,3,1,4,1,0,1,2250,0.447,400,12.99,adv_email,Email
SITE-01534,PROTO-B_CARDIO,UK,Europe,Cardiology,II,Heart Failure,Biotech,5,9,8,10,0,1,1,PI-020,15,3,5,1,3,729,3.1,2023-01-30,2023-06-26,2026-04-17,2026-04-20,147,1026,-3,2,2023,MHRA,2022-10-21,2023-03-05,135,1,LEC,2022-11-11,2022-12-31,50,227,6,0,0,1,0,0,1,0,0,1,0,,2,1,3,1,0,1,1700,0.453,400,11.7,adv_email,Email
SITE-01535,PROTO-B_CARDIO,UK,Europe,Cardiology,II,Heart Failure,Biotech,5,9,8,10,0,1,1,PI-027,15,2,2,1,2,914,1.7,2023-08-31,2023-10-22,2025-02-10,2024-12-16,52,477,56,4,2023,MHRA,2023-01-15,2023-04-13,88,1,CEC,2023-02-28,2023-06-14,106,236,5,0,1,1,1,0,0,0,0,0,0,,2,1,3,1,0,1,1850,0.312,400,25.16,adv_email,Email
SITE-01536,PROTO-C_NEURO,Australia,APAC,Neurology,II,Alzheimer's,Academic,7,14,10,12,1,0,0,PI-010,17,3,1,1,5,33,2.0,2022-03-18,2022-07-01,2024-03-30,2024-03-12,105,638,18,3,2022,Other,2021-11-15,2022-04-04,140,1,LEC,2022-01-11,2022-02-03,23,171,1,1,1,0,1,0,0,0,0,0,0,,1,2,3,1,0,1,1550,0.545,14,0.66,adv_online,Online
SITE-01537,PROTO-C_NEURO,Poland,Europe,Neurology,II,Alzheimer's,Academic,7,14,10,12,1,0,0,PI-028,18,5,2,1,1,90,2.2,2023-08-12,2023-11-08,2025-11-10,2025-11-09,88,733,1,4,2023,EMA,2023-04-24,2023-09-10,139,1,LEC,2023-06-06,2023-07-05,29,155,1,1,1,1,1,0,0,1,0,1,0,,3,3,6,1,0,1,3950,0.656,58,2.37,adv_community_presentation,Community
SITE-01538,PROTO-A_ONCO,UK,Europe,Oncology,III,NSCLC,Pharma,8,18,12,15,1,1,1,PI-004,2,3,5,1,2,131,3.9,2022-03-04,2022-09-07,2026-05-14,2026-03-21,187,1345,54,3,2022,MHRA,2022-01-09,2022-05-20,131,1,LEC,2022-01-20,2022-02-14,25,230,0,0,1,0,1,0,0,0,0,0,1,Patient registry outreach,2,1,3,1,0,1,1950,0.604,94,2.1,adv_online,Online
SITE-01539,PROTO-A_ONCO,Poland,Europe,Oncology,III,NSCLC,Pharma,8,18,12,15,1,1,1,PI-022,10,4,3,1,4,47,1.7,2023-04-03,2023-05-25,2024-11-01,2024-09-19,52,526,43,2,2023,EMA,2022-09-02,2023-01-09,129,1,CEC,2022-10-03,2023-02-21,141,234,0,1,1,0,1,0,0,0,0,1,0,,2,2,4,1,0,1,1950,0.549,19,1.08,adv_community_presentation,Community
SITE-01540,PROTO-C_NEURO,USA,North America,Neurology,II,Alzheimer's,Academic,7,14,10,12,1,0,0,PI-006,16,3,4,1,8,77,2.7,2022-12-25,2022-11-14,2025-05-24,2025-06-11,-41,922,-18,4,2022,FDA,2022-04-15,2022-07-09,85,0,CEC,2022-05-17,2022-10-07,143,181,2,1,1,0,0,1,0,0,0,0,0,,0,3,3,0,1,0,650,0.473,27,0.88,adv_newsletter,Newsletter
SITE-01541,PROTO-A_ONCO,USA,North America,Oncology,III,NSCLC,Pharma,8,18,12,15,1,1,1,PI-006,9,4,1,1,5,50,1.5,2023-06-01,2023-06-08,2024-11-04,2024-10-31,7,515,4,2,2023,FDA,2023-01-11,2023-05-22,131,0,IRB,2023-02-18,2023-05-11,82,110,1,1,1,1,1,0,0,0,0,0,0,,2,2,4,1,0,1,2050,0.611,19,1.11,adv_email,Email
SITE-01542,PROTO-C_NEURO,India,Asia,Neurology,II,Alzheimer's,Academic,7,14,10,12,1,0,0,PI-004,24,5,1,1,1,63,1.3,2022-01-01,2022-04-07,2023-05-08,2023-04-28,96,396,10,2,2022,Other,2021-09-24,2022-01-15,113,1,LEC,2021-10-12,2021-12-09,58,177,3,0,0,0,1,0,0,0,0,1,0,,2,0,2,1,0,1,1600,0.619,77,5.83,adv_community_presentation,Community
SITE-01543,PROTO-A_ONCO,India,Asia,Oncology,III,NSCLC,Pharma,8,18,12,15,1,1,1,PI-017,2,3,3,1,3,98,2.5,2023-07-01,2023-08-16,2025-10-09,2025-07-30,46,785,71,3,2023,Other,2022-10-17,2023-03-02,136,1,CEC,2022-11-15,2023-04-04,140,274,0,1,0,1,0,0,0,0,0,1,0,,2,1,3,1,0,1,1100,0.613,43,1.64,adv_email,Email
SITE-01544,PROTO-B_CARDIO,USA,North America,Cardiology,II,Heart Failure,Biotech,5,9,8,10,0,1,1,PI-001,23,3,5,1,4,801,1.8,2022-03-30,2022-05-02,2024-02-03,2024-01-14,33,642,20,2,2022,FDA,2021-12-06,2022-04-25,140,0,IRB,2022-01-08,2022-02-11,34,114,1,1,0,0,1,0,0,0,0,1,0,,2,1,3,1,0,1,1800,0.317,400,18.69,adv_online,Online
SITE-01545,PROTO-C_NEURO,Germany,Europe,Neurology,II,Alzheimer's,Academic,7,14,10,12,1,0,0,PI-005,22,4,5,1,1,97,1.6,2022-12-28,2023-03-04,2024-07-28,2024-07-18,66,512,10,1,2023,EMA,2022-08-03,2022-12-22,141,1,CEC,2022-09-13,2022-11-01,49,172,3,1,1,0,0,0,0,0,0,1,0,,1,2,3,1,0,0,750,0.506,105,6.15,adv_community_presentation,Community
SITE-01546,PROTO-C_NEURO,India,Asia,Neurology,II,Alzheimer's,Academic,7,14,10,12,1,0,0,PI-007,14,6,1,1,2,77,3.8,2022-03-29,2022-09-29,2026-03-26,2026-04-12,184,1274,-17,3,2022,Other,2021-12-25,2022-06-19,176,1,LEC,2022-01-05,2022-03-03,57,267,2,1,1,1,1,0,1,0,0,1,1,Patient registry outreach,4,3,7,1,0,1,3850,0.632,86,2.03,adv_community_presentation,Community
SITE-01547,PROTO-C_NEURO,USA,North America,Neurology,II,Alzheimer's,Academic,7,14,10,12,1,0,0,PI-014,7,0,2,1,1,150,1.7,2023-06-14,2023-05-20,2024-12-13,2025-03-17,-25,573,-94,2,2023,FDA,2023-01-20,2023-03-09,48,0,IRB,2023-03-04,2023-04-30,57,77,4,1,1,1,0,0,0,0,0,0,0,,1,2,3,1,0,1,850,0.568,67,3.51,adv_email,Email
SITE-01548,PROTO-C_NEURO,UK,Europe,Neurology,II,Alzheimer's,Academic,7,14,10,12,1,0,0,PI-014,7,3,2,1,3,100,3.9,2021-04-20,2021-05-09,2025-01-30,2024-12-14,19,1362,47,2,2021,MHRA,2020-12-21,2021-03-21,90,1,CEC,2021-01-08,2021-02-23,46,121,0,0,1,0,1,0,0,0,0,0,0,,1,1,2,1,0,1,1350,0.552,87,1.92,adv_online,Online
SITE-01549,PROTO-A_ONCO,Brazil,LATAM,Oncology,III,NSCLC,Pharma,8,18,12,15,1,1,1,PI-023,2,3,3,1,2,165,1.9,2021-08-10,2021-11-13,2023-06-16,2023-08-03,95,580,-48,4,2021,Other,2021-03-09,2021-04-12,34,1,CEC,2021-04-25,2021-07-11,77,202,0,0,0,0,1,0,0,0,1,0,0,,1,1,2,1,0,1,6200,0.523,78,4.03,adv_online,Online
SITE-01550,PROTO-C_NEURO,USA,North America,Neurology,II,Alzheimer's,Academic,7,14,10,12,1,0,0,PI-008,22,2,4,1,2,101,1.8,2023-03-28,2023-04-25,2025-01-15,2025-01-17,28,631,-2,2,2023,FDA,2022-12-16,2023-03-31,105,0,IRB,2022-12-27,2023-03-08,71,119,1,1,1,1,0,0,0,0,0,0,0,,1,2,3,1,0,1,850,0.513,97,4.61,adv_email,Email
SITE-01551,PROTO-A_ONCO,UK,Europe,Oncology,III,NSCLC,Pharma,8,18,12,15,1,1,1,PI-018,18,4,2,1,5,257,3.5,2021-10-21,2022-03-08,2025-06-18,2025-05-09,138,1198,40,1,2022,MHRA,2021-08-05,2022-01-19,167,1,LEC,2021-08-21,2021-09-11,21,199,2,1,1,0,0,0,0,0,0,1,0,,1,2,3,1,0,0,750,0.624,174,4.36,adv_community_presentation,Community
SITE-01552,PROTO-B_CARDIO,UK,Europe,Cardiology,II,Heart Failure,Biotech,5,9,8,10,0,1,1,PI-027,3,3,1,1,3,847,3.5,2022-08-17,2022-10-15,2026-03-07,2026-03-13,59,1239,-6,4,2022,MHRA,2022-06-14,2022-07-22,38,1,LEC,2022-06-27,2022-07-17,20,110,0,1,1,1,1,1,1,0,0,0,0,,2,4,6,1,0,1,3150,0.462,400,9.69,adv_email,Email
SITE-01553,PROTO-A_ONCO,Poland,Europe,Oncology,III,NSCLC,Pharma,8,18,12,15,1,1,1,PI-003,11,4,5,1,2,165,2.3,2021-05-28,2021-11-05,2023-12-10,2023-12-20,161,765,-10,4,2021,EMA,2021-03-05,2021-08-05,153,1,LEC,2021-04-01,2021-04-27,26,218,4,1,0,1,0,0,0,0,0,1,0,,2,1,3,1,0,1,1100,0.606,117,4.59,adv_email,Email
SITE-01554,PROTO-C_NEURO,USA,North America,Neurology,II,Alzheimer's,Academic,7,14,10,12,1,0,0,PI-027,20,4,2,1,6,152,2.0,2021-02-24,2021-05-18,2023-04-25,2023-05-11,83,707,-16,2,2021,FDA,2020-10-30,2021-04-08,160,0,IRB,2020-11-27,2020-12-30,33,172,3,1,1,1,1,0,0,0,0,1,0,,3,2,5,1,0,1,2450,0.54,101,4.29,adv_community_presentation,Community
SITE-01555,PROTO-A_ONCO,Canada,North America,Oncology,III,NSCLC,Pharma,8,18,12,15,1,1,1,PI-007,6,3,2,1,11,186,2.9,2022-06-13,2022-05-25,2025-04-04,2025-04-15,-19,1045,-11,2,2022,Other,2022-02-15,2022-05-21,95,0,IRB,2022-04-10,2022-05-21,41,45,0,0,0,0,1,1,1,0,0,0,0,,1,2,3,1,0,1,2300,0.525,43,1.23,adv_online,Online
SITE-01556,PROTO-A_ONCO,Germany,Europe,Oncology,III,NSCLC,Pharma,8,18,12,15,1,1,1,PI-029,14,2,5,1,9,139,3.6,2023-01-16,2023-03-22,2026-07-06,2026-07-09,65,1202,-3,1,2023,EMA,2022-06-11,2022-10-27,138,1,CEC,2022-08-02,2022-11-21,111,232,3,1,0,0,1,0,0,1,0,0,0,,1,2,3,1,0,1,2900,0.608,31,0.77,adv_online,Online
SITE-01557,PROTO-B_CARDIO,Spain,Europe,Cardiology,II,Heart Failure,Biotech,5,9,8,10,0,1,1,PI-002,14,1,5,1,5,837,3.1,2022-09-02,2022-10-31,2025-09-07,2025-07-28,59,1042,41,4,2022,EMA,2022-04-11,2022-05-23,42,1,LEC,2022-06-07,2022-07-22,45,146,5,1,1,1,0,0,1,1,0,0,0,,1,4,5,1,0,1,3150,0.365,400,11.52,adv_email,Email
SITE-01558,PROTO-C_NEURO,Brazil,LATAM,Neurology,II,Alzheimer's,Academic,7,14,10,12,1,0,0,PI-027,10,1,1,1,5,118,1.4,2021-05-29,2021-11-03,2023-01-24,2023-01-09,158,447,15,4,2021,Other,2021-03-06,2021-08-12,159,1,LEC,2021-03-21,2021-05-12,52,227,1,1,0,0,1,1,0,0,0,0,0,,1,2,3,1,0,1,1700,0.515,37,2.48,adv_online,Online
SITE-01559,PROTO-B_CARDIO,Japan,Asia,Cardiology,II,Heart Failure,Biotech,5,9,8,10,0,1,1,PI-014,22,3,1,0,2,1008,2.2,2023-08-02,2023-12-05,2025-10-10,2025-10-30,125,675,-20,4,2023,PMDA,2023-02-15,2023-07-10,145,1,CEC,2023-04-11,2023-06-26,76,238,3,1,0,0,1,0,0,1,0,0,0,,1,2,3,1,0,1,2900,0.399,400,17.78,adv_online,Online
SITE-01560,PROTO-A_ONCO,USA,North America,Oncology,III,NSCLC,Pharma,8,18,12,15,1,1,1,PI-016,8,5,2,1,1,116,3.9,2021-10-15,2021-09-26,2025-07-10,2025-07-03,-19,1383,7,3,2021,FDA,2021-05-02,2021-06-14,43,0,CEC,2021-05-20,2021-08-08,80,129,2,1,0,1,0,0,0,0,0,0,0,,1,1,2,1,0,1,700,0.491,148,3.21,adv_email,Email
SITE-01561,PROTO-A_ONCO,Spain,Europe,Oncology,III,NSCLC,Pharma,8,18,12,15,1,1,1,PI-018,15,1,5,1,6,106,4.0,2023-05-01,2023-06-03,2027-03-18,2027-02-28,33,1384,18,2,2023,EMA,2022-12-23,2023-04-07,105,1,LEC,2023-02-06,2023-04-04,57,117,1,1,0,0,0,1,0,0,0,0,0,,0,2,2,0,1,0,500,0.603,32,0.69,adv_newsletter,Newsletter
SITE-01562,PROTO-A_ONCO,Australia,APAC,Oncology,III,NSCLC,Pharma,8,18,12,15,1,1,1,PI-012,18,2,3,1,5,229,1.4,2021-06-23,2021-06-10,2022-07-31,2022-05-28,-13,416,64,2,2021,Other,2020-11-06,2021-01-08,63,1,CEC,2020-12-28,2021-04-01,94,164,3,1,1,0,0,0,0,0,0,0,0,,0,2,2,0,1,0,350,0.503,78,5.62,adv_poster,Poster
SITE-01563,PROTO-A_ONCO,USA,North America,Oncology,III,NSCLC,Pharma,8,18,12,15,1,1,1,PI-011,24,4,4,1,4,198,2.9,2022-03-09,2022-02-24,2024-12-06,2025-01-24,-13,1016,-49,1,2022,FDA,2021-10-21,2021-12-11,51,0,CEC,2021-11-09,2022-01-12,64,107,3,1,1,0,1,0,1,0,0,0,0,,1,3,4,1,0,1,2350,0.578,167,4.93,adv_online,Online
SITE-01564,PROTO-B_CARDIO,UK,Europe,Cardiology,II,Heart Failure,Biotech,5,9,8,10,0,1,1,PI-023,7,3,4,1,6,914,2.4,2022-05-15,2022-07-04,2024-09-08,2024-07-12,50,797,58,3,2022,MHRA,2021-12-18,2022-04-24,127,1,LEC,2022-02-13,2022-04-07,53,141,3,0,0,0,1,0,1,0,0,0,0,,1,1,2,1,0,1,2000,0.455,400,15.06,adv_online,Online
SITE-01565,PROTO-C_NEURO,Spain,Europe,Neurology,II,Alzheimer's,Academic,7,14,10,12,1,0,0,PI-021,15,3,1,1,3,65,2.0,2022-04-04,2022-05-27,2024-03-10,2024-05-01,53,653,-52,2,2022,EMA,2021-12-28,2022-03-19,81,1,LEC,2022-01-17,2022-02-21,35,130,2,0,0,1,0,1,1,0,0,0,1,Patient registry outreach,2,2,4,1,0,1,2200,0.6,40,1.84,adv_email,Email
SITE-01566,PROTO-C_NEURO,Japan,Asia,Neurology,II,Alzheimer's,Academic,7,14,10,12,1,0,0,PI-007,11,4,2,1,3,91,2.0,2023-01-27,2023-03-16,2024-11-19,2024-10-09,48,614,41,1,2023,PMDA,2022-06-16,2022-10-16,122,1,CEC,2022-07-23,2022-12-09,139,236,0,1,1,0,1,1,0,1,0,0,0,,1,4,5,1,0,1,3350,0.572,67,3.27,adv_online,Online
SITE-01567,PROTO-C_NEURO,UK,Europe,Neurology,II,Alzheimer's,Academic,7,14,10,12,1,0,0,PI-016,22,5,5,1,5,157,3.4,2021-05-06,2021-08-21,2024-11-18,2024-12-27,107,1185,-39,3,2021,MHRA,2021-01-03,2021-06-20,168,1,LEC,2021-02-07,2021-04-07,59,195,2,1,0,0,0,0,0,0,0,1,0,,1,1,2,1,0,0,600,0.589,133,3.37,adv_community_presentation,Community
SITE-01568,PROTO-C_NEURO,Brazil,LATAM,Neurology,II,Alzheimer's,Academic,7,14,10,12,1,0,0,PI-021,9,3,4,0,5,66,2.7,2021-07-06,2021-09-09,2024-03-27,2024-02-03,65,930,53,3,2021,Other,2021-04-23,2021-07-03,71,1,LEC,2021-05-10,2021-06-19,40,122,1,1,0,1,1,1,1,0,0,0,1,Patient registry outreach,3,3,6,1,0,1,3600,0.545,49,1.58,adv_email,Email
SITE-01569,PROTO-B_CARDIO,Japan,Asia,Cardiology,II,Heart Failure,Biotech,5,9,8,10,0,1,1,PI-021,8,0,5,1,3,1037,3.9,2021-09-26,2021-11-29,2025-06-03,2025-05-31,64,1282,3,4,2021,PMDA,2021-02-06,2021-04-04,57,1,CEC,2021-03-31,2021-08-17,139,243,1,1,1,0,0,1,0,1,0,1,0,,1,4,5,1,0,0,2550,0.403,400,9.36,adv_community_presentation,Community
SITE-01570,PROTO-C_NEURO,Australia,APAC,Neurology,II,Alzheimer's,Academic,7,14,10,12,1,0,0,PI-018,4,4,2,1,5,115,2.1,2022-08-30,2022-09-29,2024-06-30,2024-07-14,30,640,-14,3,2022,Other,2022-01-31,2022-07-11,161,1,CEC,2022-02-13,2022-06-16,123,228,2,1,1,1,0,1,0,0,0,1,0,,2,3,5,1,0,1,1550,0.556,44,2.06,adv_community_presentation,Community
SITE-01571,PROTO-C_NEURO,Germany,Europe,Neurology,II,Alzheimer's,Academic,7,14,10,12,1,0,0,PI-015,23,1,4,1,0,122,2.3,2021-11-27,2021-12-30,2023-12-30,2024-01-18,33,730,-19,4,2021,EMA,2021-05-15,2021-07-24,70,1,CEC,2021-06-29,2021-09-25,88,184,1,1,1,0,0,0,1,0,0,0,0,,0,3,3,0,1,0,1150,0.588,141,5.79,adv_poster,Poster
SITE-01572,PROTO-C_NEURO,USA,North America,Neurology,II,Alzheimer's,Academic,7,14,10,12,1,0,0,PI-007,11,0,1,1,3,20,1.9,2022-10-08,2022-09-11,2024-07-14,2024-07-08,-27,672,6,3,2022,FDA,2022-05-17,2022-06-21,35,0,CEC,2022-06-08,2022-07-23,45,95,2,1,1,1,1,0,0,1,0,1,0,,3,3,6,1,0,1,3950,0.542,10,0.45,adv_community_presentation,Community
SITE-01573,PROTO-B_CARDIO,USA,North America,Cardiology,II,Heart Failure,Biotech,5,9,8,10,0,1,1,PI-016,8,6,5,1,2,976,3.7,2023-05-27,2023-05-30,2026-12-23,2026-11-27,3,1303,26,2,2023,FDA,2022-12-03,2023-04-04,122,0,IRB,2023-01-23,2023-04-20,87,127,3,1,0,0,0,0,0,0,0,1,0,,1,1,2,1,0,0,600,0.38,400,9.21,adv_community_presentation,Community
SITE-01574,PROTO-B_CARDIO,India,Asia,Cardiology,II,Heart Failure,Biotech,5,9,8,10,0,1,1,PI-016,12,3,4,1,4,868,2.0,2022-11-21,2022-11-24,2024-09-02,2024-09-14,3,648,-12,4,2022,Other,2022-04-03,2022-09-20,170,1,CEC,2022-04-26,2022-09-09,136,212,1,1,1,1,1,0,1,0,1,1,0,,3,4,7,1,0,1,8250,0.304,400,18.52,adv_email,Email
SITE-01575,PROTO-A_ONCO,Japan,Asia,Oncology,III,NSCLC,Pharma,8,18,12,15,1,1,1,PI-010,8,4,2,1,4,147,3.3,2021-09-24,2022-01-21,2025-01-10,2025-01-12,119,1085,-2,1,2022,PMDA,2021-05-23,2021-09-16,116,1,CEC,2021-06-28,2021-08-25,58,207,2,0,1,0,0,0,0,0,0,1,0,,1,1,2,1,0,0,550,0.548,82,2.27,adv_community_presentation,Community
SITE-01576,PROTO-C_NEURO,USA,North America,Neurology,II,Alzheimer's,Academic,7,14,10,12,1,0,0,PI-024,2,4,2,1,2,20,1.6,2023-07-28,2023-09-12,2025-02-21,2025-03-12,46,528,-19,3,2023,FDA,2023-02-02,2023-05-27,114,0,IRB,2023-03-25,2023-06-22,89,171,3,1,1,0,0,0,0,0,0,1,0,,1,2,3,1,0,0,750,0.469,12,0.68,adv_community_presentation,Community
SITE-01577,PROTO-B_CARDIO,Spain,Europe,Cardiology,II,Heart Failure,Biotech,5,9,8,10,0,1,1,PI-010,13,4,1,1,6,1022,1.9,2022-07-16,2022-09-30,2024-06-19,2024-06-14,76,628,5,3,2022,EMA,2022-03-12,2022-07-26,136,1,LEC,2022-04-23,2022-06-11,49,160,0,1,0,1,1,0,0,0,0,1,0,,3,1,4,1,0,1,2300,0.431,400,19.11,adv_email,Email
SITE-01578,PROTO-C_NEURO,Japan,Asia,Neurology,II,Alzheimer's,Academic,7,14,10,12,1,0,0,PI-028,19,1,5,1,2,20,2.3,2021-01-29,2021-04-13,2023-03-31,2023-04-26,74,717,-26,2,2021,PMDA,2020-07-25,2020-11-23,121,1,CEC,2020-08-09,2021-01-01,145,247,0,1,0,0,0,0,0,0,0,0,0,,0,1,1,0,1,0,200,0.596,15,0.63,adv_poster,Poster
SITE-01579,PROTO-C_NEURO,Australia,APAC,Neurology,II,Alzheimer's,Academic,7,14,10,12,1,0,0,PI-016,20,1,4,1,5,53,2.1,2023-01-20,2023-07-30,2025-07-14,2025-08-29,191,715,-46,3,2023,Other,2022-11-01,2023-04-24,174,1,LEC,2022-11-15,2022-12-18,33,257,1,0,0,1,0,1,0,0,0,0,0,,1,1,2,1,0,1,800,0.566,15,0.63,adv_email,Email
SITE-01580,PROTO-A_ONCO,Japan,Asia,Oncology,III,NSCLC,Pharma,8,18,12,15,1,1,1,PI-019,10,5,4,1,6,131,2.8,2021-11-19,2022-06-14,2024-12-02,2024-12-06,207,902,-4,2,2022,PMDA,2021-08-20,2022-02-03,167,1,LEC,2021-10-01,2021-10-21,20,256,5,1,0,1,0,1,0,0,1,0,1,Patient registry outreach,2,3,5,1,0,1,6600,0.511,82,2.73,adv_email,Email
SITE-01581,PROTO-C_NEURO,UK,Europe,Neurology,II,Alzheimer's,Academic,7,14,10,12,1,0,0,PI-003,11,1,2,0,5,100,1.4,2022-11-27,2022-12-23,2024-03-09,2024-02-25,26,442,13,4,2022,MHRA,2022-06-10,2022-10-25,137,1,CEC,2022-06-25,2022-10-12,109,181,0,1,1,0,0,0,0,0,0,1,0,,1,2,3,1,0,0,750,0.488,35,2.38,adv_community_presentation,Community
SITE-01582,PROTO-A_ONCO,Brazil,LATAM,Oncology,III,NSCLC,Pharma,8,18,12,15,1,1,1,PI-026,15,6,3,1,3,116,2.1,2021-11-27,2022-01-05,2023-11-20,2023-11-01,39,684,19,1,2022,Other,2021-06-20,2021-07-28,38,1,LEC,2021-08-18,2021-10-20,63,140,2,0,0,0,0,0,0,1,0,0,0,,0,1,1,0,1,0,1500,0.706,48,2.11,adv_radio,Radio
SITE-01583,PROTO-A_ONCO,Australia,APAC,Oncology,III,NSCLC,Pharma,8,18,12,15,1,1,1,PI-011,20,1,4,1,3,138,2.8,2022-06-06,2022-09-27,2025-04-04,2025-04-23,113,920,-19,3,2022,Other,2022-01-26,2022-06-17,142,1,LEC,2022-03-25,2022-05-10,46,186,3,1,0,1,0,1,0,0,0,0,0,,1,2,3,1,0,1,1000,0.692,81,2.64,adv_email,Email
SITE-01584,PROTO-C_NEURO,India,Asia,Neurology,II,Alzheimer's,Academic,7,14,10,12,1,0,0,PI-028,20,5,3,1,5,70,1.3,2023-07-05,2023-10-04,2024-10-24,2024-12-12,91,386,-49,4,2023,Other,2023-02-18,2023-03-21,31,1,LEC,2023-04-01,2023-05-30,59,186,3,0,1,0,1,0,0,0,0,1,0,,2,1,3,1,0,1,1750,0.617,27,2.1,adv_community_presentation,Community
SITE-01585,PROTO-A_ONCO,India,Asia,Oncology,III,NSCLC,Pharma,8,18,12,15,1,1,1,PI-004,10,5,5,1,4,81,2.6,2022-05-29,2022-06-03,2024-10-13,2024-09-13,5,863,30,2,2022,Other,2021-10-13,2022-02-12,122,1,CEC,2021-12-10,2022-03-24,104,175,2,0,0,0,0,0,0,0,0,1,0,,1,0,1,1,0,0,400,0.678,39,1.36,adv_community_presentation,Community
SITE-01586,PROTO-C_NEURO,India,Asia,Neurology,II,Alzheimer's,Academic,7,14,10,12,1,0,0,PI-015,22,0,1,1,3,107,3.5,2021-08-10,2021-07-29,2024-10-19,2024-09-13,-12,1178,36,3,2021,Other,2020-11-27,2021-05-22,176,1,CEC,2021-01-01,2021-05-14,133,209,2,0,0,1,1,0,0,0,0,0,0,,2,0,2,1,0,1,1700,0.536,109,2.78,adv_email,Email
SITE-01587,PROTO-C_NEURO,Brazil,LATAM,Neurology,II,Alzheimer's,Academic,7,14,10,12,1,0,0,PI-020,23,5,4,1,4,173,3.7,2021-02-18,2021-03-15,2024-08-26,2024-11-17,25,1260,-83,1,2021,Other,2020-10-15,2020-12-20,66,1,CEC,2020-10-29,2020-12-14,46,137,1,1,0,1,1,0,0,0,0,1,1,Patient registry outreach,4,1,5,1,0,1,2900,0.513,216,5.14,adv_community_presentation,Community
SITE-01588,PROTO-A_ONCO,Germany,Europe,Oncology,III,NSCLC,Pharma,8,18,12,15,1,1,1,PI-015,24,3,1,1,4,109,1.5,2022-10-15,2022-12-23,2024-02-29,2024-03-13,69,433,-13,4,2022,EMA,2022-04-09,2022-08-05,118,1,CEC,2022-05-25,2022-08-05,72,212,3,1,0,0,0,1,1,0,0,0,0,,0,3,3,0,1,0,1300,0.546,46,3.19,adv_newsletter,Newsletter
SITE-01589,PROTO-C_NEURO,Japan,Asia,Neurology,II,Alzheimer's,Academic,7,14,10,12,1,0,0,PI-012,23,2,1,1,4,67,3.8,2022-01-24,2022-05-11,2025-11-15,2025-10-28,107,1284,18,2,2022,PMDA,2021-10-14,2022-01-11,89,1,LEC,2021-11-29,2021-12-29,30,163,4,1,1,0,0,0,0,0,0,0,1,Patient registry outreach,1,2,3,1,0,0,950,0.537,91,2.13,adv_other,Other
SITE-01590,PROTO-C_NEURO,Poland,Europe,Neurology,II,Alzheimer's,Academic,7,14,10,12,1,0,0,PI-016,10,5,2,1,0,129,1.3,2022-07-08,2022-10-06,2023-11-01,2023-10-23,90,391,9,4,2022,EMA,2022-03-05,2022-07-08,125,1,LEC,2022-04-03,2022-06-09,67,186,2,1,0,1,1,0,0,0,0,1,0,,3,1,4,1,0,1,2300,0.546,121,9.28,adv_community_presentation,Community
SITE-01591,PROTO-B_CARDIO,UK,Europe,Cardiology,II,Heart Failure,Biotech,5,9,8,10,0,1,1,PI-005,14,1,2,1,1,1187,1.8,2021-02-17,2021-03-30,2022-11-10,2022-11-08,41,590,2,1,2021,MHRA,2020-10-16,2021-01-07,83,1,LEC,2020-11-18,2021-01-12,55,132,0,0,0,0,0,0,0,1,0,0,0,,0,1,1,0,1,0,1500,0.526,400,20.34,adv_radio,Radio
SITE-01592,PROTO-B_CARDIO,Poland,Europe,Cardiology,II,Heart Failure,Biotech,5,9,8,10,0,1,1,PI-009,6,0,4,0,2,1007,1.8,2023-09-02,2023-09-22,2025-05-15,2025-05-25,20,601,-10,3,2023,EMA,2023-03-18,2023-07-05,109,1,CEC,2023-04-06,2023-06-14,69,169,0,1,0,1,0,0,0,0,0,0,0,,1,1,2,1,0,1,700,0.421,400,19.97,adv_email,Email
SITE-01593,PROTO-C_NEURO,Poland,Europe,Neurology,II,Alzheimer's,Academic,7,14,10,12,1,0,0,PI-005,2,1,4,1,5,50,2.0,2022-04-10,2022-06-26,2024-03-24,2024-02-17,77,637,36,2,2022,EMA,2021-12-01,2022-01-03,33,1,LEC,2022-01-24,2022-03-16,51,153,0,1,1,1,0,0,0,0,0,0,0,,1,2,3,1,0,1,850,0.574,13,0.61,adv_email,Email
SITE-01594,PROTO-C_NEURO,USA,North America,Neurology,II,Alzheimer's,Academic,7,14,10,12,1,0,0,PI-001,5,4,2,1,5,89,3.2,2021-04-29,2021-07-30,2024-08-26,2024-07-24,92,1123,33,3,2021,FDA,2021-01-04,2021-06-14,161,0,IRB,2021-01-23,2021-04-14,81,188,2,0,1,0,0,0,0,0,1,1,0,,1,2,3,1,0,0,5550,0.593,48,1.28,adv_community_presentation,Community
SITE-01595,PROTO-A_ONCO,Poland,Europe,Oncology,III,NSCLC,Pharma,8,18,12,15,1,1,1,PI-008,22,2,2,1,3,129,4.0,2023-01-15,2023-02-13,2026-12-19,2027-01-17,29,1405,-29,1,2023,EMA,2022-10-12,2022-12-20,69,1,LEC,2022-10-23,2022-12-11,49,113,1,1,1,1,0,0,0,0,0,0,0,,1,2,3,1,0,1,850,0.563,127,2.71,adv_email,Email
SITE-01596,PROTO-C_NEURO,Brazil,LATAM,Neurology,II,Alzheimer's,Academic,7,14,10,12,1,0,0,PI-029,17,2,3,0,6,139,1.5,2021-08-09,2021-10-06,2022-12-23,2022-12-09,58,443,14,4,2021,Other,2021-01-22,2021-06-16,145,1,CEC,2021-02-02,2021-05-31,118,246,2,1,0,0,0,1,0,0,0,1,0,,1,2,3,1,0,0,900,0.583,58,3.93,adv_community_presentation,Community
SITE-01597,PROTO-A_ONCO,USA,North America,Oncology,III,NSCLC,Pharma,8,18,12,15,1,1,1,PI-004,24,3,4,1,4,224,1.2,2022-03-09,2022-04-01,2023-04-30,2023-05-08,23,394,-8,2,2022,FDA,2021-09-09,2022-02-28,172,0,IRB,2021-11-03,2022-01-26,84,149,2,1,1,0,0,0,0,0,0,0,0,,0,2,2,0,1,0,350,0.531,94,7.16,adv_poster,Poster
SITE-01598,PROTO-A_ONCO,Japan,Asia,Oncology,III,NSCLC,Pharma,8,18,12,15,1,1,1,PI-016,18,5,4,1,3,23,1.4,2022-10-21,2023-04-02,2024-05-19,2024-05-19,163,413,0,2,2023,PMDA,2022-06-30,2022-12-08,161,1,LEC,2022-08-12,2022-09-28,47,233,2,1,1,0,0,0,1,0,0,0,0,,0,3,3,0,1,0,1150,0.603,8,0.58,adv_poster,Poster
SITE-01599,PROTO-A_ONCO,Germany,Europe,Oncology,III,NSCLC,Pharma,8,18,12,15,1,1,1,PI-020,9,4,4,1,4,114,1.7,2023-09-16,2023-12-24,2025-04-27,2025-04-03,99,490,24,4,2023,EMA,2023-01-21,2023-03-12,50,1,CEC,2023-03-07,2023-07-26,141,292,4,1,0,1,0,0,1,0,0,0,0,,1,2,3,1,0,1,1500,0.547,60,3.67,adv_email,Email
SITE-01600,PROTO-A_ONCO,Canada,North America,Oncology,III,NSCLC,Pharma,8,18,12,15,1,1,1,PI-025,8,5,1,1,4,109,2.9,2022-01-02,2022-01-05,2024-10-24,2024-10-31,3,1023,-7,1,2022,Other,2021-08-14,2021-09-27,44,0,IRB,2021-09-20,2021-12-07,78,107,1,1,0,0,0,1,0,1,0,1,0,,1,3,4,1,0,0,2400,0.621,45,1.32,adv_community_presentation,Community
SITE-01601,PROTO-C_NEURO,USA,North America,Neurology,II,Alzheimer's,Academic,7,14,10,12,1,0,0,PI-024,10,0,1,1,4,20,2.0,2022-07-04,2022-07-12,2024-07-01,2024-07-05,8,720,-4,3,2022,FDA,2022-03-31,2022-05-11,41,0,IRB,2022-05-07,2022-06-08,32,66,0,1,1,0,1,0,0,0,0,1,0,,2,2,4,1,0,1,1950,0.528,7,0.29,adv_community_presentation,Community
SITE-01602,PROTO-B_CARDIO,Brazil,LATAM,Cardiology,II,Heart Failure,Biotech,5,9,8,10,0,1,1,PI-020,6,3,3,1,6,777,3.4,2021-02-18,2021-05-05,2024-07-01,2024-06-15,76,1153,16,2,2021,Other,2020-10-16,2020-12-13,58,1,LEC,2020-12-08,2021-01-30,53,148,2,0,1,1,0,1,0,0,0,0,0,,1,2,3,1,0,1,950,0.472,400,10.41,adv_email,Email
SITE-01603,PROTO-B_CARDIO,Japan,Asia,Cardiology,II,Heart Failure,Biotech,5,9,8,10,0,1,1,PI-018,15,1,3,1,3,965,3.6,2023-04-17,2023-09-04,2027-01-18,2027-03-06,140,1232,-47,3,2023,PMDA,2023-01-07,2023-05-16,129,1,LEC,2023-01-30,2023-03-30,59,217,3,1,1,0,1,0,0,0,0,1,0,,2,2,4,1,0,1,1950,0.482,400,9.74,adv_online,Online
SITE-01604,PROTO-B_CARDIO,USA,North America,Cardiology,II,Heart Failure,Biotech,5,9,8,10,0,1,1,PI-003,24,2,3,1,2,698,2.8,2021-12-15,2021-11-23,2024-08-22,2024-08-21,-22,1003,1,4,2021,FDA,2021-07-08,2021-09-22,76,0,IRB,2021-09-05,2021-10-29,54,79,0,1,1,0,0,0,0,0,0,1,1,Patient registry outreach,2,2,4,1,0,0,1350,0.555,400,11.96,adv_community_presentation,Community
SITE-01605,PROTO-B_CARDIO,Poland,Europe,Cardiology,II,Heart Failure,Biotech,5,9,8,10,0,1,1,PI-022,19,1,2,0,1,991,2.0,2023-03-15,2023-05-03,2025-02-18,2025-02-01,49,657,17,2,2023,EMA,2022-11-07,2022-12-14,37,1,LEC,2022-12-11,2023-02-10,61,143,2,1,0,0,0,0,0,0,0,1,0,,1,1,2,1,0,0,600,0.342,400,18.26,adv_community_presentation,Community
SITE-01606,PROTO-B_CARDIO,Spain,Europe,Cardiology,II,Heart Failure,Biotech,5,9,8,10,0,1,1,PI-001,19,6,1,1,10,1037,3.9,2022-07-05,2022-11-10,2026-06-16,2026-06-28,128,1314,-12,4,2022,EMA,2022-03-19,2022-07-17,120,1,LEC,2022-05-02,2022-06-17,46,192,2,1,1,1,1,0,1,0,0,1,0,,3,3,6,1,0,1,3250,0.428,400,9.13,adv_email,Email
SITE-01607,PROTO-B_CARDIO,UK,Europe,Cardiology,II,Heart Failure,Biotech,5,9,8,10,0,1,1,PI-029,10,1,3,1,2,841,2.3,2023-07-14,2023-08-18,2025-07-30,2025-07-14,35,712,16,3,2023,MHRA,2022-11-11,2023-04-26,166,1,CEC,2023-01-02,2023-05-02,120,228,0,1,0,0,1,0,0,0,0,1,0,,2,1,3,1,0,1,1800,0.43,400,16.85,adv_online,Online
SITE-01608,PROTO-B_CARDIO,Brazil,LATAM,Cardiology,II,Heart Failure,Biotech,5,9,8,10,0,1,1,PI-028,7,2,1,1,1,947,3.9,2021-12-12,2022-03-08,2025-11-01,2025-12-10,86,1334,-39,1,2022,Other,2021-08-11,2021-11-25,106,1,LEC,2021-09-27,2021-11-28,62,162,3,1,0,0,0,0,0,0,1,0,0,,0,2,2,0,1,0,5200,0.382,400,9.0,adv_poster,Poster
SITE-01609,PROTO-C_NEURO,Spain,Europe,Neurology,II,Alzheimer's,Academic,7,14,10,12,1,0,0,PI-023,8,1,1,1,2,72,2.6,2023-09-13,2023-10-09,2026-03-24,2026-03-05,26,897,19,4,2023,EMA,2023-05-09,2023-07-05,57,1,LEC,2023-06-29,2023-08-09,41,102,1,1,1,1,1,0,0,0,0,1,0,,3,2,5,1,0,1,2450,0.497,67,2.24,adv_community_presentation,Community
SITE-01610,PROTO-B_CARDIO,Canada,North America,Cardiology,II,Heart Failure,Biotech,5,9,8,10,0,1,1,PI-029,21,2,5,1,3,1055,4.0,2021-07-20,2021-07-13,2025-06-14,2025-06-21,-7,1432,-7,3,2021,Other,2021-03-31,2021-05-18,48,0,IRB,2021-04-25,2021-05-25,30,79,2,1,1,0,0,1,0,0,0,0,0,,0,3,3,0,1,0,650,0.4,400,8.38,adv_newsletter,Newsletter
SITE-01611,PROTO-C_NEURO,USA,North America,Neurology,II,Alzheimer's,Academic,7,14,10,12,1,0,0,PI-017,16,4,2,1,5,149,1.9,2021-05-10,2021-04-27,2023-02-20,2023-01-27,-13,664,24,2,2021,FDA,2020-12-05,2021-04-15,131,0,IRB,2021-01-11,2021-03-29,77,106,1,1,1,0,0,0,1,0,0,1,0,,1,3,4,1,0,0,1550,0.512,104,4.7,adv_community_presentation,Community
SITE-01612,PROTO-B_CARDIO,Japan,Asia,Cardiology,II,Heart Failure,Biotech,5,9,8,10,0,1,1,PI-025,21,3,1,1,7,957,1.1,2022-09-21,2022-12-05,2023-09-01,2023-08-11,75,270,21,4,2022,PMDA,2022-02-24,2022-07-15,141,1,CEC,2022-04-19,2022-07-26,98,230,3,1,1,1,0,1,0,0,0,0,0,,1,3,4,1,0,1,1150,0.323,400,44.44,adv_email,Email
SITE-01613,PROTO-B_CARDIO,Japan,Asia,Cardiology,II,Heart Failure,Biotech,5,9,8,10,0,1,1,PI-017,15,3,1,1,4,1110,3.7,2022-08-16,2022-09-12,2026-02-08,2026-02-14,27,1245,-6,3,2022,PMDA,2022-01-20,2022-05-07,107,1,CEC,2022-02-10,2022-06-12,122,214,4,1,1,0,1,1,0,0,0,0,0,,1,3,4,1,0,1,1850,0.415,400,9.64,adv_online,Online
SITE-01614,PROTO-B_CARDIO,Germany,Europe,Cardiology,II,Heart Failure,Biotech,5,9,8,10,0,1,1,PI-006,18,2,5,0,7,894,2.0,2023-05-14,2023-05-27,2025-03-17,2025-03-07,13,660,10,2,2023,EMA,2022-11-07,2023-01-11,65,1,CEC,2022-12-22,2023-02-21,61,156,1,0,1,1,1,1,0,0,0,1,1,Patient registry outreach,4,2,6,1,0,1,3150,0.37,400,18.18,adv_email,Email
SITE-01615,PROTO-B_CARDIO,Germany,Europe,Cardiology,II,Heart Failure,Biotech,5,9,8,10,0,1,1,PI-017,17,2,2,1,7,832,1.4,2021-02-07,2021-03-24,2022-03-30,2022-04-22,45,371,-23,1,2021,EMA,2020-06-13,2020-08-01,49,1,CEC,2020-07-31,2020-12-16,138,236,3,0,1,0,1,0,0,0,0,0,0,,1,1,2,1,0,1,1350,0.386,400,32.35,adv_online,Online
SITE-01616,PROTO-A_ONCO,Australia,APAC,Oncology,III,NSCLC,Pharma,8,18,12,15,1,1,1,PI-024,24,5,5,1,6,36,2.4,2022-05-24,2022-10-18,2025-01-20,2025-02-23,147,825,-34,4,2022,Other,2022-03-19,2022-09-09,174,1,LEC,2022-04-05,2022-05-05,30,196,1,1,1,0,1,0,0,1,0,0,0,,1,3,4,1,0,1,3050,0.56,20,0.73,adv_online,Online
SITE-01617,PROTO-C_NEURO,Canada,North America,Neurology,II,Alzheimer's,Academic,7,14,10,12,1,0,0,PI-028,16,2,3,1,5,68,1.8,2022-11-14,2022-10-16,2024-06-14,2024-05-21,-29,607,24,4,2022,Other,2022-03-01,2022-05-04,64,0,CEC,2022-04-20,2022-09-01,134,179,2,1,1,1,0,0,0,0,0,0,0,,1,2,3,1,0,1,850,0.492,31,1.53,adv_email,Email
SITE-01618,PROTO-B_CARDIO,Australia,APAC,Cardiology,II,Heart Failure,Biotech,5,9,8,10,0,1,1,PI-024,18,3,2,1,2,1038,3.5,2022-02-28,2022-06-08,2025-10-03,2025-10-03,100,1213,0,2,2022,Other,2021-10-31,2022-02-18,110,1,LEC,2021-12-13,2022-01-18,36,177,1,0,1,0,0,1,0,1,0,0,1,Patient registry outreach,1,3,4,1,0,0,2550,0.385,400,9.89,adv_other,Other
SITE-01619,PROTO-C_NEURO,Canada,North America,Neurology,II,Alzheimer's,Academic,7,14,10,12,1,0,0,PI-010,7,1,2,1,1,164,1.2,2022-12-07,2022-11-29,2024-01-14,2024-02-15,-8,411,-32,4,2022,Other,2022-08-01,2022-10-19,79,0,IRB,2022-09-12,2022-11-03,52,78,2,1,1,0,0,0,0,0,0,0,0,,0,2,2,0,1,0,350,0.398,105,7.66,adv_poster,Poster
SITE-01620,PROTO-B_CARDIO,Japan,Asia,Cardiology,II,Heart Failure,Biotech,5,9,8,10,0,1,1,PI-013,15,5,4,1,3,979,3.0,2023-03-28,2023-06-14,2026-02-01,2026-02-19,78,963,-18,2,2023,PMDA,2022-09-25,2022-11-08,44,1,CEC,2022-11-21,2023-02-19,90,205,5,1,0,1,1,0,0,0,0,1,1,Patient registry outreach,4,1,5,1,0,1,2900,0.417,400,12.46,adv_email,Email
SITE-01621,PROTO-B_CARDIO,India,Asia,Cardiology,II,Heart Failure,Biotech,5,9,8,10,0,1,1,PI-022,10,2,5,1,4,1123,1.2,2022-07-21,2022-10-28,2023-11-19,2023-09-16,99,387,64,4,2022,Other,2022-04-17,2022-09-08,144,1,LEC,2022-05-23,2022-07-05,43,158,1,1,1,1,0,1,0,0,0,0,0,,1,3,4,1,0,1,1150,0.503,400,31.01,adv_email,Email
SITE-01622,PROTO-B_CARDIO,Poland,Europe,Cardiology,II,Heart Failure,Biotech,5,9,8,10,0,1,1,PI-028,9,0,2,0,3,917,3.3,2022-05-01,2022-08-18,2025-09-16,2025-10-31,109,1125,-45,3,2022,EMA,2022-02-07,2022-04-19,71,1,LEC,2022-02-20,2022-03-22,30,179,3,1,0,1,1,0,1,0,0,0,0,,2,2,4,1,0,1,2700,0.426,400,10.67,adv_email,Email
SITE-01623,PROTO-C_NEURO,Germany,Europe,Neurology,II,Alzheimer's,Academic,7,14,10,12,1,0,0,PI-004,24,2,5,1,4,76,1.3,2022-06-15,2022-07-22,2023-06-19,2023-06-19,37,332,0,3,2022,EMA,2021-11-05,2022-03-19,134,1,CEC,2021-11-29,2022-04-06,128,235,3,1,1,1,1,0,0,0,0,0,1,Patient registry outreach,3,2,5,1,0,1,2650,0.472,43,3.89,adv_email,Email
SITE-01624,PROTO-C_NEURO,Poland,Europe,Neurology,II,Alzheimer's,Academic,7,14,10,12,1,0,0,PI-004,14,3,5,1,1,134,1.3,2023-04-03,2023-05-09,2024-07-01,2024-06-04,36,419,27,2,2023,EMA,2022-12-14,2023-01-15,32,1,LEC,2023-01-12,2023-03-09,56,117,1,0,1,1,0,0,0,0,0,1,0,,2,1,3,1,0,1,1050,0.553,93,6.66,adv_community_presentation,Community
SITE-01625,PROTO-A_ONCO,USA,North America,Oncology,III,NSCLC,Pharma,8,18,12,15,1,1,1,PI-014,22,3,1,1,5,111,1.7,2022-02-08,2022-03-30,2023-10-23,2023-10-07,50,572,16,1,2022,FDA,2021-09-10,2021-11-15,66,0,IRB,2021-10-18,2022-01-11,85,163,4,1,1,1,0,0,0,0,0,0,0,,1,2,3,1,0,1,850,0.552,55,2.88,adv_email,Email
SITE-01626,PROTO-C_NEURO,UK,Europe,Neurology,II,Alzheimer's,Academic,7,14,10,12,1,0,0,PI-001,19,4,1,1,6,99,1.5,2023-08-11,2023-11-04,2025-02-16,2025-02-15,85,470,1,4,2023,MHRA,2023-04-21,2023-08-05,106,1,LEC,2023-06-06,2023-07-19,43,151,2,1,1,0,1,0,0,0,0,0,1,Patient registry outreach,2,2,4,1,0,1,2150,0.522,45,2.87,adv_online,Online
SITE-01627,PROTO-A_ONCO,Spain,Europe,Oncology,III,NSCLC,Pharma,8,18,12,15,1,1,1,PI-016,22,2,5,1,4,121,2.3,2022-01-18,2022-06-07,2024-06-04,2024-06-20,140,728,-16,2,2022,EMA,2021-09-28,2022-01-22,116,1,LEC,2021-11-24,2021-12-14,20,195,4,1,1,0,0,0,0,0,0,0,0,,0,2,2,0,1,0,350,0.596,42,1.73,adv_poster,Poster
SITE-01628,PROTO-A_ONCO,Germany,Europe,Oncology,III,NSCLC,Pharma,8,18,12,15,1,1,1,PI-013,16,3,5,1,3,163,4.0,2021-05-13,2021-05-26,2025-01-25,2025-01-25,13,1340,0,2,2021,EMA,2020-09-19,2021-01-15,118,1,CEC,2020-10-15,2021-03-12,148,223,0,1,1,0,0,0,1,0,0,0,0,,0,3,3,0,1,0,1150,0.577,168,3.76,adv_poster,Poster
SITE-01629,PROTO-C_NEURO,USA,North America,Neurology,II,Alzheimer's,Academic,7,14,10,12,1,0,0,PI-020,24,2,5,1,3,91,3.3,2021-07-21,2021-06-09,2024-08-31,2024-08-03,-42,1179,28,2,2021,FDA,2021-02-24,2021-04-16,51,0,CEC,2021-03-06,2021-05-03,58,95,2,1,1,0,0,1,1,1,0,1,0,,1,5,6,1,0,0,3350,0.64,83,2.11,adv_community_presentation,Community
SITE-01630,PROTO-B_CARDIO,USA,North America,Cardiology,II,Heart Failure,Biotech,5,9,8,10,0,1,1,PI-008,10,1,5,0,1,894,3.5,2023-02-27,2023-03-26,2026-07-30,2026-07-22,27,1222,8,1,2023,FDA,2022-08-23,2022-09-27,35,0,CEC,2022-09-21,2023-01-28,129,186,3,1,1,1,1,0,1,0,0,0,0,,2,3,5,1,0,1,2850,0.449,400,9.82,adv_email,Email
SITE-01631,PROTO-C_NEURO,Germany,Europe,Neurology,II,Alzheimer's,Academic,7,14,10,12,1,0,0,PI-026,14,0,2,1,4,98,3.9,2022-03-10,2022-06-20,2026-02-25,2026-04-07,102,1346,-41,2,2022,EMA,2021-12-01,2022-02-21,82,1,LEC,2021-12-26,2022-02-22,58,176,3,0,1,0,0,1,1,0,0,1,0,,1,3,4,1,0,0,1650,0.57,45,1.0,adv_community_presentation,Community
SITE-01632,PROTO-A_ONCO,India,Asia,Oncology,III,NSCLC,Pharma,8,18,12,15,1,1,1,PI-023,3,2,2,1,4,107,2.1,2021-02-04,2021-01-31,2022-12-14,2022-12-12,-4,682,2,1,2021,Other,2020-06-24,2020-11-12,141,1,CEC,2020-07-25,2020-11-23,121,190,1,1,1,0,1,0,1,0,0,0,0,,1,3,4,1,0,1,2350,0.566,32,1.41,adv_online,Online
SITE-01633,PROTO-B_CARDIO,Germany,Europe,Cardiology,II,Heart Failure,Biotech,5,9,8,10,0,1,1,PI-024,11,1,4,1,4,765,2.3,2023-01-14,2023-01-29,2025-01-25,2025-01-25,15,727,0,1,2023,EMA,2022-04-23,2022-07-19,87,1,CEC,2022-06-11,2022-10-23,134,232,3,0,0,1,0,0,0,0,0,1,0,,2,0,2,1,0,1,900,0.413,400,16.51,adv_email,Email
SITE-01634,PROTO-A_ONCO,UK,Europe,Oncology,III,NSCLC,Pharma,8,18,12,15,1,1,1,PI-017,12,5,5,1,5,266,1.2,2022-11-29,2023-02-02,2024-02-02,2024-01-12,65,365,21,1,2023,MHRA,2022-08-14,2022-10-05,52,1,LEC,2022-09-25,2022-11-11,47,130,1,0,0,1,1,1,0,0,0,0,0,,2,1,3,1,0,1,2000,0.658,72,5.92,adv_email,Email
SITE-01635,PROTO-A_ONCO,Japan,Asia,Oncology,III,NSCLC,Pharma,8,18,12,15,1,1,1,PI-019,23,1,4,1,3,225,3.5,2021-03-03,2021-04-09,2024-07-02,2024-07-20,37,1180,-18,2,2021,PMDA,2020-09-12,2021-01-15,125,1,CEC,2020-10-07,2020-12-06,60,184,2,0,1,0,1,0,0,0,0,1,0,,2,1,3,1,0,1,1750,0.602,166,4.22,adv_community_presentation,Community
SITE-01636,PROTO-C_NEURO,UK,Europe,Neurology,II,Alzheimer's,Academic,7,14,10,12,1,0,0,PI-013,18,3,2,1,4,64,2.2,2022-12-31,2023-03-16,2025-02-14,2025-03-03,75,701,-17,1,2023,MHRA,2022-08-10,2022-12-14,126,1,LEC,2022-09-12,2022-11-19,68,185,3,1,1,0,0,0,0,0,0,0,1,Patient registry outreach,1,2,3,1,0,0,950,0.556,54,2.31,adv_other,Other
SITE-01637,PROTO-A_ONCO,Poland,Europe,Oncology,III,NSCLC,Pharma,8,18,12,15,1,1,1,PI-023,21,7,4,1,4,104,2.9,2021-07-25,2022-02-23,2024-10-20,2024-10-26,213,970,-6,1,2022,EMA,2021-05-10,2021-10-30,173,1,LEC,2021-05-22,2021-07-06,45,277,2,0,0,1,0,0,0,0,0,0,0,,1,0,1,1,0,1,500,0.596,96,2.97,adv_email,Email
SITE-01638,PROTO-A_ONCO,USA,North America,Oncology,III,NSCLC,Pharma,8,18,12,15,1,1,1,PI-012,9,7,5,1,3,207,1.4,2021-12-20,2022-01-07,2023-04-16,2023-03-26,18,464,21,1,2022,FDA,2021-06-30,2021-12-06,159,0,CEC,2021-08-24,2021-11-30,98,136,2,0,1,0,0,0,0,0,0,1,0,,1,1,2,1,0,0,550,0.645,76,4.91,adv_community_presentation,Community
SITE-01639,PROTO-C_NEURO,Canada,North America,Neurology,II,Alzheimer's,Academic,7,14,10,12,1,0,0,PI-028,12,2,2,1,7,94,2.8,2023-01-27,2023-01-10,2025-10-05,2025-09-27,-17,999,8,1,2023,Other,2022-09-28,2022-12-23,86,0,IRB,2022-11-02,2023-01-07,66,69,0,1,1,0,0,0,0,0,0,0,0,,0,2,2,0,1,0,350,0.535,41,1.23,adv_poster,Poster
SITE-01640,PROTO-A_ONCO,Canada,North America,Oncology,III,NSCLC,Pharma,8,18,12,15,1,1,1,PI-028,15,2,5,0,5,98,1.3,2023-01-02,2023-02-17,2024-04-24,2024-05-28,46,432,-34,1,2023,Other,2022-08-21,2022-11-15,86,0,CEC,2022-09-29,2022-12-10,72,141,3,1,1,0,0,0,0,0,0,1,0,,1,2,3,1,0,0,750,0.495,26,1.81,adv_community_presentation,Community
SITE-01641,PROTO-B_CARDIO,Japan,Asia,Cardiology,II,Heart Failure,Biotech,5,9,8,10,0,1,1,PI-016,23,2,4,1,5,873,2.1,2023-07-05,2023-11-22,2025-10-06,2025-10-12,140,684,-6,4,2023,PMDA,2023-04-03,2023-08-25,144,1,LEC,2023-05-13,2023-06-12,30,193,2,1,0,1,1,0,0,0,0,0,0,,2,1,3,1,0,1,1900,0.405,400,17.54,adv_email,Email
SITE-01642,PROTO-B_CARDIO,Poland,Europe,Cardiology,II,Heart Failure,Biotech,5,9,8,10,0,1,1,PI-028,15,1,5,1,2,1013,3.0,2023-04-21,2023-08-11,2026-05-08,2026-04-11,112,1001,27,3,2023,EMA,2022-12-26,2023-04-13,108,1,LEC,2023-02-15,2023-03-23,36,177,3,1,0,1,1,1,0,0,0,1,0,,3,2,5,1,0,1,2600,0.429,400,11.99,adv_email,Email
SITE-01643,PROTO-C_NEURO,Spain,Europe,Neurology,II,Alzheimer's,Academic,7,14,10,12,1,0,0,PI-024,3,4,1,1,3,20,2.4,2022-01-06,2022-06-03,2024-08-16,2024-08-10,148,805,6,2,2022,EMA,2021-10-04,2022-03-18,165,1,LEC,2021-10-31,2021-12-22,52,215,2,0,0,1,0,0,0,0,0,0,1,Patient registry outreach,2,0,2,1,0,1,1100,0.573,10,0.37,adv_email,Email
SITE-01644,PROTO-B_CARDIO,India,Asia,Cardiology,II,Heart Failure,Biotech,5,9,8,10,0,1,1,PI-010,6,3,2,1,5,823,1.3,2022-12-20,2023-02-27,2024-02-22,2024-01-27,69,360,26,1,2023,Other,2022-07-20,2022-10-04,76,1,CEC,2022-08-24,2022-10-23,60,187,2,1,1,1,1,0,1,0,0,1,0,,3,3,6,1,0,1,3250,0.442,400,33.33,adv_email,Email
SITE-01645,PROTO-C_NEURO,Canada,North America,Neurology,II,Alzheimer's,Academic,7,14,10,12,1,0,0,PI-028,13,2,2,1,6,132,3.0,2022-03-02,2022-03-10,2025-01-18,2025-01-12,8,1045,6,1,2022,Other,2021-08-09,2021-09-20,42,0,CEC,2021-10-07,2022-01-11,96,154,3,0,1,0,1,0,0,0,0,1,0,,2,1,3,1,0,1,1750,0.71,47,1.35,adv_community_presentation,Community
SITE-01646,PROTO-C_NEURO,Canada,North America,Neurology,II,Alzheimer's,Academic,7,14,10,12,1,0,0,PI-007,3,0,3,1,6,63,2.3,2022-06-12,2022-05-30,2024-08-20,2024-09-06,-13,813,-17,2,2022,Other,2021-12-15,2022-01-14,30,0,CEC,2022-01-24,2022-04-04,70,126,1,1,1,1,0,1,0,0,0,0,0,,1,3,4,1,0,1,1150,0.581,16,0.59,adv_email,Email
SITE-01647,PROTO-C_NEURO,Germany,Europe,Neurology,II,Alzheimer's,Academic,7,14,10,12,1,0,0,PI-028,10,2,3,0,6,83,2.7,2023-07-27,2023-09-13,2026-03-17,2026-04-27,48,916,-41,3,2023,EMA,2023-03-19,2023-06-11,84,1,CEC,2023-04-06,2023-06-12,67,160,2,1,1,0,0,0,0,0,0,0,0,,0,2,2,0,1,0,350,0.521,39,1.28,adv_poster,Poster
SITE-01648,PROTO-B_CARDIO,Poland,Europe,Cardiology,II,Heart Failure,Biotech,5,9,8,10,0,1,1,PI-011,6,2,2,1,2,841,2.8,2021-09-18,2022-03-06,2024-09-15,2024-11-04,169,924,-50,1,2022,EMA,2021-05-27,2021-10-23,149,1,LEC,2021-07-17,2021-08-12,26,232,2,0,0,0,0,0,0,0,0,1,0,,1,0,1,1,0,0,400,0.407,400,12.99,adv_community_presentation,Community
SITE-01649,PROTO-A_ONCO,Poland,Europe,Oncology,III,NSCLC,Pharma,8,18,12,15,1,1,1,PI-021,22,9,1,1,1,137,3.2,2022-02-18,2022-06-20,2025-06-14,2025-06-20,122,1090,-6,2,2022,EMA,2021-10-26,2022-03-09,134,1,LEC,2021-12-19,2022-01-13,25,183,6,1,1,0,1,0,0,0,0,1,0,,2,2,4,1,0,1,1950,0.669,177,4.87,adv_community_presentation,Community
SITE-01650,PROTO-C_NEURO,Germany,Europe,Neurology,II,Alzheimer's,Academic,7,14,10,12,1,0,0,PI-007,4,2,4,0,2,103,1.1,2022-10-27,2022-11-30,2023-09-19,2023-10-17,34,293,-28,4,2022,EMA,2022-01-30,2022-03-29,58,1,CEC,2022-03-30,2022-08-05,128,245,0,1,1,0,0,0,0,0,0,1,0,,1,2,3,1,0,0,750,0.488,41,4.2,adv_community_presentation,Community
SITE-01651,PROTO-B_CARDIO,Spain,Europe,Cardiology,II,Heart Failure,Biotech,5,9,8,10,0,1,1,PI-025,23,5,2,0,2,751,1.1,2022-07-25,2022-11-19,2023-08-28,2023-07-28,117,282,31,4,2022,EMA,2022-03-23,2022-08-01,131,1,LEC,2022-05-15,2022-07-04,50,188,3,1,1,1,1,0,0,0,1,1,0,,3,3,6,1,0,1,7450,0.523,400,42.55,adv_email,Email
SITE-01652,PROTO-B_CARDIO,UK,Europe,Cardiology,II,Heart Failure,Biotech,5,9,8,10,0,1,1,PI-007,21,7,1,1,7,745,3.6,2023-05-23,2023-08-24,2027-01-12,2026-11-23,93,1237,50,3,2023,MHRA,2023-01-19,2023-06-16,148,1,LEC,2023-03-08,2023-04-24,47,169,2,1,1,0,1,0,0,0,0,1,1,Patient registry outreach,3,2,5,1,0,1,2550,0.415,400,9.7,adv_online,Online
SITE-01653,PROTO-C_NEURO,Australia,APAC,Neurology,II,Alzheimer's,Academic,7,14,10,12,1,0,0,PI-007,14,2,2,0,2,52,2.8,2023-04-17,2023-07-02,2026-01-07,2026-02-24,76,920,-48,3,2023,Other,2022-09-16,2022-12-07,82,1,CEC,2022-11-08,2023-03-27,139,236,2,0,1,0,1,0,0,0,0,0,0,,1,1,2,1,0,1,1350,0.548,51,1.66,adv_online,Online
SITE-01654,PROTO-B_CARDIO,UK,Europe,Cardiology,II,Heart Failure,Biotech,5,9,8,10,0,1,1,PI-010,12,5,5,1,4,834,1.2,2022-06-16,2022-09-14,2023-08-21,2023-08-18,90,341,3,3,2022,MHRA,2022-02-06,2022-03-31,53,1,LEC,2022-03-27,2022-06-02,67,171,5,1,0,0,1,1,0,0,0,0,0,,1,2,3,1,0,1,1700,0.464,400,35.19,adv_online,Online
SITE-01655,PROTO-A_ONCO,USA,North America,Oncology,III,NSCLC,Pharma,8,18,12,15,1,1,1,PI-002,12,4,2,1,10,149,3.1,2022-05-29,2022-05-22,2025-05-20,2025-05-10,-7,1094,10,2,2022,FDA,2022-01-09,2022-03-14,64,0,IRB,2022-01-28,2022-04-21,83,114,2,1,0,1,1,0,0,0,0,0,0,,2,1,3,1,0,1,1900,0.573,40,1.1,adv_email,Email
SITE-01656,PROTO-B_CARDIO,Canada,North America,Cardiology,II,Heart Failure,Biotech,5,9,8,10,0,1,1,PI-016,19,1,3,1,2,866,1.2,2022-08-19,2022-08-30,2023-10-13,2023-09-25,11,409,18,3,2022,Other,2022-02-19,2022-07-28,159,0,IRB,2022-04-14,2022-06-22,69,138,2,1,1,0,0,0,0,0,0,1,1,Patient registry outreach,2,2,4,1,0,0,1350,0.473,400,29.34,adv_community_presentation,Community
SITE-01657,PROTO-A_ONCO,Germany,Europe,Oncology,III,NSCLC,Pharma,8,18,12,15,1,1,1,PI-026,15,1,3,1,1,203,2.7,2023-05-18,2023-07-11,2025-11-22,2025-11-13,54,865,9,3,2023,EMA,2022-11-20,2023-02-20,92,1,CEC,2022-12-13,2023-03-22,99,210,2,0,1,0,0,1,0,0,1,0,0,,0,3,3,0,1,0,5450,0.515,204,7.08,adv_newsletter,Newsletter
SITE-01658,PROTO-C_NEURO,USA,North America,Neurology,II,Alzheimer's,Academic,7,14,10,12,1,0,0,PI-004,4,0,3,1,1,146,2.6,2021-02-25,2021-02-04,2023-08-03,2023-07-22,-21,910,12,1,2021,FDA,2020-09-22,2020-11-18,57,0,IRB,2020-10-14,2021-01-03,81,113,2,1,0,1,1,0,0,0,0,0,1,Patient registry outreach,3,1,4,1,0,1,2500,0.45,99,3.26,adv_email,Email
SITE-01659,PROTO-A_ONCO,Brazil,LATAM,Oncology,III,NSCLC,Pharma,8,18,12,15,1,1,1,PI-018,9,3,1,1,1,120,1.4,2022-11-03,2022-12-30,2024-03-05,2024-03-18,57,431,-13,4,2022,Other,2022-08-25,2022-10-11,47,1,LEC,2022-09-13,2022-10-06,23,108,3,1,0,0,0,0,0,0,0,0,1,Patient registry outreach,1,1,2,1,0,0,800,0.599,51,3.55,adv_other,Other
SITE-01660,PROTO-C_NEURO,USA,North America,Neurology,II,Alzheimer's,Academic,7,14,10,12,1,0,0,PI-003,20,3,4,1,4,124,3.3,2022-02-14,2022-02-24,2025-05-11,2025-05-26,10,1172,-15,1,2022,FDA,2021-11-15,2022-02-18,95,0,IRB,2021-11-27,2022-01-14,48,89,4,1,0,0,0,0,0,0,0,1,0,,1,1,2,1,0,0,600,0.511,85,2.18,adv_community_presentation,Community
SITE-01661,PROTO-C_NEURO,USA,North America,Neurology,II,Alzheimer's,Academic,7,14,10,12,1,0,0,PI-003,6,2,4,1,10,111,2.5,2023-04-17,2023-05-09,2025-09-14,2025-07-18,22,859,58,2,2023,FDA,2022-11-05,2023-02-08,95,0,IRB,2022-12-22,2023-02-23,63,138,4,1,1,0,1,0,0,0,0,0,0,,1,2,3,1,0,1,1550,0.525,21,0.73,adv_online,Online
SITE-01662,PROTO-B_CARDIO,Australia,APAC,Cardiology,II,Heart Failure,Biotech,5,9,8,10,0,1,1,PI-013,7,6,5,1,2,948,1.6,2022-12-11,2023-02-14,2024-07-04,2024-07-13,65,506,-9,1,2023,Other,2022-09-18,2022-10-31,43,1,LEC,2022-10-24,2022-11-21,28,113,1,1,1,1,1,0,0,0,1,0,0,,2,3,5,1,0,1,7050,0.394,400,23.72,adv_email,Email
SITE-01663,PROTO-B_CARDIO,Poland,Europe,Cardiology,II,Heart Failure,Biotech,5,9,8,10,0,1,1,PI-001,14,4,4,1,4,1037,1.0,2021-06-21,2021-08-14,2022-05-15,2022-03-22,54,274,54,3,2021,EMA,2020-11-10,2021-05-07,178,1,CEC,2021-01-07,2021-05-28,141,219,1,1,0,1,0,0,0,0,0,0,0,,1,1,2,1,0,1,700,0.445,400,43.8,adv_email,Email
SITE-01664,PROTO-C_NEURO,USA,North America,Neurology,II,Alzheimer's,Academic,7,14,10,12,1,0,0,PI-003,3,3,1,1,5,56,1.0,2021-06-01,2021-04-20,2022-03-13,2022-04-09,-42,327,-27,2,2021,FDA,2020-11-15,2021-01-21,67,0,IRB,2021-01-01,2021-04-07,96,109,1,1,1,1,0,0,0,0,0,0,1,Patient registry outreach,2,2,4,1,0,1,1450,0.564,13,1.19,adv_email,Email
SITE-01665,PROTO-A_ONCO,Spain,Europe,Oncology,III,NSCLC,Pharma,8,18,12,15,1,1,1,PI-022,20,1,3,1,4,217,3.6,2022-11-16,2023-02-18,2026-07-31,2026-07-15,94,1259,16,1,2023,EMA,2022-07-31,2022-09-04,35,1,LEC,2022-08-31,2022-10-23,53,171,1,1,1,0,1,0,0,0,0,0,0,,1,2,3,1,0,1,1550,0.592,147,3.5,adv_online,Online
SITE-01666,PROTO-B_CARDIO,Japan,Asia,Cardiology,II,Heart Failure,Biotech,5,9,8,10,0,1,1,PI-024,19,2,1,1,6,972,3.0,2021-08-14,2021-09-24,2024-07-14,2024-08-01,41,1024,-18,3,2021,PMDA,2021-03-04,2021-06-28,116,1,CEC,2021-03-17,2021-06-10,85,191,2,0,1,1,0,0,0,0,0,0,0,,1,1,2,1,0,1,650,0.379,400,11.72,adv_email,Email
SITE-01667,PROTO-A_ONCO,USA,North America,Oncology,III,NSCLC,Pharma,8,18,12,15,1,1,1,PI-018,2,1,2,1,4,42,2.4,2021-05-26,2021-05-27,2023-08-28,2023-08-16,1,823,12,2,2021,FDA,2020-11-20,2021-03-09,109,0,CEC,2020-12-11,2021-04-26,136,167,2,1,1,1,1,0,0,0,0,1,0,,3,2,5,1,0,1,2450,0.558,20,0.73,adv_email,Email
SITE-01668,PROTO-C_NEURO,Germany,Europe,Neurology,II,Alzheimer's,Academic,7,14,10,12,1,0,0,PI-013,9,2,5,1,5,201,3.2,2022-06-16,2022-09-17,2025-06-23,2025-07-22,93,1010,-29,3,2022,EMA,2021-10-09,2022-02-23,137,1,CEC,2021-12-07,2022-04-26,140,284,5,1,1,1,1,1,0,0,0,0,0,,2,3,5,1,0,1,2350,0.548,134,3.98,adv_email,Email
SITE-01669,PROTO-C_NEURO,India,Asia,Neurology,II,Alzheimer's,Academic,7,14,10,12,1,0,0,PI-015,3,3,4,1,6,30,1.5,2022-11-08,2023-04-07,2024-06-15,2024-06-20,150,435,-5,2,2023,Other,2022-08-02,2022-11-28,118,1,LEC,2022-08-24,2022-10-06,43,226,1,1,1,0,0,0,0,0,0,0,0,,0,2,2,0,1,0,350,0.556,5,0.34,adv_poster,Poster
SITE-01670,PROTO-C_NEURO,USA,North America,Neurology,II,Alzheimer's,Academic,7,14,10,12,1,0,0,PI-006,3,3,3,1,6,73,3.5,2023-08-05,2023-09-18,2027-02-25,2027-02-05,44,1256,20,3,2023,FDA,2023-03-18,2023-08-14,149,0,IRB,2023-05-03,2023-06-19,47,138,1,0,1,1,1,0,0,0,0,0,0,,2,1,3,1,0,1,1850,0.45,57,1.36,adv_email,Email
SITE-01671,PROTO-A_ONCO,Japan,Asia,Oncology,III,NSCLC,Pharma,8,18,12,15,1,1,1,PI-008,24,3,5,1,0,208,2.7,2021-04-04,2021-06-24,2023-11-03,2023-11-07,81,862,-4,2,2021,PMDA,2020-08-18,2020-11-28,102,1,CEC,2020-10-15,2021-03-09,145,252,3,0,1,1,1,0,0,0,0,0,0,,2,1,3,1,0,1,1850,0.548,284,9.88,adv_email,Email
SITE-01672,PROTO-A_ONCO,USA,North America,Oncology,III,NSCLC,Pharma,8,18,12,15,1,1,1,PI-013,14,4,2,1,5,169,3.5,2023-07-04,2023-08-09,2027-01-15,2026-12-24,36,1255,22,3,2023,FDA,2023-03-06,2023-06-24,110,0,IRB,2023-04-07,2023-05-20,43,124,1,1,0,1,0,1,0,0,0,0,0,,1,2,3,1,0,1,1000,0.623,123,2.94,adv_email,Email
SITE-01673,PROTO-A_ONCO,Australia,APAC,Oncology,III,NSCLC,Pharma,8,18,12,15,1,1,1,PI-017,9,3,4,1,2,75,2.9,2023-09-04,2023-10-19,2026-05-22,2026-05-11,45,946,11,4,2023,Other,2023-02-10,2023-05-20,99,1,CEC,2023-03-26,2023-06-10,76,207,0,0,1,0,0,0,1,0,0,0,0,,0,2,2,0,1,0,950,0.547,66,2.09,adv_pamphlet,Pamphlet
SITE-01674,PROTO-A_ONCO,Canada,North America,Oncology,III,NSCLC,Pharma,8,18,12,15,1,1,1,PI-007,18,7,1,1,3,47,1.3,2022-07-26,2022-07-28,2023-10-10,2023-10-16,2,439,-6,3,2022,Other,2022-02-02,2022-03-07,33,0,IRB,2022-03-06,2022-06-08,94,144,1,1,0,0,0,0,1,0,0,0,0,,0,2,2,0,1,0,1000,0.566,29,1.98,adv_poster,Poster
SITE-01675,PROTO-A_ONCO,UK,Europe,Oncology,III,NSCLC,Pharma,8,18,12,15,1,1,1,PI-026,12,1,1,1,6,66,3.7,2023-01-04,2023-04-02,2026-09-03,2026-07-30,88,1250,35,2,2023,MHRA,2022-09-08,2022-12-22,105,1,CEC,2022-10-11,2022-12-04,54,173,3,1,1,1,0,0,0,0,0,0,0,,1,2,3,1,0,1,850,0.562,23,0.55,adv_email,Email
SITE-01676,PROTO-A_ONCO,Spain,Europe,Oncology,III,NSCLC,Pharma,8,18,12,15,1,1,1,PI-003,11,4,5,1,2,147,2.5,2023-01-24,2023-04-02,2025-06-07,2025-06-04,68,797,3,2,2023,EMA,2022-09-19,2022-12-26,98,1,LEC,2022-10-30,2022-12-24,55,154,2,1,1,0,1,0,0,0,0,0,0,,1,2,3,1,0,1,1550,0.616,105,3.95,adv_online,Online
SITE-01677,PROTO-A_ONCO,Spain,Europe,Oncology,III,NSCLC,Pharma,8,18,12,15,1,1,1,PI-013,14,3,1,1,4,186,1.9,2021-05-07,2021-08-14,2023-04-28,2023-07-08,99,622,-71,3,2021,EMA,2020-12-20,2021-05-14,145,1,LEC,2021-02-17,2021-04-27,69,178,2,1,1,0,0,0,1,1,0,1,0,,1,4,5,1,0,0,3050,0.545,93,4.49,adv_community_presentation,Community
SITE-01678,PROTO-C_NEURO,Canada,North America,Neurology,II,Alzheimer's,Academic,7,14,10,12,1,0,0,PI-024,20,0,4,1,3,100,2.0,2023-07-21,2023-10-08,2025-08-22,2025-08-11,79,684,11,4,2023,Other,2023-03-08,2023-07-28,142,0,IRB,2023-04-28,2023-05-28,30,163,4,1,1,1,0,0,0,0,0,0,1,Patient registry outreach,2,2,4,1,0,1,1450,0.505,83,3.64,adv_email,Email
SITE-01679,PROTO-C_NEURO,Japan,Asia,Neurology,II,Alzheimer's,Academic,7,14,10,12,1,0,0,PI-014,5,1,3,1,5,71,2.9,2022-05-28,2022-09-11,2025-03-31,2025-03-22,106,932,9,3,2022,PMDA,2022-01-30,2022-03-04,33,1,LEC,2022-02-28,2022-04-26,57,195,3,1,1,0,0,1,0,0,0,1,0,,1,3,4,1,0,0,1050,0.533,31,1.0,adv_community_presentation,Community
SITE-01680,PROTO-C_NEURO,USA,North America,Neurology,II,Alzheimer's,Academic,7,14,10,12,1,0,0,PI-017,4,2,4,1,3,52,2.5,2021-07-18,2021-07-23,2023-12-18,2023-12-08,5,878,10,3,2021,FDA,2021-02-11,2021-07-05,144,0,IRB,2021-03-31,2021-06-21,82,114,1,1,0,0,1,0,1,0,0,0,0,,1,2,3,1,0,1,2200,0.472,32,1.09,adv_online,Online
SITE-01681,PROTO-C_NEURO,Spain,Europe,Neurology,II,Alzheimer's,Academic,7,14,10,12,1,0,0,PI-013,3,4,5,1,5,64,3.4,2023-01-30,2023-03-04,2026-04-07,2026-05-10,33,1130,-33,1,2023,EMA,2022-07-12,2022-10-24,104,1,CEC,2022-07-28,2022-12-08,133,219,0,1,0,0,1,1,0,0,0,1,0,,2,2,4,1,0,1,2100,0.53,38,1.01,adv_community_presentation,Community
SITE-01682,PROTO-B_CARDIO,Canada,North America,Cardiology,II,Heart Failure,Biotech,5,9,8,10,0,1,1,PI-006,10,6,3,1,4,1239,2.9,2023-02-22,2023-01-14,2025-11-16,2025-11-06,-39,1037,10,1,2023,Other,2022-08-28,2022-09-29,32,0,CEC,2022-10-04,2022-11-28,55,102,1,1,1,1,0,0,0,0,0,1,0,,2,2,4,1,0,1,1250,0.474,400,11.57,adv_email,Email
SITE-01683,PROTO-C_NEURO,Germany,Europe,Neurology,II,Alzheimer's,Academic,7,14,10,12,1,0,0,PI-026,3,2,1,1,8,115,2.0,2021-07-18,2021-09-16,2023-05-12,2023-04-17,60,603,25,3,2021,EMA,2020-12-01,2021-03-10,99,1,CEC,2020-12-26,2021-05-09,134,264,3,1,1,1,0,0,0,0,0,0,0,,1,2,3,1,0,1,850,0.545,22,1.09,adv_email,Email
SITE-01684,PROTO-C_NEURO,Poland,Europe,Neurology,II,Alzheimer's,Academic,7,14,10,12,1,0,0,PI-006,24,4,1,1,5,99,1.5,2023-09-16,2023-12-07,2025-02-25,2025-03-07,82,446,-10,4,2023,EMA,2023-05-14,2023-07-28,75,1,LEC,2023-07-01,2023-08-22,52,159,1,1,0,1,0,0,0,0,0,0,0,,1,1,2,1,0,1,700,0.627,51,3.43,adv_email,Email
SITE-01685,PROTO-B_CARDIO,UK,Europe,Cardiology,II,Heart Failure,Biotech,5,9,8,10,0,1,1,PI-016,10,5,4,1,6,1282,2.2,2021-12-02,2022-04-28,2024-05-04,2024-04-25,147,737,9,2,2022,MHRA,2021-08-23,2022-02-01,162,1,LEC,2021-09-25,2021-10-19,24,215,0,1,0,1,1,0,0,0,0,1,0,,3,1,4,1,0,1,2300,0.498,400,16.28,adv_email,Email
SITE-01686,PROTO-B_CARDIO,India,Asia,Cardiology,II,Heart Failure,Biotech,5,9,8,10,0,1,1,PI-003,9,4,4,1,6,1147,4.0,2023-07-05,2023-08-04,2027-04-10,2027-03-03,30,1345,38,3,2023,Other,2022-12-31,2023-03-04,63,1,CEC,2023-01-22,2023-05-07,105,194,4,1,1,1,1,1,0,0,0,0,0,,2,3,5,1,0,1,2350,0.349,400,8.92,adv_email,Email
SITE-01687,PROTO-C_NEURO,Germany,Europe,Neurology,II,Alzheimer's,Academic,7,14,10,12,1,0,0,PI-023,12,2,2,1,3,167,1.3,2022-11-29,2023-04-21,2024-04-25,2024-05-30,143,370,-35,2,2023,EMA,2022-08-10,2023-01-24,167,1,CEC,2022-08-28,2022-10-30,63,236,5,1,1,0,1,0,0,0,0,1,0,,2,2,4,1,0,1,1950,0.609,73,5.92,adv_community_presentation,Community
SITE-01688,PROTO-C_NEURO,USA,North America,Neurology,II,Alzheimer's,Academic,7,14,10,12,1,0,0,PI-004,13,3,2,1,5,65,2.2,2021-12-11,2021-12-12,2024-01-20,2024-02-12,1,769,-23,4,2021,FDA,2021-06-09,2021-10-26,139,0,CEC,2021-07-04,2021-10-03,91,161,1,1,1,1,0,0,0,0,0,1,0,,2,2,4,1,0,1,1250,0.485,47,1.83,adv_community_presentation,Community
SITE-01689,PROTO-C_NEURO,Brazil,LATAM,Neurology,II,Alzheimer's,Academic,7,14,10,12,1,0,0,PI-001,11,5,5,0,7,71,3.0,2023-07-22,2023-09-25,2026-07-30,2026-07-29,65,1039,1,3,2023,Other,2023-02-12,2023-07-17,155,1,CEC,2023-03-22,2023-05-14,53,187,1,1,1,0,1,0,0,0,0,0,0,,1,2,3,1,0,1,1550,0.547,27,0.78,adv_online,Online
SITE-01690,PROTO-C_NEURO,USA,North America,Neurology,II,Alzheimer's,Academic,7,14,10,12,1,0,0,PI-015,20,3,5,1,3,100,1.7,2021-10-07,2021-08-18,2023-03-09,2023-01-28,-50,568,40,3,2021,FDA,2021-03-11,2021-08-05,147,0,CEC,2021-03-24,2021-07-28,126,147,2,1,1,1,0,0,0,0,0,0,0,,1,2,3,1,0,1,850,0.57,63,3.33,adv_email,Email
SITE-01691,PROTO-A_ONCO,UK,Europe,Oncology,III,NSCLC,Pharma,8,18,12,15,1,1,1,PI-024,3,5,4,1,4,80,3.5,2022-05-21,2022-08-14,2025-11-14,2025-12-01,85,1188,-17,3,2022,MHRA,2022-02-07,2022-04-26,78,1,LEC,2022-03-11,2022-04-19,39,156,0,0,0,1,0,0,1,0,0,0,0,,1,1,2,1,0,1,1300,0.617,37,0.93,adv_email,Email
SITE-01692,PROTO-C_NEURO,USA,North America,Neurology,II,Alzheimer's,Academic,7,14,10,12,1,0,0,PI-009,11,4,4,1,4,51,3.3,2022-01-31,2021-12-09,2025-02-28,2025-04-08,-53,1177,-39,4,2021,FDA,2021-07-29,2021-10-05,68,0,CEC,2021-09-01,2021-11-21,81,99,0,1,1,1,1,1,1,0,1,1,1,Patient registry outreach,4,5,9,1,0,1,9150,0.549,40,1.02,adv_community_presentation,Community
SITE-01693,PROTO-B_CARDIO,Germany,Europe,Cardiology,II,Heart Failure,Biotech,5,9,8,10,0,1,1,PI-008,12,3,4,1,1,812,2.8,2022-09-28,2022-12-13,2025-06-07,2025-05-23,76,907,15,4,2022,EMA,2022-05-07,2022-06-13,37,1,CEC,2022-07-01,2022-09-08,69,165,3,0,1,1,1,0,1,0,0,0,0,,2,2,4,1,0,1,2650,0.31,400,13.23,adv_email,Email
SITE-01694,PROTO-A_ONCO,USA,North America,Oncology,III,NSCLC,Pharma,8,18,12,15,1,1,1,PI-029,18,5,5,1,2,162,3.0,2021-09-22,2021-10-08,2024-08-09,2024-07-29,16,1036,11,4,2021,FDA,2021-04-12,2021-07-06,85,0,CEC,2021-06-06,2021-08-15,70,124,4,1,1,0,0,1,0,0,0,0,0,,0,3,3,0,1,0,650,0.638,138,4.0,adv_newsletter,Newsletter
SITE-01695,PROTO-C_NEURO,Germany,Europe,Neurology,II,Alzheimer's,Academic,7,14,10,12,1,0,0,PI-002,23,3,1,1,3,114,3.2,2023-06-05,2023-09-10,2026-07-28,2026-08-09,97,1052,-12,3,2023,EMA,2023-02-21,2023-05-31,99,1,LEC,2023-03-09,2023-05-13,65,185,3,1,1,1,0,0,0,0,0,1,0,,2,2,4,1,0,1,1250,0.528,132,3.76,adv_community_presentation,Community
SITE-01696,PROTO-C_NEURO,UK,Europe,Neurology,II,Alzheimer's,Academic,7,14,10,12,1,0,0,PI-023,4,3,1,1,3,178,2.5,2022-12-22,2023-02-21,2025-05-26,2025-06-18,61,825,-23,1,2023,MHRA,2022-09-07,2022-10-13,36,1,LEC,2022-10-04,2022-11-25,52,140,2,1,1,0,0,1,0,0,0,1,0,,1,3,4,1,0,0,1050,0.488,110,4.0,adv_community_presentation,Community
SITE-01697,PROTO-C_NEURO,Japan,Asia,Neurology,II,Alzheimer's,Academic,7,14,10,12,1,0,0,PI-027,15,1,5,0,3,31,2.2,2021-11-03,2021-12-25,2023-12-06,2023-12-17,52,711,-11,4,2021,PMDA,2021-06-02,2021-08-06,65,1,CEC,2021-07-09,2021-09-28,81,169,1,1,1,0,1,0,0,0,0,0,0,,1,2,3,1,0,1,1550,0.526,20,0.84,adv_online,Online
SITE-01698,PROTO-B_CARDIO,Poland,Europe,Cardiology,II,Heart Failure,Biotech,5,9,8,10,0,1,1,PI-019,5,4,2,0,6,784,2.6,2023-04-17,2023-10-10,2026-01-30,2026-01-15,176,843,15,4,2023,EMA,2022-12-29,2023-06-22,175,1,LEC,2023-01-26,2023-03-17,50,257,1,1,0,1,1,0,0,0,0,1,0,,3,1,4,1,0,1,2300,0.381,400,14.23,adv_email,Email
SITE-01699,PROTO-A_ONCO,USA,North America,Oncology,III,NSCLC,Pharma,8,18,12,15,1,1,1,PI-022,19,1,2,1,2,36,1.5,2021-09-21,2021-10-30,2023-04-02,2023-03-20,39,519,13,4,2021,FDA,2021-04-21,2021-09-22,154,0,IRB,2021-06-09,2021-08-02,54,143,2,1,0,1,0,0,1,0,0,0,0,,1,2,3,1,0,1,1500,0.592,20,1.16,adv_email,Email
SITE-01700,PROTO-C_NEURO,Canada,North America,Neurology,II,Alzheimer's,Academic,7,14,10,12,1,0,0,PI-002,17,2,5,1,5,186,2.4,2021-08-11,2021-10-01,2023-12-20,2024-01-02,51,810,-13,4,2021,Other,2021-03-04,2021-07-10,128,0,CEC,2021-03-19,2021-07-15,118,196,3,1,1,0,1,0,0,0,0,1,0,,2,2,4,1,0,1,1950,0.492,131,4.85,adv_community_presentation,Community
SITE-01701,PROTO-A_ONCO,Canada,North America,Oncology,III,NSCLC,Pharma,8,18,12,15,1,1,1,PI-010,18,4,1,1,2,148,1.2,2021-09-10,2021-10-10,2022-11-13,2022-12-03,30,399,-20,4,2021,Other,2021-03-09,2021-08-26,170,0,IRB,2021-04-11,2021-07-13,93,182,1,1,1,1,0,1,0,0,1,0,0,,1,4,5,1,0,1,6150,0.546,66,4.96,adv_email,Email
SITE-01702,PROTO-C_NEURO,USA,North America,Neurology,II,Alzheimer's,Academic,7,14,10,12,1,0,0,PI-028,7,5,1,1,4,109,3.7,2021-05-31,2021-05-13,2024-11-18,2024-12-03,-18,1285,-15,2,2021,FDA,2020-11-04,2021-02-14,102,0,CEC,2020-11-18,2021-04-01,134,176,7,1,1,1,1,0,0,0,0,0,1,Patient registry outreach,3,2,5,1,0,1,2650,0.551,109,2.54,adv_email,Email
SITE-01703,PROTO-A_ONCO,Canada,North America,Oncology,III,NSCLC,Pharma,8,18,12,15,1,1,1,PI-017,3,7,4,1,1,99,3.1,2022-02-14,2022-02-09,2025-03-01,2025-02-17,-5,1116,12,1,2022,Other,2021-10-07,2022-01-17,102,0,IRB,2021-12-05,2022-01-21,47,66,0,0,0,0,1,0,0,0,0,1,0,,2,0,2,1,0,1,1600,0.538,100,2.69,adv_community_presentation,Community
SITE-01704,PROTO-C_NEURO,UK,Europe,Neurology,II,Alzheimer's,Academic,7,14,10,12,1,0,0,PI-003,9,4,2,1,3,160,1.9,2023-03-15,2023-05-19,2025-02-07,2025-02-06,65,630,1,2,2023,MHRA,2022-11-26,2023-01-16,51,1,LEC,2023-01-07,2023-02-18,42,132,2,0,1,1,1,0,0,0,0,0,0,,2,1,3,1,0,1,1850,0.583,112,5.33,adv_email,Email
SITE-01705,PROTO-C_NEURO,Poland,Europe,Neurology,II,Alzheimer's,Academic,7,14,10,12,1,0,0,PI-029,21,1,3,1,3,27,3.8,2023-05-19,2023-07-30,2027-02-03,2027-01-16,72,1284,18,3,2023,EMA,2022-12-07,2023-04-05,119,1,CEC,2022-12-30,2023-03-24,84,212,3,1,1,0,0,0,0,0,0,0,1,Patient registry outreach,1,2,3,1,0,0,950,0.58,18,0.42,adv_other,Other
SITE-01706,PROTO-B_CARDIO,Brazil,LATAM,Cardiology,II,Heart Failure,Biotech,5,9,8,10,0,1,1,PI-029,3,3,2,1,8,907,2.8,2023-02-15,2023-06-05,2025-11-29,2025-12-16,110,908,-17,2,2023,Other,2022-10-27,2022-12-08,42,1,LEC,2022-11-07,2023-01-05,59,210,2,0,1,1,1,0,0,0,0,0,0,,2,1,3,1,0,1,1850,0.391,392,12.95,adv_email,Email
SITE-01707,PROTO-C_NEURO,Japan,Asia,Neurology,II,Alzheimer's,Academic,7,14,10,12,1,0,0,PI-004,12,2,5,1,2,95,2.0,2022-09-03,2022-11-27,2024-07-14,2024-06-30,85,595,14,4,2022,PMDA,2022-01-24,2022-07-17,174,1,CEC,2022-02-25,2022-06-22,117,275,2,1,0,1,0,0,0,0,0,0,0,,1,1,2,1,0,1,700,0.527,53,2.67,adv_email,Email
SITE-01708,PROTO-C_NEURO,Japan,Asia,Neurology,II,Alzheimer's,Academic,7,14,10,12,1,0,0,PI-007,7,4,1,1,6,118,1.6,2022-09-07,2022-12-17,2024-04-04,2024-04-11,101,474,-7,4,2022,PMDA,2022-05-08,2022-07-09,62,1,CEC,2022-05-21,2022-08-03,74,210,0,1,1,0,1,1,0,0,0,1,0,,2,3,5,1,0,1,2250,0.513,45,2.85,adv_community_presentation,Community
SITE-01709,PROTO-B_CARDIO,Germany,Europe,Cardiology,II,Heart Failure,Biotech,5,9,8,10,0,1,1,PI-009,22,1,1,1,1,726,1.1,2022-03-16,2022-04-29,2023-03-01,2023-04-01,44,306,-31,2,2022,EMA,2021-09-21,2021-12-27,97,1,CEC,2021-10-26,2022-02-13,110,185,0,1,1,0,0,1,1,1,0,0,0,,0,5,5,0,1,0,2950,0.48,400,39.22,adv_newsletter,Newsletter
SITE-01710,PROTO-A_ONCO,Spain,Europe,Oncology,III,NSCLC,Pharma,8,18,12,15,1,1,1,PI-003,11,4,3,1,3,107,1.1,2021-09-03,2021-11-21,2022-10-06,2022-10-31,79,319,-25,4,2021,EMA,2021-05-21,2021-06-22,32,1,LEC,2021-06-12,2021-08-11,60,162,1,1,1,1,1,0,0,0,0,0,0,,2,2,4,1,0,1,2050,0.558,55,5.17,adv_email,Email
SITE-01711,PROTO-B_CARDIO,USA,North America,Cardiology,II,Heart Failure,Biotech,5,9,8,10,0,1,1,PI-029,11,5,1,1,3,1098,3.6,2022-03-04,2022-03-19,2025-09-27,2025-10-20,15,1288,-23,1,2022,FDA,2021-12-11,2022-01-19,39,0,IRB,2021-12-21,2022-02-14,55,88,1,1,1,1,0,1,0,0,1,0,0,,1,4,5,1,0,1,6150,0.351,400,9.32,adv_email,Email
SITE-01712,PROTO-C_NEURO,Canada,North America,Neurology,II,Alzheimer's,Academic,7,14,10,12,1,0,0,PI-025,16,3,3,0,4,98,3.8,2021-06-04,2021-05-30,2025-02-11,2025-02-15,-5,1353,-4,2,2021,Other,2021-01-26,2021-03-12,45,0,IRB,2021-02-10,2021-04-17,66,109,2,1,1,0,1,0,0,0,0,1,1,Patient registry outreach,3,2,5,1,0,1,2550,0.437,114,2.53,adv_community_presentation,Community
SITE-01713,PROTO-B_CARDIO,Brazil,LATAM,Cardiology,II,Heart Failure,Biotech,5,9,8,10,0,1,1,PI-009,9,6,3,1,8,1169,1.2,2023-08-11,2023-12-06,2024-12-05,2024-12-06,117,365,-1,4,2023,Other,2023-03-31,2023-09-02,155,1,LEC,2023-05-22,2023-06-29,38,198,1,1,1,1,0,1,0,1,1,0,0,,1,5,6,1,0,1,7650,0.386,328,26.96,adv_email,Email
SITE-01714,PROTO-C_NEURO,USA,North America,Neurology,II,Alzheimer's,Academic,7,14,10,12,1,0,0,PI-005,20,5,4,1,5,100,3.4,2022-12-03,2023-01-11,2026-05-05,2026-06-11,39,1210,-37,1,2023,FDA,2022-06-25,2022-09-23,90,0,IRB,2022-08-21,2022-11-04,75,143,1,1,1,0,1,0,0,0,0,0,0,,1,2,3,1,0,1,1550,0.525,97,2.4,adv_online,Online
SITE-01715,PROTO-C_NEURO,USA,North America,Neurology,II,Alzheimer's,Academic,7,14,10,12,1,0,0,PI-003,9,0,2,1,4,113,2.1,2021-01-10,2020-12-19,2022-12-20,2023-01-27,-22,731,-38,4,2020,FDA,2020-08-22,2020-10-20,59,0,IRB,2020-09-04,2020-12-09,96,106,1,1,1,0,1,0,1,0,1,0,0,,1,4,5,1,0,1,7350,0.59,51,2.09,adv_online,Online
SITE-01716,PROTO-B_CARDIO,Spain,Europe,Cardiology,II,Heart Failure,Biotech,5,9,8,10,0,1,1,PI-022,4,3,1,1,7,988,2.2,2023-03-24,2023-05-21,2025-05-13,2025-05-31,58,723,-18,2,2023,EMA,2022-10-16,2022-12-09,54,1,CEC,2022-12-08,2023-02-28,82,164,1,1,0,1,0,0,1,0,0,0,0,,1,2,3,1,0,1,1500,0.437,400,16.6,adv_email,Email
SITE-01717,PROTO-C_NEURO,USA,North America,Neurology,II,Alzheimer's,Academic,7,14,10,12,1,0,0,PI-007,21,3,1,1,7,77,2.6,2022-04-27,2022-06-21,2024-11-08,2024-10-27,55,871,12,2,2022,FDA,2021-12-02,2022-02-16,76,0,IRB,2022-01-07,2022-04-09,92,165,6,0,0,0,0,0,1,0,0,1,0,,1,1,2,1,0,0,1200,0.505,41,1.41,adv_community_presentation,Community
SITE-01718,PROTO-A_ONCO,India,Asia,Oncology,III,NSCLC,Pharma,8,18,12,15,1,1,1,PI-012,23,1,2,1,3,127,2.9,2021-06-14,2021-07-14,2024-03-18,2024-04-18,30,978,-31,3,2021,Other,2021-01-12,2021-04-19,97,1,LEC,2021-03-01,2021-05-08,68,135,3,1,1,1,0,0,0,0,0,0,0,,1,2,3,1,0,1,850,0.645,66,2.02,adv_email,Email
SITE-01719,PROTO-A_ONCO,USA,North America,Oncology,III,NSCLC,Pharma,8,18,12,15,1,1,1,PI-005,2,2,3,1,7,113,2.4,2021-09-02,2021-07-28,2023-11-22,2024-01-01,-36,847,-40,3,2021,FDA,2021-02-16,2021-04-04,47,0,IRB,2021-04-09,2021-07-05,87,110,0,1,1,1,0,1,0,1,0,0,0,,1,4,5,1,0,1,2650,0.498,20,0.71,adv_email,Email
SITE-01720,PROTO-C_NEURO,USA,North America,Neurology,II,Alzheimer's,Academic,7,14,10,12,1,0,0,PI-005,12,5,1,1,2,107,3.7,2023-06-29,2023-08-17,2027-03-25,2027-04-05,49,1316,-11,3,2023,FDA,2023-01-14,2023-07-02,169,0,IRB,2023-03-08,2023-05-09,62,162,2,1,1,0,0,1,0,0,0,0,0,,0,3,3,0,1,0,650,0.545,122,2.78,adv_newsletter,Newsletter
SITE-01721,PROTO-B_CARDIO,Brazil,LATAM,Cardiology,II,Heart Failure,Biotech,5,9,8,10,0,1,1,PI-011,12,1,4,1,2,1242,3.7,2022-08-28,2022-09-08,2026-02-12,2026-01-23,11,1253,20,3,2022,Other,2022-02-09,2022-04-14,64,1,CEC,2022-02-19,2022-07-04,135,201,2,1,1,0,0,0,0,0,0,1,0,,1,2,3,1,0,0,750,0.409,400,9.58,adv_community_presentation,Community
SITE-01722,PROTO-B_CARDIO,USA,North America,Cardiology,II,Heart Failure,Biotech,5,9,8,10,0,1,1,PI-027,4,0,3,1,4,834,4.0,2021-10-18,2021-10-25,2025-09-07,2025-08-25,7,1413,13,4,2021,FDA,2021-04-03,2021-09-03,153,0,CEC,2021-05-13,2021-09-23,133,165,1,1,0,1,1,1,0,0,0,0,1,Patient registry outreach,3,2,5,1,0,1,2800,0.387,400,8.49,adv_email,Email
SITE-01723,PROTO-A_ONCO,Japan,Asia,Oncology,III,NSCLC,Pharma,8,18,12,15,1,1,1,PI-016,16,7,3,1,7,109,2.3,2022-04-01,2022-03-21,2024-03-31,2024-04-04,-11,741,-4,1,2022,PMDA,2021-10-27,2021-12-20,54,1,CEC,2021-11-07,2022-01-18,72,134,3,1,1,1,1,0,0,0,0,0,0,,2,2,4,1,0,1,2050,0.565,60,2.43,adv_email,Email
SITE-01724,PROTO-A_ONCO,USA,North America,Oncology,III,NSCLC,Pharma,8,18,12,15,1,1,1,PI-026,21,2,1,1,6,78,3.5,2021-07-09,2021-07-12,2024-12-16,2025-02-03,3,1253,-49,3,2021,FDA,2021-03-01,2021-04-04,34,0,IRB,2021-04-25,2021-05-31,36,78,2,1,0,0,1,1,1,0,0,1,0,,2,3,5,1,0,1,2900,0.527,60,1.44,adv_community_presentation,Community
SITE-01725,PROTO-C_NEURO,Germany,Europe,Neurology,II,Alzheimer's,Academic,7,14,10,12,1,0,0,PI-024,21,3,5,0,4,92,3.4,2022-04-27,2022-06-08,2025-07-15,2025-06-15,42,1133,30,2,2022,EMA,2021-09-14,2022-03-07,174,1,CEC,2021-10-07,2022-02-13,129,244,3,1,0,0,1,0,0,0,0,0,1,Patient registry outreach,2,1,3,1,0,1,2000,0.605,91,2.41,adv_online,Online
SITE-01726,PROTO-A_ONCO,Germany,Europe,Oncology,III,NSCLC,Pharma,8,18,12,15,1,1,1,PI-008,5,3,2,1,5,139,2.9,2021-03-29,2021-06-29,2024-03-19,2024-02-27,92,994,21,2,2021,EMA,2021-01-24,2021-04-18,84,1,LEC,2021-02-15,2021-03-09,22,134,2,1,1,1,0,0,0,0,0,1,1,Patient registry outreach,3,2,5,1,0,1,1850,0.574,56,1.69,adv_email,Email
SITE-01727,PROTO-A_ONCO,Spain,Europe,Oncology,III,NSCLC,Pharma,8,18,12,15,1,1,1,PI-012,14,2,1,1,6,110,3.4,2021-10-06,2021-11-28,2025-02-27,2025-02-28,53,1187,-1,4,2021,EMA,2021-06-11,2021-08-18,68,1,LEC,2021-07-08,2021-09-05,59,143,1,0,0,0,0,0,0,0,0,0,0,,0,0,0,0,0,0,0,0.671,30,0.76,none,None
SITE-01728,PROTO-C_NEURO,Germany,Europe,Neurology,II,Alzheimer's,Academic,7,14,10,12,1,0,0,PI-022,12,5,3,1,4,117,2.0,2021-08-18,2021-11-01,2023-06-20,2023-06-25,75,596,-5,4,2021,EMA,2020-12-30,2021-03-17,77,1,CEC,2021-02-23,2021-07-18,145,251,4,0,0,1,1,0,0,0,0,0,0,,2,0,2,1,0,1,1700,0.626,60,3.02,adv_email,Email
SITE-01729,PROTO-C_NEURO,USA,North America,Neurology,II,Alzheimer's,Academic,7,14,10,12,1,0,0,PI-029,22,3,4,1,4,132,2.3,2022-05-31,2022-07-05,2024-08-11,2024-07-16,35,768,26,3,2022,FDA,2021-12-07,2022-05-13,157,0,IRB,2022-01-30,2022-04-29,89,156,6,0,0,1,1,1,1,0,0,1,0,,3,2,5,1,0,1,3200,0.553,110,4.3,adv_community_presentation,Community
SITE-01730,PROTO-B_CARDIO,Germany,Europe,Cardiology,II,Heart Failure,Biotech,5,9,8,10,0,1,1,PI-001,23,5,1,1,6,966,2.3,2022-02-13,2022-03-10,2024-03-27,2024-04-29,25,748,-33,1,2022,EMA,2021-08-11,2021-12-02,113,1,CEC,2021-10-06,2022-01-13,99,155,0,1,1,1,0,0,1,0,0,0,1,Patient registry outreach,2,3,5,1,0,1,2250,0.367,400,16.04,adv_email,Email
SITE-01731,PROTO-B_CARDIO,Germany,Europe,Cardiology,II,Heart Failure,Biotech,5,9,8,10,0,1,1,PI-025,11,2,5,1,3,1178,1.5,2023-06-13,2023-08-09,2024-11-29,2025-01-06,57,478,-38,3,2023,EMA,2023-02-13,2023-03-17,32,1,LEC,2023-03-11,2023-05-12,62,151,2,1,1,0,1,0,0,0,0,0,0,,1,2,3,1,0,1,1550,0.485,400,25.1,adv_online,Online
SITE-01732,PROTO-C_NEURO,Spain,Europe,Neurology,II,Alzheimer's,Academic,7,14,10,12,1,0,0,PI-015,24,6,3,1,4,80,1.6,2023-09-25,2024-01-08,2025-05-25,2025-04-14,105,503,41,1,2024,EMA,2023-06-17,2023-10-22,127,1,LEC,2023-07-05,2023-08-27,53,187,0,1,0,1,0,0,0,0,0,0,0,,1,1,2,1,0,1,700,0.502,61,3.64,adv_email,Email
SITE-01733,PROTO-A_ONCO,USA,North America,Oncology,III,NSCLC,Pharma,8,18,12,15,1,1,1,PI-021,12,6,4,1,3,226,3.5,2022-04-06,2022-05-04,2025-10-05,2025-11-03,28,1250,-29,2,2022,FDA,2021-10-18,2022-04-02,166,0,IRB,2021-12-13,2022-02-25,74,142,1,1,1,0,0,1,0,0,0,0,1,Patient registry outreach,1,3,4,1,0,0,1250,0.517,261,6.26,adv_other,Other
SITE-01734,PROTO-B_CARDIO,UK,Europe,Cardiology,II,Heart Failure,Biotech,5,9,8,10,0,1,1,PI-002,17,6,2,1,3,1259,3.4,2023-06-15,2023-08-30,2026-12-03,2026-11-30,76,1191,3,3,2023,MHRA,2023-02-11,2023-07-31,170,1,LEC,2023-04-09,2023-05-31,52,143,0,0,1,1,1,0,0,0,0,1,0,,3,1,4,1,0,1,2250,0.39,400,10.08,adv_email,Email
SITE-01735,PROTO-C_NEURO,Poland,Europe,Neurology,II,Alzheimer's,Academic,7,14,10,12,1,0,0,PI-018,3,2,3,1,2,101,1.1,2022-09-30,2023-01-14,2023-12-24,2023-11-11,106,344,43,1,2023,EMA,2022-05-27,2022-11-10,167,1,LEC,2022-07-07,2022-09-07,62,191,1,1,1,0,1,0,0,0,0,0,0,,1,2,3,1,0,1,1550,0.53,43,3.75,adv_online,Online
SITE-01736,PROTO-C_NEURO,Germany,Europe,Neurology,II,Alzheimer's,Academic,7,14,10,12,1,0,0,PI-006,11,1,2,1,6,113,3.1,2021-06-07,2021-08-25,2024-07-07,2024-05-09,79,1047,59,3,2021,EMA,2021-03-06,2021-06-01,87,1,CEC,2021-03-29,2021-05-18,50,149,0,1,0,0,0,1,0,0,0,1,0,,1,2,3,1,0,0,900,0.582,49,1.4,adv_community_presentation,Community
SITE-01737,PROTO-C_NEURO,India,Asia,Neurology,II,Alzheimer's,Academic,7,14,10,12,1,0,0,PI-002,22,2,3,1,5,65,1.9,2021-01-23,2021-05-31,2023-01-25,2023-03-02,128,604,-36,2,2021,Other,2020-10-05,2021-02-28,146,1,LEC,2020-11-30,2021-01-03,34,182,3,0,1,1,1,0,0,0,0,1,1,Patient registry outreach,4,1,5,1,0,1,2850,0.472,31,1.54,adv_community_presentation,Community
SITE-01738,PROTO-B_CARDIO,Germany,Europe,Cardiology,II,Heart Failure,Biotech,5,9,8,10,0,1,1,PI-002,7,5,4,1,4,1160,3.6,2022-05-09,2022-06-17,2025-11-28,2025-11-26,39,1260,2,2,2022,EMA,2021-12-16,2022-01-15,30,1,CEC,2022-02-07,2022-04-18,70,130,0,0,0,1,1,1,0,0,0,0,1,Patient registry outreach,3,1,4,1,0,1,2600,0.383,400,9.52,adv_email,Email
SITE-01739,PROTO-A_ONCO,Spain,Europe,Oncology,III,NSCLC,Pharma,8,18,12,15,1,1,1,PI-006,12,1,1,1,3,107,1.9,2022-03-27,2022-10-06,2024-06-02,2024-06-17,193,605,-15,4,2022,EMA,2021-12-20,2022-05-28,159,1,LEC,2022-01-27,2022-03-07,39,252,1,1,0,0,1,0,1,0,1,1,0,,2,3,5,1,0,1,7600,0.548,49,2.43,adv_community_presentation,Community
SITE-01740,PROTO-A_ONCO,Australia,APAC,Oncology,III,NSCLC,Pharma,8,18,12,15,1,1,1,PI-020,16,2,3,1,4,207,2.8,2022-01-10,2022-02-25,2024-10-26,2024-10-25,46,974,1,1,2022,Other,2021-09-28,2021-10-30,32,1,LEC,2021-11-15,2021-12-14,29,102,1,0,1,0,0,0,0,1,0,0,0,,0,2,2,0,1,0,1650,0.639,104,3.2,adv_pamphlet,Pamphlet
SITE-01741,PROTO-A_ONCO,USA,North America,Oncology,III,NSCLC,Pharma,8,18,12,15,1,1,1,PI-006,7,1,3,1,5,135,2.4,2023-09-26,2023-10-17,2026-02-12,2025-12-21,21,849,53,4,2023,FDA,2023-06-01,2023-07-19,48,0,IRB,2023-06-27,2023-08-22,56,112,1,1,1,1,1,1,0,0,0,1,0,,3,3,6,1,0,1,2750,0.598,44,1.55,adv_email,Email
SITE-01742,PROTO-A_ONCO,USA,North America,Oncology,III,NSCLC,Pharma,8,18,12,15,1,1,1,PI-025,9,4,4,1,4,188,2.9,2022-08-24,2022-10-25,2025-08-13,2025-07-28,62,1023,16,4,2022,FDA,2022-05-04,2022-09-10,129,0,IRB,2022-05-16,2022-07-26,71,162,2,1,1,0,1,1,0,0,0,0,0,,1,3,4,1,0,1,1850,0.557,130,3.81,adv_online,Online
SITE-01743,PROTO-B_CARDIO,Spain,Europe,Cardiology,II,Heart Failure,Biotech,5,9,8,10,0,1,1,PI-020,12,1,4,1,3,1093,3.3,2023-02-15,2023-04-09,2026-05-23,2026-04-09,53,1140,44,2,2023,EMA,2022-10-12,2023-03-05,144,1,LEC,2022-11-17,2023-01-13,57,143,1,1,1,0,0,0,0,0,1,1,0,,1,3,4,1,0,0,5750,0.413,400,10.53,adv_community_presentation,Community
SITE-01744,PROTO-A_ONCO,Germany,Europe,Oncology,III,NSCLC,Pharma,8,18,12,15,1,1,1,PI-013,10,2,2,1,3,132,1.1,2023-07-18,2023-08-07,2024-07-09,2024-08-05,20,337,-27,3,2023,EMA,2023-02-23,2023-03-30,35,1,LEC,2023-04-14,2023-06-13,60,115,2,1,1,1,0,0,0,1,0,0,0,,1,3,4,1,0,1,2350,0.611,29,2.58,adv_email,Email
SITE-01745,PROTO-B_CARDIO,Japan,Asia,Cardiology,II,Heart Failure,Biotech,5,9,8,10,0,1,1,PI-011,13,5,3,1,5,1089,2.3,2022-12-26,2022-12-16,2024-12-21,2024-12-21,-10,736,0,4,2022,PMDA,2022-04-12,2022-05-20,38,1,CEC,2022-05-12,2022-09-29,140,218,3,1,1,0,0,0,0,0,0,0,0,,0,2,2,0,1,0,350,0.387,400,16.3,adv_poster,Poster
SITE-01746,PROTO-A_ONCO,Japan,Asia,Oncology,III,NSCLC,Pharma,8,18,12,15,1,1,1,PI-008,19,3,2,1,8,122,3.7,2022-07-17,2022-12-10,2026-04-18,2026-04-01,146,1225,17,4,2022,PMDA,2022-04-28,2022-07-07,70,1,LEC,2022-05-12,2022-06-07,26,212,5,1,1,0,0,0,0,0,0,0,0,,0,2,2,0,1,0,350,0.598,47,1.15,adv_poster,Poster
SITE-01747,PROTO-A_ONCO,Japan,Asia,Oncology,III,NSCLC,Pharma,8,18,12,15,1,1,1,PI-008,20,2,4,1,3,234,2.6,2021-02-21,2021-06-25,2023-12-02,2024-01-01,124,890,-30,2,2021,PMDA,2020-11-17,2021-04-19,153,1,LEC,2020-12-15,2021-01-12,28,192,3,1,1,0,0,0,0,0,0,0,0,,0,2,2,0,1,0,350,0.598,165,5.56,adv_poster,Poster
SITE-01748,PROTO-B_CARDIO,Poland,Europe,Cardiology,II,Heart Failure,Biotech,5,9,8,10,0,1,1,PI-021,20,4,5,1,8,1129,3.0,2023-04-22,2023-05-11,2026-03-06,2026-03-04,19,1030,2,2,2023,EMA,2022-12-24,2023-02-08,46,1,LEC,2023-01-31,2023-04-01,60,100,1,1,1,1,1,0,1,0,0,0,1,Patient registry outreach,3,3,6,1,0,1,3450,0.339,400,11.65,adv_email,Email
SITE-01749,PROTO-C_NEURO,Poland,Europe,Neurology,II,Alzheimer's,Academic,7,14,10,12,1,0,0,PI-002,11,3,1,1,5,126,2.0,2023-09-26,2024-01-28,2025-11-11,2025-10-09,124,653,33,1,2024,EMA,2023-06-06,2023-10-08,124,1,LEC,2023-06-25,2023-08-18,54,217,3,0,1,0,0,1,0,0,0,0,0,,0,2,2,0,1,0,450,0.626,62,2.85,adv_newsletter,Newsletter
SITE-01750,PROTO-A_ONCO,Brazil,LATAM,Oncology,III,NSCLC,Pharma,8,18,12,15,1,1,1,PI-013,20,1,4,1,2,168,3.6,2022-10-09,2023-03-17,2026-08-01,2026-08-08,159,1233,-7,1,2023,Other,2022-07-05,2022-12-16,164,1,LEC,2022-07-18,2022-09-20,64,242,1,1,1,0,0,0,0,0,1,0,0,,0,3,3,0,1,0,5350,0.567,178,4.33,adv_poster,Poster
SITE-01751,PROTO-A_ONCO,Australia,APAC,Oncology,III,NSCLC,Pharma,8,18,12,15,1,1,1,PI-006,4,2,5,1,2,76,2.8,2021-07-20,2021-09-15,2024-04-15,2024-04-04,57,943,11,3,2021,Other,2021-03-10,2021-04-20,41,1,LEC,2021-05-02,2021-07-01,60,136,2,1,1,1,0,1,0,0,0,0,1,Patient registry outreach,2,3,5,1,0,1,1750,0.44,60,1.91,adv_email,Email
SITE-01752,PROTO-B_CARDIO,USA,North America,Cardiology,II,Heart Failure,Biotech,5,9,8,10,0,1,1,PI-017,3,2,2,1,1,1040,1.5,2021-06-12,2021-06-15,2022-11-02,2022-11-18,3,505,-16,2,2021,FDA,2020-12-29,2021-04-15,107,0,IRB,2021-01-26,2021-05-05,99,140,3,0,0,1,1,0,0,0,0,1,0,,3,0,3,1,0,1,2100,0.44,400,23.76,adv_email,Email
SITE-01753,PROTO-A_ONCO,UK,Europe,Oncology,III,NSCLC,Pharma,8,18,12,15,1,1,1,PI-011,14,3,2,1,1,122,3.4,2022-09-25,2023-01-02,2026-02-04,2026-03-16,99,1129,-40,1,2023,MHRA,2022-06-02,2022-09-13,103,1,LEC,2022-07-10,2022-09-09,61,176,3,1,0,1,0,0,0,0,0,0,0,,1,1,2,1,0,1,700,0.566,152,4.04,adv_email,Email
SITE-01754,PROTO-B_CARDIO,India,Asia,Cardiology,II,Heart Failure,Biotech,5,9,8,10,0,1,1,PI-023,9,10,1,0,2,1212,3.2,2021-07-25,2021-10-10,2024-09-22,2024-10-24,77,1078,-32,4,2021,Other,2021-04-22,2021-07-08,77,1,LEC,2021-05-17,2021-07-04,48,146,6,0,1,0,1,1,1,0,0,1,0,,2,3,5,1,0,1,2850,0.339,400,11.13,adv_online,Online
SITE-01755,PROTO-B_CARDIO,USA,North America,Cardiology,II,Heart Failure,Biotech,5,9,8,10,0,1,1,PI-025,8,0,1,1,6,1021,1.1,2022-10-14,2022-11-15,2023-10-31,2024-01-02,32,350,-63,4,2022,FDA,2022-05-29,2022-09-15,109,0,IRB,2022-07-19,2022-09-05,48,119,5,1,0,1,0,0,0,0,0,1,0,,2,1,3,1,0,1,1100,0.453,349,29.91,adv_email,Email
SITE-01756,PROTO-A_ONCO,Germany,Europe,Oncology,III,NSCLC,Pharma,8,18,12,15,1,1,1,PI-011,24,6,5,1,3,97,3.9,2021-04-21,2021-07-09,2025-03-06,2025-03-25,79,1336,-19,3,2021,EMA,2020-10-11,2020-12-05,55,1,CEC,2020-12-06,2021-03-21,105,215,6,1,1,1,1,0,1,0,0,0,0,,2,3,5,1,0,1,2850,0.538,148,3.32,adv_email,Email
SITE-01757,PROTO-B_CARDIO,USA,North America,Cardiology,II,Heart Failure,Biotech,5,9,8,10,0,1,1,PI-029,22,6,1,1,5,887,2.7,2021-09-30,2021-09-08,2024-04-30,2024-05-04,-22,965,-4,3,2021,FDA,2021-06-08,2021-08-21,74,0,IRB,2021-07-10,2021-08-17,38,60,1,1,1,1,0,0,0,0,0,0,1,Patient registry outreach,2,2,4,1,0,1,1450,0.415,400,12.44,adv_email,Email
SITE-01758,PROTO-B_CARDIO,USA,North America,Cardiology,II,Heart Failure,Biotech,5,9,8,10,0,1,1,PI-001,23,4,3,1,3,1004,1.2,2023-07-23,2023-06-30,2024-08-23,2024-08-30,-23,420,-7,2,2023,FDA,2023-03-15,2023-07-02,109,0,IRB,2023-05-09,2023-06-14,36,52,1,0,1,0,0,0,0,1,0,0,0,,0,2,2,0,1,0,1650,0.407,400,28.57,adv_pamphlet,Pamphlet
SITE-01759,PROTO-C_NEURO,UK,Europe,Neurology,II,Alzheimer's,Academic,7,14,10,12,1,0,0,PI-022,18,2,5,1,2,61,3.8,2022-02-01,2022-02-19,2025-08-13,2025-09-02,18,1271,-20,1,2022,MHRA,2021-05-26,2021-09-16,113,1,CEC,2021-07-12,2021-11-26,137,222,1,1,1,0,0,1,0,0,0,0,0,,0,3,3,0,1,0,650,0.42,98,2.31,adv_newsletter,Newsletter
SITE-01760,PROTO-A_ONCO,Japan,Asia,Oncology,III,NSCLC,Pharma,8,18,12,15,1,1,1,PI-004,20,6,5,1,5,20,2.9,2022-03-04,2022-05-11,2024-11-18,2024-10-16,68,922,33,2,2022,PMDA,2021-09-09,2021-12-19,101,1,CEC,2021-09-23,2022-01-27,126,230,2,1,1,0,0,0,0,0,0,0,0,,0,2,2,0,1,0,350,0.626,14,0.46,adv_poster,Poster
SITE-01761,PROTO-B_CARDIO,Australia,APAC,Cardiology,II,Heart Failure,Biotech,5,9,8,10,0,1,1,PI-021,13,4,3,1,6,1075,3.5,2022-05-20,2022-10-09,2025-11-17,2025-11-17,142,1135,0,4,2022,Other,2021-11-23,2022-04-30,158,1,CEC,2021-12-16,2022-04-11,116,297,2,1,1,0,1,0,1,1,0,0,0,,1,4,5,1,0,1,3850,0.423,400,10.57,adv_online,Online
SITE-01762,PROTO-B_CARDIO,Germany,Europe,Cardiology,II,Heart Failure,Biotech,5,9,8,10,0,1,1,PI-010,3,1,2,1,3,1201,3.6,2023-01-09,2023-01-28,2026-07-08,2026-08-01,19,1257,-24,1,2023,EMA,2022-07-10,2022-11-23,136,1,CEC,2022-08-15,2022-10-25,71,166,0,1,1,1,1,0,1,0,0,0,0,,2,3,5,1,0,1,2850,0.282,400,9.55,adv_email,Email
SITE-01763,PROTO-A_ONCO,Brazil,LATAM,Oncology,III,NSCLC,Pharma,8,18,12,15,1,1,1,PI-003,20,2,1,1,4,175,2.8,2022-05-29,2022-11-03,2025-04-10,2025-03-17,158,889,24,4,2022,Other,2022-02-08,2022-06-25,137,1,LEC,2022-03-17,2022-05-08,52,231,3,1,0,0,1,1,0,1,0,1,0,,2,3,5,1,0,1,3600,0.651,110,3.71,adv_community_presentation,Community
SITE-01764,PROTO-B_CARDIO,USA,North America,Cardiology,II,Heart Failure,Biotech,5,9,8,10,0,1,1,PI-029,11,2,2,1,3,852,1.8,2021-06-13,2021-06-11,2023-02-15,2023-02-25,-2,614,-10,2,2021,FDA,2020-12-27,2021-04-30,124,0,CEC,2021-01-31,2021-04-27,86,131,3,1,1,1,1,0,0,0,0,0,1,Patient registry outreach,3,2,5,1,0,1,2650,0.384,400,19.54,adv_email,Email
SITE-01765,PROTO-A_ONCO,Spain,Europe,Oncology,III,NSCLC,Pharma,8,18,12,15,1,1,1,PI-014,20,4,2,1,4,197,1.5,2021-10-28,2022-02-15,2023-05-21,2023-05-11,110,460,10,1,2022,EMA,2021-07-12,2021-11-11,122,1,LEC,2021-08-23,2021-10-01,39,176,2,1,1,1,0,0,0,0,0,0,0,,1,2,3,1,0,1,850,0.606,95,6.2,adv_email,Email
SITE-01766,PROTO-C_NEURO,Australia,APAC,Neurology,II,Alzheimer's,Academic,7,14,10,12,1,0,0,PI-025,20,6,4,1,2,102,1.9,2023-04-29,2023-08-07,2025-03-29,2025-03-30,100,600,-1,3,2023,Other,2023-01-18,2023-05-08,110,1,LEC,2023-02-05,2023-04-06,60,183,0,1,1,0,0,1,0,0,0,0,0,,0,3,3,0,1,0,650,0.507,112,5.6,adv_newsletter,Newsletter
SITE-01767,PROTO-B_CARDIO,Australia,APAC,Cardiology,II,Heart Failure,Biotech,5,9,8,10,0,1,1,PI-009,4,1,1,0,2,867,3.6,2023-05-22,2023-10-08,2027-01-15,2027-02-13,139,1195,-29,4,2023,Other,2023-01-24,2023-06-21,148,1,LEC,2023-03-16,2023-04-19,34,206,4,1,0,1,0,1,0,0,0,0,0,,1,2,3,1,0,1,1000,0.424,400,10.04,adv_email,Email
SITE-01768,PROTO-A_ONCO,UK,Europe,Oncology,III,NSCLC,Pharma,8,18,12,15,1,1,1,PI-028,22,4,4,0,3,20,2.1,2022-12-11,2023-03-15,2025-01-03,2025-01-21,94,660,-18,1,2023,MHRA,2022-09-16,2022-11-03,48,1,LEC,2022-10-09,2022-11-07,29,157,4,1,1,1,1,1,0,0,0,0,0,,2,3,5,1,0,1,2350,0.555,19,0.86,adv_email,Email
SITE-01769,PROTO-A_ONCO,Australia,APAC,Oncology,III,NSCLC,Pharma,8,18,12,15,1,1,1,PI-011,23,3,4,1,4,116,3.7,2023-09-23,2024-01-05,2027-06-25,2027-05-06,104,1267,50,1,2024,Other,2023-05-30,2023-10-28,151,1,LEC,2023-06-19,2023-08-25,67,200,3,1,0,0,0,0,0,0,0,1,0,,1,1,2,1,0,0,600,0.63,86,2.04,adv_community_presentation,Community
SITE-01770,PROTO-A_ONCO,Japan,Asia,Oncology,III,NSCLC,Pharma,8,18,12,15,1,1,1,PI-004,17,2,5,0,3,21,3.6,2021-05-03,2021-06-05,2024-08-21,2024-07-27,33,1173,25,2,2021,PMDA,2020-09-25,2020-12-19,85,1,CEC,2020-10-17,2021-02-03,109,231,3,1,1,0,1,0,1,0,0,0,0,,1,3,4,1,0,1,2350,0.564,19,0.49,adv_online,Online
SITE-01771,PROTO-A_ONCO,Germany,Europe,Oncology,III,NSCLC,Pharma,8,18,12,15,1,1,1,PI-006,24,1,5,1,5,107,3.2,2023-04-14,2023-07-15,2026-05-19,2026-06-10,92,1039,-22,3,2023,EMA,2022-09-08,2023-03-05,178,1,CEC,2022-10-27,2023-03-06,130,261,0,1,0,1,1,0,0,0,0,0,0,,2,1,3,1,0,1,1900,0.561,76,2.19,adv_email,Email
SITE-01772,PROTO-B_CARDIO,Canada,North America,Cardiology,II,Heart Failure,Biotech,5,9,8,10,0,1,1,PI-018,18,3,4,1,5,932,2.8,2023-01-26,2023-02-14,2025-10-16,2025-10-04,19,975,12,1,2023,Other,2022-09-08,2022-12-15,98,0,IRB,2022-09-26,2023-01-02,98,141,2,1,1,1,0,0,0,0,0,0,0,,1,2,3,1,0,1,850,0.322,400,12.31,adv_email,Email
SITE-01773,PROTO-A_ONCO,Brazil,LATAM,Oncology,III,NSCLC,Pharma,8,18,12,15,1,1,1,PI-015,20,3,3,1,2,162,1.4,2023-02-01,2023-05-30,2024-08-05,2024-08-02,118,433,3,2,2023,Other,2022-11-01,2023-02-08,99,1,LEC,2022-11-29,2022-12-25,26,182,3,1,1,0,0,1,1,0,0,1,0,,1,4,5,1,0,0,1850,0.635,82,5.68,adv_community_presentation,Community
SITE-01774,PROTO-B_CARDIO,Brazil,LATAM,Cardiology,II,Heart Failure,Biotech,5,9,8,10,0,1,1,PI-007,3,7,3,1,5,1007,1.8,2023-03-19,2023-04-07,2024-09-29,2024-09-12,19,541,17,2,2023,Other,2022-08-22,2022-09-22,31,1,CEC,2022-09-27,2023-01-21,116,192,3,1,1,0,0,1,0,0,0,0,0,,0,3,3,0,1,0,650,0.405,400,22.18,adv_newsletter,Newsletter
SITE-01775,PROTO-B_CARDIO,India,Asia,Cardiology,II,Heart Failure,Biotech,5,9,8,10,0,1,1,PI-004,12,1,2,0,7,804,2.7,2021-05-05,2021-07-19,2024-01-05,2024-02-01,75,900,-27,3,2021,Other,2021-01-02,2021-05-05,123,1,CEC,2021-02-21,2021-04-15,53,148,3,0,1,1,1,0,0,0,0,0,1,Patient registry outreach,3,1,4,1,0,1,2450,0.379,400,13.33,adv_email,Email
SITE-01776,PROTO-B_CARDIO,India,Asia,Cardiology,II,Heart Failure,Biotech,5,9,8,10,0,1,1,PI-005,17,2,3,1,2,993,3.2,2021-08-25,2021-10-13,2024-10-23,2024-11-15,49,1106,-23,4,2021,Other,2021-05-14,2021-06-18,35,1,LEC,2021-07-04,2021-07-31,27,101,3,1,1,1,1,0,0,0,0,1,0,,3,2,5,1,0,1,2450,0.462,400,10.85,adv_email,Email
SITE-01777,PROTO-A_ONCO,USA,North America,Oncology,III,NSCLC,Pharma,8,18,12,15,1,1,1,PI-022,24,3,4,1,5,54,1.1,2021-04-14,2021-05-29,2022-06-08,2022-05-11,45,375,28,2,2021,FDA,2020-12-20,2021-04-25,126,0,IRB,2021-01-25,2021-03-22,56,124,2,1,1,0,1,0,0,0,0,0,0,,1,2,3,1,0,1,1550,0.53,22,1.76,adv_online,Online
SITE-01778,PROTO-A_ONCO,Germany,Europe,Oncology,III,NSCLC,Pharma,8,18,12,15,1,1,1,PI-012,10,4,5,1,4,182,1.3,2022-07-29,2022-08-04,2023-08-27,2023-09-15,6,388,-19,3,2022,EMA,2021-12-02,2022-01-29,58,1,CEC,2022-01-26,2022-06-10,135,190,1,1,1,0,0,0,0,1,0,0,0,,0,3,3,0,1,0,1850,0.579,47,3.63,adv_poster,Poster
SITE-01779,PROTO-A_ONCO,UK,Europe,Oncology,III,NSCLC,Pharma,8,18,12,15,1,1,1,PI-027,3,5,3,1,5,90,3.6,2023-01-06,2023-03-10,2026-08-01,2026-07-15,63,1240,17,1,2023,MHRA,2022-09-22,2022-11-01,40,1,LEC,2022-11-13,2022-12-07,24,117,1,1,0,1,1,1,1,0,0,1,0,,3,3,6,1,0,1,3400,0.61,47,1.14,adv_email,Email
SITE-01780,PROTO-A_ONCO,USA,North America,Oncology,III,NSCLC,Pharma,8,18,12,15,1,1,1,PI-020,8,4,2,1,3,78,3.8,2021-08-08,2021-08-28,2025-05-05,2025-03-23,20,1346,43,3,2021,FDA,2021-03-03,2021-05-08,66,0,CEC,2021-04-05,2021-07-03,89,145,2,1,1,0,1,1,0,0,0,0,0,,1,3,4,1,0,1,1850,0.572,74,1.65,adv_online,Online
SITE-01781,PROTO-B_CARDIO,Australia,APAC,Cardiology,II,Heart Failure,Biotech,5,9,8,10,0,1,1,PI-018,14,4,1,1,2,879,2.0,2023-06-23,2023-09-20,2025-06-30,2025-06-01,89,649,29,3,2023,Other,2023-03-13,2023-05-09,57,1,LEC,2023-04-14,2023-05-28,44,159,1,1,1,0,0,0,0,0,0,1,1,Patient registry outreach,2,2,4,1,0,0,1350,0.366,400,18.49,adv_community_presentation,Community
SITE-01782,PROTO-A_ONCO,USA,North America,Oncology,III,NSCLC,Pharma,8,18,12,15,1,1,1,PI-015,7,4,5,1,2,181,2.8,2021-10-12,2021-10-22,2024-07-13,2024-05-18,10,995,56,4,2021,FDA,2021-06-13,2021-09-19,98,0,IRB,2021-08-02,2021-09-25,54,81,2,0,0,0,0,0,0,0,0,0,0,,0,0,0,0,0,0,0,0.627,86,2.59,none,None
SITE-01783,PROTO-C_NEURO,Brazil,LATAM,Neurology,II,Alzheimer's,Academic,7,14,10,12,1,0,0,PI-016,7,2,5,1,7,59,2.4,2022-04-22,2022-07-04,2024-08-15,2024-07-21,73,773,25,3,2022,Other,2021-12-05,2022-02-15,72,1,LEC,2022-02-01,2022-03-18,45,153,2,1,0,1,1,0,0,0,0,0,1,Patient registry outreach,3,1,4,1,0,1,2500,0.577,16,0.62,adv_email,Email
SITE-01784,PROTO-B_CARDIO,Japan,Asia,Cardiology,II,Heart Failure,Biotech,5,9,8,10,0,1,1,PI-018,17,1,5,1,5,1091,3.0,2022-09-01,2022-10-21,2025-07-28,2025-09-08,50,1011,-42,4,2022,PMDA,2022-03-20,2022-05-22,63,1,CEC,2022-05-15,2022-06-29,45,159,0,1,1,0,0,0,0,0,0,1,1,Patient registry outreach,2,2,4,1,0,0,1350,0.234,400,11.87,adv_community_presentation,Community
SITE-01785,PROTO-C_NEURO,USA,North America,Neurology,II,Alzheimer's,Academic,7,14,10,12,1,0,0,PI-014,8,1,5,1,4,83,3.8,2021-10-28,2021-10-13,2025-07-02,2025-05-30,-15,1358,33,4,2021,FDA,2021-05-18,2021-07-21,64,0,IRB,2021-06-15,2021-09-12,89,120,0,0,1,0,0,0,0,0,0,0,0,,0,1,1,0,1,0,150,0.618,35,0.77,adv_pamphlet,Pamphlet
SITE-01786,PROTO-A_ONCO,USA,North America,Oncology,III,NSCLC,Pharma,8,18,12,15,1,1,1,PI-004,15,1,2,0,4,116,2.0,2022-03-06,2022-06-10,2024-04-21,2024-05-14,96,681,-23,2,2022,FDA,2021-11-15,2022-05-12,178,0,IRB,2021-12-09,2022-02-15,68,183,3,0,0,1,1,1,0,0,0,0,0,,2,1,3,1,0,1,2000,0.628,58,2.56,adv_email,Email
SITE-01787,PROTO-C_NEURO,Japan,Asia,Neurology,II,Alzheimer's,Academic,7,14,10,12,1,0,0,PI-001,14,3,2,1,4,136,1.6,2021-05-25,2021-07-11,2022-12-01,2023-01-01,47,508,-31,3,2021,PMDA,2020-12-25,2021-04-18,114,1,LEC,2021-02-20,2021-04-15,54,141,2,1,1,0,1,0,0,0,0,1,0,,2,2,4,1,0,1,1950,0.481,110,6.5,adv_community_presentation,Community
SITE-01788,PROTO-B_CARDIO,USA,North America,Cardiology,II,Heart Failure,Biotech,5,9,8,10,0,1,1,PI-008,7,2,3,1,4,879,3.8,2022-03-10,2022-03-25,2025-12-22,2025-10-29,15,1368,54,1,2022,FDA,2021-12-31,2022-02-05,36,0,IRB,2022-01-14,2022-02-13,30,70,3,1,1,1,1,0,1,0,0,1,0,,3,3,6,1,0,1,3250,0.423,400,8.77,adv_email,Email
SITE-01789,PROTO-C_NEURO,Canada,North America,Neurology,II,Alzheimer's,Academic,7,14,10,12,1,0,0,PI-016,23,2,4,1,3,123,1.2,2022-01-20,2022-05-16,2023-06-02,2023-07-10,116,382,-38,2,2022,Other,2021-09-13,2022-02-03,143,0,IRB,2021-10-20,2021-11-24,35,208,5,1,0,0,0,0,0,0,1,1,0,,1,2,3,1,0,0,5600,0.475,78,6.13,adv_community_presentation,Community
SITE-01790,PROTO-A_ONCO,Japan,Asia,Oncology,III,NSCLC,Pharma,8,18,12,15,1,1,1,PI-007,3,1,5,1,1,322,2.5,2022-02-04,2022-02-14,2024-05-13,2024-05-14,10,819,-1,1,2022,PMDA,2021-06-20,2021-11-18,151,1,CEC,2021-07-25,2021-12-03,131,204,4,1,1,0,0,0,0,1,0,1,0,,1,3,4,1,0,0,2250,0.53,224,8.21,adv_community_presentation,Community
SITE-01791,PROTO-A_ONCO,Brazil,LATAM,Oncology,III,NSCLC,Pharma,8,18,12,15,1,1,1,PI-022,2,2,5,1,5,131,2.4,2022-03-24,2022-07-06,2024-09-20,2024-11-05,104,807,-46,3,2022,Other,2022-01-05,2022-05-01,116,1,LEC,2022-01-19,2022-03-05,45,168,4,1,0,0,1,0,0,0,0,0,1,Patient registry outreach,2,1,3,1,0,1,2000,0.58,37,1.38,adv_online,Online
SITE-01792,PROTO-C_NEURO,UK,Europe,Neurology,II,Alzheimer's,Academic,7,14,10,12,1,0,0,PI-020,18,2,1,1,5,58,1.7,2021-05-08,2021-07-28,2023-01-22,2023-03-15,81,543,-52,3,2021,MHRA,2021-01-27,2021-04-16,79,1,LEC,2021-03-05,2021-04-13,39,145,2,1,1,1,1,0,0,0,0,1,1,Patient registry outreach,4,2,6,1,0,1,3050,0.524,38,2.1,adv_community_presentation,Community
SITE-01793,PROTO-C_NEURO,India,Asia,Neurology,II,Alzheimer's,Academic,7,14,10,12,1,0,0,PI-025,17,5,3,1,4,58,3.9,2021-05-19,2021-06-25,2025-04-07,2025-04-05,37,1382,2,2,2021,Other,2021-03-03,2021-04-21,49,1,LEC,2021-04-14,2021-05-07,23,72,0,1,1,1,0,0,0,0,0,0,0,,1,2,3,1,0,1,850,0.536,53,1.15,adv_email,Email
SITE-01794,PROTO-B_CARDIO,UK,Europe,Cardiology,II,Heart Failure,Biotech,5,9,8,10,0,1,1,PI-007,21,1,2,1,4,684,1.5,2021-01-31,2021-05-28,2022-07-19,2022-06-28,117,417,21,2,2021,MHRA,2020-09-17,2020-10-23,36,1,LEC,2020-11-02,2021-01-02,61,207,4,1,0,1,1,0,0,0,0,0,0,,2,1,3,1,0,1,1900,0.403,400,28.78,adv_email,Email
SITE-01795,PROTO-A_ONCO,Brazil,LATAM,Oncology,III,NSCLC,Pharma,8,18,12,15,1,1,1,PI-021,24,4,4,1,3,190,1.3,2022-04-18,2022-08-27,2023-08-05,2023-07-25,131,343,11,3,2022,Other,2021-11-15,2022-04-23,159,1,CEC,2021-11-26,2022-03-16,110,274,4,1,0,0,1,1,1,0,0,0,0,,1,3,4,1,0,1,2500,0.591,96,8.4,adv_online,Online
SITE-01796,PROTO-A_ONCO,Germany,Europe,Oncology,III,NSCLC,Pharma,8,18,12,15,1,1,1,PI-019,18,4,3,1,5,140,1.9,2023-06-09,2023-08-09,2025-03-01,2025-01-11,61,570,49,3,2023,EMA,2022-11-23,2023-01-31,69,1,CEC,2023-01-01,2023-04-20,109,220,2,1,1,1,0,0,0,0,0,0,0,,1,2,3,1,0,1,850,0.551,73,3.84,adv_email,Email
SITE-01797,PROTO-A_ONCO,USA,North America,Oncology,III,NSCLC,Pharma,8,18,12,15,1,1,1,PI-022,20,2,2,1,3,93,3.7,2023-02-24,2023-03-09,2026-09-27,2026-09-29,13,1298,-2,1,2023,FDA,2022-09-28,2023-01-03,97,0,IRB,2022-10-19,2023-01-23,96,141,4,1,1,0,0,1,0,0,0,0,0,,0,3,3,0,1,0,650,0.501,108,2.5,adv_newsletter,Newsletter
SITE-01798,PROTO-A_ONCO,India,Asia,Oncology,III,NSCLC,Pharma,8,18,12,15,1,1,1,PI-004,22,7,2,1,3,128,1.9,2021-08-18,2021-12-30,2023-08-02,2023-08-24,134,580,-22,4,2021,Other,2021-04-03,2021-08-28,147,1,LEC,2021-05-26,2021-07-19,54,218,2,1,1,1,0,1,0,0,0,0,0,,1,3,4,1,0,1,1150,0.55,107,5.53,adv_email,Email
SITE-01799,PROTO-B_CARDIO,USA,North America,Cardiology,II,Heart Failure,Biotech,5,9,8,10,0,1,1,PI-029,3,2,3,1,1,1054,3.6,2022-12-01,2022-12-18,2026-06-23,2026-05-18,17,1283,36,4,2022,FDA,2022-07-28,2022-09-13,47,0,IRB,2022-08-19,2022-10-17,59,121,2,0,1,1,1,0,0,0,0,1,1,Patient registry outreach,4,1,5,1,0,1,2850,0.441,400,9.35,adv_email,Email
SITE-01800,PROTO-A_ONCO,Spain,Europe,Oncology,III,NSCLC,Pharma,8,18,12,15,1,1,1,PI-026,24,4,3,1,5,191,3.2,2023-02-06,2023-05-21,2026-05-01,2026-05-03,104,1076,-2,2,2023,EMA,2022-11-03,2023-01-31,89,1,LEC,2022-11-17,2023-01-04,48,185,1,1,0,0,0,0,0,0,0,1,0,,1,1,2,1,0,0,600,0.578,193,5.38,adv_community_presentation,Community
SITE-01801,PROTO-A_ONCO,Germany,Europe,Oncology,III,NSCLC,Pharma,8,18,12,15,1,1,1,PI-029,18,6,1,1,5,254,1.3,2021-08-29,2021-10-20,2022-09-22,2022-09-09,52,337,13,4,2021,EMA,2021-01-18,2021-03-16,57,1,CEC,2021-02-18,2021-06-12,114,244,2,0,1,0,1,0,1,0,0,0,1,Patient registry outreach,2,2,4,1,0,1,2750,0.56,94,8.37,adv_online,Online
SITE-01802,PROTO-B_CARDIO,USA,North America,Cardiology,II,Heart Failure,Biotech,5,9,8,10,0,1,1,PI-016,11,4,3,1,4,961,2.5,2021-05-25,2021-05-14,2023-09-21,2023-09-10,-11,860,11,2,2021,FDA,2020-11-03,2021-02-10,99,0,CEC,2020-12-20,2021-03-14,84,145,3,1,1,1,1,0,0,0,0,0,0,,2,2,4,1,0,1,2050,0.343,400,13.95,adv_email,Email
SITE-01803,PROTO-B_CARDIO,Germany,Europe,Cardiology,II,Heart Failure,Biotech,5,9,8,10,0,1,1,PI-018,8,2,5,1,8,958,2.3,2023-09-25,2024-02-11,2026-03-17,2026-04-21,139,765,-35,1,2024,EMA,2023-06-06,2023-11-15,162,1,LEC,2023-07-04,2023-08-12,39,222,1,1,1,0,1,0,0,0,0,0,0,,1,2,3,1,0,1,1550,0.456,393,15.41,adv_online,Online
SITE-01804,PROTO-B_CARDIO,Poland,Europe,Cardiology,II,Heart Failure,Biotech,5,9,8,10,0,1,1,PI-019,13,2,1,1,3,1082,1.6,2021-10-27,2021-09-29,2023-02-07,2023-01-24,-28,496,14,3,2021,EMA,2021-02-03,2021-06-21,138,1,CEC,2021-04-02,2021-08-04,124,180,1,1,1,0,1,1,0,0,0,0,0,,1,3,4,1,0,1,1850,0.479,400,24.19,adv_online,Online
SITE-01805,PROTO-C_NEURO,Japan,Asia,Neurology,II,Alzheimer's,Academic,7,14,10,12,1,0,0,PI-024,22,7,1,1,4,138,3.6,2021-12-09,2022-02-03,2025-06-16,2025-06-27,56,1229,-11,1,2022,PMDA,2021-08-20,2021-10-14,55,1,CEC,2021-09-25,2021-11-16,52,131,2,0,1,0,0,1,0,0,0,1,0,,1,2,3,1,0,0,850,0.558,140,3.42,adv_community_presentation,Community
SITE-01806,PROTO-B_CARDIO,UK,Europe,Cardiology,II,Heart Failure,Biotech,5,9,8,10,0,1,1,PI-005,15,2,3,1,6,933,1.4,2023-05-27,2023-06-24,2024-09-09,2024-09-11,28,443,-2,2,2023,MHRA,2023-01-29,2023-04-09,70,1,LEC,2023-03-18,2023-04-27,40,98,1,1,0,1,0,0,0,0,0,0,0,,1,1,2,1,0,1,700,0.505,400,27.09,adv_email,Email
SITE-01807,PROTO-C_NEURO,Canada,North America,Neurology,II,Alzheimer's,Academic,7,14,10,12,1,0,0,PI-009,13,1,1,1,6,79,3.5,2022-02-17,2021-12-27,2025-05-21,2025-04-29,-52,1241,22,4,2021,Other,2021-07-17,2021-09-01,46,0,CEC,2021-09-09,2021-11-29,81,109,1,1,1,1,1,0,0,1,0,0,0,,2,3,5,1,0,1,3550,0.542,44,1.06,adv_email,Email
SITE-01808,PROTO-B_CARDIO,USA,North America,Cardiology,II,Heart Failure,Biotech,5,9,8,10,0,1,1,PI-012,12,1,3,1,2,896,3.3,2023-08-20,2023-11-04,2027-01-25,2027-02-21,76,1178,-27,4,2023,FDA,2023-04-01,2023-09-20,172,0,IRB,2023-04-30,2023-06-24,55,188,2,0,1,1,1,0,0,0,1,0,1,Patient registry outreach,3,2,5,1,0,1,7450,0.328,400,10.19,adv_email,Email
SITE-01809,PROTO-C_NEURO,Germany,Europe,Neurology,II,Alzheimer's,Academic,7,14,10,12,1,0,0,PI-024,4,6,5,1,5,96,2.0,2021-12-31,2022-06-26,2024-03-17,2024-03-26,177,630,-9,2,2022,EMA,2021-09-20,2022-02-25,158,1,LEC,2021-10-09,2021-11-19,41,260,0,1,0,1,1,0,0,0,0,0,1,Patient registry outreach,3,1,4,1,0,1,2500,0.483,47,2.24,adv_email,Email
SITE-01810,PROTO-B_CARDIO,UK,Europe,Cardiology,II,Heart Failure,Biotech,5,9,8,10,0,1,1,PI-007,10,3,5,1,3,1092,2.0,2023-09-20,2024-02-28,2025-11-25,2025-10-24,161,636,32,1,2024,MHRA,2023-05-27,2023-11-17,174,1,LEC,2023-06-17,2023-08-23,67,256,2,1,0,0,1,0,0,0,1,1,0,,2,2,4,1,0,1,6800,0.396,400,18.87,adv_online,Online
SITE-01811,PROTO-A_ONCO,UK,Europe,Oncology,III,NSCLC,Pharma,8,18,12,15,1,1,1,PI-013,21,3,2,1,4,110,2.3,2022-09-05,2022-09-13,2024-11-12,2024-12-08,8,791,-26,3,2022,MHRA,2022-05-30,2022-08-18,80,1,LEC,2022-07-28,2022-08-26,29,47,1,0,0,0,0,1,0,0,0,0,0,,0,1,1,0,1,0,300,0.527,57,2.16,adv_newsletter,Newsletter
SITE-01812,PROTO-A_ONCO,Spain,Europe,Oncology,III,NSCLC,Pharma,8,18,12,15,1,1,1,PI-001,7,5,5,1,6,191,2.5,2022-03-18,2022-06-24,2024-10-19,2024-09-17,98,848,32,2,2022,EMA,2021-12-03,2022-04-24,142,1,LEC,2022-01-31,2022-02-23,23,144,2,1,1,0,0,0,1,0,0,0,0,,0,3,3,0,1,0,1150,0.51,78,2.76,adv_poster,Poster
SITE-01813,PROTO-B_CARDIO,India,Asia,Cardiology,II,Heart Failure,Biotech,5,9,8,10,0,1,1,PI-008,22,0,3,1,4,1204,3.4,2023-08-29,2023-08-28,2026-10-26,2026-11-05,-1,1155,-10,3,2023,Other,2022-12-31,2023-04-12,102,1,CEC,2023-02-27,2023-06-06,99,182,1,1,1,1,1,0,0,0,0,0,0,,2,2,4,1,0,1,2050,0.437,400,10.39,adv_email,Email
SITE-01814,PROTO-B_CARDIO,Australia,APAC,Cardiology,II,Heart Failure,Biotech,5,9,8,10,0,1,1,PI-020,5,5,3,1,5,831,4.0,2023-06-05,2023-08-04,2027-04-16,2027-05-03,60,1351,-17,3,2023,Other,2023-02-15,2023-04-30,74,1,LEC,2023-02-26,2023-04-29,62,159,2,1,1,1,1,1,0,0,0,1,0,,3,3,6,1,0,1,2750,0.455,400,8.88,adv_email,Email
SITE-01815,PROTO-C_NEURO,Australia,APAC,Neurology,II,Alzheimer's,Academic,7,14,10,12,1,0,0,PI-014,8,6,5,0,5,20,2.9,2021-06-09,2021-07-08,2024-02-08,2024-01-08,29,945,31,3,2021,Other,2020-10-15,2021-02-22,130,1,CEC,2020-12-11,2021-03-20,99,209,3,1,0,0,1,0,0,0,0,0,0,,1,1,2,1,0,1,1400,0.534,13,0.41,adv_online,Online
SITE-01816,PROTO-C_NEURO,USA,North America,Neurology,II,Alzheimer's,Academic,7,14,10,12,1,0,0,PI-014,13,6,1,1,6,88,3.8,2021-06-28,2021-05-27,2025-01-30,2025-02-10,-32,1344,-11,2,2021,FDA,2021-01-03,2021-04-14,101,0,IRB,2021-02-12,2021-04-30,77,104,6,1,1,0,1,0,0,0,0,1,0,,2,2,4,1,0,1,1950,0.535,72,1.61,adv_community_presentation,Community
SITE-01817,PROTO-B_CARDIO,USA,North America,Cardiology,II,Heart Failure,Biotech,5,9,8,10,0,1,1,PI-012,21,3,1,1,4,913,3.9,2021-07-08,2021-08-28,2025-07-03,2025-06-28,51,1405,5,3,2021,FDA,2021-03-16,2021-08-14,151,0,IRB,2021-04-30,2021-06-13,44,120,1,1,1,0,1,0,0,0,0,0,0,,1,2,3,1,0,1,1550,0.471,400,8.54,adv_online,Online
SITE-01818,PROTO-C_NEURO,Poland,Europe,Neurology,II,Alzheimer's,Academic,7,14,10,12,1,0,0,PI-029,16,4,4,1,1,103,2.6,2023-07-12,2023-10-14,2026-01-31,2026-01-23,94,840,8,4,2023,EMA,2023-03-04,2023-04-21,48,1,LEC,2023-04-13,2023-06-15,63,184,4,1,1,1,0,0,1,0,0,0,0,,1,3,4,1,0,1,1650,0.519,159,5.68,adv_email,Email
SITE-01819,PROTO-C_NEURO,USA,North America,Neurology,II,Alzheimer's,Academic,7,14,10,12,1,0,0,PI-009,13,1,5,1,2,102,1.8,2021-07-21,2021-09-11,2023-05-14,2023-04-27,52,610,17,3,2021,FDA,2021-04-05,2021-07-29,115,0,IRB,2021-04-20,2021-06-17,58,144,4,1,1,0,1,0,0,0,0,0,0,,1,2,3,1,0,1,1550,0.594,63,3.1,adv_online,Online
SITE-01820,PROTO-A_ONCO,Poland,Europe,Oncology,III,NSCLC,Pharma,8,18,12,15,1,1,1,PI-023,10,4,3,1,3,78,2.0,2022-03-30,2022-07-23,2024-04-09,2024-03-31,115,626,9,3,2022,EMA,2021-12-26,2022-02-03,39,1,LEC,2022-01-21,2022-03-18,56,183,4,1,1,0,0,0,1,0,0,1,0,,1,3,4,1,0,0,1550,0.519,44,2.11,adv_community_presentation,Community
SITE-01821,PROTO-C_NEURO,USA,North America,Neurology,II,Alzheimer's,Academic,7,14,10,12,1,0,0,PI-012,14,5,3,1,5,47,1.4,2021-09-28,2021-09-24,2022-12-19,2022-12-04,-4,451,15,3,2021,FDA,2021-03-09,2021-06-17,100,0,CEC,2021-04-02,2021-07-17,106,175,3,0,1,1,1,0,0,0,0,0,0,,2,1,3,1,0,1,1850,0.512,27,1.8,adv_email,Email
SITE-01822,PROTO-A_ONCO,Brazil,LATAM,Oncology,III,NSCLC,Pharma,8,18,12,15,1,1,1,PI-014,17,3,2,1,6,172,1.0,2021-01-01,2021-03-24,2022-01-10,2022-01-07,82,292,3,1,2021,Other,2020-09-26,2020-12-18,83,1,LEC,2020-10-11,2020-11-24,44,164,2,1,1,1,0,0,0,1,0,0,0,,1,3,4,1,0,1,2350,0.618,41,4.21,adv_email,Email
SITE-01823,PROTO-A_ONCO,UK,Europe,Oncology,III,NSCLC,Pharma,8,18,12,15,1,1,1,PI-003,21,2,5,1,2,179,3.6,2022-11-12,2022-12-27,2026-04-19,2026-05-01,45,1209,-12,4,2022,MHRA,2022-06-21,2022-09-29,100,1,CEC,2022-07-30,2022-09-27,59,150,3,1,1,1,1,0,0,0,0,1,0,,3,2,5,1,0,1,2450,0.503,225,5.58,adv_email,Email
SITE-01824,PROTO-B_CARDIO,USA,North America,Cardiology,II,Heart Failure,Biotech,5,9,8,10,0,1,1,PI-021,21,4,3,1,2,1141,1.4,2022-07-02,2022-06-14,2023-10-04,2023-10-10,-18,477,-6,2,2022,FDA,2022-02-10,2022-05-10,89,0,IRB,2022-04-06,2022-05-30,54,69,5,1,1,0,0,0,1,0,0,0,0,,0,3,3,0,1,0,1150,0.345,400,25.16,adv_poster,Poster
SITE-01825,PROTO-C_NEURO,Germany,Europe,Neurology,II,Alzheimer's,Academic,7,14,10,12,1,0,0,PI-024,2,3,3,1,7,76,3.9,2022-06-27,2022-10-19,2026-05-23,2026-04-17,114,1312,36,4,2022,EMA,2022-01-30,2022-07-10,161,1,LEC,2022-03-12,2022-05-16,65,221,1,1,0,1,1,0,1,0,0,1,0,,3,2,5,1,0,1,3100,0.524,40,0.91,adv_community_presentation,Community
SITE-01826,PROTO-B_CARDIO,UK,Europe,Cardiology,II,Heart Failure,Biotech,5,9,8,10,0,1,1,PI-007,15,2,5,1,3,926,1.4,2023-04-15,2023-06-22,2024-09-02,2024-10-13,68,438,-41,2,2023,MHRA,2022-12-28,2023-03-12,74,1,LEC,2023-01-20,2023-03-15,54,153,1,1,0,0,1,0,0,0,1,1,0,,2,2,4,1,0,1,6800,0.469,400,27.4,adv_online,Online
SITE-01827,PROTO-A_ONCO,Canada,North America,Oncology,III,NSCLC,Pharma,8,18,12,15,1,1,1,PI-025,23,2,1,1,0,263,1.7,2022-11-24,2023-01-09,2024-08-25,2024-06-26,46,594,60,1,2023,Other,2022-07-04,2022-10-31,119,0,CEC,2022-08-22,2022-10-16,55,140,2,1,1,0,1,0,0,0,0,0,1,Patient registry outreach,2,2,4,1,0,1,2150,0.588,265,13.38,adv_online,Online
SITE-01828,PROTO-A_ONCO,Japan,Asia,Oncology,III,NSCLC,Pharma,8,18,12,15,1,1,1,PI-020,3,0,1,1,2,171,2.0,2021-02-02,2021-05-01,2022-12-21,2022-12-24,88,599,-3,2,2021,PMDA,2020-07-27,2020-12-09,135,1,CEC,2020-09-11,2020-12-10,90,232,4,1,1,0,0,0,0,0,0,0,0,,0,2,2,0,1,0,350,0.647,48,2.4,adv_poster,Poster
SITE-01829,PROTO-A_ONCO,UK,Europe,Oncology,III,NSCLC,Pharma,8,18,12,15,1,1,1,PI-002,7,3,5,1,5,116,2.5,2023-05-20,2023-09-05,2025-11-29,2025-10-25,108,816,35,3,2023,MHRA,2023-01-28,2023-04-24,86,1,LEC,2023-03-24,2023-05-02,39,165,3,1,1,1,1,1,1,1,0,0,1,Patient registry outreach,3,5,8,1,0,1,5250,0.585,60,2.21,adv_email,Email
SITE-01830,PROTO-B_CARDIO,USA,North America,Cardiology,II,Heart Failure,Biotech,5,9,8,10,0,1,1,PI-013,14,1,2,1,5,880,2.3,2023-05-10,2023-05-16,2025-07-15,2025-08-04,6,791,-20,2,2023,FDA,2022-11-19,2023-04-28,160,0,IRB,2023-01-06,2023-04-01,85,130,4,1,0,1,0,0,0,0,0,1,0,,2,1,3,1,0,1,1100,0.392,400,15.17,adv_email,Email
SITE-01831,PROTO-B_CARDIO,Canada,North America,Cardiology,II,Heart Failure,Biotech,5,9,8,10,0,1,1,PI-028,9,4,5,1,3,1069,3.6,2022-03-03,2022-02-04,2025-08-26,2025-07-12,-27,1299,45,1,2022,Other,2021-11-14,2022-01-03,50,0,IRB,2022-01-10,2022-02-15,36,25,1,1,1,0,1,0,0,0,0,1,0,,2,2,4,1,0,1,1950,0.348,400,9.24,adv_online,Online
SITE-01832,PROTO-B_CARDIO,UK,Europe,Cardiology,II,Heart Failure,Biotech,5,9,8,10,0,1,1,PI-028,18,3,1,1,3,1312,2.9,2022-08-08,2022-12-05,2025-07-26,2025-08-30,119,964,-35,4,2022,MHRA,2022-05-28,2022-07-05,38,1,LEC,2022-06-27,2022-07-23,26,161,1,1,1,1,0,1,0,0,0,0,0,,1,3,4,1,0,1,1150,0.418,400,12.45,adv_email,Email
SITE-01833,PROTO-C_NEURO,India,Asia,Neurology,II,Alzheimer's,Academic,7,14,10,12,1,0,0,PI-022,19,2,3,1,5,91,3.3,2022-02-25,2022-08-25,2025-08-06,2025-07-21,181,1077,16,3,2022,Other,2021-10-14,2022-04-03,171,1,LEC,2021-12-09,2022-02-15,68,259,4,1,1,1,1,0,0,0,0,0,0,,2,2,4,1,0,1,2050,0.585,59,1.64,adv_email,Email
SITE-01834,PROTO-C_NEURO,Poland,Europe,Neurology,II,Alzheimer's,Academic,7,14,10,12,1,0,0,PI-009,4,3,4,1,4,75,3.9,2022-09-03,2022-12-08,2026-07-31,2026-07-01,96,1331,30,4,2022,EMA,2022-04-28,2022-07-08,71,1,LEC,2022-06-09,2022-07-24,45,182,3,1,0,1,1,0,0,0,0,1,0,,3,1,4,1,0,1,2300,0.515,71,1.6,adv_community_presentation,Community
SITE-01835,PROTO-A_ONCO,USA,North America,Oncology,III,NSCLC,Pharma,8,18,12,15,1,1,1,PI-027,17,7,3,1,4,166,4.0,2023-02-02,2022-12-07,2026-10-22,2026-09-16,-57,1415,36,4,2022,FDA,2022-06-24,2022-08-05,42,0,CEC,2022-07-06,2022-11-19,136,154,0,1,1,1,0,0,0,0,0,0,0,,1,2,3,1,0,1,850,0.534,203,4.3,adv_email,Email
SITE-01836,PROTO-A_ONCO,Australia,APAC,Oncology,III,NSCLC,Pharma,8,18,12,15,1,1,1,PI-023,10,2,1,1,3,94,2.6,2021-11-09,2022-06-20,2024-09-06,2024-09-15,223,809,-9,2,2022,Other,2021-08-01,2022-01-22,174,1,LEC,2021-08-28,2021-10-13,46,296,4,0,1,0,1,0,0,0,1,0,0,,1,2,3,1,0,1,6350,0.528,55,2.04,adv_online,Online
SITE-01837,PROTO-B_CARDIO,Germany,Europe,Cardiology,II,Heart Failure,Biotech,5,9,8,10,0,1,1,PI-024,2,4,2,1,4,872,3.6,2021-12-20,2022-01-25,2025-05-11,2025-05-30,36,1202,-19,1,2022,EMA,2021-06-15,2021-10-11,118,1,CEC,2021-08-05,2021-09-27,53,173,3,1,1,0,0,1,0,0,0,0,0,,0,3,3,0,1,0,650,0.392,400,9.98,adv_newsletter,Newsletter
SITE-01838,PROTO-B_CARDIO,Poland,Europe,Cardiology,II,Heart Failure,Biotech,5,9,8,10,0,1,1,PI-016,2,4,5,1,5,855,3.8,2022-10-16,2023-01-03,2026-07-09,2026-06-17,79,1283,22,1,2023,EMA,2022-06-26,2022-09-10,76,1,LEC,2022-08-12,2022-09-04,23,144,3,1,1,1,1,0,0,0,0,0,0,,2,2,4,1,0,1,2050,0.368,400,9.35,adv_email,Email
SITE-01839,PROTO-C_NEURO,India,Asia,Neurology,II,Alzheimer's,Academic,7,14,10,12,1,0,0,PI-023,11,5,5,1,5,121,2.1,2022-09-24,2023-02-22,2024-12-10,2024-11-29,151,657,11,1,2023,Other,2022-06-25,2022-10-29,126,1,LEC,2022-07-14,2022-08-22,39,223,3,1,0,1,0,0,0,0,0,0,0,,1,1,2,1,0,1,700,0.571,43,1.96,adv_email,Email
SITE-01840,PROTO-C_NEURO,Germany,Europe,Neurology,II,Alzheimer's,Academic,7,14,10,12,1,0,0,PI-024,13,2,5,1,1,94,1.0,2022-09-21,2022-10-20,2023-07-06,2023-04-18,29,259,79,4,2022,EMA,2022-02-06,2022-03-15,37,1,CEC,2022-04-03,2022-07-19,107,200,5,1,1,0,1,0,0,0,0,1,0,,2,2,4,1,0,1,1950,0.578,48,5.56,adv_community_presentation,Community
SITE-01841,PROTO-C_NEURO,Germany,Europe,Neurology,II,Alzheimer's,Academic,7,14,10,12,1,0,0,PI-018,7,3,4,1,6,90,2.9,2023-04-15,2023-06-15,2026-01-12,2025-12-15,61,942,28,2,2023,EMA,2022-09-26,2023-03-11,166,1,CEC,2022-10-27,2023-03-05,129,231,3,1,0,1,0,1,1,0,0,1,0,,2,3,5,1,0,1,2200,0.535,43,1.37,adv_community_presentation,Community
SITE-01842,PROTO-B_CARDIO,Poland,Europe,Cardiology,II,Heart Failure,Biotech,5,9,8,10,0,1,1,PI-017,17,4,5,1,3,1073,3.2,2022-01-09,2022-03-03,2025-01-26,2024-12-03,53,1060,54,1,2022,EMA,2021-06-13,2021-11-18,158,1,CEC,2021-07-02,2021-10-28,118,244,3,0,1,1,0,0,0,0,0,0,1,Patient registry outreach,2,1,3,1,0,1,1250,0.389,400,11.32,adv_email,Email
SITE-01843,PROTO-B_CARDIO,Poland,Europe,Cardiology,II,Heart Failure,Biotech,5,9,8,10,0,1,1,PI-014,21,5,5,1,5,1075,2.7,2021-06-26,2021-12-22,2024-05-09,2024-07-10,179,869,-62,4,2021,EMA,2021-03-17,2021-07-12,117,1,LEC,2021-04-24,2021-05-25,31,242,2,0,0,1,1,1,0,0,0,0,0,,2,1,3,1,0,1,2000,0.503,400,13.81,adv_email,Email
SITE-01844,PROTO-B_CARDIO,Germany,Europe,Cardiology,II,Heart Failure,Biotech,5,9,8,10,0,1,1,PI-015,20,2,2,1,2,983,3.9,2022-05-23,2022-04-26,2026-01-14,2026-01-20,-27,1359,-6,2,2022,EMA,2021-11-08,2022-01-30,83,1,CEC,2021-12-02,2022-03-01,89,145,0,1,0,1,0,0,0,0,0,0,0,,1,1,2,1,0,1,700,0.385,400,8.83,adv_email,Email
SITE-01845,PROTO-C_NEURO,USA,North America,Neurology,II,Alzheimer's,Academic,7,14,10,12,1,0,0,PI-027,18,2,4,1,4,115,2.3,2021-09-01,2021-08-15,2023-11-19,2023-11-26,-17,826,-7,3,2021,FDA,2021-04-10,2021-07-10,91,0,IRB,2021-06-01,2021-07-11,40,75,0,1,1,1,0,1,0,0,0,1,1,Patient registry outreach,3,3,6,1,0,1,2150,0.501,90,3.27,adv_community_presentation,Community
SITE-01846,PROTO-C_NEURO,India,Asia,Neurology,II,Alzheimer's,Academic,7,14,10,12,1,0,0,PI-005,4,3,3,1,6,52,3.2,2022-11-09,2022-12-11,2025-12-22,2026-01-23,32,1107,-32,4,2022,Other,2022-07-04,2022-09-06,64,1,CEC,2022-07-26,2022-10-06,72,138,1,1,0,1,0,1,0,0,1,0,0,,1,3,4,1,0,1,6000,0.526,23,0.62,adv_email,Email
SITE-01847,PROTO-C_NEURO,USA,North America,Neurology,II,Alzheimer's,Academic,7,14,10,12,1,0,0,PI-018,14,2,3,0,2,107,1.5,2023-02-02,2023-03-24,2024-08-12,2024-08-16,50,507,-4,1,2023,FDA,2022-08-29,2023-02-23,178,0,IRB,2022-10-11,2023-01-15,96,164,2,1,1,1,0,0,0,1,0,0,0,,1,3,4,1,0,1,2350,0.539,63,3.73,adv_email,Email
SITE-01848,PROTO-B_CARDIO,UK,Europe,Cardiology,II,Heart Failure,Biotech,5,9,8,10,0,1,1,PI-008,24,2,1,1,6,763,1.6,2021-07-29,2021-11-08,2023-03-09,2023-04-03,102,486,-25,4,2021,MHRA,2021-03-15,2021-07-08,115,1,LEC,2021-05-10,2021-06-15,36,182,2,1,1,0,0,0,0,0,0,0,1,Patient registry outreach,1,2,3,1,0,0,950,0.399,400,24.69,adv_other,Other
SITE-01849,PROTO-B_CARDIO,USA,North America,Cardiology,II,Heart Failure,Biotech,5,9,8,10,0,1,1,PI-021,8,3,2,1,2,1188,3.8,2022-04-28,2022-04-02,2025-12-22,2026-01-20,-26,1360,-29,2,2022,FDA,2021-11-22,2022-01-22,61,0,IRB,2022-01-19,2022-03-05,45,73,2,0,1,0,1,0,0,0,0,0,1,Patient registry outreach,2,1,3,1,0,1,1950,0.402,400,8.82,adv_online,Online
SITE-01850,PROTO-A_ONCO,Brazil,LATAM,Oncology,III,NSCLC,Pharma,8,18,12,15,1,1,1,PI-023,5,0,4,1,3,104,2.6,2023-09-20,2024-05-07,2026-08-05,2026-07-01,230,820,35,2,2024,Other,2023-05-27,2023-11-20,177,1,LEC,2023-07-18,2023-08-14,27,294,4,1,1,1,0,0,0,0,0,0,0,,1,2,3,1,0,1,850,0.558,41,1.5,adv_email,Email
SITE-01851,PROTO-C_NEURO,UK,Europe,Neurology,II,Alzheimer's,Academic,7,14,10,12,1,0,0,PI-015,22,1,5,1,5,20,1.8,2021-06-23,2021-07-26,2023-03-06,2023-01-15,33,588,50,3,2021,MHRA,2021-03-09,2021-06-03,86,1,LEC,2021-04-12,2021-05-20,38,105,2,1,1,1,0,0,1,0,0,1,0,,2,3,5,1,0,1,2050,0.531,8,0.41,adv_community_presentation,Community
SITE-01852,PROTO-B_CARDIO,Australia,APAC,Cardiology,II,Heart Failure,Biotech,5,9,8,10,0,1,1,PI-004,14,5,5,1,4,1087,3.0,2023-06-03,2023-09-08,2026-05-20,2026-05-18,97,985,2,3,2023,Other,2023-03-12,2023-04-18,37,1,LEC,2023-03-27,2023-04-29,33,165,2,1,0,1,1,0,0,0,0,0,0,,2,1,3,1,0,1,1900,0.391,400,12.18,adv_email,Email
SITE-01853,PROTO-A_ONCO,Germany,Europe,Oncology,III,NSCLC,Pharma,8,18,12,15,1,1,1,PI-011,2,4,5,1,2,86,3.6,2022-03-11,2022-04-16,2025-09-17,2025-09-02,36,1250,15,2,2022,EMA,2021-09-25,2021-11-12,48,1,CEC,2021-11-07,2022-01-20,74,160,0,0,0,0,0,0,1,0,0,0,0,,0,1,1,0,1,0,800,0.505,74,1.78,adv_newspaper,Newspaper
SITE-01854,PROTO-B_CARDIO,Poland,Europe,Cardiology,II,Heart Failure,Biotech,5,9,8,10,0,1,1,PI-020,23,1,1,1,3,1182,3.8,2022-02-03,2022-05-09,2025-11-11,2025-12-29,95,1282,-48,2,2022,EMA,2021-10-26,2022-02-03,100,1,LEC,2021-12-05,2022-01-22,48,155,1,1,1,0,1,1,0,0,1,1,1,Patient registry outreach,3,4,7,1,0,1,7850,0.445,400,9.36,adv_online,Online
SITE-01855,PROTO-A_ONCO,Spain,Europe,Oncology,III,NSCLC,Pharma,8,18,12,15,1,1,1,PI-025,13,2,2,1,4,212,1.4,2022-10-01,2023-02-05,2024-03-06,2024-02-27,127,395,8,1,2023,EMA,2022-06-25,2022-07-28,33,1,LEC,2022-07-30,2022-09-21,53,190,3,1,1,1,1,0,0,0,0,1,0,,3,2,5,1,0,1,2450,0.627,54,4.1,adv_email,Email
SITE-01856,PROTO-A_ONCO,Spain,Europe,Oncology,III,NSCLC,Pharma,8,18,12,15,1,1,1,PI-026,10,1,1,1,4,188,3.4,2022-02-14,2022-04-25,2025-06-14,2025-05-13,70,1146,32,2,2022,EMA,2021-10-27,2021-11-30,34,1,LEC,2021-11-20,2022-01-26,67,156,4,1,1,1,1,0,0,0,0,0,0,,2,2,4,1,0,1,2050,0.605,104,2.72,adv_email,Email
SITE-01857,PROTO-C_NEURO,UK,Europe,Neurology,II,Alzheimer's,Academic,7,14,10,12,1,0,0,PI-012,11,1,3,1,4,71,2.6,2022-04-13,2022-06-12,2024-11-08,2024-09-14,60,880,55,2,2022,MHRA,2022-01-04,2022-03-02,57,1,LEC,2022-01-26,2022-03-15,48,137,0,1,1,1,0,0,0,0,0,1,0,,2,2,4,1,0,1,1250,0.575,33,1.12,adv_community_presentation,Community
SITE-01858,PROTO-A_ONCO,Brazil,LATAM,Oncology,III,NSCLC,Pharma,8,18,12,15,1,1,1,PI-020,10,5,1,1,4,86,2.9,2021-05-28,2021-09-13,2024-05-30,2024-05-28,108,990,2,3,2021,Other,2021-02-12,2021-06-26,134,1,LEC,2021-03-13,2021-04-17,35,184,1,1,1,1,0,1,1,0,0,1,0,,2,4,6,1,0,1,2350,0.628,47,1.42,adv_email,Email
SITE-01859,PROTO-A_ONCO,USA,North America,Oncology,III,NSCLC,Pharma,8,18,12,15,1,1,1,PI-008,19,4,1,1,1,211,2.4,2022-04-20,2022-04-27,2024-08-01,2024-06-22,7,827,40,2,2022,FDA,2021-11-01,2021-12-12,41,0,CEC,2021-11-23,2022-03-29,126,155,1,1,1,0,0,0,0,0,1,0,0,,0,3,3,0,1,0,5350,0.541,237,8.6,adv_poster,Poster
SITE-01860,PROTO-B_CARDIO,Spain,Europe,Cardiology,II,Heart Failure,Biotech,5,9,8,10,0,1,1,PI-004,7,1,5,1,2,652,1.5,2021-09-23,2022-02-20,2023-06-08,2023-07-24,150,473,-46,1,2022,EMA,2021-06-08,2021-11-21,166,1,LEC,2021-06-29,2021-08-11,43,236,3,1,0,1,1,0,0,0,0,0,0,,2,1,3,1,0,1,1900,0.487,400,25.37,adv_email,Email
SITE-01861,PROTO-C_NEURO,Germany,Europe,Neurology,II,Alzheimer's,Academic,7,14,10,12,1,0,0,PI-025,5,4,5,1,4,110,1.1,2021-10-06,2021-12-06,2022-11-21,2023-02-07,61,350,-78,4,2021,EMA,2021-07-24,2021-09-21,59,1,LEC,2021-08-23,2021-09-26,34,105,0,1,1,1,0,0,1,0,0,1,0,,2,3,5,1,0,1,2050,0.602,30,2.57,adv_community_presentation,Community
SITE-01862,PROTO-A_ONCO,Germany,Europe,Oncology,III,NSCLC,Pharma,8,18,12,15,1,1,1,PI-003,24,3,2,1,8,189,3.2,2021-05-26,2021-06-20,2024-04-29,2024-04-29,25,1044,0,2,2021,EMA,2020-09-15,2021-03-08,174,1,CEC,2020-10-27,2021-03-12,136,236,3,1,1,0,0,0,0,0,0,0,0,,0,2,2,0,1,0,350,0.622,55,1.58,adv_poster,Poster
SITE-01863,PROTO-C_NEURO,USA,North America,Neurology,II,Alzheimer's,Academic,7,14,10,12,1,0,0,PI-025,21,3,4,1,7,65,1.8,2021-04-19,2021-07-05,2023-04-01,2023-03-30,77,635,2,3,2021,FDA,2021-01-14,2021-05-21,127,0,IRB,2021-02-02,2021-04-02,59,153,1,0,1,1,1,0,0,0,1,0,0,,2,2,4,1,0,1,6850,0.586,25,1.18,adv_email,Email
SITE-01864,PROTO-B_CARDIO,USA,North America,Cardiology,II,Heart Failure,Biotech,5,9,8,10,0,1,1,PI-007,13,2,3,1,4,1089,2.5,2022-03-17,2022-02-27,2024-08-02,2024-06-25,-18,887,38,1,2022,FDA,2021-11-23,2022-01-30,68,0,IRB,2021-12-20,2022-01-24,35,69,2,1,1,1,1,0,0,0,0,1,0,,3,2,5,1,0,1,2450,0.359,400,13.53,adv_email,Email
SITE-01865,PROTO-C_NEURO,UK,Europe,Neurology,II,Alzheimer's,Academic,7,14,10,12,1,0,0,PI-018,12,3,5,1,1,87,3.1,2023-05-24,2023-09-16,2026-05-10,2026-04-09,115,967,31,3,2023,MHRA,2022-10-11,2023-01-09,90,1,CEC,2022-11-18,2023-04-05,138,302,6,1,1,0,1,0,0,0,0,0,0,,1,2,3,1,0,1,1550,0.521,94,2.92,adv_online,Online
SITE-01866,PROTO-A_ONCO,USA,North America,Oncology,III,NSCLC,Pharma,8,18,12,15,1,1,1,PI-020,11,2,5,1,2,183,2.1,2021-10-12,2021-08-20,2023-08-06,2023-07-06,-53,716,31,3,2021,FDA,2021-03-18,2021-05-03,46,0,CEC,2021-05-04,2021-07-20,77,108,5,1,1,0,0,0,0,0,0,0,0,,0,2,2,0,1,0,350,0.506,153,6.41,adv_poster,Poster
SITE-01867,PROTO-A_ONCO,India,Asia,Oncology,III,NSCLC,Pharma,8,18,12,15,1,1,1,PI-009,17,6,5,1,3,189,3.0,2021-05-07,2021-08-23,2024-06-06,2024-06-21,108,1018,-15,3,2021,Other,2021-01-31,2021-03-03,31,1,LEC,2021-03-25,2021-04-15,21,151,2,1,1,0,1,0,0,0,0,0,0,,1,2,3,1,0,1,1550,0.688,130,3.83,adv_online,Online
SITE-01868,PROTO-C_NEURO,USA,North America,Neurology,II,Alzheimer's,Academic,7,14,10,12,1,0,0,PI-014,7,4,4,1,3,109,2.4,2023-04-16,2023-03-14,2025-07-06,2025-07-02,-33,845,4,1,2023,FDA,2022-11-09,2023-02-15,98,0,IRB,2022-11-28,2023-02-20,84,106,1,1,1,1,0,0,0,0,0,0,0,,1,2,3,1,0,1,850,0.52,100,3.55,adv_email,Email
SITE-01869,PROTO-B_CARDIO,Japan,Asia,Cardiology,II,Heart Failure,Biotech,5,9,8,10,0,1,1,PI-005,9,3,1,1,1,767,2.5,2023-09-18,2023-11-05,2026-02-08,2026-01-22,48,826,17,4,2023,PMDA,2023-05-02,2023-06-26,55,1,CEC,2023-05-17,2023-08-20,95,172,3,1,0,1,1,1,1,0,0,1,0,,3,3,6,1,0,1,3400,0.495,400,14.53,adv_email,Email
SITE-01870,PROTO-C_NEURO,Germany,Europe,Neurology,II,Alzheimer's,Academic,7,14,10,12,1,0,0,PI-008,12,1,3,1,1,188,2.0,2021-09-24,2021-12-25,2023-08-17,2023-09-14,92,600,-28,4,2021,EMA,2021-03-21,2021-05-12,52,1,CEC,2021-04-18,2021-09-03,138,251,2,0,1,1,0,1,0,0,0,0,0,,1,2,3,1,0,1,950,0.568,130,6.5,adv_email,Email
SITE-01871,PROTO-B_CARDIO,USA,North America,Cardiology,II,Heart Failure,Biotech,5,9,8,10,0,1,1,PI-008,24,3,3,1,3,772,4.0,2021-07-13,2021-07-12,2025-06-07,2025-05-10,-1,1426,28,3,2021,FDA,2021-03-08,2021-05-10,63,0,CEC,2021-04-09,2021-05-27,48,94,2,1,0,1,0,1,0,0,0,1,0,,2,2,4,1,0,1,1400,0.398,400,8.42,adv_email,Email
SITE-01872,PROTO-A_ONCO,UK,Europe,Oncology,III,NSCLC,Pharma,8,18,12,15,1,1,1,PI-006,24,2,3,1,1,75,1.3,2022-09-25,2022-11-07,2023-11-17,2023-10-12,43,375,36,4,2022,MHRA,2022-04-28,2022-08-08,102,1,CEC,2022-05-22,2022-07-22,61,169,2,1,1,1,0,1,0,1,0,1,0,,2,4,6,1,0,1,3050,0.559,70,5.6,adv_email,Email
SITE-01873,PROTO-C_NEURO,UK,Europe,Neurology,II,Alzheimer's,Academic,7,14,10,12,1,0,0,PI-004,14,1,4,0,5,94,2.5,2021-03-16,2021-06-18,2023-08-21,2023-09-15,94,794,-25,2,2021,MHRA,2020-11-18,2021-01-13,56,1,LEC,2020-12-17,2021-02-21,66,183,3,0,1,1,0,1,0,0,0,0,0,,1,2,3,1,0,1,950,0.543,48,1.81,adv_email,Email
SITE-01874,PROTO-A_ONCO,Brazil,LATAM,Oncology,III,NSCLC,Pharma,8,18,12,15,1,1,1,PI-013,22,3,2,0,2,67,3.1,2023-09-26,2024-03-10,2027-01-24,2027-01-02,166,1050,22,1,2024,Other,2023-07-09,2023-11-12,126,1,LEC,2023-07-26,2023-08-29,34,228,1,1,0,1,0,0,0,0,0,0,0,,1,1,2,1,0,1,700,0.584,55,1.57,adv_email,Email
SITE-01875,PROTO-A_ONCO,Poland,Europe,Oncology,III,NSCLC,Pharma,8,18,12,15,1,1,1,PI-013,8,5,4,1,3,144,1.4,2022-05-23,2022-09-09,2023-10-21,2023-09-14,109,407,37,3,2022,EMA,2021-12-12,2022-05-29,168,1,LEC,2022-02-06,2022-04-14,67,215,3,1,0,0,1,1,0,0,0,0,0,,1,2,3,1,0,1,1700,0.606,66,4.86,adv_online,Online
SITE-01876,PROTO-C_NEURO,USA,North America,Neurology,II,Alzheimer's,Academic,7,14,10,12,1,0,0,PI-014,3,7,2,1,5,148,2.8,2021-09-08,2021-09-29,2024-06-13,2024-05-31,21,988,13,3,2021,FDA,2021-04-03,2021-09-01,151,0,IRB,2021-04-13,2021-07-12,90,169,1,1,1,1,0,0,0,0,0,1,0,,2,2,4,1,0,1,1250,0.492,91,2.76,adv_community_presentation,Community
SITE-01877,PROTO-B_CARDIO,Germany,Europe,Cardiology,II,Heart Failure,Biotech,5,9,8,10,0,1,1,PI-013,4,4,4,0,2,876,1.5,2022-10-02,2023-03-08,2024-05-31,2024-07-02,157,450,-32,1,2023,EMA,2022-06-05,2022-11-25,173,1,LEC,2022-07-29,2022-08-29,31,222,3,1,0,0,0,1,0,0,0,1,0,,1,2,3,1,0,0,900,0.395,400,26.67,adv_community_presentation,Community
SITE-01878,PROTO-C_NEURO,UK,Europe,Neurology,II,Alzheimer's,Academic,7,14,10,12,1,0,0,PI-029,15,1,1,1,2,77,1.0,2021-08-10,2021-11-17,2022-08-18,2022-08-07,99,274,11,4,2021,MHRA,2021-06-23,2021-08-30,68,1,LEC,2021-07-06,2021-07-29,23,134,8,0,1,1,0,1,0,0,0,0,1,Patient registry outreach,2,2,4,1,0,1,1550,0.557,24,2.63,adv_email,Email
SITE-01879,PROTO-C_NEURO,Australia,APAC,Neurology,II,Alzheimer's,Academic,7,14,10,12,1,0,0,PI-026,2,3,4,1,1,104,1.4,2021-02-26,2021-07-09,2022-10-02,2022-12-15,133,450,-74,3,2021,Other,2020-10-24,2021-04-06,164,1,LEC,2020-12-11,2021-01-21,41,210,3,1,0,1,0,1,1,0,0,0,0,,1,3,4,1,0,1,1800,0.576,53,3.53,adv_email,Email
SITE-01880,PROTO-A_ONCO,Germany,Europe,Oncology,III,NSCLC,Pharma,8,18,12,15,1,1,1,PI-010,10,2,3,1,6,175,2.7,2023-09-11,2023-11-19,2026-04-15,2026-04-02,69,878,13,4,2023,EMA,2023-03-04,2023-06-08,96,1,CEC,2023-04-19,2023-07-14,86,214,5,1,1,0,0,0,0,0,0,1,0,,1,2,3,1,0,0,750,0.653,60,2.05,adv_community_presentation,Community
SITE-01881,PROTO-C_NEURO,Spain,Europe,Neurology,II,Alzheimer's,Academic,7,14,10,12,1,0,0,PI-026,6,4,1,1,3,170,2.8,2021-03-13,2021-05-13,2023-10-25,2023-08-24,61,895,62,2,2021,EMA,2020-09-10,2021-02-02,145,1,CEC,2020-10-05,2021-02-06,124,220,1,1,0,1,0,0,0,0,0,0,0,,1,1,2,1,0,1,700,0.45,147,4.93,adv_email,Email
SITE-01882,PROTO-B_CARDIO,Japan,Asia,Cardiology,II,Heart Failure,Biotech,5,9,8,10,0,1,1,PI-005,16,1,1,1,8,1064,3.7,2023-04-08,2023-05-13,2026-11-10,2026-10-13,35,1277,28,2,2023,PMDA,2022-10-24,2023-01-28,96,1,CEC,2022-12-22,2023-02-06,46,142,1,1,1,1,1,0,0,0,0,1,0,,3,2,5,1,0,1,2450,0.398,400,9.4,adv_email,Email
SITE-01883,PROTO-C_NEURO,India,Asia,Neurology,II,Alzheimer's,Academic,7,14,10,12,1,0,0,PI-022,6,3,5,1,3,101,3.0,2023-09-07,2024-02-21,2026-11-18,2026-08-15,167,1001,95,1,2024,Other,2023-05-12,2023-10-17,158,1,LEC,2023-07-07,2023-07-27,20,229,1,1,1,0,1,1,0,0,0,0,0,,1,3,4,1,0,1,1850,0.484,81,2.43,adv_online,Online
SITE-01884,PROTO-C_NEURO,Poland,Europe,Neurology,II,Alzheimer's,Academic,7,14,10,12,1,0,0,PI-017,9,4,4,1,5,131,2.4,2022-11-29,2023-01-30,2025-03-29,2025-05-14,62,789,-46,1,2023,EMA,2022-07-05,2022-09-15,72,1,LEC,2022-09-01,2022-10-19,48,151,2,1,1,0,1,0,0,0,1,0,0,,1,3,4,1,0,1,6550,0.511,86,3.27,adv_online,Online
SITE-01885,PROTO-B_CARDIO,Poland,Europe,Cardiology,II,Heart Failure,Biotech,5,9,8,10,0,1,1,PI-001,18,0,4,1,4,774,2.2,2023-03-16,2023-10-13,2025-09-17,2025-09-14,211,705,3,4,2023,EMA,2022-12-21,2023-06-17,178,1,LEC,2023-01-07,2023-02-23,47,279,3,1,1,1,1,0,1,0,0,0,0,,2,3,5,1,0,1,2850,0.41,400,17.02,adv_email,Email
SITE-01886,PROTO-C_NEURO,Japan,Asia,Neurology,II,Alzheimer's,Academic,7,14,10,12,1,0,0,PI-027,6,1,4,1,5,64,2.1,2021-08-08,2021-11-02,2023-08-21,2023-08-09,86,657,12,4,2021,PMDA,2021-02-19,2021-07-22,153,1,CEC,2021-04-03,2021-06-26,84,213,1,1,1,1,0,0,0,0,0,0,0,,1,2,3,1,0,1,850,0.635,21,0.96,adv_email,Email
SITE-01887,PROTO-A_ONCO,Brazil,LATAM,Oncology,III,NSCLC,Pharma,8,18,12,15,1,1,1,PI-022,3,2,2,1,1,98,3.3,2021-10-08,2021-12-08,2025-01-14,2025-02-13,61,1133,-30,4,2021,Other,2021-06-22,2021-08-06,45,1,LEC,2021-07-16,2021-09-07,53,145,3,0,0,0,0,1,0,0,0,0,0,,0,1,1,0,1,0,300,0.612,63,1.67,adv_newsletter,Newsletter
SITE-01888,PROTO-A_ONCO,Germany,Europe,Oncology,III,NSCLC,Pharma,8,18,12,15,1,1,1,PI-027,16,5,2,1,5,128,3.0,2023-07-10,2023-08-31,2026-05-12,2026-05-04,52,985,8,3,2023,EMA,2023-01-07,2023-02-26,50,1,CEC,2023-02-07,2023-05-20,102,205,4,1,0,0,1,0,1,0,0,0,0,,1,2,3,1,0,1,2200,0.548,94,2.86,adv_online,Online
SITE-01889,PROTO-B_CARDIO,Poland,Europe,Cardiology,II,Heart Failure,Biotech,5,9,8,10,0,1,1,PI-008,8,3,2,1,1,1070,3.5,2023-08-28,2023-09-21,2027-01-24,2027-02-05,24,1221,-12,3,2023,EMA,2023-04-23,2023-07-29,97,1,LEC,2023-05-22,2023-07-17,56,122,1,0,0,1,0,1,0,0,0,1,0,,2,1,3,1,0,1,1200,0.413,400,9.83,adv_email,Email
SITE-01890,PROTO-A_ONCO,Spain,Europe,Oncology,III,NSCLC,Pharma,8,18,12,15,1,1,1,PI-013,7,3,3,1,3,245,2.5,2022-03-12,2022-06-18,2024-09-09,2024-09-09,98,814,0,2,2022,EMA,2021-11-15,2022-02-15,92,1,LEC,2021-11-27,2022-01-31,65,203,1,1,0,0,0,0,0,1,0,0,0,,0,2,2,0,1,0,1700,0.586,128,4.72,adv_poster,Poster
SITE-01891,PROTO-A_ONCO,India,Asia,Oncology,III,NSCLC,Pharma,8,18,12,15,1,1,1,PI-020,14,2,5,1,2,217,1.9,2021-04-04,2021-07-07,2023-03-06,2023-02-25,94,607,9,3,2021,Other,2020-11-29,2021-03-18,109,1,LEC,2021-01-16,2021-02-21,36,172,3,1,1,1,0,1,0,0,0,0,0,,1,3,4,1,0,1,1150,0.577,146,7.22,adv_email,Email
SITE-01892,PROTO-A_ONCO,UK,Europe,Oncology,III,NSCLC,Pharma,8,18,12,15,1,1,1,PI-029,10,4,2,0,3,113,2.9,2022-09-16,2022-12-12,2025-08-12,2025-07-23,87,974,20,4,2022,MHRA,2022-06-17,2022-09-05,80,1,LEC,2022-07-24,2022-09-06,44,141,2,1,1,1,0,0,0,1,0,0,0,,1,3,4,1,0,1,2350,0.656,70,2.16,adv_email,Email
SITE-01893,PROTO-A_ONCO,USA,North America,Oncology,III,NSCLC,Pharma,8,18,12,15,1,1,1,PI-007,22,3,5,1,2,56,2.0,2022-12-27,2022-12-27,2024-11-28,2024-12-23,0,702,-25,4,2022,FDA,2022-07-29,2022-09-19,52,0,IRB,2022-08-26,2022-11-10,76,123,1,1,1,0,0,1,0,0,0,1,0,,1,3,4,1,0,0,1050,0.584,45,1.92,adv_community_presentation,Community
SITE-01894,PROTO-B_CARDIO,India,Asia,Cardiology,II,Heart Failure,Biotech,5,9,8,10,0,1,1,PI-018,22,2,4,1,4,895,2.3,2023-05-19,2023-08-11,2025-09-05,2025-09-22,84,756,-17,3,2023,Other,2023-02-03,2023-05-31,117,1,LEC,2023-03-12,2023-04-24,43,152,1,1,0,0,0,0,0,0,0,0,0,,0,1,1,0,1,0,200,0.401,400,15.87,adv_poster,Poster
SITE-01895,PROTO-B_CARDIO,USA,North America,Cardiology,II,Heart Failure,Biotech,5,9,8,10,0,1,1,PI-020,7,6,1,1,4,987,2.8,2021-04-02,2021-03-31,2023-12-25,2023-11-25,-2,999,30,1,2021,FDA,2020-12-02,2021-01-15,44,0,IRB,2021-01-14,2021-02-22,39,76,1,0,0,1,0,0,0,0,0,0,0,,1,0,1,1,0,1,500,0.44,400,12.01,adv_email,Email
SITE-01896,PROTO-C_NEURO,Spain,Europe,Neurology,II,Alzheimer's,Academic,7,14,10,12,1,0,0,PI-015,12,3,1,1,2,102,3.8,2023-09-16,2023-11-30,2027-07-21,2027-09-04,75,1329,-45,4,2023,EMA,2023-05-03,2023-09-17,137,1,LEC,2023-06-26,2023-08-06,41,157,1,1,1,0,0,0,0,0,0,0,0,,0,2,2,0,1,0,350,0.59,97,2.19,adv_poster,Poster
SITE-01897,PROTO-B_CARDIO,Australia,APAC,Cardiology,II,Heart Failure,Biotech,5,9,8,10,0,1,1,PI-014,9,3,5,1,3,938,1.5,2022-06-14,2022-08-28,2023-12-09,2024-01-04,75,468,-26,3,2022,Other,2022-03-10,2022-04-26,47,1,LEC,2022-03-27,2022-05-10,44,154,2,1,1,1,0,0,0,0,0,0,0,,1,2,3,1,0,1,850,0.462,400,25.64,adv_email,Email
SITE-01898,PROTO-A_ONCO,Canada,North America,Oncology,III,NSCLC,Pharma,8,18,12,15,1,1,1,PI-010,18,3,5,1,5,195,1.7,2021-05-20,2021-08-26,2023-04-22,2023-04-02,98,604,20,3,2021,Other,2021-02-15,2021-07-21,156,0,IRB,2021-02-28,2021-04-05,36,179,1,1,1,0,1,0,1,0,0,0,0,,1,3,4,1,0,1,2350,0.55,96,4.77,adv_online,Online
SITE-01899,PROTO-C_NEURO,Germany,Europe,Neurology,II,Alzheimer's,Academic,7,14,10,12,1,0,0,PI-022,15,3,1,1,1,69,1.1,2023-07-20,2023-08-26,2024-05-25,2024-05-29,37,273,-4,3,2023,EMA,2022-11-15,2023-01-09,55,1,CEC,2023-01-01,2023-05-08,127,237,2,1,0,0,0,0,0,0,0,1,1,Patient registry outreach,2,1,3,1,0,0,1200,0.531,62,6.81,adv_community_presentation,Community
SITE-01900,PROTO-B_CARDIO,Germany,Europe,Cardiology,II,Heart Failure,Biotech,5,9,8,10,0,1,1,PI-027,24,4,4,1,5,1079,3.9,2022-10-04,2022-12-22,2026-08-28,2026-07-31,79,1345,28,4,2022,EMA,2022-05-29,2022-10-13,137,1,CEC,2022-06-28,2022-08-18,51,177,1,1,1,0,0,0,0,0,0,0,0,,0,2,2,0,1,0,350,0.398,400,8.92,adv_poster,Poster
SITE-01901,PROTO-C_NEURO,Poland,Europe,Neurology,II,Alzheimer's,Academic,7,14,10,12,1,0,0,PI-009,6,5,2,1,4,63,3.0,2022-10-25,2023-04-27,2026-01-14,2026-02-12,184,993,-29,2,2023,EMA,2022-08-06,2023-01-04,151,1,LEC,2022-09-20,2022-10-15,25,219,2,1,1,1,0,0,0,0,0,1,0,,2,2,4,1,0,1,1250,0.558,50,1.51,adv_community_presentation,Community
SITE-01902,PROTO-B_CARDIO,USA,North America,Cardiology,II,Heart Failure,Biotech,5,9,8,10,0,1,1,PI-003,22,3,1,1,6,787,1.8,2021-06-11,2021-08-22,2023-05-17,2023-04-19,72,633,28,3,2021,FDA,2021-03-25,2021-07-13,110,0,IRB,2021-04-08,2021-05-16,38,136,3,1,1,0,0,0,1,0,0,1,0,,1,3,4,1,0,0,1550,0.347,400,18.96,adv_community_presentation,Community
SITE-01903,PROTO-C_NEURO,USA,North America,Neurology,II,Alzheimer's,Academic,7,14,10,12,1,0,0,PI-012,21,0,5,1,2,183,2.5,2023-07-23,2023-08-07,2026-01-05,2025-12-01,15,882,35,3,2023,FDA,2023-04-01,2023-06-01,61,0,IRB,2023-05-10,2023-06-28,49,89,2,1,1,1,0,1,1,0,0,0,0,,1,4,5,1,0,1,1950,0.509,201,6.84,adv_email,Email
SITE-01904,PROTO-A_ONCO,USA,North America,Oncology,III,NSCLC,Pharma,8,18,12,15,1,1,1,PI-016,16,4,4,1,4,59,2.1,2022-09-19,2022-10-03,2024-10-02,2024-10-07,14,730,-5,4,2022,FDA,2022-04-26,2022-08-31,127,0,CEC,2022-06-21,2022-08-24,64,104,3,1,1,0,1,1,0,0,0,1,0,,2,3,5,1,0,1,2250,0.549,35,1.44,adv_community_presentation,Community
SITE-01905,PROTO-C_NEURO,USA,North America,Neurology,II,Alzheimer's,Academic,7,14,10,12,1,0,0,PI-029,13,6,4,1,5,92,1.8,2021-12-02,2022-01-12,2023-09-27,2023-08-24,41,623,34,1,2022,FDA,2021-07-17,2021-12-07,143,0,IRB,2021-08-18,2021-11-06,80,147,1,1,0,0,0,0,0,0,0,0,0,,0,1,1,0,1,0,200,0.439,67,3.23,adv_poster,Poster
SITE-01906,PROTO-A_ONCO,Spain,Europe,Oncology,III,NSCLC,Pharma,8,18,12,15,1,1,1,PI-018,2,3,4,1,3,119,3.3,2022-01-06,2022-06-04,2025-07-15,2025-08-04,149,1137,-20,2,2022,EMA,2021-10-01,2022-03-21,171,1,LEC,2021-11-05,2021-12-16,41,211,4,1,1,1,1,1,0,0,0,0,0,,2,3,5,1,0,1,2350,0.567,71,1.87,adv_email,Email
SITE-01907,PROTO-A_ONCO,USA,North America,Oncology,III,NSCLC,Pharma,8,18,12,15,1,1,1,PI-028,15,2,3,1,6,55,3.0,2021-09-05,2021-09-27,2024-09-02,2024-07-13,22,1071,51,3,2021,FDA,2021-04-20,2021-08-31,133,0,IRB,2021-06-12,2021-08-08,57,107,1,0,0,0,0,1,0,1,0,1,0,,1,2,3,1,0,0,2200,0.603,32,0.9,adv_community_presentation,Community
SITE-01908,PROTO-C_NEURO,Poland,Europe,Neurology,II,Alzheimer's,Academic,7,14,10,12,1,0,0,PI-011,16,3,5,1,5,55,3.4,2022-12-30,2023-01-29,2026-04-02,2026-02-16,30,1159,45,1,2023,EMA,2022-06-13,2022-10-24,133,1,CEC,2022-07-18,2022-10-17,91,195,1,0,1,1,0,1,0,0,0,1,1,Patient registry outreach,3,2,5,1,0,1,1950,0.531,46,1.19,adv_community_presentation,Community
SITE-01909,PROTO-B_CARDIO,Australia,APAC,Cardiology,II,Heart Failure,Biotech,5,9,8,10,0,1,1,PI-017,16,1,4,1,2,1169,3.4,2022-06-27,2023-01-03,2026-03-24,2026-03-03,190,1176,21,1,2023,Other,2022-04-11,2022-09-22,164,1,LEC,2022-05-10,2022-06-15,36,238,1,0,0,0,0,1,0,0,0,1,0,,1,1,2,1,0,0,700,0.47,400,10.2,adv_community_presentation,Community
SITE-01910,PROTO-B_CARDIO,Canada,North America,Cardiology,II,Heart Failure,Biotech,5,9,8,10,0,1,1,PI-025,13,6,1,1,3,1085,2.6,2022-07-18,2022-07-23,2025-01-27,2025-01-05,5,919,22,3,2022,Other,2022-02-24,2022-06-28,124,0,CEC,2022-03-08,2022-05-18,71,137,1,1,0,1,0,0,1,1,0,0,0,,1,3,4,1,0,1,3000,0.378,400,13.06,adv_email,Email
SITE-01911,PROTO-A_ONCO,UK,Europe,Oncology,III,NSCLC,Pharma,8,18,12,15,1,1,1,PI-018,10,1,1,1,4,39,3.0,2022-09-27,2022-12-30,2025-10-14,2025-11-01,94,1019,-18,4,2022,MHRA,2022-06-21,2022-09-24,95,1,LEC,2022-07-30,2022-08-23,24,153,3,0,1,0,1,0,0,0,0,1,0,,2,1,3,1,0,1,1750,0.6,20,0.59,adv_community_presentation,Community
SITE-01912,PROTO-A_ONCO,India,Asia,Oncology,III,NSCLC,Pharma,8,18,12,15,1,1,1,PI-006,19,2,1,1,2,128,2.0,2021-02-08,2021-05-03,2023-01-14,2022-12-10,84,621,35,2,2021,Other,2020-10-31,2021-01-11,72,1,LEC,2020-11-22,2021-01-29,68,162,1,0,0,1,0,0,1,0,0,0,0,,1,1,2,1,0,1,1300,0.647,62,3.0,adv_email,Email
SITE-01913,PROTO-B_CARDIO,USA,North America,Cardiology,II,Heart Failure,Biotech,5,9,8,10,0,1,1,PI-003,15,0,3,1,6,887,1.9,2021-12-26,2021-12-22,2023-10-18,2023-10-26,-4,665,-8,4,2021,FDA,2021-08-05,2021-11-02,89,0,IRB,2021-09-13,2021-11-19,67,100,2,1,1,0,1,0,0,0,0,1,0,,2,2,4,1,0,1,1950,0.436,400,18.05,adv_online,Online
SITE-01914,PROTO-C_NEURO,Brazil,LATAM,Neurology,II,Alzheimer's,Academic,7,14,10,12,1,0,0,PI-003,4,2,1,1,3,90,1.4,2021-08-23,2021-11-20,2022-12-31,2022-12-15,89,406,16,4,2021,Other,2021-06-10,2021-08-01,52,1,LEC,2021-06-27,2021-08-07,41,146,1,1,0,1,0,0,0,0,0,0,0,,1,1,2,1,0,1,700,0.514,38,2.81,adv_email,Email
SITE-01915,PROTO-C_NEURO,UK,Europe,Neurology,II,Alzheimer's,Academic,7,14,10,12,1,0,0,PI-029,11,4,3,1,9,65,2.3,2022-06-04,2022-09-29,2024-11-07,2024-10-10,117,770,28,3,2022,MHRA,2022-03-12,2022-07-17,127,1,LEC,2022-04-13,2022-05-18,35,169,1,1,1,1,0,0,0,0,0,0,0,,1,2,3,1,0,1,850,0.593,18,0.7,adv_email,Email
SITE-01916,PROTO-B_CARDIO,UK,Europe,Cardiology,II,Heart Failure,Biotech,5,9,8,10,0,1,1,PI-007,16,0,1,1,4,978,2.4,2021-09-30,2021-10-06,2023-11-17,2023-12-21,6,772,-34,4,2021,MHRA,2021-03-28,2021-05-31,64,1,CEC,2021-05-23,2021-07-07,45,136,0,1,1,1,0,0,1,0,1,0,0,,1,4,5,1,0,1,6650,0.331,400,15.54,adv_email,Email
SITE-01917,PROTO-A_ONCO,Canada,North America,Oncology,III,NSCLC,Pharma,8,18,12,15,1,1,1,PI-016,22,2,1,1,2,233,2.9,2021-11-21,2022-02-03,2024-11-14,2024-11-08,74,1015,6,1,2022,Other,2021-06-16,2021-12-08,175,0,IRB,2021-08-12,2021-11-02,82,175,4,1,1,1,0,0,0,0,0,0,1,Patient registry outreach,2,2,4,1,0,1,1450,0.679,148,4.37,adv_email,Email
SITE-01918,PROTO-C_NEURO,Japan,Asia,Neurology,II,Alzheimer's,Academic,7,14,10,12,1,0,0,PI-016,6,4,5,1,4,111,1.9,2022-06-17,2022-09-01,2024-03-31,2024-02-25,76,577,35,3,2022,PMDA,2022-01-04,2022-05-30,146,1,CEC,2022-01-23,2022-04-18,85,221,4,1,0,1,0,0,0,0,0,0,0,,1,1,2,1,0,1,700,0.508,67,3.48,adv_email,Email
SITE-01919,PROTO-B_CARDIO,Poland,Europe,Cardiology,II,Heart Failure,Biotech,5,9,8,10,0,1,1,PI-009,21,2,2,1,2,949,3.3,2022-08-24,2022-11-06,2025-11-15,2025-10-22,74,1105,24,4,2022,EMA,2022-03-03,2022-06-02,91,1,CEC,2022-04-22,2022-08-03,103,198,2,1,1,0,1,0,0,0,1,0,0,,1,3,4,1,0,1,6550,0.395,400,10.86,adv_online,Online
SITE-01920,PROTO-A_ONCO,Poland,Europe,Oncology,III,NSCLC,Pharma,8,18,12,15,1,1,1,PI-029,15,1,4,1,5,135,1.5,2022-05-15,2022-10-15,2024-01-15,2024-03-19,153,457,-64,4,2022,EMA,2022-03-06,2022-06-05,91,1,LEC,2022-03-22,2022-04-16,25,207,1,1,0,1,0,0,0,0,0,1,0,,2,1,3,1,0,1,1100,0.66,32,2.1,adv_email,Email
SITE-01921,PROTO-B_CARDIO,USA,North America,Cardiology,II,Heart Failure,Biotech,5,9,8,10,0,1,1,PI-012,21,1,2,1,8,830,2.8,2021-06-03,2021-10-16,2024-06-28,2024-06-29,135,986,-1,4,2021,FDA,2021-01-31,2021-07-25,175,0,IRB,2021-02-17,2021-04-16,58,241,4,1,1,1,0,1,0,0,0,0,0,,1,3,4,1,0,1,1150,0.451,400,12.17,adv_email,Email
SITE-01922,PROTO-C_NEURO,Poland,Europe,Neurology,II,Alzheimer's,Academic,7,14,10,12,1,0,0,PI-008,17,6,1,1,4,65,4.0,2022-09-23,2023-02-04,2026-11-15,2026-12-19,134,1380,-34,1,2023,EMA,2022-05-22,2022-11-15,177,1,LEC,2022-06-23,2022-08-17,55,226,0,0,1,1,1,0,0,0,0,0,0,,2,1,3,1,0,1,1850,0.548,87,1.89,adv_email,Email
SITE-01923,PROTO-A_ONCO,UK,Europe,Oncology,III,NSCLC,Pharma,8,18,12,15,1,1,1,PI-017,6,5,5,1,5,161,4.0,2021-04-12,2021-06-26,2025-03-30,2025-02-01,75,1373,57,2,2021,MHRA,2020-12-23,2021-01-28,36,1,LEC,2021-02-15,2021-03-12,25,131,0,1,1,0,0,0,0,0,0,1,0,,1,2,3,1,0,0,750,0.605,85,1.86,adv_community_presentation,Community
SITE-01924,PROTO-B_CARDIO,Poland,Europe,Cardiology,II,Heart Failure,Biotech,5,9,8,10,0,1,1,PI-029,19,6,2,1,6,860,2.7,2023-06-28,2023-08-18,2026-02-09,2026-03-09,51,906,-28,3,2023,EMA,2023-02-07,2023-05-16,98,1,CEC,2023-03-15,2023-05-19,65,156,2,1,1,0,1,0,1,0,0,0,0,,1,3,4,1,0,1,2350,0.397,400,13.25,adv_online,Online
SITE-01925,PROTO-A_ONCO,India,Asia,Oncology,III,NSCLC,Pharma,8,18,12,15,1,1,1,PI-015,12,6,2,1,2,162,2.2,2021-10-16,2022-01-10,2024-01-02,2023-12-13,86,722,20,1,2022,Other,2021-06-13,2021-09-25,104,1,LEC,2021-07-29,2021-09-26,59,165,1,0,1,0,1,0,0,0,0,1,0,,2,1,3,1,0,1,1750,0.592,179,7.44,adv_community_presentation,Community
SITE-01926,PROTO-C_NEURO,India,Asia,Neurology,II,Alzheimer's,Academic,7,14,10,12,1,0,0,PI-006,5,4,2,1,6,78,3.1,2022-01-04,2022-02-21,2025-01-19,2025-01-12,48,1063,7,1,2022,Other,2021-09-17,2021-11-13,57,1,LEC,2021-10-20,2021-11-27,38,124,2,1,0,0,0,0,0,0,0,0,1,Patient registry outreach,1,1,2,1,0,0,800,0.571,39,1.1,adv_other,Other
SITE-01927,PROTO-A_ONCO,Australia,APAC,Oncology,III,NSCLC,Pharma,8,18,12,15,1,1,1,PI-020,16,1,5,1,2,146,3.6,2022-03-27,2022-04-29,2025-10-12,2025-09-12,33,1262,30,2,2022,Other,2021-12-12,2022-02-09,59,1,LEC,2022-01-18,2022-02-28,41,101,1,1,0,1,0,0,0,0,0,0,0,,1,1,2,1,0,1,700,0.599,115,2.73,adv_email,Email
SITE-01928,PROTO-C_NEURO,Australia,APAC,Neurology,II,Alzheimer's,Academic,7,14,10,12,1,0,0,PI-002,7,1,4,1,4,39,3.1,2022-06-03,2022-05-03,2025-03-23,2025-03-16,-31,1055,7,2,2022,Other,2021-12-05,2022-01-04,30,1,CEC,2021-12-30,2022-03-14,74,124,2,1,1,0,0,0,0,0,0,0,0,,0,2,2,0,1,0,350,0.538,18,0.51,adv_poster,Poster
SITE-01929,PROTO-B_CARDIO,India,Asia,Cardiology,II,Heart Failure,Biotech,5,9,8,10,0,1,1,PI-027,11,2,3,1,4,1106,1.5,2022-09-12,2023-01-11,2024-04-02,2024-05-11,121,447,-39,1,2023,Other,2022-05-29,2022-11-10,165,1,LEC,2022-06-13,2022-08-14,62,212,1,1,1,0,1,0,0,0,0,0,0,,1,2,3,1,0,1,1550,0.445,400,26.85,adv_online,Online
SITE-01930,PROTO-A_ONCO,Poland,Europe,Oncology,III,NSCLC,Pharma,8,18,12,15,1,1,1,PI-012,24,3,4,0,0,68,2.6,2022-07-13,2022-10-30,2025-04-01,2025-03-03,109,884,29,4,2022,EMA,2022-04-07,2022-09-16,162,1,CEC,2022-04-22,2022-06-06,45,191,3,1,1,0,0,0,0,0,0,1,0,,1,2,3,1,0,0,750,0.575,79,2.68,adv_community_presentation,Community
SITE-01931,PROTO-B_CARDIO,USA,North America,Cardiology,II,Heart Failure,Biotech,5,9,8,10,0,1,1,PI-022,9,3,3,1,2,784,3.7,2022-02-17,2022-02-27,2025-10-13,2025-10-05,10,1324,8,1,2022,FDA,2021-09-17,2022-02-08,144,0,CEC,2021-10-22,2022-01-09,79,128,0,1,1,1,0,0,0,0,0,0,0,,1,2,3,1,0,1,850,0.311,400,9.06,adv_email,Email
SITE-01932,PROTO-C_NEURO,UK,Europe,Neurology,II,Alzheimer's,Academic,7,14,10,12,1,0,0,PI-025,20,1,3,1,6,130,1.2,2021-12-25,2022-02-19,2023-02-23,2023-03-19,56,369,-24,1,2022,MHRA,2021-08-27,2021-10-05,39,1,LEC,2021-10-18,2021-12-01,44,124,2,0,1,0,0,1,0,0,0,0,0,,0,2,2,0,1,0,450,0.587,31,2.52,adv_newsletter,Newsletter
SITE-01933,PROTO-A_ONCO,Germany,Europe,Oncology,III,NSCLC,Pharma,8,18,12,15,1,1,1,PI-017,13,5,1,1,5,191,2.8,2022-05-25,2022-06-24,2025-01-13,2025-01-10,30,934,3,2,2022,EMA,2021-11-08,2022-01-14,67,1,CEC,2021-12-19,2022-04-03,105,187,1,1,1,0,0,0,0,0,0,0,0,,0,2,2,0,1,0,350,0.557,112,3.6,adv_poster,Poster
SITE-01934,PROTO-B_CARDIO,Japan,Asia,Cardiology,II,Heart Failure,Biotech,5,9,8,10,0,1,1,PI-008,2,2,2,1,6,959,3.6,2022-08-09,2022-11-16,2026-02-17,2026-01-14,99,1189,34,4,2022,PMDA,2022-03-10,2022-07-25,137,1,CEC,2022-03-20,2022-06-22,94,241,2,1,1,1,1,1,0,0,0,1,0,,3,3,6,1,0,1,2750,0.378,400,10.09,adv_email,Email
SITE-01935,PROTO-B_CARDIO,Australia,APAC,Cardiology,II,Heart Failure,Biotech,5,9,8,10,0,1,1,PI-004,24,2,5,1,7,1146,3.5,2021-04-13,2021-08-20,2024-11-04,2024-10-26,129,1172,9,3,2021,Other,2020-12-19,2021-04-10,112,1,LEC,2021-02-10,2021-03-25,43,191,1,1,0,0,1,1,0,0,0,1,0,,2,2,4,1,0,1,2100,0.477,400,10.24,adv_online,Online
SITE-01936,PROTO-C_NEURO,Brazil,LATAM,Neurology,II,Alzheimer's,Academic,7,14,10,12,1,0,0,PI-007,4,0,3,1,6,140,2.4,2021-04-20,2021-06-13,2023-09-12,2023-10-10,54,821,-28,2,2021,Other,2021-01-26,2021-04-11,75,1,LEC,2021-02-10,2021-04-03,52,123,1,1,1,1,1,1,0,0,0,0,1,Patient registry outreach,3,3,6,1,0,1,2950,0.583,35,1.28,adv_email,Email
SITE-01937,PROTO-C_NEURO,Germany,Europe,Neurology,II,Alzheimer's,Academic,7,14,10,12,1,0,0,PI-013,14,2,3,1,1,68,1.7,2022-02-17,2022-04-14,2023-10-30,2023-10-23,56,564,7,2,2022,EMA,2021-11-05,2021-12-14,39,1,LEC,2021-12-16,2022-01-22,37,119,2,1,1,0,0,1,0,0,0,0,0,,0,3,3,0,1,0,650,0.629,48,2.55,adv_newsletter,Newsletter
SITE-01938,PROTO-B_CARDIO,Brazil,LATAM,Cardiology,II,Heart Failure,Biotech,5,9,8,10,0,1,1,PI-025,2,2,4,1,3,1008,1.5,2021-12-13,2022-03-12,2023-06-27,2023-06-07,89,472,20,1,2022,Other,2021-08-09,2021-11-10,93,1,LEC,2021-09-29,2021-11-29,61,164,0,1,1,1,1,1,1,1,1,0,0,,2,6,8,1,0,1,9650,0.348,400,25.42,adv_email,Email
SITE-01939,PROTO-C_NEURO,Germany,Europe,Neurology,II,Alzheimer's,Academic,7,14,10,12,1,0,0,PI-017,20,7,3,1,2,89,3.1,2021-10-08,2021-12-11,2024-10-18,2024-10-26,64,1042,-8,4,2021,EMA,2021-05-29,2021-08-17,80,1,LEC,2021-07-01,2021-09-02,63,163,3,1,1,0,0,0,0,0,0,0,0,,0,2,2,0,1,0,350,0.581,90,2.59,adv_poster,Poster
SITE-01940,PROTO-B_CARDIO,Brazil,LATAM,Cardiology,II,Heart Failure,Biotech,5,9,8,10,0,1,1,PI-010,7,2,5,1,6,890,2.1,2023-07-15,2023-10-01,2025-08-27,2025-09-11,78,696,-15,4,2023,Other,2023-03-06,2023-07-06,122,1,LEC,2023-04-27,2023-06-21,55,157,2,0,1,0,0,0,0,0,0,1,0,,1,1,2,1,0,0,550,0.44,400,17.24,adv_community_presentation,Community
SITE-01941,PROTO-A_ONCO,UK,Europe,Oncology,III,NSCLC,Pharma,8,18,12,15,1,1,1,PI-020,4,2,5,1,5,105,3.1,2023-03-02,2023-04-22,2026-02-02,2026-01-23,51,1017,10,2,2023,MHRA,2022-08-14,2022-10-05,52,1,CEC,2022-09-11,2023-01-08,119,223,0,0,1,0,0,0,0,0,0,0,0,,0,1,1,0,1,0,150,0.64,35,1.03,adv_pamphlet,Pamphlet
SITE-01942,PROTO-A_ONCO,India,Asia,Oncology,III,NSCLC,Pharma,8,18,12,15,1,1,1,PI-015,11,0,2,1,5,207,3.3,2023-05-20,2023-09-25,2026-09-24,2026-08-06,128,1095,49,3,2023,Other,2023-03-13,2023-05-18,66,1,LEC,2023-04-09,2023-05-10,31,169,4,1,1,1,1,0,0,0,0,0,0,,2,2,4,1,0,1,2050,0.545,116,3.18,adv_email,Email
SITE-01943,PROTO-B_CARDIO,India,Asia,Cardiology,II,Heart Failure,Biotech,5,9,8,10,0,1,1,PI-023,10,5,2,1,6,911,1.1,2021-01-19,2021-01-18,2021-12-01,2021-12-24,-1,317,-23,1,2021,Other,2020-05-27,2020-11-07,164,1,CEC,2020-07-08,2020-11-04,119,194,2,1,1,1,1,1,0,0,0,0,0,,2,3,5,1,0,1,2350,0.391,327,30.95,adv_email,Email
SITE-01944,PROTO-C_NEURO,India,Asia,Neurology,II,Alzheimer's,Academic,7,14,10,12,1,0,0,PI-021,8,3,2,1,2,63,1.9,2021-01-10,2021-05-14,2023-01-09,2022-11-07,124,605,63,2,2021,Other,2020-10-31,2020-12-28,58,1,LEC,2020-11-10,2020-12-09,29,185,1,0,1,0,0,1,0,0,0,1,1,Patient registry outreach,2,2,4,1,0,0,1450,0.565,39,1.93,adv_community_presentation,Community
SITE-01945,PROTO-B_CARDIO,Spain,Europe,Cardiology,II,Heart Failure,Biotech,5,9,8,10,0,1,1,PI-023,8,6,5,0,4,1122,3.9,2022-03-11,2022-07-29,2026-04-15,2026-05-24,140,1356,-39,3,2022,EMA,2021-12-29,2022-04-13,105,1,LEC,2022-01-25,2022-02-26,32,185,1,1,1,1,0,0,0,0,1,0,0,,1,3,4,1,0,1,5850,0.339,400,8.85,adv_email,Email
SITE-01946,PROTO-C_NEURO,Germany,Europe,Neurology,II,Alzheimer's,Academic,7,14,10,12,1,0,0,PI-004,10,1,3,1,5,69,2.4,2022-05-20,2022-07-31,2024-08-31,2024-10-10,72,762,-40,3,2022,EMA,2021-11-29,2022-04-12,134,1,CEC,2022-01-05,2022-03-16,70,207,5,1,1,0,1,0,0,0,0,0,0,,1,2,3,1,0,1,1550,0.609,30,1.18,adv_online,Online
SITE-01947,PROTO-A_ONCO,USA,North America,Oncology,III,NSCLC,Pharma,8,18,12,15,1,1,1,PI-026,9,5,2,1,6,66,1.1,2022-07-21,2022-08-16,2023-08-21,2023-09-11,26,370,-21,3,2022,FDA,2022-01-20,2022-06-27,158,0,IRB,2022-03-11,2022-06-13,94,158,0,1,1,0,0,1,0,0,1,0,1,Patient registry outreach,1,4,5,1,0,0,6250,0.557,27,2.19,adv_other,Other
SITE-01948,PROTO-B_CARDIO,Canada,North America,Cardiology,II,Heart Failure,Biotech,5,9,8,10,0,1,1,PI-012,6,2,5,1,2,1247,3.9,2021-08-08,2021-08-21,2025-05-22,2025-05-24,13,1370,-2,3,2021,Other,2021-02-25,2021-04-28,62,0,CEC,2021-04-09,2021-07-07,89,134,3,1,0,0,0,1,0,0,0,0,1,Patient registry outreach,1,2,3,1,0,0,1100,0.467,400,8.76,adv_other,Other
SITE-01949,PROTO-C_NEURO,Brazil,LATAM,Neurology,II,Alzheimer's,Academic,7,14,10,12,1,0,0,PI-006,22,1,1,1,3,123,3.6,2023-04-15,2023-04-01,2026-07-18,2026-08-02,-14,1204,-15,2,2023,Other,2022-09-15,2022-10-28,43,1,CEC,2022-10-13,2023-01-21,100,170,1,1,1,1,1,0,1,0,0,0,0,,2,3,5,1,0,1,2850,0.562,134,3.34,adv_email,Email
SITE-01950,PROTO-C_NEURO,Spain,Europe,Neurology,II,Alzheimer's,Academic,7,14,10,12,1,0,0,PI-005,17,3,4,1,4,151,2.4,2022-02-11,2022-07-27,2024-08-09,2024-07-22,166,744,18,3,2022,EMA,2021-10-18,2022-03-07,140,1,LEC,2021-11-29,2022-01-01,33,240,6,0,1,0,0,0,0,0,0,0,0,,0,1,1,0,1,0,150,0.587,85,3.43,adv_pamphlet,Pamphlet
SITE-01951,PROTO-A_ONCO,USA,North America,Oncology,III,NSCLC,Pharma,8,18,12,15,1,1,1,PI-017,4,1,3,1,7,170,1.8,2022-03-28,2022-06-29,2024-03-27,2024-03-26,93,637,1,2,2022,FDA,2021-12-08,2022-05-22,165,0,IRB,2022-01-23,2022-03-06,42,157,2,1,1,0,0,0,1,0,0,0,0,,0,3,3,0,1,0,1150,0.597,36,1.7,adv_poster,Poster
SITE-01952,PROTO-C_NEURO,Germany,Europe,Neurology,II,Alzheimer's,Academic,7,14,10,12,1,0,0,PI-028,18,5,5,1,4,110,3.2,2021-01-10,2021-01-24,2023-12-13,2024-01-02,14,1053,-20,1,2021,EMA,2020-05-26,2020-10-25,152,1,CEC,2020-07-09,2020-10-19,102,199,1,1,1,0,1,0,0,0,0,0,0,,1,2,3,1,0,1,1550,0.579,118,3.36,adv_online,Online
SITE-01953,PROTO-A_ONCO,Germany,Europe,Oncology,III,NSCLC,Pharma,8,18,12,15,1,1,1,PI-007,10,0,2,1,2,175,3.4,2022-06-15,2022-06-27,2025-07-31,2025-09-14,12,1130,-45,2,2022,EMA,2021-11-13,2021-12-29,46,1,CEC,2021-11-23,2022-03-29,126,216,2,0,1,0,0,0,0,0,0,0,0,,0,1,1,0,1,0,150,0.625,74,1.96,adv_pamphlet,Pamphlet
SITE-01954,PROTO-A_ONCO,Spain,Europe,Oncology,III,NSCLC,Pharma,8,18,12,15,1,1,1,PI-012,21,3,5,1,4,345,2.5,2023-08-20,2023-11-15,2026-01-16,2026-02-14,87,793,-29,4,2023,EMA,2023-04-02,2023-05-17,45,1,LEC,2023-05-25,2023-07-14,50,174,7,1,1,0,1,0,0,0,0,0,1,Patient registry outreach,2,2,4,1,0,1,2150,0.608,263,9.95,adv_online,Online
SITE-01955,PROTO-C_NEURO,Spain,Europe,Neurology,II,Alzheimer's,Academic,7,14,10,12,1,0,0,PI-018,24,4,2,0,3,85,3.0,2021-12-31,2022-03-13,2024-11-24,2025-01-08,72,987,-45,1,2022,EMA,2021-06-03,2021-10-02,121,1,CEC,2021-08-01,2021-12-07,128,224,2,1,0,0,0,0,0,0,0,0,0,,0,1,1,0,1,0,200,0.471,106,3.22,adv_poster,Poster
SITE-01956,PROTO-A_ONCO,USA,North America,Oncology,III,NSCLC,Pharma,8,18,12,15,1,1,1,PI-027,18,1,2,1,3,168,1.5,2022-02-01,2022-01-17,2023-06-29,2023-08-16,-15,528,-48,1,2022,FDA,2021-09-29,2021-11-04,36,0,IRB,2021-10-31,2021-12-06,36,78,1,1,0,0,0,0,0,0,0,0,0,,0,1,1,0,1,0,200,0.651,77,4.38,adv_poster,Poster
SITE-01957,PROTO-C_NEURO,UK,Europe,Neurology,II,Alzheimer's,Academic,7,14,10,12,1,0,0,PI-028,18,3,3,1,5,97,2.2,2021-11-20,2022-05-02,2024-04-23,2024-03-21,163,722,33,2,2022,MHRA,2021-09-02,2022-01-13,133,1,LEC,2021-09-16,2021-10-18,32,228,1,1,0,0,0,0,0,0,0,0,0,,0,1,1,0,1,0,200,0.631,38,1.58,adv_poster,Poster
SITE-01958,PROTO-C_NEURO,Germany,Europe,Neurology,II,Alzheimer's,Academic,7,14,10,12,1,0,0,PI-017,24,4,1,1,1,20,1.6,2022-11-11,2023-04-05,2024-09-15,2024-08-24,145,529,22,2,2023,EMA,2022-08-02,2023-01-14,165,1,LEC,2022-09-01,2022-10-05,34,216,2,1,1,0,1,0,1,0,0,0,0,,1,3,4,1,0,1,2350,0.599,16,0.91,adv_online,Online
SITE-01959,PROTO-A_ONCO,Brazil,LATAM,Oncology,III,NSCLC,Pharma,8,18,12,15,1,1,1,PI-026,6,3,5,1,5,104,3.7,2023-04-08,2023-07-22,2027-01-09,2027-02-03,105,1267,-25,3,2023,Other,2022-12-30,2023-03-02,62,1,LEC,2023-02-23,2023-03-25,30,149,5,1,1,0,0,0,0,0,0,1,0,,1,2,3,1,0,0,750,0.614,44,1.04,adv_community_presentation,Community
SITE-01960,PROTO-B_CARDIO,Germany,Europe,Cardiology,II,Heart Failure,Biotech,5,9,8,10,0,1,1,PI-024,19,5,3,1,1,820,2.2,2022-09-15,2022-10-28,2024-10-10,2024-11-19,43,713,-40,4,2022,EMA,2022-04-18,2022-05-21,33,1,CEC,2022-05-21,2022-07-28,68,160,4,0,1,1,1,0,1,0,0,0,0,,2,2,4,1,0,1,2650,0.435,400,16.83,adv_email,Email
SITE-01961,PROTO-B_CARDIO,Poland,Europe,Cardiology,II,Heart Failure,Biotech,5,9,8,10,0,1,1,PI-005,11,6,4,1,4,951,1.6,2021-09-10,2022-03-04,2023-07-12,2023-08-06,175,495,-25,1,2022,EMA,2021-06-28,2021-11-18,143,1,LEC,2021-07-08,2021-08-19,42,239,2,1,0,1,0,0,0,0,0,0,0,,1,1,2,1,0,1,700,0.382,400,24.24,adv_email,Email
SITE-01962,PROTO-B_CARDIO,Spain,Europe,Cardiology,II,Heart Failure,Biotech,5,9,8,10,0,1,1,PI-018,6,1,5,1,3,1017,1.6,2023-04-01,2023-07-14,2024-10-24,2024-11-18,104,468,-25,3,2023,EMA,2022-11-28,2023-01-05,38,1,CEC,2022-12-08,2023-03-07,89,218,2,1,1,1,0,1,0,0,0,1,0,,2,3,5,1,0,1,1550,0.411,400,25.64,adv_email,Email
SITE-01963,PROTO-A_ONCO,UK,Europe,Oncology,III,NSCLC,Pharma,8,18,12,15,1,1,1,PI-002,10,4,3,1,6,193,3.1,2021-02-03,2021-08-18,2024-05-19,2024-04-30,196,1005,19,3,2021,MHRA,2020-10-17,2021-03-21,155,1,LEC,2020-11-28,2021-01-09,42,263,6,1,1,0,1,0,0,0,0,1,0,,2,2,4,1,0,1,1950,0.673,64,1.91,adv_community_presentation,Community
SITE-01964,PROTO-B_CARDIO,India,Asia,Cardiology,II,Heart Failure,Biotech,5,9,8,10,0,1,1,PI-026,2,6,5,1,4,993,1.9,2021-03-19,2021-05-06,2023-01-28,2023-01-25,48,632,3,2,2021,Other,2020-11-19,2021-03-12,113,1,LEC,2020-12-28,2021-03-04,66,129,1,1,1,1,0,1,0,0,0,1,0,,2,3,5,1,0,1,1550,0.385,400,18.99,adv_email,Email
SITE-01965,PROTO-B_CARDIO,Japan,Asia,Cardiology,II,Heart Failure,Biotech,5,9,8,10,0,1,1,PI-026,22,4,2,1,4,1193,1.9,2022-04-20,2022-07-09,2024-02-14,2024-04-25,80,585,-71,3,2022,PMDA,2022-01-04,2022-03-02,57,1,CEC,2022-01-29,2022-03-17,47,161,3,1,1,1,1,0,0,0,0,0,1,Patient registry outreach,3,2,5,1,0,1,2650,0.509,400,20.51,adv_email,Email
SITE-01966,PROTO-A_ONCO,India,Asia,Oncology,III,NSCLC,Pharma,8,18,12,15,1,1,1,PI-009,23,5,4,1,2,180,3.6,2021-12-09,2021-12-25,2025-05-29,2025-04-29,16,1251,30,4,2021,Other,2021-07-28,2021-09-11,45,1,LEC,2021-08-23,2021-10-26,64,124,3,0,0,0,1,0,0,0,0,0,0,,1,0,1,1,0,1,1200,0.642,203,4.87,adv_online,Online
SITE-01967,PROTO-C_NEURO,Japan,Asia,Neurology,II,Alzheimer's,Academic,7,14,10,12,1,0,0,PI-012,9,2,2,1,3,94,3.3,2022-05-16,2022-11-06,2025-11-18,2025-10-07,174,1108,42,4,2022,PMDA,2022-02-13,2022-06-17,124,1,LEC,2022-04-10,2022-05-01,21,210,1,1,1,1,1,0,0,0,0,0,0,,2,2,4,1,0,1,2050,0.593,70,1.9,adv_email,Email
SITE-01968,PROTO-B_CARDIO,India,Asia,Cardiology,II,Heart Failure,Biotech,5,9,8,10,0,1,1,PI-023,21,2,4,1,5,1167,2.1,2023-07-04,2023-10-07,2025-08-11,2025-09-15,95,674,-35,4,2023,Other,2023-03-13,2023-04-27,45,1,LEC,2023-05-05,2023-06-17,43,155,4,0,1,1,0,1,0,0,1,0,0,,1,3,4,1,0,1,5950,0.453,400,17.8,adv_email,Email
SITE-01969,PROTO-B_CARDIO,Poland,Europe,Cardiology,II,Heart Failure,Biotech,5,9,8,10,0,1,1,PI-024,2,3,1,1,4,1320,3.8,2023-01-16,2023-04-12,2026-11-22,2026-10-18,86,1320,35,2,2023,EMA,2022-09-20,2023-02-23,156,1,LEC,2022-10-24,2022-12-27,64,170,0,0,1,0,0,0,0,0,0,0,0,,0,1,1,0,1,0,150,0.339,400,9.09,adv_pamphlet,Pamphlet
SITE-01970,PROTO-A_ONCO,Brazil,LATAM,Oncology,III,NSCLC,Pharma,8,18,12,15,1,1,1,PI-012,18,1,3,1,2,127,2.9,2023-02-25,2023-04-22,2025-12-27,2025-11-26,56,980,31,2,2023,Other,2022-10-21,2023-01-22,93,1,LEC,2022-11-30,2023-01-30,61,143,1,1,1,0,0,0,0,1,1,0,0,,0,4,4,0,1,0,6850,0.553,135,4.13,adv_poster,Poster
SITE-01971,PROTO-B_CARDIO,Poland,Europe,Cardiology,II,Heart Failure,Biotech,5,9,8,10,0,1,1,PI-011,2,0,1,1,4,1007,2.3,2021-03-17,2021-06-17,2023-07-04,2023-07-29,92,747,-25,2,2021,EMA,2020-12-12,2021-01-14,33,1,LEC,2020-12-23,2021-02-17,56,176,3,0,1,1,1,0,0,0,0,1,0,,3,1,4,1,0,1,2250,0.365,400,16.06,adv_email,Email
SITE-01972,PROTO-C_NEURO,Spain,Europe,Neurology,II,Alzheimer's,Academic,7,14,10,12,1,0,0,PI-022,9,4,1,1,6,133,2.4,2022-07-13,2022-08-23,2024-10-28,2024-10-21,41,797,7,3,2022,EMA,2022-03-31,2022-06-15,76,1,LEC,2022-04-25,2022-06-07,43,120,1,1,1,0,1,0,1,0,0,0,0,,1,3,4,1,0,1,2350,0.58,44,1.66,adv_online,Online
SITE-01973,PROTO-B_CARDIO,Germany,Europe,Cardiology,II,Heart Failure,Biotech,5,9,8,10,0,1,1,PI-029,24,4,1,1,12,917,3.6,2021-06-08,2021-06-10,2024-10-18,2024-10-28,2,1226,-10,2,2021,EMA,2020-11-05,2020-12-21,46,1,CEC,2020-12-27,2021-03-31,94,165,2,1,0,1,1,1,1,0,0,1,0,,3,3,6,1,0,1,3400,0.406,400,9.79,adv_email,Email
SITE-01974,PROTO-B_CARDIO,Japan,Asia,Cardiology,II,Heart Failure,Biotech,5,9,8,10,0,1,1,PI-019,12,1,4,1,6,1145,2.5,2022-09-12,2022-12-27,2025-04-26,2025-04-30,106,851,-4,4,2022,PMDA,2022-05-20,2022-10-29,162,1,LEC,2022-07-06,2022-08-09,34,174,2,1,1,1,1,1,1,0,0,1,0,,3,4,7,1,0,1,3550,0.33,400,14.1,adv_email,Email
SITE-01975,PROTO-A_ONCO,Canada,North America,Oncology,III,NSCLC,Pharma,8,18,12,15,1,1,1,PI-019,21,0,1,1,3,201,2.4,2021-02-16,2021-01-28,2023-05-26,2023-04-29,-19,848,27,1,2021,Other,2020-08-04,2021-01-16,165,0,IRB,2020-10-01,2020-12-24,84,119,0,1,1,1,0,0,0,0,0,1,0,,2,2,4,1,0,1,1250,0.567,149,5.27,adv_email,Email
SITE-01976,PROTO-B_CARDIO,USA,North America,Cardiology,II,Heart Failure,Biotech,5,9,8,10,0,1,1,PI-005,17,6,1,1,1,928,2.5,2022-10-22,2022-10-05,2025-02-24,2025-03-14,-17,873,-18,4,2022,FDA,2022-04-19,2022-06-15,57,0,CEC,2022-06-12,2022-08-21,70,115,2,1,1,0,0,0,0,0,0,0,0,,0,2,2,0,1,0,350,0.365,400,13.75,adv_poster,Poster
SITE-01977,PROTO-C_NEURO,Poland,Europe,Neurology,II,Alzheimer's,Academic,7,14,10,12,1,0,0,PI-025,24,4,5,1,3,75,3.2,2021-06-03,2021-10-01,2024-09-06,2024-08-18,120,1071,19,4,2021,EMA,2021-02-10,2021-06-08,118,1,LEC,2021-03-06,2021-05-07,62,209,2,1,0,1,0,0,0,0,0,0,0,,1,1,2,1,0,1,700,0.677,64,1.79,adv_email,Email
SITE-01978,PROTO-A_ONCO,Germany,Europe,Oncology,III,NSCLC,Pharma,8,18,12,15,1,1,1,PI-029,10,3,5,1,4,210,1.5,2022-01-28,2022-04-18,2023-07-05,2023-07-25,80,443,-20,2,2022,EMA,2021-09-30,2022-01-13,105,1,LEC,2021-11-11,2021-12-24,43,158,6,1,1,0,0,1,0,0,0,0,0,,0,3,3,0,1,0,650,0.598,71,4.81,adv_newsletter,Newsletter
SITE-01979,PROTO-C_NEURO,UK,Europe,Neurology,II,Alzheimer's,Academic,7,14,10,12,1,0,0,PI-016,20,3,1,1,8,85,1.3,2022-12-01,2023-04-16,2024-05-12,2024-04-06,136,392,36,2,2023,MHRA,2022-08-11,2022-12-24,135,1,LEC,2022-08-28,2022-10-26,59,231,0,1,0,0,0,1,0,0,0,1,0,,1,2,3,1,0,0,900,0.451,27,2.07,adv_community_presentation,Community
SITE-01980,PROTO-B_CARDIO,Germany,Europe,Cardiology,II,Heart Failure,Biotech,5,9,8,10,0,1,1,PI-017,16,2,5,1,4,1010,2.7,2023-07-17,2023-11-18,2026-04-18,2026-03-09,124,882,40,4,2023,EMA,2023-03-04,2023-07-29,147,1,LEC,2023-04-30,2023-06-12,43,202,1,1,0,1,1,1,1,0,0,1,0,,3,3,6,1,0,1,3400,0.5,400,13.61,adv_email,Email
SITE-01981,PROTO-B_CARDIO,USA,North America,Cardiology,II,Heart Failure,Biotech,5,9,8,10,0,1,1,PI-028,3,3,1,1,4,892,2.1,2021-02-21,2021-06-14,2023-06-03,2023-06-02,113,719,1,2,2021,FDA,2020-11-06,2021-04-05,150,0,IRB,2020-12-22,2021-01-25,34,174,4,1,1,1,1,0,0,0,0,0,0,,2,2,4,1,0,1,2050,0.378,400,16.69,adv_email,Email
SITE-01982,PROTO-A_ONCO,Poland,Europe,Oncology,III,NSCLC,Pharma,8,18,12,15,1,1,1,PI-026,6,2,5,1,6,49,2.5,2022-04-13,2022-05-20,2024-07-29,2024-06-28,37,801,31,2,2022,EMA,2021-09-19,2021-11-11,53,1,CEC,2021-11-01,2022-03-09,128,200,4,1,0,0,1,1,1,1,0,0,0,,1,4,5,1,0,1,4000,0.477,16,0.6,adv_online,Online
SITE-01983,PROTO-B_CARDIO,India,Asia,Cardiology,II,Heart Failure,Biotech,5,9,8,10,0,1,1,PI-007,3,4,3,1,7,1034,1.5,2021-07-31,2021-11-16,2023-02-23,2023-03-04,108,464,-9,4,2021,Other,2021-05-05,2021-08-09,96,1,LEC,2021-05-24,2021-06-18,25,176,2,1,0,0,0,0,0,1,0,0,1,Patient registry outreach,1,2,3,1,0,0,2300,0.386,400,25.86,adv_other,Other
SITE-01984,PROTO-B_CARDIO,Poland,Europe,Cardiology,II,Heart Failure,Biotech,5,9,8,10,0,1,1,PI-015,11,4,3,1,3,1241,2.2,2022-11-30,2023-01-02,2025-01-02,2024-12-01,33,731,32,1,2023,EMA,2022-07-03,2022-10-09,98,1,LEC,2022-08-21,2022-10-17,57,134,0,1,1,0,1,0,0,0,0,0,0,,1,2,3,1,0,1,1550,0.368,400,16.42,adv_online,Online
SITE-01985,PROTO-C_NEURO,Australia,APAC,Neurology,II,Alzheimer's,Academic,7,14,10,12,1,0,0,PI-001,19,3,1,1,4,54,2.9,2022-04-26,2022-07-11,2025-02-10,2025-01-26,76,945,15,3,2022,Other,2022-01-02,2022-03-18,75,1,LEC,2022-01-14,2022-03-24,69,178,2,1,1,1,0,0,0,0,0,1,0,,2,2,4,1,0,1,1250,0.54,53,1.68,adv_community_presentation,Community
SITE-01986,PROTO-C_NEURO,Canada,North America,Neurology,II,Alzheimer's,Academic,7,14,10,12,1,0,0,PI-010,17,2,3,1,1,20,3.5,2023-05-13,2023-06-10,2026-11-09,2026-11-25,28,1248,-16,2,2023,Other,2023-01-08,2023-03-01,52,0,IRB,2023-02-18,2023-04-22,63,112,1,1,1,0,0,0,0,0,0,0,0,,0,2,2,0,1,0,350,0.556,27,0.65,adv_poster,Poster
SITE-01987,PROTO-C_NEURO,UK,Europe,Neurology,II,Alzheimer's,Academic,7,14,10,12,1,0,0,PI-003,12,3,1,1,5,56,2.8,2022-03-13,2022-07-01,2024-12-10,2024-12-21,110,893,-11,3,2022,MHRA,2021-10-25,2022-03-06,132,1,CEC,2021-11-15,2022-02-12,89,228,4,1,0,1,0,0,0,0,0,1,0,,2,1,3,1,0,1,1100,0.527,32,1.08,adv_community_presentation,Community
SITE-01988,PROTO-C_NEURO,USA,North America,Neurology,II,Alzheimer's,Academic,7,14,10,12,1,0,0,PI-020,24,2,5,1,3,36,2.2,2022-12-25,2023-02-21,2025-03-10,2025-01-07,58,748,62,1,2023,FDA,2022-07-15,2022-12-28,166,0,CEC,2022-07-30,2022-11-18,111,206,3,1,1,0,1,0,1,0,0,0,0,,1,3,4,1,0,1,2350,0.528,40,1.6,adv_online,Online
SITE-01989,PROTO-B_CARDIO,USA,North America,Cardiology,II,Heart Failure,Biotech,5,9,8,10,0,1,1,PI-009,22,2,5,0,2,1118,1.1,2021-05-26,2021-06-05,2022-05-26,2022-05-04,10,355,22,2,2021,FDA,2020-11-04,2021-03-08,124,0,CEC,2020-11-23,2021-04-10,138,194,0,1,1,1,1,0,0,0,0,1,1,Patient registry outreach,4,2,6,1,0,1,3050,0.374,400,33.8,adv_email,Email
SITE-01990,PROTO-B_CARDIO,USA,North America,Cardiology,II,Heart Failure,Biotech,5,9,8,10,0,1,1,PI-019,17,2,5,1,2,855,1.7,2021-08-25,2021-08-23,2023-03-29,2023-02-28,-2,583,29,3,2021,FDA,2021-04-15,2021-05-20,35,0,IRB,2021-05-06,2021-08-06,92,109,1,1,1,1,1,0,1,0,0,1,0,,3,3,6,1,0,1,3250,0.531,400,20.58,adv_email,Email
SITE-01991,PROTO-A_ONCO,Poland,Europe,Oncology,III,NSCLC,Pharma,8,18,12,15,1,1,1,PI-010,9,1,1,1,2,279,3.1,2021-11-10,2021-12-01,2024-11-15,2024-11-24,21,1080,-9,4,2021,EMA,2021-07-01,2021-09-10,71,1,LEC,2021-08-24,2021-09-30,37,99,0,1,1,1,1,0,0,0,0,0,0,,2,2,4,1,0,1,2050,0.595,187,5.19,adv_email,Email
SITE-01992,PROTO-C_NEURO,Poland,Europe,Neurology,II,Alzheimer's,Academic,7,14,10,12,1,0,0,PI-009,20,2,2,1,6,135,1.4,2022-02-12,2022-06-04,2023-08-16,2023-07-29,112,438,18,2,2022,EMA,2021-11-15,2022-03-14,119,1,LEC,2022-01-05,2022-01-26,21,150,2,1,1,1,0,1,0,0,0,0,0,,1,3,4,1,0,1,1150,0.507,47,3.22,adv_email,Email
SITE-01993,PROTO-B_CARDIO,Poland,Europe,Cardiology,II,Heart Failure,Biotech,5,9,8,10,0,1,1,PI-012,23,5,1,1,4,765,1.5,2021-06-15,2021-08-20,2022-12-25,2022-11-03,66,492,52,3,2021,EMA,2021-03-20,2021-06-05,77,1,LEC,2021-04-05,2021-05-25,50,137,1,0,1,1,1,0,1,0,0,1,0,,3,2,5,1,0,1,3050,0.357,400,24.39,adv_email,Email
SITE-01994,PROTO-C_NEURO,Canada,North America,Neurology,II,Alzheimer's,Academic,7,14,10,12,1,0,0,PI-002,21,4,2,1,4,66,2.6,2022-07-14,2022-06-09,2024-11-28,2024-12-24,-35,903,-26,2,2022,Other,2021-12-22,2022-02-28,68,0,CEC,2022-01-09,2022-05-28,139,151,0,1,1,0,1,1,0,1,0,1,0,,2,4,6,1,0,1,3750,0.522,67,2.23,adv_community_presentation,Community
SITE-01995,PROTO-B_CARDIO,Poland,Europe,Cardiology,II,Heart Failure,Biotech,5,9,8,10,0,1,1,PI-016,18,0,2,1,4,918,1.4,2022-12-29,2023-04-05,2024-05-26,2024-04-28,97,417,28,2,2023,EMA,2022-08-29,2023-01-05,129,1,LEC,2022-10-03,2022-12-06,64,184,4,1,1,1,0,0,1,0,0,1,0,,2,3,5,1,0,1,2050,0.458,400,28.78,adv_email,Email
SITE-01996,PROTO-C_NEURO,Japan,Asia,Neurology,II,Alzheimer's,Academic,7,14,10,12,1,0,0,PI-024,18,3,1,1,3,121,2.8,2021-05-05,2021-08-03,2024-02-17,2024-02-18,90,928,-1,3,2021,PMDA,2020-12-14,2021-03-08,84,1,CEC,2021-01-07,2021-04-14,97,208,2,1,0,0,0,0,0,0,0,1,0,,1,1,2,1,0,0,600,0.506,146,4.72,adv_community_presentation,Community
SITE-01997,PROTO-B_CARDIO,USA,North America,Cardiology,II,Heart Failure,Biotech,5,9,8,10,0,1,1,PI-024,21,5,3,1,4,1189,2.8,2023-08-29,2023-09-10,2026-05-19,2026-07-25,12,982,-67,3,2023,FDA,2023-03-31,2023-05-19,49,0,IRB,2023-05-08,2023-07-04,57,125,5,1,1,0,0,0,0,0,0,0,0,,0,2,2,0,1,0,350,0.311,400,12.22,adv_poster,Poster
SITE-01998,PROTO-B_CARDIO,Japan,Asia,Cardiology,II,Heart Failure,Biotech,5,9,8,10,0,1,1,PI-007,13,2,3,1,7,982,1.8,2023-06-16,2023-08-29,2025-03-10,2025-03-13,74,559,-3,3,2023,PMDA,2023-02-17,2023-05-18,90,1,LEC,2023-03-09,2023-05-04,56,173,3,0,1,1,1,0,0,0,0,0,0,,2,1,3,1,0,1,1850,0.39,400,21.47,adv_email,Email
SITE-01999,PROTO-A_ONCO,India,Asia,Oncology,III,NSCLC,Pharma,8,18,12,15,1,1,1,PI-026,11,3,3,1,5,243,2.6,2022-12-14,2022-12-12,2025-06-07,2025-05-23,-2,908,15,4,2022,Other,2022-08-28,2022-10-14,47,1,LEC,2022-10-08,2022-11-02,25,65,0,1,1,0,1,0,0,0,0,1,1,Patient registry outreach,3,2,5,1,0,1,2550,0.532,131,4.33,adv_community_presentation,Community
SITE-02000,PROTO-C_NEURO,India,Asia,Neurology,II,Alzheimer's,Academic,7,14,10,12,1,0,0,PI-023,24,2,3,1,5,88,3.7,2022-06-27,2022-06-01,2025-11-06,2025-11-08,-26,1254,-2,2,2022,Other,2021-11-11,2022-04-10,150,1,CEC,2021-11-23,2022-04-03,131,190,0,1,1,0,0,0,0,0,0,0,0,,0,2,2,0,1,0,350,0.521,60,1.44,adv_poster,Poster
SITE-02001,PROTO-A_ONCO,Poland,Europe,Oncology,III,NSCLC,Pharma,8,18,12,15,1,1,1,PI-010,20,2,5,1,3,54,2.4,2021-02-01,2021-03-26,2023-06-24,2023-07-10,53,820,-16,1,2021,EMA,2020-09-13,2020-11-15,63,1,CEC,2020-10-19,2020-12-21,63,158,1,1,0,0,1,0,0,0,0,0,0,,1,1,2,1,0,1,1400,0.462,36,1.32,adv_online,Online
SITE-02002,PROTO-A_ONCO,Japan,Asia,Oncology,III,NSCLC,Pharma,8,18,12,15,1,1,1,PI-027,15,4,5,1,6,58,3.6,2023-05-13,2023-08-02,2026-12-01,2026-12-21,81,1217,-20,3,2023,PMDA,2022-12-16,2023-02-02,48,1,CEC,2023-01-06,2023-04-22,106,208,2,1,1,1,0,0,0,0,0,0,0,,1,2,3,1,0,1,850,0.606,34,0.84,adv_email,Email
SITE-02003,PROTO-A_ONCO,UK,Europe,Oncology,III,NSCLC,Pharma,8,18,12,15,1,1,1,PI-023,18,1,1,1,3,175,3.7,2021-06-23,2021-12-10,2025-05-10,2025-04-22,170,1247,18,4,2021,MHRA,2021-03-18,2021-08-06,141,1,LEC,2021-04-16,2021-06-06,51,238,1,1,0,0,0,0,0,1,0,0,1,Patient registry outreach,1,2,3,1,0,0,2300,0.529,121,2.91,adv_other,Other
SITE-02004,PROTO-A_ONCO,Japan,Asia,Oncology,III,NSCLC,Pharma,8,18,12,15,1,1,1,PI-021,9,4,2,1,1,188,2.5,2022-08-03,2022-11-12,2025-02-03,2025-01-19,101,814,15,4,2022,PMDA,2022-03-26,2022-05-17,52,1,CEC,2022-05-06,2022-07-09,64,190,1,1,0,0,0,0,1,0,0,0,1,Patient registry outreach,1,2,3,1,0,0,1600,0.668,136,5.01,adv_other,Other
SITE-02005,PROTO-B_CARDIO,India,Asia,Cardiology,II,Heart Failure,Biotech,5,9,8,10,0,1,1,PI-012,8,4,3,1,1,1132,2.8,2022-08-15,2022-10-14,2025-04-16,2025-01-20,60,915,86,4,2022,Other,2022-01-17,2022-03-14,56,1,CEC,2022-02-17,2022-07-09,142,239,3,0,0,1,1,0,0,0,0,0,0,,2,0,2,1,0,1,1700,0.318,400,13.11,adv_email,Email
SITE-02006,PROTO-A_ONCO,USA,North America,Oncology,III,NSCLC,Pharma,8,18,12,15,1,1,1,PI-017,9,5,4,1,2,201,3.8,2022-10-25,2022-11-03,2026-07-13,2026-07-09,9,1348,4,4,2022,FDA,2022-04-26,2022-09-22,149,0,IRB,2022-06-24,2022-09-01,69,132,4,1,1,0,1,0,0,1,0,1,0,,2,3,5,1,0,1,3450,0.527,203,4.52,adv_community_presentation,Community
SITE-02007,PROTO-C_NEURO,USA,North America,Neurology,II,Alzheimer's,Academic,7,14,10,12,1,0,0,PI-022,23,5,5,1,4,37,2.6,2022-07-19,2022-08-21,2025-03-05,2025-04-18,33,927,-44,3,2022,FDA,2022-03-13,2022-07-05,114,0,IRB,2022-04-03,2022-05-25,52,140,1,1,1,0,1,1,0,0,0,1,0,,2,3,5,1,0,1,2250,0.471,52,1.68,adv_community_presentation,Community
SITE-02008,PROTO-C_NEURO,USA,North America,Neurology,II,Alzheimer's,Academic,7,14,10,12,1,0,0,PI-026,20,4,5,1,2,110,3.1,2022-01-30,2022-02-24,2025-02-03,2024-12-16,25,1075,49,1,2022,FDA,2021-08-25,2022-01-01,129,0,IRB,2021-09-27,2021-12-15,79,150,5,0,0,1,0,1,0,0,0,0,0,,1,1,2,1,0,1,800,0.579,116,3.24,adv_email,Email
SITE-02009,PROTO-B_CARDIO,Canada,North America,Cardiology,II,Heart Failure,Biotech,5,9,8,10,0,1,1,PI-015,13,2,5,1,4,1111,4.0,2021-08-07,2021-10-22,2025-10-04,2025-09-20,76,1443,14,4,2021,Other,2021-04-21,2021-10-15,177,0,IRB,2021-05-04,2021-06-26,53,171,0,1,1,1,1,0,0,0,1,1,1,Patient registry outreach,4,3,7,1,0,1,8050,0.469,400,8.32,adv_email,Email
SITE-02010,PROTO-B_CARDIO,USA,North America,Cardiology,II,Heart Failure,Biotech,5,9,8,10,0,1,1,PI-012,17,2,1,1,7,953,3.4,2022-11-04,2022-12-17,2026-04-15,2026-04-26,43,1215,-11,4,2022,FDA,2022-06-26,2022-10-21,117,0,IRB,2022-08-24,2022-10-19,56,115,2,1,1,1,1,0,1,0,0,1,0,,3,3,6,1,0,1,3250,0.387,400,9.88,adv_email,Email
SITE-02011,PROTO-B_CARDIO,Japan,Asia,Cardiology,II,Heart Failure,Biotech,5,9,8,10,0,1,1,PI-021,8,4,5,1,6,1024,2.2,2023-09-04,2023-10-06,2025-10-07,2025-10-16,32,732,-9,4,2023,PMDA,2023-04-05,2023-05-15,40,1,CEC,2023-04-16,2023-07-18,93,173,1,0,0,1,0,0,1,0,0,1,0,,2,1,3,1,0,1,1700,0.407,400,16.39,adv_email,Email
SITE-02012,PROTO-C_NEURO,Germany,Europe,Neurology,II,Alzheimer's,Academic,7,14,10,12,1,0,0,PI-025,2,1,3,1,6,36,2.6,2023-06-29,2023-12-30,2026-04-08,2026-05-14,184,830,-36,4,2023,EMA,2023-01-23,2023-07-12,170,1,CEC,2023-03-03,2023-05-25,83,302,6,1,0,1,0,1,0,0,0,0,1,Patient registry outreach,2,2,4,1,0,1,1600,0.608,11,0.4,adv_email,Email
SITE-02013,PROTO-B_CARDIO,USA,North America,Cardiology,II,Heart Failure,Biotech,5,9,8,10,0,1,1,PI-029,14,1,2,1,0,997,1.3,2022-01-26,2022-04-11,2023-07-14,2023-07-19,75,459,-5,2,2022,FDA,2021-10-11,2022-03-26,166,0,IRB,2021-11-24,2022-01-08,45,138,0,0,1,1,1,0,0,0,0,0,1,Patient registry outreach,3,1,4,1,0,1,2450,0.352,400,26.14,adv_email,Email
SITE-02014,PROTO-C_NEURO,USA,North America,Neurology,II,Alzheimer's,Academic,7,14,10,12,1,0,0,PI-020,16,6,3,1,8,142,3.3,2021-01-14,2021-01-08,2024-03-24,2024-03-31,-6,1171,-7,1,2021,FDA,2020-07-31,2020-08-30,30,0,IRB,2020-09-27,2020-11-18,52,103,4,0,1,1,0,0,0,1,0,0,1,Patient registry outreach,2,2,4,1,0,1,2750,0.491,103,2.64,adv_email,Email
SITE-02015,PROTO-A_ONCO,India,Asia,Oncology,III,NSCLC,Pharma,8,18,12,15,1,1,1,PI-006,8,0,4,1,3,88,1.2,2023-05-21,2023-06-24,2024-06-21,2024-05-07,34,363,45,2,2023,Other,2022-11-19,2022-12-24,35,1,CEC,2022-12-24,2023-03-20,86,182,0,0,1,0,1,0,0,0,0,0,0,,1,1,2,1,0,1,1350,0.631,21,1.74,adv_online,Online
SITE-02016,PROTO-A_ONCO,Germany,Europe,Oncology,III,NSCLC,Pharma,8,18,12,15,1,1,1,PI-013,18,3,1,1,7,177,3.9,2022-10-31,2023-03-30,2026-11-11,2026-11-04,150,1322,7,1,2023,EMA,2022-07-12,2022-12-06,147,1,LEC,2022-08-17,2022-10-11,55,225,3,0,1,1,0,0,0,0,0,0,0,,1,1,2,1,0,1,650,0.597,99,2.25,adv_email,Email
SITE-02017,PROTO-B_CARDIO,UK,Europe,Cardiology,II,Heart Failure,Biotech,5,9,8,10,0,1,1,PI-025,17,4,2,1,2,934,1.8,2023-05-24,2023-07-30,2025-03-27,2025-03-11,67,606,16,3,2023,MHRA,2023-01-23,2023-05-06,103,1,LEC,2023-03-12,2023-04-28,47,140,1,1,1,1,1,0,0,0,0,0,0,,2,2,4,1,0,1,2050,0.509,400,19.8,adv_email,Email
SITE-02018,PROTO-A_ONCO,Spain,Europe,Oncology,III,NSCLC,Pharma,8,18,12,15,1,1,1,PI-025,10,3,2,1,2,140,1.1,2023-07-27,2023-11-04,2024-10-03,2024-07-26,100,334,69,4,2023,EMA,2023-03-24,2023-08-18,147,1,LEC,2023-05-08,2023-07-05,58,180,2,1,0,1,1,0,0,0,0,0,1,Patient registry outreach,3,1,4,1,0,1,2500,0.52,59,5.3,adv_email,Email
SITE-02019,PROTO-A_ONCO,Poland,Europe,Oncology,III,NSCLC,Pharma,8,18,12,15,1,1,1,PI-029,10,4,2,1,6,119,2.1,2021-06-20,2021-09-28,2023-08-11,2023-09-12,100,682,-32,3,2021,EMA,2021-03-24,2021-05-14,51,1,LEC,2021-04-15,2021-05-14,29,166,3,1,0,0,0,0,0,0,0,0,0,,0,1,1,0,1,0,200,0.61,34,1.5,adv_poster,Poster
SITE-02020,PROTO-C_NEURO,Japan,Asia,Neurology,II,Alzheimer's,Academic,7,14,10,12,1,0,0,PI-006,13,3,4,1,2,95,3.6,2022-08-14,2022-08-10,2025-12-08,2026-01-06,-4,1216,-29,3,2022,PMDA,2021-11-03,2022-04-26,174,1,CEC,2021-12-25,2022-05-20,146,228,2,1,1,1,1,0,0,0,0,1,0,,3,2,5,1,0,1,2450,0.506,150,3.7,adv_community_presentation,Community
SITE-02021,PROTO-A_ONCO,UK,Europe,Oncology,III,NSCLC,Pharma,8,18,12,15,1,1,1,PI-027,5,2,3,1,2,117,1.5,2022-12-18,2023-01-27,2024-06-05,2024-05-18,40,495,18,1,2023,MHRA,2022-07-16,2022-11-24,131,1,CEC,2022-08-24,2022-10-08,45,156,0,0,1,1,1,0,0,0,0,0,1,Patient registry outreach,3,1,4,1,0,1,2450,0.425,80,4.85,adv_email,Email
SITE-02022,PROTO-A_ONCO,Brazil,LATAM,Oncology,III,NSCLC,Pharma,8,18,12,15,1,1,1,PI-029,24,2,5,1,6,221,2.1,2022-10-05,2023-01-01,2024-11-19,2024-11-23,88,688,-4,1,2023,Other,2022-07-03,2022-10-19,108,1,LEC,2022-07-21,2022-09-18,59,164,0,1,1,0,0,0,0,0,0,0,0,,0,2,2,0,1,0,350,0.624,74,3.23,adv_poster,Poster
SITE-02023,PROTO-B_CARDIO,USA,North America,Cardiology,II,Heart Failure,Biotech,5,9,8,10,0,1,1,PI-009,21,2,1,1,3,1102,1.6,2022-11-26,2022-12-13,2024-05-05,2024-05-14,17,509,-9,4,2022,FDA,2022-05-06,2022-08-06,92,0,CEC,2022-06-04,2022-10-28,146,192,3,0,1,1,0,0,0,0,0,1,0,,2,1,3,1,0,1,1050,0.42,400,23.58,adv_email,Email
SITE-02024,PROTO-C_NEURO,Poland,Europe,Neurology,II,Alzheimer's,Academic,7,14,10,12,1,0,0,PI-015,9,1,4,1,4,75,2.5,2022-10-28,2022-12-29,2025-02-04,2025-01-23,62,768,12,4,2022,EMA,2022-03-26,2022-07-19,115,1,CEC,2022-04-28,2022-08-06,100,245,3,1,1,0,0,0,0,0,0,1,0,,1,2,3,1,0,0,750,0.566,43,1.68,adv_community_presentation,Community
SITE-02025,PROTO-A_ONCO,USA,North America,Oncology,III,NSCLC,Pharma,8,18,12,15,1,1,1,PI-012,13,3,4,1,5,28,1.9,2022-08-13,2022-11-30,2024-09-10,2024-09-04,109,650,6,4,2022,FDA,2022-05-11,2022-09-09,121,0,IRB,2022-06-06,2022-07-09,33,177,4,0,1,1,0,0,0,0,0,0,0,,1,1,2,1,0,1,650,0.524,14,0.65,adv_email,Email
SITE-02026,PROTO-C_NEURO,Poland,Europe,Neurology,II,Alzheimer's,Academic,7,14,10,12,1,0,0,PI-001,8,2,2,1,4,100,3.6,2022-02-19,2022-06-25,2025-10-05,2025-09-26,126,1198,9,2,2022,EMA,2021-10-24,2022-03-12,139,1,LEC,2021-11-21,2022-01-27,67,216,4,1,0,0,0,0,1,0,1,0,0,,0,3,3,0,1,0,6000,0.606,52,1.3,adv_poster,Poster
SITE-02027,PROTO-C_NEURO,India,Asia,Neurology,II,Alzheimer's,Academic,7,14,10,12,1,0,0,PI-018,3,2,2,1,5,62,2.7,2021-08-18,2021-12-06,2024-05-20,2024-07-30,110,896,-71,4,2021,Other,2021-03-30,2021-08-21,144,1,LEC,2021-05-15,2021-07-17,63,205,3,1,1,0,0,0,0,0,0,0,0,,0,2,2,0,1,0,350,0.625,20,0.67,adv_poster,Poster
SITE-02028,PROTO-C_NEURO,USA,North America,Neurology,II,Alzheimer's,Academic,7,14,10,12,1,0,0,PI-020,9,0,4,1,4,102,1.1,2023-03-29,2023-02-16,2024-02-27,2024-03-24,-41,376,-26,1,2023,FDA,2022-11-06,2022-12-15,39,0,IRB,2022-11-22,2023-02-07,77,86,0,1,1,1,0,1,0,0,0,1,0,,2,3,5,1,0,1,1550,0.455,39,3.11,adv_community_presentation,Community
SITE-02029,PROTO-A_ONCO,Germany,Europe,Oncology,III,NSCLC,Pharma,8,18,12,15,1,1,1,PI-017,7,3,1,1,5,171,3.1,2022-05-07,2022-07-24,2025-05-16,2025-04-30,78,1027,16,3,2022,EMA,2021-12-09,2022-03-23,104,1,CEC,2022-01-07,2022-02-21,45,198,5,1,0,0,0,1,0,0,0,0,0,,0,2,2,0,1,0,500,0.581,72,2.1,adv_newsletter,Newsletter
SITE-02030,PROTO-B_CARDIO,USA,North America,Cardiology,II,Heart Failure,Biotech,5,9,8,10,0,1,1,PI-016,2,1,4,1,5,915,3.8,2022-12-18,2023-02-17,2026-11-15,2026-08-26,61,1367,81,1,2023,FDA,2022-08-27,2023-01-12,138,0,IRB,2022-10-04,2022-11-24,51,136,1,1,1,1,1,0,0,0,0,1,0,,3,2,5,1,0,1,2450,0.36,400,8.78,adv_email,Email
SITE-02031,PROTO-A_ONCO,Japan,Asia,Oncology,III,NSCLC,Pharma,8,18,12,15,1,1,1,PI-011,23,0,4,1,3,20,2.1,2022-05-23,2022-06-23,2024-03-31,2024-04-01,31,647,-1,2,2022,PMDA,2021-09-05,2022-01-22,139,1,CEC,2021-10-30,2022-03-17,138,236,3,1,0,1,0,0,0,0,0,0,0,,1,1,2,1,0,1,700,0.494,13,0.6,adv_email,Email
SITE-02032,PROTO-A_ONCO,Poland,Europe,Oncology,III,NSCLC,Pharma,8,18,12,15,1,1,1,PI-020,11,1,4,1,2,204,1.2,2022-12-12,2023-05-08,2024-05-07,2024-04-04,147,365,33,2,2023,EMA,2022-09-11,2023-03-01,171,1,LEC,2022-09-27,2022-11-13,47,223,3,0,1,1,0,1,0,0,0,0,0,,1,2,3,1,0,1,950,0.529,94,7.73,adv_email,Email
SITE-02033,PROTO-B_CARDIO,USA,North America,Cardiology,II,Heart Failure,Biotech,5,9,8,10,0,1,1,PI-016,9,4,3,1,7,958,3.8,2022-07-17,2022-06-29,2026-03-26,2026-04-11,-18,1366,-16,2,2022,FDA,2022-02-16,2022-05-30,103,0,IRB,2022-04-08,2022-05-26,48,82,1,0,1,0,1,0,0,0,0,0,0,,1,1,2,1,0,1,1350,0.416,400,8.78,adv_online,Online
SITE-02034,PROTO-C_NEURO,Brazil,LATAM,Neurology,II,Alzheimer's,Academic,7,14,10,12,1,0,0,PI-022,14,3,2,1,5,104,3.6,2022-02-12,2022-06-25,2025-10-23,2025-09-20,133,1216,33,2,2022,Other,2021-10-17,2022-02-19,125,1,LEC,2021-11-19,2022-01-14,56,218,4,1,0,0,1,0,0,0,0,1,0,,2,1,3,1,0,1,1800,0.612,76,1.88,adv_community_presentation,Community
SITE-02035,PROTO-C_NEURO,India,Asia,Neurology,II,Alzheimer's,Academic,7,14,10,12,1,0,0,PI-005,15,6,2,1,2,131,2.7,2023-07-21,2023-09-12,2026-03-14,2026-02-11,53,914,31,3,2023,Other,2023-04-04,2023-05-27,53,1,LEC,2023-05-29,2023-06-18,20,106,3,0,1,0,0,1,0,0,0,0,1,Patient registry outreach,1,2,3,1,0,0,1050,0.617,125,4.1,adv_other,Other
SITE-02036,PROTO-A_ONCO,Japan,Asia,Oncology,III,NSCLC,Pharma,8,18,12,15,1,1,1,PI-002,19,4,1,1,5,135,3.9,2021-06-08,2021-06-27,2025-02-16,2025-01-21,19,1330,26,2,2021,PMDA,2020-11-06,2021-01-01,56,1,CEC,2020-12-08,2021-04-23,136,201,1,1,0,0,0,0,0,0,0,0,0,,0,1,1,0,1,0,200,0.569,79,1.78,adv_poster,Poster
SITE-02037,PROTO-C_NEURO,Japan,Asia,Neurology,II,Alzheimer's,Academic,7,14,10,12,1,0,0,PI-026,7,1,1,1,5,111,3.0,2021-07-04,2021-09-01,2024-05-06,2024-04-04,59,978,32,3,2021,PMDA,2020-12-19,2021-05-31,163,1,CEC,2021-01-27,2021-05-15,108,217,3,0,1,0,1,1,0,0,0,0,0,,1,2,3,1,0,1,1650,0.559,56,1.72,adv_online,Online
SITE-02038,PROTO-C_NEURO,USA,North America,Neurology,II,Alzheimer's,Academic,7,14,10,12,1,0,0,PI-025,19,2,1,1,3,88,1.4,2023-09-05,2023-09-19,2024-12-21,2024-10-11,14,459,71,3,2023,FDA,2023-04-19,2023-08-11,114,0,IRB,2023-05-05,2023-07-26,82,137,6,0,1,1,1,0,0,1,0,0,0,,2,2,4,1,0,1,3350,0.525,64,4.18,adv_email,Email
SITE-02039,PROTO-A_ONCO,Australia,APAC,Oncology,III,NSCLC,Pharma,8,18,12,15,1,1,1,PI-002,10,4,5,1,4,237,1.8,2021-11-08,2022-03-09,2023-09-29,2023-09-26,121,569,3,1,2022,Other,2021-06-28,2021-11-19,144,1,LEC,2021-07-31,2021-09-25,56,221,1,1,0,1,0,1,1,0,0,1,0,,2,3,5,1,0,1,2200,0.644,121,6.38,adv_email,Email
SITE-02040,PROTO-C_NEURO,Canada,North America,Neurology,II,Alzheimer's,Academic,7,14,10,12,1,0,0,PI-009,9,3,3,1,8,25,2.9,2021-03-04,2020-12-31,2023-09-30,2023-11-10,-63,1003,-41,4,2020,Other,2020-06-13,2020-12-02,172,0,CEC,2020-07-24,2020-12-19,148,160,1,1,0,0,0,0,0,0,0,0,1,Patient registry outreach,1,1,2,1,0,0,800,0.597,7,0.21,adv_other,Other
SITE-02041,PROTO-C_NEURO,USA,North America,Neurology,II,Alzheimer's,Academic,7,14,10,12,1,0,0,PI-014,21,1,3,0,2,103,3.2,2023-06-09,2023-07-11,2026-08-22,2026-06-27,32,1138,56,3,2023,FDA,2023-02-01,2023-04-25,83,0,IRB,2023-02-18,2023-05-20,91,143,0,1,1,1,0,1,0,0,0,1,0,,2,3,5,1,0,1,1550,0.59,85,2.24,adv_community_presentation,Community
SITE-02042,PROTO-B_CARDIO,USA,North America,Cardiology,II,Heart Failure,Biotech,5,9,8,10,0,1,1,PI-028,2,3,3,1,4,960,1.1,2022-03-02,2022-03-16,2023-03-31,2023-03-30,14,380,1,1,2022,FDA,2021-11-07,2022-02-18,103,0,CEC,2021-12-20,2022-02-05,47,86,2,1,0,0,1,0,1,0,0,1,0,,2,2,4,1,0,1,2600,0.425,400,31.58,adv_online,Online
SITE-02043,PROTO-C_NEURO,Japan,Asia,Neurology,II,Alzheimer's,Academic,7,14,10,12,1,0,0,PI-020,24,3,4,1,7,88,2.5,2023-04-06,2023-06-08,2025-08-21,2025-08-26,63,805,-5,2,2023,PMDA,2022-10-24,2022-12-21,58,1,CEC,2022-12-19,2023-02-03,46,171,2,0,1,1,1,0,0,0,0,0,0,,2,1,3,1,0,1,1850,0.552,44,1.64,adv_email,Email
SITE-02044,PROTO-A_ONCO,Brazil,LATAM,Oncology,III,NSCLC,Pharma,8,18,12,15,1,1,1,PI-006,21,1,4,1,3,100,3.4,2023-09-22,2024-01-12,2027-03-19,2027-04-04,112,1162,-16,1,2024,Other,2023-06-02,2023-11-09,160,1,LEC,2023-07-14,2023-09-01,49,182,1,0,0,1,0,0,1,0,0,1,0,,2,1,3,1,0,1,1700,0.528,126,3.25,adv_email,Email
SITE-02045,PROTO-A_ONCO,India,Asia,Oncology,III,NSCLC,Pharma,8,18,12,15,1,1,1,PI-001,8,4,4,1,7,56,1.0,2021-09-12,2022-02-08,2022-10-23,2022-11-08,149,257,-16,1,2022,Other,2021-05-21,2021-10-06,138,1,LEC,2021-06-07,2021-08-09,63,246,0,1,0,0,0,1,0,0,0,1,0,,1,2,3,1,0,0,900,0.549,9,1.05,adv_community_presentation,Community
SITE-02046,PROTO-C_NEURO,Germany,Europe,Neurology,II,Alzheimer's,Academic,7,14,10,12,1,0,0,PI-020,16,3,5,1,1,110,1.1,2023-02-15,2023-07-03,2024-04-07,2024-03-19,138,279,19,3,2023,EMA,2022-09-12,2023-03-06,175,1,CEC,2022-10-31,2023-01-24,85,245,3,1,1,1,1,0,0,0,0,0,0,,2,2,4,1,0,1,2050,0.542,77,8.28,adv_email,Email
SITE-02047,PROTO-A_ONCO,Brazil,LATAM,Oncology,III,NSCLC,Pharma,8,18,12,15,1,1,1,PI-007,3,4,3,1,7,204,2.8,2022-06-04,2022-07-21,2025-03-22,2025-03-31,47,975,-9,3,2022,Other,2022-03-19,2022-05-10,52,1,LEC,2022-04-07,2022-05-01,24,105,2,1,1,1,1,0,0,0,1,0,0,,2,3,5,1,0,1,7050,0.581,69,2.12,adv_email,Email
SITE-02048,PROTO-A_ONCO,UK,Europe,Oncology,III,NSCLC,Pharma,8,18,12,15,1,1,1,PI-026,24,2,5,1,4,58,4.0,2022-06-08,2022-08-17,2026-06-11,2026-05-28,70,1394,14,3,2022,MHRA,2022-02-10,2022-05-25,104,1,LEC,2022-03-30,2022-04-29,30,140,4,1,0,0,0,0,0,0,0,0,0,,0,1,1,0,1,0,200,0.557,44,0.95,adv_poster,Poster
SITE-02049,PROTO-B_CARDIO,USA,North America,Cardiology,II,Heart Failure,Biotech,5,9,8,10,0,1,1,PI-010,14,2,1,1,2,867,2.3,2023-04-30,2023-06-16,2025-09-01,2025-09-16,47,808,-15,2,2023,FDA,2022-12-14,2023-05-07,144,0,IRB,2023-02-08,2023-03-25,45,128,4,1,1,1,0,0,0,0,0,1,0,,2,2,4,1,0,1,1250,0.383,400,14.85,adv_email,Email
SITE-02050,PROTO-B_CARDIO,USA,North America,Cardiology,II,Heart Failure,Biotech,5,9,8,10,0,1,1,PI-020,7,7,4,1,6,1107,3.9,2021-03-30,2021-03-21,2024-12-13,2024-12-22,-9,1363,-9,1,2021,FDA,2020-10-09,2021-01-25,108,0,IRB,2020-12-04,2021-03-10,96,107,4,1,1,1,1,0,0,0,1,1,0,,3,3,6,1,0,1,7450,0.512,400,8.8,adv_email,Email
SITE-02051,PROTO-B_CARDIO,Germany,Europe,Cardiology,II,Heart Failure,Biotech,5,9,8,10,0,1,1,PI-008,15,6,4,1,4,980,3.8,2021-04-19,2021-08-07,2025-01-12,2024-12-28,110,1254,15,3,2021,EMA,2020-10-25,2021-03-10,136,1,CEC,2020-11-16,2021-02-28,104,264,2,1,0,1,0,0,1,0,0,0,0,,1,2,3,1,0,1,1500,0.371,400,9.57,adv_email,Email
SITE-02052,PROTO-C_NEURO,UK,Europe,Neurology,II,Alzheimer's,Academic,7,14,10,12,1,0,0,PI-020,20,5,2,1,5,28,3.6,2021-08-12,2021-12-16,2025-05-25,2025-04-23,126,1256,32,4,2021,MHRA,2021-04-19,2021-09-28,162,1,LEC,2021-05-20,2021-07-17,58,210,1,1,1,1,1,0,0,0,0,0,0,,2,2,4,1,0,1,2050,0.517,29,0.69,adv_email,Email
SITE-02053,PROTO-C_NEURO,USA,North America,Neurology,II,Alzheimer's,Academic,7,14,10,12,1,0,0,PI-014,18,2,1,1,4,123,2.3,2022-11-07,2023-01-14,2025-03-25,2025-03-19,68,801,6,1,2023,FDA,2022-06-16,2022-11-29,166,0,IRB,2022-08-08,2022-10-21,74,159,2,0,1,1,1,1,0,0,0,0,0,,2,2,4,1,0,1,2150,0.581,72,2.7,adv_email,Email
SITE-02054,PROTO-C_NEURO,Poland,Europe,Neurology,II,Alzheimer's,Academic,7,14,10,12,1,0,0,PI-002,9,3,4,1,4,89,3.1,2022-06-09,2022-08-04,2025-07-04,2025-06-06,56,1065,28,3,2022,EMA,2022-02-01,2022-04-17,75,1,LEC,2022-03-05,2022-05-10,66,152,2,1,1,0,1,1,0,0,0,0,0,,1,3,4,1,0,1,1850,0.561,60,1.69,adv_online,Online
SITE-02055,PROTO-B_CARDIO,Japan,Asia,Cardiology,II,Heart Failure,Biotech,5,9,8,10,0,1,1,PI-010,7,3,4,1,5,1238,2.5,2023-05-07,2023-07-10,2025-09-29,2025-08-30,64,812,30,3,2023,PMDA,2022-11-04,2023-01-15,72,1,CEC,2022-12-20,2023-04-16,117,202,2,1,0,0,1,0,1,0,0,0,1,Patient registry outreach,2,2,4,1,0,1,2800,0.394,400,14.78,adv_online,Online
SITE-02056,PROTO-B_CARDIO,USA,North America,Cardiology,II,Heart Failure,Biotech,5,9,8,10,0,1,1,PI-028,17,2,2,1,3,982,2.7,2023-03-31,2023-02-04,2025-09-02,2025-09-14,-55,941,-12,1,2023,FDA,2022-08-10,2022-11-18,100,0,CEC,2022-09-23,2023-01-16,115,134,1,1,1,0,0,1,0,1,0,1,0,,1,4,5,1,0,0,2550,0.433,400,12.75,adv_community_presentation,Community
SITE-02057,PROTO-B_CARDIO,India,Asia,Cardiology,II,Heart Failure,Biotech,5,9,8,10,0,1,1,PI-011,23,3,3,1,4,708,2.1,2022-10-21,2022-12-21,2024-10-26,2024-11-12,61,675,-17,4,2022,Other,2022-05-16,2022-09-01,108,1,CEC,2022-06-10,2022-08-07,58,194,1,0,1,0,1,0,0,0,0,1,0,,2,1,3,1,0,1,1750,0.408,400,17.78,adv_online,Online
SITE-02058,PROTO-B_CARDIO,Poland,Europe,Cardiology,II,Heart Failure,Biotech,5,9,8,10,0,1,1,PI-026,10,3,4,1,5,1052,4.0,2023-05-23,2023-11-12,2027-08-29,2027-08-27,173,1386,2,4,2023,EMA,2023-02-25,2023-08-10,166,1,LEC,2023-04-10,2023-05-13,33,216,1,1,1,1,1,0,0,0,1,0,0,,2,3,5,1,0,1,7050,0.43,400,8.66,adv_email,Email
SITE-02059,PROTO-A_ONCO,UK,Europe,Oncology,III,NSCLC,Pharma,8,18,12,15,1,1,1,PI-024,14,3,3,1,4,89,3.3,2023-03-18,2023-07-25,2026-07-27,2026-07-02,129,1098,25,3,2023,MHRA,2022-09-29,2023-03-16,168,1,CEC,2022-11-05,2022-12-30,55,262,2,1,1,1,0,1,0,0,0,0,0,,1,3,4,1,0,1,1150,0.5,77,2.1,adv_email,Email
SITE-02060,PROTO-B_CARDIO,USA,North America,Cardiology,II,Heart Failure,Biotech,5,9,8,10,0,1,1,PI-015,16,1,5,1,5,1048,1.5,2021-09-21,2021-11-20,2023-03-22,2023-03-26,60,487,-4,4,2021,FDA,2021-06-04,2021-09-21,109,0,IRB,2021-07-09,2021-08-25,47,134,5,1,1,1,1,0,0,0,0,1,0,,3,2,5,1,0,1,2450,0.325,400,24.64,adv_email,Email
SITE-02061,PROTO-A_ONCO,Germany,Europe,Oncology,III,NSCLC,Pharma,8,18,12,15,1,1,1,PI-008,5,3,4,0,3,150,2.0,2023-09-09,2024-02-16,2025-10-16,2025-11-05,160,608,-20,1,2024,EMA,2023-06-17,2023-10-13,118,1,LEC,2023-06-27,2023-08-23,57,234,2,1,1,1,0,0,0,0,0,0,0,,1,2,3,1,0,1,850,0.546,80,3.95,adv_email,Email
SITE-02062,PROTO-A_ONCO,Spain,Europe,Oncology,III,NSCLC,Pharma,8,18,12,15,1,1,1,PI-011,24,6,2,1,5,132,1.6,2021-12-11,2022-04-08,2023-07-23,2023-08-11,118,471,-19,2,2022,EMA,2021-09-07,2021-10-18,41,1,LEC,2021-10-18,2021-11-14,27,172,4,1,1,1,0,1,0,0,0,1,1,Patient registry outreach,3,3,6,1,0,1,2150,0.601,75,4.78,adv_email,Email
SITE-02063,PROTO-A_ONCO,Brazil,LATAM,Oncology,III,NSCLC,Pharma,8,18,12,15,1,1,1,PI-025,6,1,5,1,5,30,3.1,2021-10-24,2021-12-16,2024-12-01,2024-12-31,53,1081,-30,4,2021,Other,2021-06-26,2021-10-24,120,1,LEC,2021-08-09,2021-09-13,35,129,1,1,0,1,0,0,1,0,0,0,0,,1,2,3,1,0,1,1500,0.526,13,0.36,adv_email,Email
SITE-02064,PROTO-C_NEURO,UK,Europe,Neurology,II,Alzheimer's,Academic,7,14,10,12,1,0,0,PI-007,2,2,5,1,3,20,1.4,2023-08-03,2023-11-06,2024-12-22,2025-01-17,95,412,-26,4,2023,MHRA,2023-04-30,2023-06-06,37,1,LEC,2023-05-27,2023-07-12,46,163,2,1,1,0,0,0,0,0,0,0,0,,0,2,2,0,1,0,350,0.575,5,0.36,adv_poster,Poster
SITE-02065,PROTO-C_NEURO,UK,Europe,Neurology,II,Alzheimer's,Academic,7,14,10,12,1,0,0,PI-022,21,5,3,1,6,163,2.5,2022-10-14,2023-03-01,2025-07-05,2025-07-21,138,857,-16,1,2023,MHRA,2022-07-02,2022-12-02,153,1,LEC,2022-08-24,2022-09-13,20,189,2,0,0,1,1,0,0,0,0,0,0,,2,0,2,1,0,1,1700,0.545,109,3.82,adv_email,Email
SITE-02066,PROTO-C_NEURO,USA,North America,Neurology,II,Alzheimer's,Academic,7,14,10,12,1,0,0,PI-015,14,4,4,1,2,123,2.6,2021-09-17,2021-10-16,2024-04-30,2024-05-08,29,927,-8,4,2021,FDA,2021-06-12,2021-09-08,88,0,IRB,2021-07-08,2021-08-09,32,100,2,1,1,1,1,0,0,0,0,0,0,,2,2,4,1,0,1,2050,0.577,128,4.14,adv_email,Email
SITE-02067,PROTO-C_NEURO,Japan,Asia,Neurology,II,Alzheimer's,Academic,7,14,10,12,1,0,0,PI-005,12,1,3,1,4,61,3.9,2022-08-29,2023-01-04,2026-08-14,2026-08-20,128,1318,-6,1,2023,PMDA,2022-06-14,2022-09-10,88,1,LEC,2022-06-26,2022-08-19,54,192,2,1,1,0,0,0,0,0,0,0,0,,0,2,2,0,1,0,350,0.554,39,0.89,adv_poster,Poster
SITE-02068,PROTO-B_CARDIO,Brazil,LATAM,Cardiology,II,Heart Failure,Biotech,5,9,8,10,0,1,1,PI-003,8,3,4,1,2,1115,4.0,2023-02-14,2023-04-15,2026-12-13,2026-12-22,60,1338,-9,2,2023,Other,2022-09-13,2022-10-20,37,1,CEC,2022-09-29,2022-12-17,79,198,2,1,0,1,0,1,0,0,0,1,1,Patient registry outreach,3,2,5,1,0,1,2000,0.369,400,8.97,adv_email,Email
SITE-02069,PROTO-C_NEURO,Germany,Europe,Neurology,II,Alzheimer's,Academic,7,14,10,12,1,0,0,PI-008,19,4,1,1,6,109,1.1,2022-02-20,2022-04-06,2023-01-06,2023-01-18,45,275,-12,2,2022,EMA,2021-08-08,2022-01-05,150,1,CEC,2021-08-19,2021-12-25,128,230,3,1,0,0,1,1,1,0,0,1,0,,2,3,5,1,0,1,2900,0.565,35,3.82,adv_community_presentation,Community
SITE-02070,PROTO-A_ONCO,Australia,APAC,Oncology,III,NSCLC,Pharma,8,18,12,15,1,1,1,PI-023,11,2,1,1,3,237,3.8,2022-03-18,2022-08-22,2026-02-25,2026-02-12,157,1283,13,3,2022,Other,2021-12-07,2022-04-20,134,1,LEC,2022-01-12,2022-02-25,44,222,2,0,0,0,0,0,0,0,0,0,0,,0,0,0,0,0,0,0,0.596,146,3.41,none,None
SITE-02071,PROTO-B_CARDIO,USA,North America,Cardiology,II,Heart Failure,Biotech,5,9,8,10,0,1,1,PI-010,12,3,2,1,4,1087,2.5,2022-02-09,2022-03-05,2024-07-22,2024-08-16,24,870,-25,1,2022,FDA,2021-09-02,2022-02-05,156,0,IRB,2021-10-06,2022-01-13,99,150,3,1,0,1,1,1,0,0,0,1,1,Patient registry outreach,4,2,6,1,0,1,3200,0.404,400,13.79,adv_email,Email
SITE-02072,PROTO-B_CARDIO,Japan,Asia,Cardiology,II,Heart Failure,Biotech,5,9,8,10,0,1,1,PI-005,14,7,5,1,2,873,2.4,2023-02-21,2023-03-30,2025-04-08,2025-04-18,37,740,-10,1,2023,PMDA,2022-07-04,2022-12-03,152,1,CEC,2022-07-26,2022-11-30,127,247,1,1,0,1,0,0,0,0,0,1,0,,2,1,3,1,0,1,1100,0.361,400,16.22,adv_email,Email
SITE-02073,PROTO-C_NEURO,India,Asia,Neurology,II,Alzheimer's,Academic,7,14,10,12,1,0,0,PI-012,2,2,5,1,3,127,2.5,2021-04-02,2021-07-17,2023-10-14,2023-11-05,106,819,-22,3,2021,Other,2021-01-03,2021-02-19,47,1,LEC,2021-02-13,2021-03-17,32,154,1,1,1,1,1,0,0,0,0,1,0,,3,2,5,1,0,1,2450,0.569,70,2.56,adv_community_presentation,Community
SITE-02074,PROTO-C_NEURO,Poland,Europe,Neurology,II,Alzheimer's,Academic,7,14,10,12,1,0,0,PI-024,8,3,5,1,4,87,3.7,2023-08-27,2023-10-14,2027-04-02,2027-04-21,48,1266,-19,4,2023,EMA,2023-03-28,2023-06-05,69,1,CEC,2023-05-04,2023-06-24,51,163,2,0,1,0,1,0,1,1,0,0,0,,1,3,4,1,0,1,3650,0.508,71,1.68,adv_online,Online
SITE-02075,PROTO-C_NEURO,Poland,Europe,Neurology,II,Alzheimer's,Academic,7,14,10,12,1,0,0,PI-014,3,4,4,1,3,93,4.0,2023-08-27,2024-01-26,2027-10-25,2027-08-30,152,1368,56,1,2024,EMA,2023-06-09,2023-09-14,97,1,LEC,2023-07-05,2023-08-05,31,205,2,1,0,0,0,0,1,0,0,0,0,,0,2,2,0,1,0,1000,0.572,67,1.47,adv_poster,Poster
SITE-02076,PROTO-A_ONCO,Japan,Asia,Oncology,III,NSCLC,Pharma,8,18,12,15,1,1,1,PI-029,7,2,5,1,4,143,3.9,2023-05-09,2023-07-02,2027-02-18,2027-02-15,54,1327,3,3,2023,PMDA,2022-11-06,2023-01-22,77,1,CEC,2022-12-13,2023-04-12,120,201,1,1,0,1,1,0,0,0,0,0,0,,2,1,3,1,0,1,1900,0.555,78,1.76,adv_email,Email
SITE-02077,PROTO-A_ONCO,Canada,North America,Oncology,III,NSCLC,Pharma,8,18,12,15,1,1,1,PI-002,7,1,3,1,3,157,1.0,2022-11-27,2022-10-24,2023-10-02,2023-10-04,-34,343,-2,4,2022,Other,2022-07-23,2022-09-17,56,0,IRB,2022-08-23,2022-10-06,44,62,1,0,1,0,0,0,1,0,0,0,0,,0,2,2,0,1,0,950,0.594,47,4.11,adv_pamphlet,Pamphlet
SITE-02078,PROTO-A_ONCO,UK,Europe,Oncology,III,NSCLC,Pharma,8,18,12,15,1,1,1,PI-008,22,3,5,1,4,75,3.0,2021-02-11,2021-07-13,2024-03-29,2024-02-11,152,990,47,3,2021,MHRA,2020-12-08,2021-02-22,76,1,LEC,2020-12-31,2021-01-31,31,194,2,1,1,1,0,0,0,0,0,1,0,,2,2,4,1,0,1,1250,0.554,57,1.73,adv_email,Email
SITE-02079,PROTO-A_ONCO,Japan,Asia,Oncology,III,NSCLC,Pharma,8,18,12,15,1,1,1,PI-028,7,1,1,1,5,118,3.1,2022-01-06,2022-01-25,2024-12-24,2025-01-22,19,1064,-29,1,2022,PMDA,2021-09-20,2021-11-22,63,1,LEC,2021-11-01,2021-12-07,36,85,0,1,0,1,0,0,0,0,0,1,0,,2,1,3,1,0,1,1100,0.577,55,1.55,adv_email,Email
SITE-02080,PROTO-C_NEURO,Canada,North America,Neurology,II,Alzheimer's,Academic,7,14,10,12,1,0,0,PI-003,21,2,2,1,5,117,3.5,2022-05-29,2022-05-26,2025-10-05,2025-09-19,-3,1228,16,2,2022,Other,2021-11-30,2022-03-04,94,0,IRB,2022-01-09,2022-04-12,93,137,2,1,1,0,0,1,0,0,1,1,0,,1,4,5,1,0,0,6050,0.582,67,1.64,adv_community_presentation,Community
SITE-02081,PROTO-C_NEURO,India,Asia,Neurology,II,Alzheimer's,Academic,7,14,10,12,1,0,0,PI-020,19,2,5,1,4,94,1.7,2023-03-08,2023-05-15,2024-10-13,2024-10-09,68,517,4,2,2023,Other,2022-12-09,2023-02-09,62,1,LEC,2022-12-22,2023-02-01,41,144,1,1,1,1,0,0,1,0,0,0,0,,1,3,4,1,0,1,1650,0.651,38,2.21,adv_email,Email
SITE-02082,PROTO-B_CARDIO,Japan,Asia,Cardiology,II,Heart Failure,Biotech,5,9,8,10,0,1,1,PI-016,14,4,1,1,1,1034,3.1,2023-02-11,2023-03-27,2025-12-23,2026-01-16,44,1002,-24,1,2023,PMDA,2022-06-04,2022-10-28,146,1,CEC,2022-07-13,2022-12-07,147,257,6,0,1,1,1,0,0,0,0,0,0,,2,1,3,1,0,1,1850,0.37,400,11.98,adv_email,Email
SITE-02083,PROTO-B_CARDIO,UK,Europe,Cardiology,II,Heart Failure,Biotech,5,9,8,10,0,1,1,PI-011,19,2,4,1,3,1096,3.5,2022-11-04,2023-03-20,2026-05-15,2026-06-22,136,1152,-38,1,2023,MHRA,2022-07-01,2022-11-08,130,1,LEC,2022-08-22,2022-10-03,42,210,3,1,1,1,0,0,0,0,0,0,0,,1,2,3,1,0,1,850,0.489,400,10.42,adv_email,Email
SITE-02084,PROTO-C_NEURO,USA,North America,Neurology,II,Alzheimer's,Academic,7,14,10,12,1,0,0,PI-002,8,3,5,1,4,44,1.4,2022-02-23,2022-03-08,2023-07-09,2023-06-12,13,488,27,1,2022,FDA,2021-10-12,2021-12-12,61,0,IRB,2021-11-23,2022-01-30,68,105,0,1,1,0,0,1,0,0,0,1,0,,1,3,4,1,0,0,1050,0.586,16,0.98,adv_community_presentation,Community
SITE-02085,PROTO-A_ONCO,Japan,Asia,Oncology,III,NSCLC,Pharma,8,18,12,15,1,1,1,PI-006,9,1,5,1,7,107,3.7,2022-03-10,2022-04-13,2025-10-23,2025-10-24,34,1289,-1,2,2022,PMDA,2021-10-31,2022-01-23,84,1,LEC,2021-12-01,2022-02-02,63,133,0,1,1,0,1,1,0,0,0,0,0,,1,3,4,1,0,1,1850,0.503,38,0.88,adv_online,Online
SITE-02086,PROTO-B_CARDIO,India,Asia,Cardiology,II,Heart Failure,Biotech,5,9,8,10,0,1,1,PI-013,22,5,3,1,0,912,1.8,2022-01-16,2022-03-11,2023-10-04,2023-10-05,54,572,-1,1,2022,Other,2021-10-09,2021-11-21,43,1,LEC,2021-10-25,2021-12-10,46,137,3,1,1,1,0,0,0,0,0,1,0,,2,2,4,1,0,1,1250,0.383,400,20.98,adv_email,Email
SITE-02087,PROTO-B_CARDIO,Japan,Asia,Cardiology,II,Heart Failure,Biotech,5,9,8,10,0,1,1,PI-022,4,3,1,1,5,1150,1.3,2022-02-24,2022-03-28,2023-03-27,2023-04-02,32,364,-6,1,2022,PMDA,2021-07-18,2021-11-20,125,1,CEC,2021-08-25,2022-01-07,135,215,3,1,1,1,0,1,1,0,1,1,0,,2,5,7,1,0,1,7350,0.389,400,32.97,adv_email,Email
SITE-02088,PROTO-C_NEURO,India,Asia,Neurology,II,Alzheimer's,Academic,7,14,10,12,1,0,0,PI-013,3,3,1,1,6,45,3.0,2023-04-29,2023-05-11,2026-01-15,2025-12-23,12,980,23,2,2023,Other,2022-11-07,2023-01-01,55,1,CEC,2022-12-06,2023-02-06,62,156,2,0,0,1,1,0,0,0,0,1,0,,3,0,3,1,0,1,2100,0.58,19,0.58,adv_community_presentation,Community
SITE-02089,PROTO-A_ONCO,India,Asia,Oncology,III,NSCLC,Pharma,8,18,12,15,1,1,1,PI-025,22,3,5,1,6,135,1.4,2022-04-29,2022-08-06,2023-10-09,2023-08-21,99,429,49,3,2022,Other,2022-01-26,2022-03-08,41,1,LEC,2022-02-21,2022-03-23,30,166,2,1,1,0,0,0,0,0,0,0,0,,0,2,2,0,1,0,350,0.567,56,3.92,adv_poster,Poster
SITE-02090,PROTO-A_ONCO,Spain,Europe,Oncology,III,NSCLC,Pharma,8,18,12,15,1,1,1,PI-003,14,3,2,1,6,44,3.7,2021-12-13,2022-04-02,2025-08-28,2025-09-01,110,1244,-4,2,2022,EMA,2021-09-05,2021-10-13,38,1,CEC,2021-09-15,2021-11-04,50,199,2,1,0,0,0,0,0,0,0,0,0,,0,1,1,0,1,0,200,0.57,13,0.31,adv_poster,Poster
SITE-02091,PROTO-B_CARDIO,Germany,Europe,Cardiology,II,Heart Failure,Biotech,5,9,8,10,0,1,1,PI-013,12,4,5,1,4,993,3.5,2021-11-15,2022-01-03,2025-03-03,2025-03-18,49,1155,-15,1,2022,EMA,2021-06-16,2021-08-13,58,1,CEC,2021-06-27,2021-08-25,59,190,3,1,1,1,1,0,0,0,0,0,1,Patient registry outreach,3,2,5,1,0,1,2650,0.433,400,10.39,adv_email,Email
SITE-02092,PROTO-C_NEURO,Poland,Europe,Neurology,II,Alzheimer's,Academic,7,14,10,12,1,0,0,PI-003,6,1,1,1,4,62,1.5,2023-03-03,2023-07-27,2024-11-01,2024-11-01,146,463,0,3,2023,EMA,2022-11-03,2023-04-24,172,1,LEC,2022-12-15,2023-01-20,36,224,1,1,1,0,1,0,0,0,0,1,0,,2,2,4,1,0,1,1950,0.573,16,1.04,adv_community_presentation,Community
SITE-02093,PROTO-C_NEURO,USA,North America,Neurology,II,Alzheimer's,Academic,7,14,10,12,1,0,0,PI-001,2,1,3,1,2,20,2.6,2023-09-08,2023-08-11,2026-02-27,2026-01-23,-28,931,35,3,2023,FDA,2023-05-07,2023-06-25,49,0,IRB,2023-07-05,2023-08-07,33,37,1,1,1,0,0,0,0,0,0,1,1,Patient registry outreach,2,2,4,1,0,0,1350,0.578,13,0.42,adv_community_presentation,Community
SITE-02094,PROTO-C_NEURO,Brazil,LATAM,Neurology,II,Alzheimer's,Academic,7,14,10,12,1,0,0,PI-012,3,4,5,1,5,20,2.3,2022-10-16,2023-03-17,2025-04-23,2025-03-30,152,768,24,1,2023,Other,2022-07-16,2022-12-30,167,1,LEC,2022-07-26,2022-09-11,47,234,1,0,0,0,1,0,1,0,0,0,0,,1,1,2,1,0,1,2000,0.621,5,0.2,adv_online,Online
SITE-02095,PROTO-B_CARDIO,Japan,Asia,Cardiology,II,Heart Failure,Biotech,5,9,8,10,0,1,1,PI-012,17,4,2,1,3,593,3.3,2021-07-16,2021-10-13,2024-10-11,2024-11-11,89,1094,-31,4,2021,PMDA,2021-02-14,2021-06-18,124,1,CEC,2021-03-03,2021-06-09,98,224,1,1,0,1,1,0,0,0,0,0,0,,2,1,3,1,0,1,1900,0.389,400,10.97,adv_email,Email
SITE-02096,PROTO-C_NEURO,Brazil,LATAM,Neurology,II,Alzheimer's,Academic,7,14,10,12,1,0,0,PI-024,2,2,5,1,4,34,3.5,2021-07-08,2021-11-12,2025-01-11,2025-03-04,127,1156,-52,4,2021,Other,2021-04-06,2021-06-01,56,1,LEC,2021-04-26,2021-06-09,44,200,3,1,1,1,0,1,0,0,0,0,0,,1,3,4,1,0,1,1150,0.638,17,0.44,adv_email,Email
SITE-02097,PROTO-A_ONCO,Poland,Europe,Oncology,III,NSCLC,Pharma,8,18,12,15,1,1,1,PI-014,7,4,1,1,7,154,1.5,2022-11-23,2023-03-27,2024-07-07,2024-07-28,124,468,-21,1,2023,EMA,2022-08-08,2022-12-03,117,1,LEC,2022-08-25,2022-10-27,63,214,5,1,1,1,0,1,0,0,0,0,0,,1,3,4,1,0,1,1150,0.52,35,2.24,adv_email,Email
SITE-02098,PROTO-C_NEURO,USA,North America,Neurology,II,Alzheimer's,Academic,7,14,10,12,1,0,0,PI-019,21,2,3,1,5,114,3.6,2023-02-06,2023-02-11,2026-07-30,2026-08-02,5,1265,-3,1,2023,FDA,2022-06-06,2022-11-12,159,0,CEC,2022-06-29,2022-11-25,149,227,0,1,1,0,1,0,1,1,0,0,1,Patient registry outreach,2,4,6,1,0,1,4450,0.521,103,2.44,adv_online,Online
SITE-02099,PROTO-C_NEURO,Brazil,LATAM,Neurology,II,Alzheimer's,Academic,7,14,10,12,1,0,0,PI-022,12,4,5,1,0,99,3.3,2021-04-12,2021-05-31,2024-07-26,2024-07-22,49,1152,4,2,2021,Other,2020-12-03,2021-02-18,77,1,LEC,2021-01-28,2021-03-19,50,123,1,1,1,1,0,1,1,0,0,0,0,,1,4,5,1,0,1,1950,0.47,179,4.66,adv_email,Email
SITE-02100,PROTO-B_CARDIO,Brazil,LATAM,Cardiology,II,Heart Failure,Biotech,5,9,8,10,0,1,1,PI-016,22,5,1,0,8,984,1.9,2022-03-13,2022-08-20,2024-03-29,2024-03-25,160,587,4,3,2022,Other,2021-12-22,2022-05-09,138,1,LEC,2022-01-18,2022-02-22,35,214,4,1,0,0,1,1,0,0,0,1,0,,2,2,4,1,0,1,2100,0.419,400,20.44,adv_online,Online
SITE-02101,PROTO-C_NEURO,UK,Europe,Neurology,II,Alzheimer's,Academic,7,14,10,12,1,0,0,PI-026,10,1,5,1,3,139,1.2,2023-03-24,2023-05-30,2024-05-17,2024-04-08,67,353,39,2,2023,MHRA,2022-11-03,2023-01-25,83,1,LEC,2022-12-18,2023-02-09,53,163,4,1,1,0,0,0,0,0,0,1,0,,1,2,3,1,0,0,750,0.573,48,4.08,adv_community_presentation,Community
SITE-02102,PROTO-C_NEURO,Poland,Europe,Neurology,II,Alzheimer's,Academic,7,14,10,12,1,0,0,PI-014,20,4,4,1,1,140,1.4,2022-10-27,2023-01-27,2024-04-02,2024-03-06,92,431,27,1,2023,EMA,2022-06-17,2022-11-21,157,1,LEC,2022-08-05,2022-10-10,66,175,1,1,0,0,0,0,0,0,0,0,0,,0,1,1,0,1,0,200,0.554,123,8.56,adv_poster,Poster
SITE-02103,PROTO-A_ONCO,USA,North America,Oncology,III,NSCLC,Pharma,8,18,12,15,1,1,1,PI-027,17,2,5,1,3,244,3.2,2022-08-31,2022-09-16,2025-10-09,2025-10-27,16,1119,-18,3,2022,FDA,2022-01-18,2022-06-22,155,0,CEC,2022-02-20,2022-07-19,149,208,0,0,1,0,0,0,0,0,0,1,1,Patient registry outreach,2,1,3,1,0,0,1150,0.574,233,6.25,adv_community_presentation,Community
SITE-02104,PROTO-A_ONCO,Poland,Europe,Oncology,III,NSCLC,Pharma,8,18,12,15,1,1,1,PI-014,2,1,3,1,4,43,3.0,2021-05-25,2021-09-11,2024-05-21,2024-06-15,109,983,-25,3,2021,EMA,2021-02-08,2021-03-17,37,1,LEC,2021-03-13,2021-05-05,53,182,1,0,1,0,0,1,0,0,0,1,0,,1,2,3,1,0,0,850,0.601,12,0.37,adv_community_presentation,Community
SITE-02105,PROTO-A_ONCO,India,Asia,Oncology,III,NSCLC,Pharma,8,18,12,15,1,1,1,PI-011,5,6,4,1,2,114,1.4,2022-01-25,2022-03-23,2023-06-20,2023-06-09,57,454,11,1,2022,Other,2021-09-16,2021-10-27,41,1,LEC,2021-11-07,2022-01-04,58,136,0,1,0,0,0,0,0,0,0,0,0,,0,1,1,0,1,0,200,0.541,56,3.7,adv_poster,Poster
SITE-02106,PROTO-A_ONCO,UK,Europe,Oncology,III,NSCLC,Pharma,8,18,12,15,1,1,1,PI-024,20,1,1,1,8,196,2.9,2022-01-11,2022-05-16,2024-12-27,2025-01-03,125,956,-7,2,2022,MHRA,2021-10-15,2021-11-18,34,1,LEC,2021-11-04,2021-12-31,57,193,1,1,1,1,0,1,0,0,0,0,1,Patient registry outreach,2,3,5,1,0,1,1750,0.632,50,1.57,adv_email,Email
SITE-02107,PROTO-A_ONCO,Poland,Europe,Oncology,III,NSCLC,Pharma,8,18,12,15,1,1,1,PI-019,13,3,5,1,2,148,1.7,2023-04-09,2023-07-05,2024-12-10,2024-12-26,87,524,-16,3,2023,EMA,2022-12-11,2023-02-05,56,1,LEC,2023-02-01,2023-03-30,57,154,4,1,1,0,0,1,1,0,0,0,0,,0,4,4,0,1,0,1450,0.669,62,3.55,adv_newsletter,Newsletter
SITE-02108,PROTO-B_CARDIO,India,Asia,Cardiology,II,Heart Failure,Biotech,5,9,8,10,0,1,1,PI-017,20,3,5,1,5,768,3.8,2023-07-04,2023-12-09,2027-06-26,2027-06-26,158,1295,0,4,2023,Other,2023-03-09,2023-08-25,169,1,LEC,2023-04-03,2023-06-02,60,250,1,1,1,0,1,1,0,0,0,0,1,Patient registry outreach,2,3,5,1,0,1,2450,0.388,400,9.27,adv_online,Online
SITE-02109,PROTO-A_ONCO,Spain,Europe,Oncology,III,NSCLC,Pharma,8,18,12,15,1,1,1,PI-028,22,5,2,1,4,106,1.6,2021-10-31,2022-02-13,2023-06-08,2023-06-07,105,480,1,1,2022,EMA,2021-07-09,2021-09-18,71,1,CEC,2021-08-06,2021-10-08,63,191,3,0,1,0,0,1,1,0,0,1,1,Patient registry outreach,2,3,5,1,0,0,2250,0.567,55,3.44,adv_community_presentation,Community
SITE-02110,PROTO-B_CARDIO,Japan,Asia,Cardiology,II,Heart Failure,Biotech,5,9,8,10,0,1,1,PI-007,7,5,5,1,4,1078,3.6,2021-04-14,2021-05-02,2024-08-17,2024-07-05,18,1203,43,2,2021,PMDA,2020-08-13,2020-10-12,60,1,CEC,2020-09-23,2021-02-02,132,221,0,1,0,1,0,0,0,1,0,1,0,,2,2,4,1,0,1,2600,0.372,400,9.98,adv_email,Email
SITE-02111,PROTO-B_CARDIO,USA,North America,Cardiology,II,Heart Failure,Biotech,5,9,8,10,0,1,1,PI-006,3,5,1,1,5,973,2.0,2022-08-04,2022-08-11,2024-06-22,2024-07-15,7,681,-23,3,2022,FDA,2022-03-20,2022-06-11,83,0,IRB,2022-04-15,2022-07-18,94,118,3,1,1,0,1,0,0,1,0,1,1,Patient registry outreach,3,3,6,1,0,1,4050,0.419,400,17.62,adv_online,Online
SITE-02112,PROTO-A_ONCO,Poland,Europe,Oncology,III,NSCLC,Pharma,8,18,12,15,1,1,1,PI-002,3,1,1,0,3,173,1.6,2022-05-09,2022-08-19,2023-10-29,2023-11-18,102,436,-20,3,2022,EMA,2021-10-31,2022-02-05,97,1,CEC,2021-12-14,2022-03-25,101,248,3,0,1,1,0,0,0,0,0,1,0,,2,1,3,1,0,1,1050,0.634,48,3.3,adv_email,Email
SITE-02113,PROTO-A_ONCO,UK,Europe,Oncology,III,NSCLC,Pharma,8,18,12,15,1,1,1,PI-024,20,5,3,1,6,188,2.9,2022-10-03,2022-10-25,2025-07-08,2025-07-06,22,987,2,4,2022,MHRA,2022-05-23,2022-08-03,72,1,LEC,2022-06-23,2022-08-26,64,124,0,1,0,1,1,0,0,1,0,1,0,,3,2,5,1,0,1,3800,0.631,124,3.77,adv_email,Email
SITE-02114,PROTO-C_NEURO,USA,North America,Neurology,II,Alzheimer's,Academic,7,14,10,12,1,0,0,PI-003,19,5,2,1,8,99,2.4,2022-09-09,2022-07-26,2024-11-10,2024-11-28,-45,838,-18,3,2022,FDA,2022-02-06,2022-06-19,133,0,CEC,2022-03-12,2022-07-04,114,136,0,1,0,1,0,0,1,0,0,0,0,,1,2,3,1,0,1,1500,0.49,36,1.29,adv_email,Email
SITE-02115,PROTO-C_NEURO,Japan,Asia,Neurology,II,Alzheimer's,Academic,7,14,10,12,1,0,0,PI-019,6,2,5,1,2,84,3.9,2023-04-17,2023-06-21,2027-02-20,2027-03-02,65,1340,-10,2,2023,PMDA,2023-01-09,2023-04-05,86,1,LEC,2023-02-01,2023-04-01,59,140,4,1,0,0,0,0,1,0,0,0,0,,0,2,2,0,1,0,1000,0.635,52,1.16,adv_poster,Poster
SITE-02116,PROTO-A_ONCO,USA,North America,Oncology,III,NSCLC,Pharma,8,18,12,15,1,1,1,PI-009,12,4,4,1,5,253,2.1,2022-04-11,2022-04-19,2024-04-28,2024-04-21,8,740,7,2,2022,FDA,2022-01-02,2022-03-05,62,0,IRB,2022-01-26,2022-03-11,44,83,3,1,1,0,0,0,1,0,0,1,0,,1,3,4,1,0,0,1550,0.583,113,4.58,adv_community_presentation,Community
SITE-02117,PROTO-A_ONCO,Australia,APAC,Oncology,III,NSCLC,Pharma,8,18,12,15,1,1,1,PI-020,12,1,4,1,7,104,3.0,2022-02-28,2022-07-15,2025-04-17,2025-04-10,137,1007,7,3,2022,Other,2021-10-24,2022-04-14,172,1,CEC,2021-11-20,2022-01-22,63,237,3,0,1,1,0,0,0,0,0,1,1,Patient registry outreach,3,1,4,1,0,1,1650,0.578,46,1.37,adv_email,Email
SITE-02118,PROTO-C_NEURO,Poland,Europe,Neurology,II,Alzheimer's,Academic,7,14,10,12,1,0,0,PI-017,24,4,3,1,5,58,2.7,2022-06-25,2022-09-15,2025-04-01,2025-04-06,82,929,-5,3,2022,EMA,2022-02-27,2022-06-09,102,1,LEC,2022-04-07,2022-05-18,41,161,3,1,1,0,0,0,1,0,0,1,1,Patient registry outreach,2,3,5,1,0,0,2150,0.661,33,1.07,adv_community_presentation,Community
SITE-02119,PROTO-B_CARDIO,Japan,Asia,Cardiology,II,Heart Failure,Biotech,5,9,8,10,0,1,1,PI-012,4,7,4,1,4,933,3.3,2021-03-19,2021-06-14,2024-08-11,2024-07-24,87,1154,18,2,2021,PMDA,2020-11-30,2021-03-29,119,1,LEC,2021-01-19,2021-02-22,34,146,0,1,1,0,0,0,0,1,0,0,0,,0,3,3,0,1,0,1850,0.349,400,10.4,adv_poster,Poster
SITE-02120,PROTO-A_ONCO,India,Asia,Oncology,III,NSCLC,Pharma,8,18,12,15,1,1,1,PI-007,3,2,2,1,2,195,3.5,2022-12-21,2023-02-06,2026-05-15,2026-07-21,47,1194,-67,1,2023,Other,2022-06-06,2022-08-30,85,1,CEC,2022-07-16,2022-11-16,123,205,1,0,1,1,1,0,0,0,0,0,0,,2,1,3,1,0,1,1850,0.511,149,3.74,adv_email,Email
SITE-02121,PROTO-C_NEURO,India,Asia,Neurology,II,Alzheimer's,Academic,7,14,10,12,1,0,0,PI-023,14,3,1,1,5,67,2.9,2021-02-05,2021-06-05,2024-01-31,2024-02-09,120,970,-9,2,2021,Other,2020-11-06,2021-03-31,145,1,LEC,2020-11-23,2021-01-06,44,194,3,1,1,1,0,0,1,0,0,0,0,,1,3,4,1,0,1,1650,0.536,46,1.42,adv_email,Email
SITE-02122,PROTO-C_NEURO,Germany,Europe,Neurology,II,Alzheimer's,Academic,7,14,10,12,1,0,0,PI-028,13,5,2,1,3,47,1.0,2023-05-26,2023-07-18,2024-02-08,2024-04-02,53,205,-54,3,2023,EMA,2022-09-22,2022-11-25,64,1,CEC,2022-11-13,2023-03-03,110,247,5,1,0,0,1,0,0,1,0,1,0,,2,2,4,1,0,1,3300,0.44,20,2.93,adv_community_presentation,Community
SITE-02123,PROTO-A_ONCO,Germany,Europe,Oncology,III,NSCLC,Pharma,8,18,12,15,1,1,1,PI-019,13,2,5,1,5,77,2.5,2021-09-20,2021-12-08,2024-02-08,2024-01-31,79,792,8,4,2021,EMA,2021-03-03,2021-08-02,152,1,CEC,2021-04-15,2021-07-16,92,237,3,1,1,0,1,0,0,0,0,0,0,,1,2,3,1,0,1,1550,0.524,38,1.44,adv_online,Online
SITE-02124,PROTO-B_CARDIO,Canada,North America,Cardiology,II,Heart Failure,Biotech,5,9,8,10,0,1,1,PI-011,15,1,1,1,7,787,1.4,2021-12-15,2021-12-04,2023-03-28,2023-03-16,-11,479,12,4,2021,Other,2021-06-27,2021-10-30,125,0,IRB,2021-08-06,2021-10-20,75,120,2,1,0,1,0,0,1,0,0,1,0,,2,2,4,1,0,1,1900,0.429,376,23.55,adv_email,Email
SITE-02125,PROTO-C_NEURO,Germany,Europe,Neurology,II,Alzheimer's,Academic,7,14,10,12,1,0,0,PI-014,15,3,4,1,2,55,3.7,2022-07-13,2022-11-22,2026-03-14,2026-03-14,132,1208,0,4,2022,EMA,2022-03-02,2022-06-02,92,1,LEC,2022-04-26,2022-06-29,64,210,5,1,1,0,0,1,1,0,0,0,0,,0,4,4,0,1,0,1450,0.584,38,0.94,adv_newsletter,Newsletter
SITE-02126,PROTO-B_CARDIO,UK,Europe,Cardiology,II,Heart Failure,Biotech,5,9,8,10,0,1,1,PI-010,19,1,1,1,6,1142,3.8,2022-06-20,2022-07-24,2026-03-25,2026-02-18,34,1340,35,3,2022,MHRA,2022-02-23,2022-04-04,40,1,LEC,2022-04-22,2022-05-20,28,93,1,0,0,1,1,1,0,0,0,0,0,,2,1,3,1,0,1,2000,0.428,400,8.96,adv_email,Email
SITE-02127,PROTO-C_NEURO,UK,Europe,Neurology,II,Alzheimer's,Academic,7,14,10,12,1,0,0,PI-027,3,2,5,1,4,56,3.8,2023-08-26,2024-03-03,2027-09-24,2027-09-15,190,1300,9,1,2024,MHRA,2023-06-03,2023-11-17,167,1,LEC,2023-07-19,2023-08-13,25,228,0,1,0,1,0,0,0,0,0,0,0,,1,1,2,1,0,1,700,0.571,34,0.78,adv_email,Email
SITE-02128,PROTO-C_NEURO,Japan,Asia,Neurology,II,Alzheimer's,Academic,7,14,10,12,1,0,0,PI-026,2,5,2,1,2,118,1.8,2023-05-15,2023-07-09,2024-12-30,2025-01-01,55,540,-2,3,2023,PMDA,2022-10-10,2022-11-09,30,1,CEC,2022-12-01,2023-03-25,114,220,3,1,0,1,0,0,0,0,0,0,0,,1,1,2,1,0,1,700,0.572,52,2.89,adv_email,Email
SITE-02129,PROTO-B_CARDIO,USA,North America,Cardiology,II,Heart Failure,Biotech,5,9,8,10,0,1,1,PI-004,9,1,3,1,4,1122,2.0,2021-06-03,2021-09-12,2023-07-26,2023-07-26,101,682,0,3,2021,FDA,2021-02-17,2021-07-02,135,0,IRB,2021-03-13,2021-05-12,60,183,4,1,1,1,1,0,1,0,1,0,0,,2,4,6,1,0,1,7850,0.463,400,17.6,adv_email,Email
SITE-02130,PROTO-A_ONCO,Spain,Europe,Oncology,III,NSCLC,Pharma,8,18,12,15,1,1,1,PI-016,9,2,1,1,5,112,1.9,2022-09-16,2023-05-08,2024-12-04,2024-12-03,234,576,1,2,2023,EMA,2022-07-26,2023-01-14,172,1,LEC,2022-08-06,2022-09-04,29,275,3,0,0,0,0,0,0,0,0,0,0,,0,0,0,0,0,0,0,0.524,32,1.67,none,None
SITE-02131,PROTO-B_CARDIO,Australia,APAC,Cardiology,II,Heart Failure,Biotech,5,9,8,10,0,1,1,PI-014,17,2,2,1,9,832,2.8,2022-01-04,2022-06-18,2024-12-05,2025-01-25,165,901,-51,2,2022,Other,2021-09-17,2022-01-09,114,1,LEC,2021-10-18,2021-12-04,47,243,4,0,0,1,0,0,1,0,0,0,0,,1,1,2,1,0,1,1300,0.398,390,12.99,adv_email,Email
SITE-02132,PROTO-C_NEURO,Japan,Asia,Neurology,II,Alzheimer's,Academic,7,14,10,12,1,0,0,PI-001,6,1,1,1,0,122,1.2,2021-03-15,2021-04-18,2022-04-25,2022-06-02,34,372,-38,2,2021,PMDA,2020-11-05,2021-02-27,114,1,CEC,2020-12-02,2021-01-20,49,137,1,1,1,0,0,0,0,0,0,1,0,,1,2,3,1,0,0,750,0.523,65,5.24,adv_community_presentation,Community
SITE-02133,PROTO-A_ONCO,USA,North America,Oncology,III,NSCLC,Pharma,8,18,12,15,1,1,1,PI-022,24,3,3,1,2,20,1.7,2022-01-15,2022-01-06,2023-08-27,2023-08-26,-9,598,1,1,2022,FDA,2021-08-26,2022-01-30,157,0,IRB,2021-09-22,2021-11-19,58,106,1,1,1,0,0,1,0,1,1,0,0,,0,5,5,0,1,0,7150,0.552,13,0.65,adv_newsletter,Newsletter
SITE-02134,PROTO-B_CARDIO,Japan,Asia,Cardiology,II,Heart Failure,Biotech,5,9,8,10,0,1,1,PI-023,4,2,2,1,5,789,2.8,2021-02-21,2021-04-15,2023-09-29,2023-10-24,53,897,-25,2,2021,PMDA,2020-07-19,2020-12-16,150,1,CEC,2020-09-15,2020-12-29,105,212,4,0,1,1,0,0,0,0,0,0,0,,1,1,2,1,0,1,650,0.479,400,13.38,adv_email,Email
SITE-02135,PROTO-C_NEURO,Germany,Europe,Neurology,II,Alzheimer's,Academic,7,14,10,12,1,0,0,PI-020,13,2,5,1,4,62,2.3,2023-03-29,2023-07-12,2025-07-19,2025-05-20,105,738,60,3,2023,EMA,2023-01-16,2023-02-28,43,1,LEC,2023-01-30,2023-03-18,47,163,2,1,0,1,1,0,0,0,0,0,1,Patient registry outreach,3,1,4,1,0,1,2500,0.483,53,2.15,adv_email,Email
SITE-02136,PROTO-B_CARDIO,USA,North America,Cardiology,II,Heart Failure,Biotech,5,9,8,10,0,1,1,PI-006,12,2,4,1,5,1051,2.7,2022-12-09,2022-12-05,2025-08-04,2025-08-24,-4,973,-20,4,2022,FDA,2022-08-13,2022-10-02,50,0,IRB,2022-09-13,2022-10-20,37,83,0,1,0,0,1,0,0,0,0,0,0,,1,1,2,1,0,1,1400,0.425,400,12.33,adv_online,Online
SITE-02137,PROTO-C_NEURO,Germany,Europe,Neurology,II,Alzheimer's,Academic,7,14,10,12,1,0,0,PI-007,13,3,5,1,3,20,3.7,2021-08-07,2021-07-24,2025-01-15,2024-11-18,-14,1271,58,3,2021,EMA,2020-11-24,2021-01-22,59,1,CEC,2021-01-13,2021-05-31,138,192,1,1,1,0,1,1,0,0,0,0,0,,1,3,4,1,0,1,1850,0.479,29,0.68,adv_online,Online
SITE-02138,PROTO-C_NEURO,Canada,North America,Neurology,II,Alzheimer's,Academic,7,14,10,12,1,0,0,PI-020,18,3,1,1,6,43,3.4,2023-05-24,2023-06-16,2026-09-23,2026-07-30,23,1195,55,2,2023,Other,2022-11-19,2023-04-18,150,0,CEC,2022-12-03,2023-03-07,94,195,3,1,0,1,0,0,0,0,0,1,0,,2,1,3,1,0,1,1100,0.48,38,0.95,adv_community_presentation,Community
SITE-02139,PROTO-A_ONCO,Spain,Europe,Oncology,III,NSCLC,Pharma,8,18,12,15,1,1,1,PI-022,6,7,5,1,5,101,2.3,2023-05-16,2023-07-08,2025-08-25,2025-07-21,53,779,35,3,2023,EMA,2023-01-15,2023-04-20,95,1,CEC,2023-02-14,2023-04-09,54,144,1,0,0,1,1,0,0,0,0,1,1,Patient registry outreach,4,0,4,1,0,1,2700,0.568,46,1.77,adv_email,Email
SITE-02140,PROTO-B_CARDIO,India,Asia,Cardiology,II,Heart Failure,Biotech,5,9,8,10,0,1,1,PI-004,17,5,3,1,3,990,1.6,2021-06-15,2021-08-29,2023-01-13,2023-02-24,75,502,-42,3,2021,Other,2021-03-06,2021-04-15,40,1,LEC,2021-04-21,2021-05-25,34,130,2,1,1,1,1,1,1,0,0,0,0,,2,4,6,1,0,1,3150,0.44,400,23.9,adv_email,Email
SITE-02141,PROTO-B_CARDIO,Brazil,LATAM,Cardiology,II,Heart Failure,Biotech,5,9,8,10,0,1,1,PI-013,9,2,3,1,1,1262,3.4,2022-03-27,2022-04-19,2025-06-20,2025-07-10,23,1158,-20,2,2022,Other,2021-10-25,2021-11-29,35,1,CEC,2021-12-08,2022-02-05,59,132,2,0,1,0,1,1,1,0,0,0,0,,1,3,4,1,0,1,2450,0.384,400,10.36,adv_online,Online
SITE-02142,PROTO-A_ONCO,Australia,APAC,Oncology,III,NSCLC,Pharma,8,18,12,15,1,1,1,PI-005,6,6,5,1,2,108,3.7,2023-04-20,2023-05-01,2026-10-05,2026-10-06,11,1253,-1,2,2023,Other,2022-10-08,2022-11-11,34,1,CEC,2022-11-09,2023-02-13,96,173,1,1,1,1,0,1,1,0,0,1,1,Patient registry outreach,3,4,7,1,0,1,2950,0.676,66,1.58,adv_email,Email
SITE-02143,PROTO-A_ONCO,USA,North America,Oncology,III,NSCLC,Pharma,8,18,12,15,1,1,1,PI-029,4,5,2,1,4,105,2.2,2023-09-06,2023-09-01,2025-09-29,2025-10-16,-5,759,-17,3,2023,FDA,2023-03-19,2023-05-21,63,0,IRB,2023-04-22,2023-07-27,96,132,2,1,1,0,1,0,0,0,0,0,0,,1,2,3,1,0,1,1550,0.627,36,1.42,adv_online,Online
SITE-02144,PROTO-A_ONCO,India,Asia,Oncology,III,NSCLC,Pharma,8,18,12,15,1,1,1,PI-002,24,4,5,1,3,161,2.9,2023-08-14,2023-12-28,2026-09-29,2026-09-07,136,1006,22,4,2023,Other,2023-05-16,2023-10-20,157,1,LEC,2023-06-21,2023-07-12,21,190,1,1,0,0,1,0,0,0,0,0,0,,1,1,2,1,0,1,1400,0.59,190,5.67,adv_online,Online
SITE-02145,PROTO-A_ONCO,Brazil,LATAM,Oncology,III,NSCLC,Pharma,8,18,12,15,1,1,1,PI-029,19,2,3,1,7,176,1.3,2023-06-19,2023-08-26,2024-10-19,2024-09-17,68,420,32,3,2023,Other,2023-03-09,2023-06-13,96,1,LEC,2023-04-12,2023-05-22,40,136,1,1,1,1,1,1,0,0,0,0,0,,2,3,5,1,0,1,2350,0.558,57,4.07,adv_email,Email
SITE-02146,PROTO-C_NEURO,Japan,Asia,Neurology,II,Alzheimer's,Academic,7,14,10,12,1,0,0,PI-013,5,2,3,1,6,160,3.3,2021-06-08,2021-05-30,2024-06-21,2024-04-15,-9,1118,67,2,2021,PMDA,2020-11-20,2021-04-07,138,1,CEC,2021-01-05,2021-03-13,67,145,0,1,1,0,0,1,0,0,0,1,0,,1,3,4,1,0,0,1050,0.64,66,1.77,adv_community_presentation,Community
SITE-02147,PROTO-A_ONCO,Brazil,LATAM,Oncology,III,NSCLC,Pharma,8,18,12,15,1,1,1,PI-017,20,2,5,1,6,151,2.7,2022-08-24,2022-09-18,2025-01-29,2025-02-07,25,864,-9,3,2022,Other,2022-01-16,2022-04-22,96,1,CEC,2022-02-25,2022-06-01,96,205,0,1,1,1,1,0,0,0,0,0,0,,2,2,4,1,0,1,2050,0.544,69,2.4,adv_email,Email
SITE-02148,PROTO-B_CARDIO,Spain,Europe,Cardiology,II,Heart Failure,Biotech,5,9,8,10,0,1,1,PI-018,10,2,4,1,6,971,1.3,2021-04-04,2021-06-27,2022-08-29,2022-09-17,84,428,-19,2,2021,EMA,2021-01-03,2021-04-20,107,1,LEC,2021-01-14,2021-02-21,38,164,0,0,1,0,1,0,0,1,0,0,0,,1,2,3,1,0,1,2850,0.403,311,21.8,adv_online,Online
SITE-02149,PROTO-C_NEURO,Spain,Europe,Neurology,II,Alzheimer's,Academic,7,14,10,12,1,0,0,PI-009,7,2,4,1,4,94,2.8,2022-12-18,2023-05-20,2025-11-12,2025-11-10,153,907,2,2,2023,EMA,2022-08-15,2023-01-19,157,1,LEC,2022-09-26,2022-11-23,58,236,2,1,0,0,1,0,0,0,0,1,0,,2,1,3,1,0,1,1800,0.586,41,1.36,adv_community_presentation,Community
SITE-02150,PROTO-A_ONCO,Spain,Europe,Oncology,III,NSCLC,Pharma,8,18,12,15,1,1,1,PI-006,23,6,4,1,4,186,1.3,2021-01-23,2021-05-23,2022-06-20,2022-07-09,120,393,-19,2,2021,EMA,2020-10-13,2021-02-11,121,1,LEC,2020-11-27,2021-01-07,41,177,3,0,0,1,1,0,0,0,0,1,0,,3,0,3,1,0,1,2100,0.569,114,8.7,adv_email,Email
SITE-02151,PROTO-A_ONCO,UK,Europe,Oncology,III,NSCLC,Pharma,8,18,12,15,1,1,1,PI-027,11,4,5,1,3,114,1.5,2021-02-03,2021-06-19,2022-08-09,2022-08-03,136,416,6,2,2021,MHRA,2020-10-19,2020-12-19,61,1,LEC,2020-11-11,2021-01-15,65,220,3,0,0,0,0,0,1,0,0,0,0,,0,1,1,0,1,0,800,0.582,42,3.03,adv_newspaper,Newspaper
SITE-02152,PROTO-B_CARDIO,Poland,Europe,Cardiology,II,Heart Failure,Biotech,5,9,8,10,0,1,1,PI-015,18,2,1,1,4,1040,1.1,2022-02-08,2022-05-16,2023-03-08,2023-02-02,97,296,34,2,2022,EMA,2021-10-13,2022-02-12,122,1,LEC,2021-12-01,2022-01-28,58,166,1,0,1,0,1,0,0,0,0,1,0,,2,1,3,1,0,1,1750,0.411,400,40.54,adv_online,Online
SITE-02153,PROTO-A_ONCO,Brazil,LATAM,Oncology,III,NSCLC,Pharma,8,18,12,15,1,1,1,PI-006,7,7,4,1,3,182,3.4,2021-06-10,2021-08-22,2024-10-27,2024-11-17,73,1162,-21,3,2021,Other,2021-02-13,2021-04-02,48,1,LEC,2021-03-30,2021-05-19,50,145,1,1,1,0,1,1,0,0,0,1,0,,2,3,5,1,0,1,2250,0.567,142,3.67,adv_community_presentation,Community
SITE-02154,PROTO-B_CARDIO,Japan,Asia,Cardiology,II,Heart Failure,Biotech,5,9,8,10,0,1,1,PI-004,18,3,1,0,2,863,1.5,2021-10-25,2021-12-03,2023-04-15,2023-03-23,39,498,23,4,2021,PMDA,2021-07-06,2021-08-24,49,1,LEC,2021-08-12,2021-09-11,30,113,2,0,1,0,1,1,0,0,0,0,0,,1,2,3,1,0,1,1650,0.435,400,24.1,adv_online,Online
SITE-02155,PROTO-C_NEURO,Poland,Europe,Neurology,II,Alzheimer's,Academic,7,14,10,12,1,0,0,PI-021,12,5,3,1,5,106,4.0,2023-09-22,2024-02-21,2027-12-02,2027-11-07,152,1380,25,1,2024,EMA,2023-06-17,2023-11-09,145,1,LEC,2023-07-27,2023-08-16,20,209,3,0,1,1,1,1,0,0,0,0,0,,2,2,4,1,0,1,2150,0.565,102,2.22,adv_email,Email
SITE-02156,PROTO-A_ONCO,UK,Europe,Oncology,III,NSCLC,Pharma,8,18,12,15,1,1,1,PI-025,15,5,5,1,8,175,3.8,2022-09-07,2023-01-01,2026-08-24,2026-08-26,116,1331,-2,1,2023,MHRA,2022-05-15,2022-10-12,150,1,LEC,2022-07-05,2022-08-07,33,180,2,0,0,1,0,1,0,0,0,0,1,Patient registry outreach,2,1,3,1,0,1,1400,0.63,84,1.89,adv_email,Email
SITE-02157,PROTO-B_CARDIO,Japan,Asia,Cardiology,II,Heart Failure,Biotech,5,9,8,10,0,1,1,PI-011,2,1,3,1,5,1042,3.9,2021-06-09,2021-07-27,2025-04-05,2025-04-01,48,1348,4,3,2021,PMDA,2021-01-18,2021-03-10,51,1,LEC,2021-03-16,2021-05-03,48,133,3,0,0,1,1,0,1,0,0,1,0,,3,1,4,1,0,1,2900,0.404,400,8.9,adv_email,Email
SITE-02158,PROTO-C_NEURO,Spain,Europe,Neurology,II,Alzheimer's,Academic,7,14,10,12,1,0,0,PI-024,9,4,2,0,2,40,2.9,2021-08-14,2021-12-29,2024-08-15,2024-09-23,137,960,-39,4,2021,EMA,2021-04-11,2021-09-01,143,1,LEC,2021-06-07,2021-07-04,27,205,0,1,1,0,1,1,1,0,0,1,0,,2,4,6,1,0,1,3050,0.634,36,1.12,adv_community_presentation,Community
SITE-02159,PROTO-A_ONCO,USA,North America,Oncology,III,NSCLC,Pharma,8,18,12,15,1,1,1,PI-023,23,3,5,1,0,236,2.1,2023-07-30,2023-08-16,2025-08-05,2025-09-15,17,720,-41,3,2023,FDA,2023-01-26,2023-06-21,146,0,IRB,2023-03-24,2023-06-28,96,145,2,1,0,1,0,0,0,1,0,0,0,,1,2,3,1,0,1,2200,0.583,349,14.54,adv_email,Email
SITE-02160,PROTO-C_NEURO,Australia,APAC,Neurology,II,Alzheimer's,Academic,7,14,10,12,1,0,0,PI-007,15,4,2,1,4,163,1.0,2022-01-13,2022-06-21,2023-02-28,2023-03-01,159,252,-1,2,2022,Other,2021-10-07,2022-02-05,121,1,LEC,2021-11-01,2021-12-05,34,232,3,1,1,0,1,1,0,0,1,0,0,,1,4,5,1,0,1,6850,0.555,58,6.9,adv_online,Online
SITE-02161,PROTO-B_CARDIO,USA,North America,Cardiology,II,Heart Failure,Biotech,5,9,8,10,0,1,1,PI-001,5,2,3,1,2,955,1.7,2022-09-09,2023-01-01,2024-08-02,2024-07-15,114,579,18,1,2023,FDA,2022-06-01,2022-11-04,156,0,IRB,2022-06-12,2022-07-26,44,203,3,1,1,1,0,0,0,0,0,1,0,,2,2,4,1,0,1,1250,0.36,400,20.73,adv_email,Email
SITE-02162,PROTO-B_CARDIO,Japan,Asia,Cardiology,II,Heart Failure,Biotech,5,9,8,10,0,1,1,PI-008,4,5,3,1,3,947,2.8,2022-09-07,2022-11-26,2025-05-19,2025-05-24,80,905,-5,4,2022,PMDA,2022-02-26,2022-08-19,174,1,CEC,2022-04-13,2022-08-01,110,227,2,1,1,1,0,0,0,0,0,0,0,,1,2,3,1,0,1,850,0.415,400,13.26,adv_email,Email
SITE-02163,PROTO-A_ONCO,India,Asia,Oncology,III,NSCLC,Pharma,8,18,12,15,1,1,1,PI-004,10,1,5,1,2,191,3.6,2022-09-20,2022-11-27,2026-03-29,2026-05-27,68,1218,-59,4,2022,Other,2022-07-17,2022-08-26,40,1,LEC,2022-07-29,2022-08-19,21,121,4,1,1,1,0,0,0,0,0,0,0,,1,2,3,1,0,1,850,0.644,137,3.37,adv_email,Email
SITE-02164,PROTO-C_NEURO,Germany,Europe,Neurology,II,Alzheimer's,Academic,7,14,10,12,1,0,0,PI-001,12,0,4,1,5,100,3.1,2023-08-20,2023-11-14,2026-10-20,2026-10-04,86,1071,16,4,2023,EMA,2023-06-11,2023-08-29,79,1,LEC,2023-06-23,2023-07-18,25,144,1,1,1,0,1,0,0,0,0,0,0,,1,2,3,1,0,1,1550,0.559,53,1.48,adv_online,Online
SITE-02165,PROTO-A_ONCO,Poland,Europe,Oncology,III,NSCLC,Pharma,8,18,12,15,1,1,1,PI-007,17,0,5,1,7,150,1.7,2021-01-25,2021-06-30,2022-11-24,2022-11-28,156,512,-4,2,2021,EMA,2020-11-10,2021-02-26,108,1,LEC,2020-11-22,2020-12-23,31,220,3,0,1,0,0,0,0,0,0,1,0,,1,1,2,1,0,0,550,0.557,33,1.93,adv_community_presentation,Community
SITE-02166,PROTO-B_CARDIO,Spain,Europe,Cardiology,II,Heart Failure,Biotech,5,9,8,10,0,1,1,PI-026,14,5,3,1,3,829,1.3,2023-04-17,2023-08-20,2024-08-08,2024-08-31,125,354,-23,3,2023,EMA,2022-12-28,2023-02-19,53,1,LEC,2023-02-16,2023-03-29,41,185,3,1,1,1,0,0,0,0,0,0,0,,1,2,3,1,0,1,850,0.4,400,33.9,adv_email,Email
SITE-02167,PROTO-B_CARDIO,Spain,Europe,Cardiology,II,Heart Failure,Biotech,5,9,8,10,0,1,1,PI-013,7,1,5,1,3,954,1.1,2021-08-27,2022-01-25,2022-12-30,2023-02-16,151,339,-48,1,2022,EMA,2021-05-16,2021-10-29,166,1,LEC,2021-06-11,2021-07-18,37,228,1,1,1,1,1,0,0,0,0,1,0,,3,2,5,1,0,1,2450,0.427,400,35.4,adv_email,Email
SITE-02168,PROTO-A_ONCO,Brazil,LATAM,Oncology,III,NSCLC,Pharma,8,18,12,15,1,1,1,PI-029,9,4,4,1,6,76,3.5,2023-07-17,2023-08-30,2026-12-25,2026-12-10,44,1213,15,3,2023,Other,2023-03-30,2023-05-23,54,1,LEC,2023-04-15,2023-06-09,55,137,2,1,1,0,0,1,0,0,0,1,0,,1,3,4,1,0,0,1050,0.485,39,0.96,adv_community_presentation,Community
SITE-02169,PROTO-A_ONCO,Poland,Europe,Oncology,III,NSCLC,Pharma,8,18,12,15,1,1,1,PI-006,15,3,5,1,6,69,1.8,2021-01-31,2021-04-04,2022-10-18,2022-09-12,63,562,36,2,2021,EMA,2020-10-05,2021-01-05,92,1,LEC,2020-11-07,2021-01-10,64,148,0,1,0,1,1,0,0,0,0,0,0,,2,1,3,1,0,1,1900,0.555,32,1.71,adv_email,Email
SITE-02170,PROTO-C_NEURO,Poland,Europe,Neurology,II,Alzheimer's,Academic,7,14,10,12,1,0,0,PI-020,12,1,5,1,5,86,1.9,2021-02-15,2021-03-22,2022-11-16,2022-10-12,35,604,35,1,2021,EMA,2020-09-07,2020-12-25,109,1,LEC,2020-10-30,2021-01-07,69,143,0,1,0,0,0,0,0,0,0,0,0,,0,1,1,0,1,0,200,0.634,28,1.39,adv_poster,Poster
SITE-02171,PROTO-C_NEURO,USA,North America,Neurology,II,Alzheimer's,Academic,7,14,10,12,1,0,0,PI-018,7,5,1,1,4,89,3.7,2022-11-20,2023-01-22,2026-09-04,2026-07-23,63,1321,43,1,2023,FDA,2022-07-26,2022-11-24,121,0,IRB,2022-08-06,2022-09-27,52,169,4,1,0,0,1,0,0,0,0,1,0,,2,1,3,1,0,1,1800,0.526,68,1.54,adv_community_presentation,Community
SITE-02172,PROTO-B_CARDIO,Germany,Europe,Cardiology,II,Heart Failure,Biotech,5,9,8,10,0,1,1,PI-021,7,2,5,1,5,935,3.0,2023-05-02,2023-06-16,2026-02-04,2025-12-28,45,964,38,2,2023,EMA,2022-09-29,2023-02-19,143,1,CEC,2022-11-02,2023-02-13,103,226,3,0,1,1,1,0,0,0,0,1,0,,3,1,4,1,0,1,2250,0.398,400,12.45,adv_email,Email
SITE-02173,PROTO-C_NEURO,USA,North America,Neurology,II,Alzheimer's,Academic,7,14,10,12,1,0,0,PI-020,11,4,1,1,1,125,2.7,2023-01-07,2022-10-20,2025-05-22,2025-04-18,-79,945,34,4,2022,FDA,2022-06-06,2022-07-14,38,0,CEC,2022-07-08,2022-10-14,98,104,2,1,1,1,1,0,0,0,0,0,0,,2,2,4,1,0,1,2050,0.543,155,4.92,adv_email,Email
SITE-02174,PROTO-A_ONCO,Australia,APAC,Oncology,III,NSCLC,Pharma,8,18,12,15,1,1,1,PI-026,2,0,2,1,3,139,1.7,2021-11-22,2022-06-05,2023-11-02,2023-12-01,195,515,-29,2,2022,Other,2021-08-27,2022-02-06,163,1,LEC,2021-09-18,2021-10-28,40,260,3,1,0,0,1,1,0,0,0,0,0,,1,2,3,1,0,1,1700,0.573,32,1.86,adv_online,Online
SITE-02175,PROTO-C_NEURO,Spain,Europe,Neurology,II,Alzheimer's,Academic,7,14,10,12,1,0,0,PI-026,12,4,1,1,5,97,3.9,2023-07-30,2023-10-14,2027-05-28,2027-05-15,76,1322,13,4,2023,EMA,2023-03-21,2023-04-26,36,1,LEC,2023-04-15,2023-06-17,63,182,2,1,1,1,0,0,0,0,0,1,0,,2,2,4,1,0,1,1250,0.602,64,1.45,adv_community_presentation,Community
SITE-02176,PROTO-B_CARDIO,India,Asia,Cardiology,II,Heart Failure,Biotech,5,9,8,10,0,1,1,PI-015,8,2,4,0,3,1084,1.2,2023-08-20,2023-11-10,2024-10-23,2024-10-21,82,348,2,4,2023,Other,2023-04-18,2023-06-21,64,1,LEC,2023-05-19,2023-07-22,64,175,2,1,1,0,0,0,0,0,0,1,0,,1,2,3,1,0,0,750,0.414,400,34.48,adv_community_presentation,Community
SITE-02177,PROTO-C_NEURO,Germany,Europe,Neurology,II,Alzheimer's,Academic,7,14,10,12,1,0,0,PI-017,5,3,3,1,5,151,2.5,2022-12-08,2022-12-15,2025-03-04,2025-03-04,7,810,0,4,2022,EMA,2022-06-06,2022-07-31,55,1,CEC,2022-07-25,2022-09-28,65,143,1,1,1,0,1,0,0,0,0,0,1,Patient registry outreach,2,2,4,1,0,1,2150,0.534,93,3.44,adv_online,Online
SITE-02178,PROTO-B_CARDIO,Poland,Europe,Cardiology,II,Heart Failure,Biotech,5,9,8,10,0,1,1,PI-011,7,4,3,1,3,939,3.2,2021-12-23,2022-03-27,2025-03-01,2025-03-09,94,1070,-8,1,2022,EMA,2021-08-23,2021-10-02,40,1,LEC,2021-10-02,2021-11-30,59,176,6,0,1,1,0,0,0,0,0,1,0,,2,1,3,1,0,1,1050,0.555,400,11.21,adv_email,Email
SITE-02179,PROTO-B_CARDIO,Australia,APAC,Cardiology,II,Heart Failure,Biotech,5,9,8,10,0,1,1,PI-017,4,2,3,1,2,1008,3.2,2022-12-04,2023-01-18,2026-01-29,2026-02-12,45,1107,-14,1,2023,Other,2022-08-10,2022-09-18,39,1,LEC,2022-09-06,2022-11-10,65,134,1,1,0,1,0,0,0,0,0,1,0,,2,1,3,1,0,1,1100,0.395,400,10.84,adv_email,Email
SITE-02180,PROTO-A_ONCO,India,Asia,Oncology,III,NSCLC,Pharma,8,18,12,15,1,1,1,PI-007,12,5,4,1,7,35,1.0,2022-07-10,2022-08-19,2023-05-22,2023-05-10,40,276,12,3,2022,Other,2022-01-16,2022-02-26,41,1,CEC,2022-03-06,2022-05-29,84,166,1,1,0,0,0,0,0,0,0,0,1,Patient registry outreach,1,1,2,1,0,0,800,0.492,8,0.87,adv_other,Other
SITE-02181,PROTO-C_NEURO,USA,North America,Neurology,II,Alzheimer's,Academic,7,14,10,12,1,0,0,PI-012,19,1,2,1,3,62,1.7,2021-12-15,2022-01-14,2023-08-16,2023-08-16,30,579,0,1,2022,FDA,2021-07-30,2021-10-16,78,0,CEC,2021-09-21,2021-11-23,63,115,5,0,1,0,0,0,1,0,0,1,0,,1,2,3,1,0,0,1350,0.471,38,1.97,adv_community_presentation,Community
SITE-02182,PROTO-C_NEURO,USA,North America,Neurology,II,Alzheimer's,Academic,7,14,10,12,1,0,0,PI-013,8,2,2,1,8,51,2.4,2022-04-09,2022-05-13,2024-08-24,2024-09-21,34,834,-28,2,2022,FDA,2021-11-14,2022-02-09,87,0,IRB,2021-11-27,2022-02-27,92,167,3,1,0,1,0,0,1,0,0,0,0,,1,2,3,1,0,1,1500,0.566,12,0.43,adv_email,Email
SITE-02183,PROTO-B_CARDIO,USA,North America,Cardiology,II,Heart Failure,Biotech,5,9,8,10,0,1,1,PI-024,16,2,3,1,3,765,3.0,2021-09-16,2022-01-24,2025-01-02,2024-12-08,130,1074,25,1,2022,FDA,2021-06-02,2021-11-04,155,0,IRB,2021-07-05,2021-08-10,36,203,1,1,1,1,1,0,0,1,0,0,0,,2,3,5,1,0,1,3550,0.428,400,11.17,adv_email,Email
SITE-02184,PROTO-C_NEURO,Germany,Europe,Neurology,II,Alzheimer's,Academic,7,14,10,12,1,0,0,PI-008,7,1,5,1,3,114,3.0,2021-09-12,2022-01-07,2024-10-14,2024-12-07,117,1011,-54,1,2022,EMA,2021-06-22,2021-09-12,82,1,LEC,2021-08-04,2021-08-29,25,156,2,1,1,1,1,0,0,0,0,1,0,,3,2,5,1,0,1,2450,0.572,91,2.7,adv_community_presentation,Community
SITE-02185,PROTO-C_NEURO,USA,North America,Neurology,II,Alzheimer's,Academic,7,14,10,12,1,0,0,PI-010,19,5,5,1,4,54,3.4,2021-06-17,2021-07-24,2024-11-25,2024-11-13,37,1220,12,3,2021,FDA,2021-01-16,2021-06-18,153,0,IRB,2021-03-07,2021-04-19,43,139,1,1,1,0,0,0,0,0,0,0,0,,0,2,2,0,1,0,350,0.476,53,1.3,adv_poster,Poster
SITE-02186,PROTO-A_ONCO,Spain,Europe,Oncology,III,NSCLC,Pharma,8,18,12,15,1,1,1,PI-006,18,4,3,1,1,336,1.9,2023-01-08,2023-05-08,2024-12-24,2024-11-15,120,596,39,2,2023,EMA,2022-08-21,2023-01-19,151,1,LEC,2022-10-10,2022-12-09,60,210,3,1,0,0,0,0,0,0,0,1,0,,1,1,2,1,0,0,600,0.644,287,14.45,adv_community_presentation,Community
SITE-02187,PROTO-A_ONCO,Japan,Asia,Oncology,III,NSCLC,Pharma,8,18,12,15,1,1,1,PI-003,13,6,5,1,3,103,4.0,2023-02-05,2023-01-31,2026-11-07,2026-11-15,-5,1376,-8,1,2023,PMDA,2022-07-07,2022-10-14,99,1,CEC,2022-08-27,2022-12-29,124,157,2,1,1,1,0,0,1,0,0,0,0,,1,3,4,1,0,1,1650,0.496,145,3.16,adv_email,Email
SITE-02188,PROTO-B_CARDIO,USA,North America,Cardiology,II,Heart Failure,Biotech,5,9,8,10,0,1,1,PI-022,21,2,5,0,0,906,3.4,2022-12-12,2022-12-15,2026-03-31,2026-05-03,3,1202,-33,4,2022,FDA,2022-07-15,2022-08-22,38,0,IRB,2022-09-02,2022-11-12,71,104,2,0,0,1,1,0,0,0,0,0,1,Patient registry outreach,3,0,3,1,0,1,2300,0.489,400,9.98,adv_email,Email
SITE-02189,PROTO-A_ONCO,Germany,Europe,Oncology,III,NSCLC,Pharma,8,18,12,15,1,1,1,PI-023,15,4,3,1,6,222,2.3,2021-06-07,2021-10-11,2023-11-13,2024-01-05,126,763,-53,4,2021,EMA,2021-04-01,2021-06-21,81,1,LEC,2021-05-04,2021-05-24,20,160,3,1,1,0,1,0,0,0,0,1,1,Patient registry outreach,3,2,5,1,0,1,2550,0.643,90,3.54,adv_community_presentation,Community
SITE-02190,PROTO-C_NEURO,Germany,Europe,Neurology,II,Alzheimer's,Academic,7,14,10,12,1,0,0,PI-020,13,4,2,1,4,200,3.8,2021-09-13,2021-10-13,2025-05-24,2025-06-03,30,1319,-10,4,2021,EMA,2021-03-30,2021-05-28,59,1,CEC,2021-04-23,2021-07-22,90,173,0,1,0,0,0,1,0,0,0,0,0,,0,2,2,0,1,0,500,0.424,277,6.3,adv_newsletter,Newsletter
SITE-02191,PROTO-C_NEURO,UK,Europe,Neurology,II,Alzheimer's,Academic,7,14,10,12,1,0,0,PI-020,10,6,4,1,2,102,1.7,2021-03-09,2021-07-20,2023-01-01,2023-01-01,133,530,0,3,2021,MHRA,2020-11-08,2021-04-20,163,1,LEC,2020-12-04,2021-01-28,55,228,0,0,1,0,1,0,0,0,0,0,0,,1,1,2,1,0,1,1350,0.588,65,3.68,adv_online,Online
SITE-02192,PROTO-A_ONCO,UK,Europe,Oncology,III,NSCLC,Pharma,8,18,12,15,1,1,1,PI-009,24,7,1,1,2,157,3.9,2021-11-12,2022-01-29,2025-09-25,2025-12-11,78,1335,-77,1,2022,MHRA,2021-07-02,2021-10-30,120,1,LEC,2021-08-25,2021-10-02,38,157,2,1,1,1,0,1,0,0,0,0,0,,1,3,4,1,0,1,1150,0.681,141,3.17,adv_email,Email
SITE-02193,PROTO-A_ONCO,UK,Europe,Oncology,III,NSCLC,Pharma,8,18,12,15,1,1,1,PI-026,11,3,5,1,1,249,3.5,2021-04-01,2021-05-25,2024-09-25,2024-09-25,54,1219,0,2,2021,MHRA,2021-01-25,2021-03-06,40,1,LEC,2021-02-11,2021-03-04,21,103,0,1,1,1,0,0,1,0,0,0,1,Patient registry outreach,2,3,5,1,0,1,2250,0.568,287,7.06,adv_email,Email
SITE-02194,PROTO-B_CARDIO,USA,North America,Cardiology,II,Heart Failure,Biotech,5,9,8,10,0,1,1,PI-003,23,3,4,1,3,1229,1.8,2022-03-11,2022-04-18,2024-01-08,2023-12-18,38,630,21,2,2022,FDA,2021-10-22,2022-03-15,144,0,IRB,2021-11-11,2022-01-18,68,158,1,1,1,1,1,0,0,0,0,0,0,,2,2,4,1,0,1,2050,0.399,400,19.05,adv_email,Email
SITE-02195,PROTO-C_NEURO,Brazil,LATAM,Neurology,II,Alzheimer's,Academic,7,14,10,12,1,0,0,PI-025,19,3,1,1,3,36,3.7,2021-01-23,2021-03-15,2024-09-28,2024-09-30,51,1293,-2,1,2021,Other,2020-10-05,2021-01-15,102,1,LEC,2020-11-13,2020-12-20,37,122,2,1,1,1,0,0,0,0,0,1,0,,2,2,4,1,0,1,1250,0.53,44,1.02,adv_community_presentation,Community
SITE-02196,PROTO-B_CARDIO,USA,North America,Cardiology,II,Heart Failure,Biotech,5,9,8,10,0,1,1,PI-021,24,1,2,1,5,1346,3.3,2023-03-27,2023-03-18,2026-05-29,2026-03-08,-9,1168,82,1,2023,FDA,2022-12-18,2023-02-06,50,0,IRB,2022-12-29,2023-02-04,37,79,3,0,1,0,1,0,0,0,0,0,0,,1,1,2,1,0,1,1350,0.409,400,10.27,adv_online,Online
SITE-02197,PROTO-C_NEURO,Canada,North America,Neurology,II,Alzheimer's,Academic,7,14,10,12,1,0,0,PI-011,19,1,1,1,5,140,3.1,2022-03-06,2022-03-07,2025-03-26,2025-03-11,1,1115,15,1,2022,Other,2021-10-09,2022-02-05,119,0,CEC,2021-12-02,2022-01-21,50,95,0,1,1,0,0,0,0,0,0,0,0,,0,2,2,0,1,0,350,0.56,67,1.8,adv_poster,Poster
SITE-02198,PROTO-A_ONCO,Brazil,LATAM,Oncology,III,NSCLC,Pharma,8,18,12,15,1,1,1,PI-016,16,4,1,1,3,137,3.5,2021-01-19,2021-03-29,2024-06-17,2024-07-25,69,1176,-38,1,2021,Other,2020-10-12,2020-12-17,66,1,LEC,2020-11-17,2021-01-02,46,132,2,1,1,1,0,0,0,0,1,0,0,,1,3,4,1,0,1,5850,0.547,136,3.47,adv_email,Email
SITE-02199,PROTO-C_NEURO,Australia,APAC,Neurology,II,Alzheimer's,Academic,7,14,10,12,1,0,0,PI-027,3,3,5,1,6,112,3.4,2021-12-01,2022-01-11,2025-04-02,2025-05-14,41,1177,-42,1,2022,Other,2021-08-31,2021-11-12,73,1,LEC,2021-10-05,2021-11-06,32,98,5,1,0,1,0,0,0,0,0,1,0,,2,1,3,1,0,1,1100,0.558,53,1.35,adv_community_presentation,Community
SITE-02200,PROTO-C_NEURO,Poland,Europe,Neurology,II,Alzheimer's,Academic,7,14,10,12,1,0,0,PI-019,24,2,5,1,3,113,2.2,2023-07-04,2023-12-14,2025-10-26,2025-11-02,163,682,-7,4,2023,EMA,2023-02-28,2023-07-20,142,1,LEC,2023-04-09,2023-06-09,61,249,2,1,1,1,1,0,0,0,0,1,0,,3,2,5,1,0,1,2450,0.647,91,4.0,adv_community_presentation,Community
SITE-02201,PROTO-A_ONCO,Japan,Asia,Oncology,III,NSCLC,Pharma,8,18,12,15,1,1,1,PI-013,18,2,3,1,2,255,1.2,2023-02-25,2023-06-07,2024-06-04,2024-05-19,102,363,16,2,2023,PMDA,2022-11-08,2023-03-28,140,1,LEC,2022-11-22,2023-01-24,63,197,1,0,1,1,0,1,0,0,0,1,0,,2,2,4,1,0,1,1350,0.621,159,13.14,adv_email,Email
SITE-02202,PROTO-B_CARDIO,Spain,Europe,Cardiology,II,Heart Failure,Biotech,5,9,8,10,0,1,1,PI-004,22,2,4,1,5,1188,3.7,2022-01-16,2022-01-05,2025-07-12,2025-07-24,-11,1284,-12,1,2022,EMA,2021-07-29,2021-10-05,68,1,CEC,2021-08-09,2021-10-25,77,149,2,0,1,1,0,1,0,0,0,0,0,,1,2,3,1,0,1,950,0.412,400,9.35,adv_email,Email
SITE-02203,PROTO-B_CARDIO,India,Asia,Cardiology,II,Heart Failure,Biotech,5,9,8,10,0,1,1,PI-002,8,3,1,1,7,942,2.8,2023-04-14,2023-06-02,2025-11-19,2026-01-06,49,901,-48,2,2023,Other,2022-09-20,2022-11-29,70,1,CEC,2022-11-09,2023-02-04,87,205,3,1,0,1,1,1,0,0,0,0,0,,2,2,4,1,0,1,2200,0.376,400,13.32,adv_email,Email
SITE-02204,PROTO-A_ONCO,USA,North America,Oncology,III,NSCLC,Pharma,8,18,12,15,1,1,1,PI-012,2,8,4,1,9,222,1.5,2023-09-20,2023-10-24,2025-03-23,2025-03-30,34,516,-7,4,2023,FDA,2023-05-25,2023-09-21,119,0,CEC,2023-06-16,2023-08-29,74,130,1,1,0,0,0,0,0,0,0,1,0,,1,1,2,1,0,0,600,0.637,30,1.74,adv_community_presentation,Community
SITE-02205,PROTO-C_NEURO,Canada,North America,Neurology,II,Alzheimer's,Academic,7,14,10,12,1,0,0,PI-008,13,2,3,1,1,86,3.2,2021-11-27,2021-12-23,2025-02-14,2025-04-09,26,1149,-54,4,2021,Other,2021-07-21,2021-11-07,109,0,IRB,2021-09-09,2021-10-14,35,105,1,1,0,0,1,0,0,0,0,0,0,,1,1,2,1,0,1,1400,0.516,120,3.13,adv_online,Online
SITE-02206,PROTO-C_NEURO,Brazil,LATAM,Neurology,II,Alzheimer's,Academic,7,14,10,12,1,0,0,PI-029,24,0,5,0,4,20,3.6,2021-08-29,2021-10-15,2025-03-28,2025-03-30,47,1260,-2,4,2021,Other,2021-05-20,2021-07-21,62,1,LEC,2021-06-18,2021-07-27,39,119,0,1,1,1,0,0,0,1,0,0,0,,1,3,4,1,0,1,2350,0.585,19,0.45,adv_email,Email
SITE-02207,PROTO-B_CARDIO,Spain,Europe,Cardiology,II,Heart Failure,Biotech,5,9,8,10,0,1,1,PI-013,13,4,1,0,4,1044,3.4,2023-02-25,2023-04-09,2026-06-03,2026-07-03,43,1151,-30,2,2023,EMA,2022-07-27,2022-11-23,119,1,CEC,2022-08-21,2023-01-12,144,231,0,1,0,1,1,1,0,0,0,0,0,,2,2,4,1,0,1,2200,0.352,400,10.43,adv_email,Email
SITE-02208,PROTO-A_ONCO,USA,North America,Oncology,III,NSCLC,Pharma,8,18,12,15,1,1,1,PI-013,10,2,5,1,3,52,2.5,2022-11-07,2023-02-02,2025-07-12,2025-07-01,87,891,11,1,2023,FDA,2022-07-15,2022-12-30,168,0,IRB,2022-08-05,2022-09-21,47,181,2,1,0,0,1,0,1,0,0,0,0,,1,2,3,1,0,1,2200,0.613,33,1.11,adv_online,Online
SITE-02209,PROTO-B_CARDIO,Spain,Europe,Cardiology,II,Heart Failure,Biotech,5,9,8,10,0,1,1,PI-024,16,2,1,1,5,739,3.3,2021-02-22,2021-03-05,2024-03-12,2024-01-30,11,1103,42,1,2021,EMA,2020-07-09,2020-11-14,128,1,CEC,2020-09-05,2020-12-10,96,181,3,1,1,1,1,0,0,0,0,1,1,Patient registry outreach,4,2,6,1,0,1,3050,0.484,400,10.88,adv_email,Email
SITE-02210,PROTO-B_CARDIO,Germany,Europe,Cardiology,II,Heart Failure,Biotech,5,9,8,10,0,1,1,PI-028,4,2,1,1,4,1114,3.7,2022-09-07,2022-12-22,2026-05-08,2026-05-29,106,1233,-21,4,2022,EMA,2022-05-05,2022-07-26,82,1,LEC,2022-06-02,2022-07-28,56,203,4,0,1,1,0,1,1,0,1,1,0,,2,4,6,1,0,1,7150,0.414,400,9.73,adv_email,Email
SITE-02211,PROTO-A_ONCO,UK,Europe,Oncology,III,NSCLC,Pharma,8,18,12,15,1,1,1,PI-005,5,2,3,1,2,132,1.2,2022-09-14,2022-12-24,2023-11-25,2023-12-21,101,336,-26,4,2022,MHRA,2022-05-29,2022-07-24,56,1,LEC,2022-07-01,2022-09-01,62,176,2,1,0,1,0,1,0,0,0,0,0,,1,2,3,1,0,1,1000,0.562,42,3.75,adv_email,Email
SITE-02212,PROTO-B_CARDIO,UK,Europe,Cardiology,II,Heart Failure,Biotech,5,9,8,10,0,1,1,PI-011,13,0,5,1,5,1013,1.7,2022-07-27,2022-10-28,2024-03-24,2024-02-09,93,513,44,4,2022,MHRA,2022-03-31,2022-07-02,93,1,LEC,2022-05-17,2022-06-28,42,164,2,1,0,1,0,1,0,0,0,1,0,,2,2,4,1,0,1,1400,0.43,400,23.39,adv_email,Email
SITE-02213,PROTO-A_ONCO,India,Asia,Oncology,III,NSCLC,Pharma,8,18,12,15,1,1,1,PI-024,19,7,5,1,6,217,2.2,2022-10-04,2023-03-02,2025-01-30,2025-01-06,149,700,24,1,2023,Other,2022-05-11,2022-11-03,176,1,CEC,2022-06-25,2022-09-09,76,250,2,1,1,1,0,1,0,0,0,1,0,,2,3,5,1,0,1,1550,0.609,117,5.01,adv_email,Email
SITE-02214,PROTO-B_CARDIO,India,Asia,Cardiology,II,Heart Failure,Biotech,5,9,8,10,0,1,1,PI-024,8,2,2,1,4,1169,2.5,2021-12-23,2022-05-02,2024-07-17,2024-05-18,130,807,60,2,2022,Other,2021-08-23,2021-12-03,102,1,LEC,2021-10-18,2021-12-11,54,196,3,1,1,1,1,0,0,0,0,1,0,,3,2,5,1,0,1,2450,0.425,400,14.87,adv_email,Email
SITE-02215,PROTO-A_ONCO,USA,North America,Oncology,III,NSCLC,Pharma,8,18,12,15,1,1,1,PI-026,2,0,2,1,2,161,3.6,2022-04-15,2022-04-08,2025-10-10,2025-10-02,-7,1281,8,2,2022,FDA,2021-11-30,2022-01-30,61,0,IRB,2022-01-01,2022-02-22,52,97,2,0,0,0,0,0,0,0,0,0,0,,0,0,0,0,0,0,0,0.552,82,1.92,none,None
SITE-02216,PROTO-B_CARDIO,Spain,Europe,Cardiology,II,Heart Failure,Biotech,5,9,8,10,0,1,1,PI-007,3,1,5,1,5,1119,3.9,2021-10-28,2022-04-12,2025-11-04,2025-09-28,166,1302,37,2,2022,EMA,2021-07-08,2021-12-22,167,1,LEC,2021-08-22,2021-09-26,35,233,3,1,1,0,1,0,1,0,0,0,0,,1,3,4,1,0,1,2350,0.412,400,9.22,adv_online,Online
SITE-02217,PROTO-A_ONCO,USA,North America,Oncology,III,NSCLC,Pharma,8,18,12,15,1,1,1,PI-002,20,2,5,1,2,179,1.4,2023-07-15,2023-06-16,2024-10-04,2024-10-28,-29,476,-24,2,2023,FDA,2023-02-22,2023-06-15,113,0,CEC,2023-03-12,2023-06-03,83,96,1,1,1,1,0,0,0,0,0,0,0,,1,2,3,1,0,1,850,0.545,161,10.15,adv_email,Email
SITE-02218,PROTO-A_ONCO,USA,North America,Oncology,III,NSCLC,Pharma,8,18,12,15,1,1,1,PI-026,24,3,5,1,7,186,3.9,2022-07-05,2022-07-19,2026-05-20,2026-05-07,14,1401,13,3,2022,FDA,2022-03-07,2022-05-26,80,0,CEC,2022-04-20,2022-06-11,52,90,1,0,0,1,1,0,0,0,0,1,0,,3,0,3,1,0,1,2100,0.572,102,2.18,adv_email,Email
SITE-02219,PROTO-B_CARDIO,Poland,Europe,Cardiology,II,Heart Failure,Biotech,5,9,8,10,0,1,1,PI-018,12,0,1,1,6,790,2.1,2023-05-18,2023-07-10,2025-06-17,2025-07-05,53,708,-18,3,2023,EMA,2023-02-25,2023-04-11,45,1,LEC,2023-03-29,2023-04-18,20,103,1,0,1,1,1,0,0,0,0,0,0,,2,1,3,1,0,1,1850,0.471,360,15.25,adv_email,Email
SITE-02220,PROTO-A_ONCO,Germany,Europe,Oncology,III,NSCLC,Pharma,8,18,12,15,1,1,1,PI-002,20,4,1,1,3,234,1.8,2022-10-12,2022-10-08,2024-05-05,2024-02-27,-4,575,68,4,2022,EMA,2022-03-10,2022-04-30,51,1,CEC,2022-05-06,2022-08-04,90,155,0,1,1,0,0,0,0,0,0,0,0,,0,2,2,0,1,0,350,0.668,121,6.31,adv_poster,Poster
SITE-02221,PROTO-A_ONCO,Brazil,LATAM,Oncology,III,NSCLC,Pharma,8,18,12,15,1,1,1,PI-011,11,2,3,0,3,99,3.0,2022-04-16,2022-07-30,2025-05-04,2025-04-08,105,1009,26,3,2022,Other,2021-10-25,2022-04-13,170,1,CEC,2021-12-04,2022-02-07,65,238,4,1,1,0,1,0,0,0,0,0,0,,1,2,3,1,0,1,1550,0.563,77,2.29,adv_online,Online
SITE-02222,PROTO-C_NEURO,Australia,APAC,Neurology,II,Alzheimer's,Academic,7,14,10,12,1,0,0,PI-015,24,4,2,1,4,80,2.4,2022-06-19,2022-07-05,2024-09-01,2024-08-05,16,789,27,3,2022,Other,2021-11-28,2022-03-12,104,1,CEC,2021-12-21,2022-04-08,108,196,3,0,1,0,1,0,0,0,0,0,0,,1,1,2,1,0,1,1350,0.48,67,2.55,adv_online,Online
SITE-02223,PROTO-A_ONCO,Poland,Europe,Oncology,III,NSCLC,Pharma,8,18,12,15,1,1,1,PI-016,13,8,3,1,2,79,1.2,2023-02-09,2023-05-12,2024-05-19,2024-04-21,92,373,28,2,2023,EMA,2022-11-19,2023-02-25,98,1,LEC,2022-12-11,2023-01-22,42,152,1,1,0,0,0,0,1,1,0,1,0,,1,3,4,1,0,0,2900,0.596,50,4.02,adv_community_presentation,Community
SITE-02224,PROTO-A_ONCO,UK,Europe,Oncology,III,NSCLC,Pharma,8,18,12,15,1,1,1,PI-021,16,2,4,0,5,187,3.5,2021-05-19,2021-07-29,2024-09-13,2024-09-09,71,1142,4,3,2021,MHRA,2020-10-08,2021-01-26,110,1,CEC,2020-11-03,2021-03-05,122,268,2,1,0,1,0,1,0,0,0,0,0,,1,2,3,1,0,1,1000,0.495,110,2.89,adv_email,Email
SITE-02225,PROTO-C_NEURO,USA,North America,Neurology,II,Alzheimer's,Academic,7,14,10,12,1,0,0,PI-012,17,6,1,1,5,102,2.8,2021-01-29,2020-12-24,2023-09-26,2023-10-21,-36,1006,-25,4,2020,FDA,2020-10-13,2020-12-04,52,0,IRB,2020-10-25,2020-12-09,45,60,0,1,1,1,1,1,0,0,0,1,0,,3,3,6,1,0,1,2750,0.581,76,2.27,adv_community_presentation,Community
SITE-02226,PROTO-C_NEURO,Brazil,LATAM,Neurology,II,Alzheimer's,Academic,7,14,10,12,1,0,0,PI-006,20,1,4,1,4,96,1.8,2021-12-17,2022-04-12,2023-11-03,2023-12-03,116,570,-30,2,2022,Other,2021-07-25,2021-12-22,150,1,LEC,2021-09-14,2021-11-03,50,210,0,0,1,0,1,0,0,0,0,0,0,,1,1,2,1,0,1,1350,0.512,62,3.26,adv_online,Online
SITE-02227,PROTO-B_CARDIO,USA,North America,Cardiology,II,Heart Failure,Biotech,5,9,8,10,0,1,1,PI-024,11,2,5,1,5,851,1.2,2023-02-24,2023-03-12,2024-04-16,2024-04-29,16,401,-13,1,2023,FDA,2022-10-03,2023-01-03,92,0,IRB,2022-11-16,2023-01-30,75,116,3,1,0,0,1,1,0,0,0,0,0,,1,2,3,1,0,1,1700,0.396,400,29.93,adv_online,Online
SITE-02228,PROTO-B_CARDIO,Poland,Europe,Cardiology,II,Heart Failure,Biotech,5,9,8,10,0,1,1,PI-004,9,1,3,1,3,834,3.7,2021-12-01,2022-02-06,2025-07-26,2025-07-22,67,1266,4,1,2022,EMA,2021-06-26,2021-10-02,98,1,CEC,2021-07-15,2021-11-09,117,206,2,1,1,1,0,0,0,0,0,0,0,,1,2,3,1,0,1,850,0.503,400,9.48,adv_email,Email
SITE-02229,PROTO-A_ONCO,Australia,APAC,Oncology,III,NSCLC,Pharma,8,18,12,15,1,1,1,PI-006,18,6,5,1,7,178,1.6,2021-04-30,2021-08-01,2022-11-23,2022-12-05,93,479,-12,3,2021,Other,2020-12-26,2021-03-05,69,1,LEC,2021-02-12,2021-03-22,38,170,1,1,1,1,1,0,0,0,0,0,1,Patient registry outreach,3,2,5,1,0,1,2650,0.568,59,3.7,adv_email,Email
SITE-02230,PROTO-A_ONCO,Germany,Europe,Oncology,III,NSCLC,Pharma,8,18,12,15,1,1,1,PI-028,5,5,1,1,7,204,3.6,2021-12-12,2022-04-10,2025-06-04,2025-06-21,119,1151,-17,2,2022,EMA,2021-05-26,2021-08-13,79,1,CEC,2021-07-09,2021-10-18,101,275,6,0,1,1,1,0,0,0,0,0,0,,2,1,3,1,0,1,1850,0.619,70,1.82,adv_email,Email
SITE-02231,PROTO-C_NEURO,Spain,Europe,Neurology,II,Alzheimer's,Academic,7,14,10,12,1,0,0,PI-010,2,4,2,1,3,139,1.3,2022-12-19,2023-04-30,2024-06-14,2024-05-07,132,411,38,2,2023,EMA,2022-08-27,2023-01-15,141,1,LEC,2022-10-09,2022-11-06,28,203,2,0,1,1,1,0,0,0,0,1,0,,3,1,4,1,0,1,2250,0.524,60,4.38,adv_community_presentation,Community
SITE-02232,PROTO-C_NEURO,USA,North America,Neurology,II,Alzheimer's,Academic,7,14,10,12,1,0,0,PI-025,6,5,2,1,4,95,2.9,2023-06-09,2023-07-30,2026-05-02,2026-04-24,51,1007,8,3,2023,FDA,2022-12-14,2023-02-13,61,0,IRB,2023-02-03,2023-04-26,82,177,3,0,1,1,0,1,0,0,0,0,0,,1,2,3,1,0,1,950,0.516,45,1.34,adv_email,Email
SITE-02233,PROTO-B_CARDIO,Japan,Asia,Cardiology,II,Heart Failure,Biotech,5,9,8,10,0,1,1,PI-028,24,4,4,1,1,945,2.4,2021-09-04,2021-12-22,2024-02-14,2024-02-04,109,784,10,4,2021,PMDA,2021-05-19,2021-08-30,103,1,LEC,2021-07-11,2021-08-19,39,164,3,1,0,0,1,0,0,0,0,0,0,,1,1,2,1,0,1,1400,0.368,400,15.31,adv_online,Online
SITE-02234,PROTO-C_NEURO,Japan,Asia,Neurology,II,Alzheimer's,Academic,7,14,10,12,1,0,0,PI-011,5,0,4,1,2,65,1.3,2021-03-16,2021-04-11,2022-04-26,2022-06-14,26,380,-49,2,2021,PMDA,2020-08-16,2020-12-29,135,1,CEC,2020-10-09,2020-12-26,78,184,2,1,1,1,1,0,1,0,0,0,0,,2,3,5,1,0,1,2850,0.605,22,1.74,adv_email,Email
SITE-02235,PROTO-A_ONCO,Canada,North America,Oncology,III,NSCLC,Pharma,8,18,12,15,1,1,1,PI-002,23,4,2,1,4,181,1.2,2022-04-03,2022-06-12,2023-07-29,2023-09-09,70,412,-42,2,2022,Other,2021-11-25,2022-04-29,155,0,IRB,2022-01-06,2022-03-11,64,157,1,0,0,1,0,0,0,0,0,1,0,,2,0,2,1,0,1,900,0.612,91,6.63,adv_email,Email
SITE-02236,PROTO-B_CARDIO,USA,North America,Cardiology,II,Heart Failure,Biotech,5,9,8,10,0,1,1,PI-015,10,4,3,1,6,938,3.7,2021-03-01,2021-01-28,2024-09-10,2024-08-11,-32,1321,30,1,2021,FDA,2020-09-18,2020-12-25,98,0,CEC,2020-10-14,2020-12-30,77,106,1,1,1,1,0,0,1,0,0,0,0,,1,3,4,1,0,1,1650,0.404,400,9.08,adv_email,Email
SITE-02237,PROTO-A_ONCO,Canada,North America,Oncology,III,NSCLC,Pharma,8,18,12,15,1,1,1,PI-015,4,3,2,1,2,164,2.1,2021-12-10,2021-12-16,2024-01-03,2024-02-26,6,748,-54,4,2021,Other,2021-09-07,2021-11-23,77,0,IRB,2021-10-02,2021-11-25,54,75,0,1,0,0,1,1,1,0,0,1,0,,2,3,5,1,0,1,2900,0.539,90,3.61,adv_community_presentation,Community
SITE-02238,PROTO-A_ONCO,Australia,APAC,Oncology,III,NSCLC,Pharma,8,18,12,15,1,1,1,PI-023,16,2,2,1,9,172,3.5,2023-03-07,2023-06-06,2026-09-06,2026-10-16,91,1188,-40,2,2023,Other,2022-11-08,2023-01-29,82,1,LEC,2022-12-27,2023-02-13,48,161,2,1,1,0,1,0,0,0,0,1,0,,2,2,4,1,0,1,1950,0.651,55,1.39,adv_community_presentation,Community
SITE-02239,PROTO-A_ONCO,USA,North America,Oncology,III,NSCLC,Pharma,8,18,12,15,1,1,1,PI-017,24,3,4,1,2,267,1.8,2022-07-28,2022-07-22,2024-04-04,2024-03-24,-6,622,11,3,2022,FDA,2022-02-22,2022-04-11,48,0,IRB,2022-04-07,2022-06-07,61,106,3,1,1,1,0,0,0,0,0,1,0,,2,2,4,1,0,1,1250,0.539,178,8.59,adv_email,Email
SITE-02240,PROTO-B_CARDIO,Japan,Asia,Cardiology,II,Heart Failure,Biotech,5,9,8,10,0,1,1,PI-019,3,2,4,1,2,1043,3.0,2022-05-15,2022-09-29,2025-06-14,2025-07-17,137,989,-33,3,2022,PMDA,2022-01-16,2022-05-28,132,1,LEC,2022-02-25,2022-04-22,56,216,5,0,0,1,0,0,0,0,0,0,0,,1,0,1,1,0,1,500,0.508,400,12.13,adv_email,Email
SITE-02241,PROTO-A_ONCO,Japan,Asia,Oncology,III,NSCLC,Pharma,8,18,12,15,1,1,1,PI-015,10,1,5,1,0,129,2.5,2021-09-07,2021-11-13,2024-03-05,2024-03-01,67,843,4,4,2021,PMDA,2021-05-10,2021-06-19,40,1,LEC,2021-07-05,2021-08-24,50,131,2,1,0,0,0,0,0,0,0,0,0,,0,1,1,0,1,0,200,0.572,108,3.84,adv_poster,Poster
SITE-02242,PROTO-C_NEURO,Spain,Europe,Neurology,II,Alzheimer's,Academic,7,14,10,12,1,0,0,PI-020,11,1,4,1,6,51,3.9,2022-12-23,2023-02-10,2026-10-05,2026-09-25,49,1333,10,1,2023,EMA,2022-09-19,2022-11-08,50,1,LEC,2022-10-10,2022-12-01,52,123,1,1,1,1,1,1,0,0,0,1,0,,3,3,6,1,0,1,2750,0.545,33,0.74,adv_community_presentation,Community
SITE-02243,PROTO-A_ONCO,India,Asia,Oncology,III,NSCLC,Pharma,8,18,12,15,1,1,1,PI-017,14,5,1,1,5,86,1.4,2021-10-03,2022-02-12,2023-03-03,2023-03-07,132,384,-4,1,2022,Other,2021-07-05,2021-08-12,38,1,LEC,2021-08-05,2021-09-23,49,191,4,1,0,0,0,1,0,0,0,1,0,,1,2,3,1,0,0,900,0.584,21,1.64,adv_community_presentation,Community
SITE-02244,PROTO-C_NEURO,Japan,Asia,Neurology,II,Alzheimer's,Academic,7,14,10,12,1,0,0,PI-005,3,4,3,1,6,111,2.6,2022-12-11,2023-03-17,2025-07-08,2025-05-17,96,844,52,1,2023,PMDA,2022-09-17,2022-11-03,47,1,LEC,2022-09-28,2022-10-30,32,170,4,1,0,0,0,0,0,0,0,1,0,,1,1,2,1,0,0,600,0.586,38,1.35,adv_community_presentation,Community
SITE-02245,PROTO-B_CARDIO,India,Asia,Cardiology,II,Heart Failure,Biotech,5,9,8,10,0,1,1,PI-018,20,1,3,1,6,902,1.4,2021-09-24,2021-11-28,2022-12-18,2022-12-08,65,385,10,4,2021,Other,2021-01-12,2021-03-10,57,1,CEC,2021-03-10,2021-07-15,127,263,2,1,1,1,1,0,0,0,1,0,0,,2,3,5,1,0,1,7050,0.402,400,31.17,adv_email,Email
SITE-02246,PROTO-B_CARDIO,USA,North America,Cardiology,II,Heart Failure,Biotech,5,9,8,10,0,1,1,PI-027,7,3,5,1,2,952,1.4,2023-01-19,2023-01-12,2024-04-22,2024-05-14,-7,466,-22,1,2023,FDA,2022-07-22,2022-10-19,89,0,IRB,2022-09-10,2022-12-09,90,124,2,1,0,0,1,0,0,0,0,0,0,,1,1,2,1,0,1,1400,0.403,400,25.75,adv_online,Online
SITE-02247,PROTO-B_CARDIO,USA,North America,Cardiology,II,Heart Failure,Biotech,5,9,8,10,0,1,1,PI-004,6,5,4,1,2,1027,1.6,2021-05-01,2021-06-04,2022-12-26,2023-01-05,34,570,-10,2,2021,FDA,2021-01-25,2021-05-06,101,0,IRB,2021-02-28,2021-03-31,31,96,1,0,1,0,0,0,0,0,0,1,0,,1,1,2,1,0,0,550,0.421,400,21.05,adv_community_presentation,Community
SITE-02248,PROTO-B_CARDIO,Germany,Europe,Cardiology,II,Heart Failure,Biotech,5,9,8,10,0,1,1,PI-029,16,2,2,1,4,1011,3.6,2022-07-29,2022-09-13,2026-02-22,2026-03-10,46,1258,-16,3,2022,EMA,2022-04-12,2022-06-01,50,1,LEC,2022-05-20,2022-07-15,56,116,1,1,0,0,0,1,0,0,0,0,0,,0,2,2,0,1,0,500,0.394,400,9.54,adv_newsletter,Newsletter
SITE-02249,PROTO-B_CARDIO,Spain,Europe,Cardiology,II,Heart Failure,Biotech,5,9,8,10,0,1,1,PI-017,16,4,1,1,7,1074,3.3,2022-07-10,2022-09-04,2025-08-22,2025-08-06,56,1083,16,3,2022,EMA,2021-11-24,2022-02-21,89,1,CEC,2022-01-12,2022-04-23,101,235,0,1,0,0,1,0,1,0,0,1,0,,2,2,4,1,0,1,2600,0.426,400,11.08,adv_online,Online
SITE-02250,PROTO-C_NEURO,USA,North America,Neurology,II,Alzheimer's,Academic,7,14,10,12,1,0,0,PI-024,12,3,4,1,5,120,1.8,2022-02-22,2022-02-10,2023-11-04,2023-09-21,-12,632,44,1,2022,FDA,2021-10-20,2022-01-12,84,0,IRB,2021-11-14,2022-01-28,75,88,0,1,0,0,0,1,1,0,0,0,0,,0,3,3,0,1,0,1300,0.489,56,2.66,adv_newsletter,Newsletter
SITE-02251,PROTO-A_ONCO,USA,North America,Oncology,III,NSCLC,Pharma,8,18,12,15,1,1,1,PI-013,8,3,2,0,6,135,1.9,2023-01-10,2023-04-26,2025-02-01,2024-12-27,106,647,36,2,2023,FDA,2022-09-15,2023-02-28,166,0,IRB,2022-10-19,2022-12-06,48,189,5,0,0,1,0,1,0,0,0,1,0,,2,1,3,1,0,1,1200,0.564,43,1.99,adv_email,Email
SITE-02252,PROTO-B_CARDIO,Spain,Europe,Cardiology,II,Heart Failure,Biotech,5,9,8,10,0,1,1,PI-020,7,3,5,1,2,1076,3.2,2022-12-02,2023-04-16,2026-03-02,2026-02-25,135,1051,5,2,2023,EMA,2022-08-18,2022-11-18,92,1,LEC,2022-08-29,2022-10-19,51,230,3,1,1,0,1,1,0,0,0,0,1,Patient registry outreach,2,3,5,1,0,1,2450,0.424,400,11.42,adv_online,Online
SITE-02253,PROTO-C_NEURO,India,Asia,Neurology,II,Alzheimer's,Academic,7,14,10,12,1,0,0,PI-020,16,1,5,1,4,53,1.3,2023-02-23,2023-03-18,2024-04-03,2024-04-11,23,382,-8,1,2023,Other,2022-09-25,2023-01-10,107,1,CEC,2022-10-06,2023-01-02,88,163,1,1,0,1,0,0,0,0,0,0,0,,1,1,2,1,0,1,700,0.574,12,0.94,adv_email,Email
SITE-02254,PROTO-A_ONCO,Germany,Europe,Oncology,III,NSCLC,Pharma,8,18,12,15,1,1,1,PI-017,22,4,5,1,4,113,3.1,2022-05-10,2022-11-14,2025-10-08,2025-09-19,188,1059,19,4,2022,EMA,2022-01-31,2022-07-27,177,1,LEC,2022-02-21,2022-04-13,51,266,1,1,0,0,1,0,0,0,0,0,0,,1,1,2,1,0,1,1400,0.452,118,3.34,adv_online,Online
SITE-02255,PROTO-A_ONCO,USA,North America,Oncology,III,NSCLC,Pharma,8,18,12,15,1,1,1,PI-008,12,1,3,1,4,221,2.2,2023-06-02,2023-05-26,2025-06-10,2025-07-07,-7,746,-27,2,2023,FDA,2023-01-12,2023-03-04,51,0,IRB,2023-02-12,2023-04-29,76,103,8,1,1,0,0,0,0,0,0,0,0,,0,2,2,0,1,0,350,0.594,89,3.58,adv_poster,Poster
SITE-02256,PROTO-C_NEURO,USA,North America,Neurology,II,Alzheimer's,Academic,7,14,10,12,1,0,0,PI-013,18,3,1,1,5,118,1.7,2022-01-03,2021-11-08,2023-05-27,2023-06-20,-56,565,-24,4,2021,FDA,2021-05-13,2021-09-15,125,0,CEC,2021-06-05,2021-10-21,138,156,1,1,1,0,1,0,1,0,0,1,0,,2,3,5,1,0,1,2750,0.444,76,4.04,adv_community_presentation,Community
SITE-02257,PROTO-B_CARDIO,Poland,Europe,Cardiology,II,Heart Failure,Biotech,5,9,8,10,0,1,1,PI-011,5,4,5,1,4,588,1.3,2022-09-18,2023-02-10,2024-03-28,2024-02-03,145,412,54,1,2023,EMA,2022-06-27,2022-11-28,154,1,LEC,2022-08-02,2022-08-27,25,192,1,0,1,1,1,0,0,0,0,0,1,Patient registry outreach,3,1,4,1,0,1,2450,0.441,313,22.79,adv_email,Email
SITE-02258,PROTO-C_NEURO,USA,North America,Neurology,II,Alzheimer's,Academic,7,14,10,12,1,0,0,PI-016,7,3,3,1,2,78,1.6,2022-11-05,2022-12-04,2024-06-08,2024-07-01,29,552,-23,4,2022,FDA,2022-06-24,2022-10-15,113,0,IRB,2022-07-12,2022-09-19,69,145,1,0,1,1,1,0,0,0,0,0,0,,2,1,3,1,0,1,1850,0.579,54,2.93,adv_email,Email
SITE-02259,PROTO-C_NEURO,Japan,Asia,Neurology,II,Alzheimer's,Academic,7,14,10,12,1,0,0,PI-019,23,4,5,1,4,113,1.5,2023-04-20,2023-09-05,2024-11-17,2024-12-26,138,439,-39,3,2023,PMDA,2022-12-03,2023-05-19,167,1,LEC,2023-01-19,2023-03-28,68,229,3,1,1,1,0,0,0,0,0,0,0,,1,2,3,1,0,1,850,0.544,51,3.49,adv_email,Email
SITE-02260,PROTO-C_NEURO,UK,Europe,Neurology,II,Alzheimer's,Academic,7,14,10,12,1,0,0,PI-010,5,2,4,1,3,78,2.5,2022-11-19,2023-01-30,2025-04-13,2025-05-23,72,804,-40,1,2023,MHRA,2022-07-13,2022-10-12,91,1,LEC,2022-08-21,2022-10-19,59,162,3,1,1,1,0,0,0,0,0,1,0,,2,2,4,1,0,1,1250,0.509,51,1.9,adv_community_presentation,Community
SITE-02261,PROTO-B_CARDIO,Japan,Asia,Cardiology,II,Heart Failure,Biotech,5,9,8,10,0,1,1,PI-026,18,1,2,1,3,1041,3.2,2022-04-21,2022-07-11,2025-05-26,2025-05-21,81,1050,5,3,2022,PMDA,2021-10-29,2022-02-03,97,1,CEC,2021-12-19,2022-03-31,102,204,3,1,1,1,1,0,1,0,0,1,0,,3,3,6,1,0,1,3250,0.437,400,11.43,adv_email,Email
SITE-02262,PROTO-C_NEURO,Poland,Europe,Neurology,II,Alzheimer's,Academic,7,14,10,12,1,0,0,PI-004,10,5,3,1,5,104,1.4,2022-03-10,2022-05-30,2023-08-19,2023-08-30,81,446,-11,2,2022,EMA,2021-12-02,2022-04-30,149,1,LEC,2021-12-18,2022-02-20,64,163,2,0,0,1,1,0,0,0,0,0,0,,2,0,2,1,0,1,1700,0.581,46,3.09,adv_email,Email
SITE-02263,PROTO-A_ONCO,Germany,Europe,Oncology,III,NSCLC,Pharma,8,18,12,15,1,1,1,PI-018,14,2,4,1,2,202,3.5,2022-02-10,2022-04-06,2025-07-09,2025-06-23,55,1190,16,2,2022,EMA,2021-08-30,2022-01-26,149,1,CEC,2021-10-26,2022-01-06,72,162,6,1,0,1,0,0,1,0,0,0,0,,1,2,3,1,0,1,1500,0.379,258,6.5,adv_email,Email
SITE-02264,PROTO-A_ONCO,USA,North America,Oncology,III,NSCLC,Pharma,8,18,12,15,1,1,1,PI-012,10,4,2,1,4,113,3.6,2022-04-18,2022-05-05,2025-11-24,2025-12-04,17,1299,-10,2,2022,FDA,2021-12-26,2022-04-15,110,0,IRB,2022-01-27,2022-03-05,37,98,1,1,1,0,0,0,0,0,0,1,0,,1,2,3,1,0,0,750,0.648,69,1.59,adv_community_presentation,Community
SITE-02265,PROTO-B_CARDIO,India,Asia,Cardiology,II,Heart Failure,Biotech,5,9,8,10,0,1,1,PI-018,14,4,5,0,7,814,2.4,2021-01-03,2021-01-11,2023-02-21,2023-02-21,8,771,0,1,2021,Other,2020-08-01,2020-10-01,61,1,CEC,2020-08-20,2020-10-21,62,144,2,1,1,1,1,0,1,0,0,0,0,,2,3,5,1,0,1,2850,0.368,400,15.56,adv_email,Email
SITE-02266,PROTO-C_NEURO,Japan,Asia,Neurology,II,Alzheimer's,Academic,7,14,10,12,1,0,0,PI-017,22,2,5,1,4,118,2.2,2023-08-28,2023-08-28,2025-08-16,2025-06-27,0,719,50,3,2023,PMDA,2023-02-15,2023-05-02,76,1,CEC,2023-03-04,2023-06-01,89,177,0,1,1,1,1,0,1,0,0,1,0,,3,3,6,1,0,1,3250,0.562,95,3.96,adv_community_presentation,Community
SITE-02267,PROTO-B_CARDIO,Poland,Europe,Cardiology,II,Heart Failure,Biotech,5,9,8,10,0,1,1,PI-003,13,2,4,1,4,1305,3.3,2021-04-17,2021-06-20,2024-08-12,2024-08-04,64,1149,8,2,2021,EMA,2021-01-20,2021-04-03,73,1,LEC,2021-03-09,2021-04-06,28,103,1,1,1,0,1,0,0,0,0,1,0,,2,2,4,1,0,1,1950,0.426,400,10.44,adv_online,Online
SITE-02268,PROTO-C_NEURO,Poland,Europe,Neurology,II,Alzheimer's,Academic,7,14,10,12,1,0,0,PI-010,5,3,4,1,6,67,2.9,2021-12-11,2022-04-29,2024-12-25,2025-01-13,139,971,-19,2,2022,EMA,2021-09-29,2022-01-31,124,1,LEC,2021-10-18,2021-11-16,29,193,3,1,0,0,0,0,0,0,0,0,0,,0,1,1,0,1,0,200,0.518,30,0.93,adv_poster,Poster
SITE-02269,PROTO-A_ONCO,UK,Europe,Oncology,III,NSCLC,Pharma,8,18,12,15,1,1,1,PI-008,21,0,4,1,5,142,2.1,2023-09-19,2023-12-02,2025-11-04,2025-11-24,74,703,-20,4,2023,MHRA,2023-04-26,2023-10-04,161,1,LEC,2023-06-14,2023-08-16,63,171,0,1,1,1,1,0,0,0,0,1,0,,3,2,5,1,0,1,2450,0.504,98,4.18,adv_email,Email
SITE-02270,PROTO-B_CARDIO,Germany,Europe,Cardiology,II,Heart Failure,Biotech,5,9,8,10,0,1,1,PI-002,14,2,1,1,2,895,2.0,2021-11-20,2022-01-06,2023-10-16,2023-10-11,47,648,5,1,2022,EMA,2021-05-12,2021-07-14,63,1,CEC,2021-07-10,2021-09-17,69,180,5,1,0,1,0,0,1,1,0,0,0,,1,3,4,1,0,1,3000,0.438,400,18.52,adv_email,Email
SITE-02271,PROTO-B_CARDIO,USA,North America,Cardiology,II,Heart Failure,Biotech,5,9,8,10,0,1,1,PI-024,13,2,3,1,4,971,2.6,2021-02-19,2021-03-15,2023-09-29,2023-11-08,24,928,-40,1,2021,FDA,2020-09-25,2021-02-07,135,0,IRB,2020-11-20,2021-01-06,47,115,2,1,1,1,1,0,0,1,0,1,0,,3,3,6,1,0,1,3950,0.375,400,12.93,adv_email,Email
SITE-02272,PROTO-A_ONCO,USA,North America,Oncology,III,NSCLC,Pharma,8,18,12,15,1,1,1,PI-014,15,4,3,1,6,141,1.4,2022-01-02,2021-12-06,2023-03-23,2023-03-15,-27,472,8,4,2021,FDA,2021-06-18,2021-07-20,32,0,IRB,2021-08-03,2021-11-06,95,125,1,1,1,1,0,1,1,0,0,1,0,,2,4,6,1,0,1,2350,0.567,55,3.5,adv_email,Email
SITE-02273,PROTO-B_CARDIO,Brazil,LATAM,Cardiology,II,Heart Failure,Biotech,5,9,8,10,0,1,1,PI-021,10,2,4,1,4,558,3.1,2023-05-24,2023-08-01,2026-04-20,2026-05-25,69,993,-35,3,2023,Other,2022-09-05,2022-11-11,67,1,CEC,2022-10-09,2023-02-27,141,296,3,1,1,0,1,0,0,0,0,1,0,,2,2,4,1,0,1,1950,0.407,400,12.08,adv_online,Online
SITE-02274,PROTO-A_ONCO,Germany,Europe,Oncology,III,NSCLC,Pharma,8,18,12,15,1,1,1,PI-011,3,0,5,1,4,124,3.1,2023-08-31,2023-11-13,2026-08-30,2026-09-01,74,1021,-2,4,2023,EMA,2023-03-11,2023-06-16,97,1,CEC,2023-03-31,2023-07-28,119,227,2,1,1,1,0,0,0,0,0,0,0,,1,2,3,1,0,1,850,0.574,55,1.62,adv_email,Email
SITE-02275,PROTO-C_NEURO,Spain,Europe,Neurology,II,Alzheimer's,Academic,7,14,10,12,1,0,0,PI-007,11,2,2,1,7,143,2.0,2022-12-06,2023-02-27,2024-12-08,2024-12-03,83,650,5,1,2023,EMA,2022-09-14,2022-12-07,84,1,LEC,2022-10-09,2022-11-24,46,141,0,1,1,0,1,0,0,0,0,1,0,,2,2,4,1,0,1,1950,0.587,52,2.4,adv_community_presentation,Community
SITE-02276,PROTO-A_ONCO,USA,North America,Oncology,III,NSCLC,Pharma,8,18,12,15,1,1,1,PI-017,24,7,2,1,1,158,3.2,2021-04-09,2021-04-13,2024-05-19,2024-05-02,4,1132,17,2,2021,FDA,2020-11-16,2021-01-03,48,0,IRB,2021-01-11,2021-03-24,72,92,3,0,0,1,0,0,0,0,0,0,0,,1,0,1,1,0,1,500,0.568,274,7.26,adv_email,Email
SITE-02277,PROTO-A_ONCO,USA,North America,Oncology,III,NSCLC,Pharma,8,18,12,15,1,1,1,PI-014,14,3,4,1,4,70,3.2,2021-12-04,2022-02-23,2025-04-15,2025-03-28,81,1147,18,1,2022,FDA,2021-09-10,2022-02-10,153,0,IRB,2021-10-04,2021-11-13,40,142,2,0,1,0,0,0,0,0,0,0,0,,0,1,1,0,1,0,150,0.599,41,1.07,adv_pamphlet,Pamphlet
SITE-02278,PROTO-A_ONCO,Japan,Asia,Oncology,III,NSCLC,Pharma,8,18,12,15,1,1,1,PI-014,12,4,1,0,4,88,3.0,2023-09-22,2023-12-04,2026-09-26,2026-09-15,73,1027,11,4,2023,PMDA,2023-05-16,2023-06-25,40,1,CEC,2023-07-11,2023-08-30,50,146,0,1,0,1,0,0,0,0,0,0,0,,1,1,2,1,0,1,700,0.577,53,1.55,adv_email,Email
SITE-02279,PROTO-A_ONCO,Japan,Asia,Oncology,III,NSCLC,Pharma,8,18,12,15,1,1,1,PI-004,18,2,5,1,3,140,1.7,2021-10-20,2021-12-15,2023-04-21,2023-01-30,56,492,81,4,2021,PMDA,2021-04-17,2021-07-22,96,1,CEC,2021-06-01,2021-08-12,72,197,5,0,0,0,0,1,0,0,0,0,0,,0,1,1,0,1,0,300,0.626,58,3.54,adv_newsletter,Newsletter
SITE-02280,PROTO-A_ONCO,Poland,Europe,Oncology,III,NSCLC,Pharma,8,18,12,15,1,1,1,PI-029,13,1,5,1,3,186,3.2,2023-04-18,2023-06-27,2026-07-07,2026-07-19,70,1106,-12,2,2023,EMA,2022-12-16,2023-03-31,105,1,LEC,2023-02-04,2023-03-31,55,143,0,0,1,0,1,0,0,0,0,1,0,,2,1,3,1,0,1,1750,0.556,142,3.85,adv_community_presentation,Community
SITE-02281,PROTO-C_NEURO,USA,North America,Neurology,II,Alzheimer's,Academic,7,14,10,12,1,0,0,PI-012,4,3,4,1,5,116,2.4,2022-10-17,2022-11-24,2025-03-20,2025-03-22,38,847,-2,4,2022,FDA,2022-06-04,2022-09-29,117,0,IRB,2022-07-27,2022-09-25,60,120,1,1,1,0,0,0,0,0,0,1,0,,1,2,3,1,0,0,750,0.572,37,1.31,adv_community_presentation,Community
SITE-02282,PROTO-C_NEURO,India,Asia,Neurology,II,Alzheimer's,Academic,7,14,10,12,1,0,0,PI-012,22,1,4,1,2,100,1.5,2022-01-09,2022-07-11,2023-09-27,2023-09-18,183,443,9,3,2022,Other,2021-09-26,2022-03-22,177,1,LEC,2021-11-03,2021-12-17,44,250,1,1,1,1,0,1,0,0,0,0,0,,1,3,4,1,0,1,1150,0.558,62,4.2,adv_email,Email
SITE-02283,PROTO-C_NEURO,Poland,Europe,Neurology,II,Alzheimer's,Academic,7,14,10,12,1,0,0,PI-011,11,1,5,1,2,70,3.9,2023-09-10,2023-11-14,2027-08-13,2027-08-04,65,1368,9,4,2023,EMA,2023-07-07,2023-09-06,61,1,LEC,2023-07-25,2023-08-26,32,112,0,0,0,1,0,1,0,0,1,1,0,,2,2,4,1,0,1,6200,0.597,61,1.34,adv_community_presentation,Community
SITE-02284,PROTO-B_CARDIO,Germany,Europe,Cardiology,II,Heart Failure,Biotech,5,9,8,10,0,1,1,PI-013,17,4,5,1,5,849,3.7,2022-06-07,2022-09-14,2026-03-06,2026-03-08,99,1269,-2,3,2022,EMA,2022-02-22,2022-07-10,138,1,LEC,2022-03-21,2022-05-26,66,177,1,1,1,1,0,0,0,0,0,0,0,,1,2,3,1,0,1,850,0.521,400,9.46,adv_email,Email
SITE-02285,PROTO-B_CARDIO,UK,Europe,Cardiology,II,Heart Failure,Biotech,5,9,8,10,0,1,1,PI-017,14,2,2,1,5,791,4.0,2022-02-18,2022-05-20,2026-02-16,2026-01-02,91,1368,45,2,2022,MHRA,2021-10-24,2021-12-28,65,1,LEC,2021-12-06,2022-01-27,52,165,2,1,1,0,0,0,0,0,0,0,0,,0,2,2,0,1,0,350,0.442,400,8.77,adv_poster,Poster
SITE-02286,PROTO-B_CARDIO,Japan,Asia,Cardiology,II,Heart Failure,Biotech,5,9,8,10,0,1,1,PI-016,7,4,2,0,9,717,2.2,2023-08-14,2023-10-24,2025-09-02,2025-09-08,71,679,-6,4,2023,PMDA,2022-12-29,2023-06-18,171,1,CEC,2023-02-10,2023-07-01,141,256,0,1,0,1,1,0,0,0,0,0,0,,2,1,3,1,0,1,1900,0.399,225,9.94,adv_email,Email
SITE-02287,PROTO-C_NEURO,UK,Europe,Neurology,II,Alzheimer's,Academic,7,14,10,12,1,0,0,PI-009,21,2,2,1,5,119,2.4,2022-05-23,2022-08-28,2024-10-29,2024-11-21,97,793,-23,3,2022,MHRA,2022-02-28,2022-06-19,111,1,LEC,2022-03-14,2022-05-03,50,167,2,1,1,1,0,0,1,0,0,0,0,,1,3,4,1,0,1,1650,0.489,74,2.8,adv_email,Email
SITE-02288,PROTO-B_CARDIO,USA,North America,Cardiology,II,Heart Failure,Biotech,5,9,8,10,0,1,1,PI-012,18,4,3,1,2,1076,3.4,2023-01-28,2023-04-03,2026-08-02,2026-07-26,65,1217,7,2,2023,FDA,2022-09-23,2023-03-01,159,0,IRB,2022-10-24,2022-12-13,50,161,2,1,0,1,1,0,0,0,0,0,0,,2,1,3,1,0,1,1900,0.407,400,9.86,adv_email,Email
SITE-02289,PROTO-C_NEURO,Germany,Europe,Neurology,II,Alzheimer's,Academic,7,14,10,12,1,0,0,PI-004,10,8,3,1,6,97,3.6,2021-07-01,2021-09-23,2024-12-11,2025-02-02,84,1175,-53,3,2021,EMA,2020-10-22,2021-02-19,120,1,CEC,2020-12-19,2021-04-21,123,278,5,1,1,1,0,0,0,0,0,1,0,,2,2,4,1,0,1,1250,0.562,53,1.35,adv_community_presentation,Community
SITE-02290,PROTO-C_NEURO,Spain,Europe,Neurology,II,Alzheimer's,Academic,7,14,10,12,1,0,0,PI-001,10,4,4,1,4,83,1.8,2023-07-14,2023-09-16,2025-02-12,2025-03-06,64,515,-22,3,2023,EMA,2022-12-13,2023-05-11,149,1,CEC,2023-01-09,2023-05-05,116,250,2,0,0,1,0,0,0,0,0,1,0,,2,0,2,1,0,1,900,0.561,44,2.56,adv_community_presentation,Community
SITE-02291,PROTO-A_ONCO,Japan,Asia,Oncology,III,NSCLC,Pharma,8,18,12,15,1,1,1,PI-003,16,2,1,1,4,181,1.4,2023-07-07,2023-08-26,2024-10-07,2024-09-09,50,408,28,3,2023,PMDA,2023-01-13,2023-02-25,43,1,CEC,2023-02-07,2023-04-28,80,200,3,0,1,0,0,0,0,0,0,0,0,,0,1,1,0,1,0,150,0.47,64,4.71,adv_pamphlet,Pamphlet
SITE-02292,PROTO-A_ONCO,USA,North America,Oncology,III,NSCLC,Pharma,8,18,12,15,1,1,1,PI-026,18,1,3,1,5,224,1.8,2022-11-01,2022-11-15,2024-08-02,2024-09-07,14,626,-36,4,2022,FDA,2022-07-24,2022-11-11,110,0,IRB,2022-08-19,2022-10-11,53,88,2,1,0,0,1,0,0,0,0,0,0,,1,1,2,1,0,1,1400,0.576,90,4.31,adv_online,Online
SITE-02293,PROTO-C_NEURO,Canada,North America,Neurology,II,Alzheimer's,Academic,7,14,10,12,1,0,0,PI-025,13,0,5,1,5,44,4.0,2022-12-23,2023-04-22,2027-03-31,2027-03-02,120,1439,29,2,2023,Other,2022-09-15,2023-03-05,171,0,IRB,2022-10-21,2022-11-30,40,183,1,0,1,0,1,0,0,0,0,0,0,,1,1,2,1,0,1,1350,0.54,25,0.52,adv_online,Online
SITE-02294,PROTO-A_ONCO,Brazil,LATAM,Oncology,III,NSCLC,Pharma,8,18,12,15,1,1,1,PI-023,9,6,4,1,3,157,2.5,2021-03-03,2021-06-13,2023-09-20,2023-09-12,102,829,8,2,2021,Other,2020-11-14,2021-03-01,107,1,LEC,2021-01-06,2021-02-16,41,158,2,0,0,0,0,0,0,0,0,0,0,,0,0,0,0,0,0,0,0.578,61,2.21,none,None
SITE-02295,PROTO-B_CARDIO,Germany,Europe,Cardiology,II,Heart Failure,Biotech,5,9,8,10,0,1,1,PI-029,12,6,2,1,4,1038,2.8,2023-09-02,2023-11-08,2026-05-08,2026-05-09,67,912,-1,4,2023,EMA,2023-04-02,2023-05-08,36,1,CEC,2023-05-23,2023-07-23,61,169,2,1,0,1,0,0,1,0,0,1,0,,2,2,4,1,0,1,1900,0.478,400,13.16,adv_email,Email
SITE-02296,PROTO-A_ONCO,USA,North America,Oncology,III,NSCLC,Pharma,8,18,12,15,1,1,1,PI-028,9,0,1,1,5,260,1.4,2023-08-02,2023-10-03,2025-01-25,2025-02-03,62,480,-9,4,2023,FDA,2023-03-18,2023-09-03,169,0,IRB,2023-05-15,2023-07-09,55,141,3,1,1,0,1,0,1,0,0,1,0,,2,3,5,1,0,1,2750,0.552,82,5.12,adv_community_presentation,Community
SITE-02297,PROTO-A_ONCO,India,Asia,Oncology,III,NSCLC,Pharma,8,18,12,15,1,1,1,PI-022,23,3,4,1,1,126,2.7,2023-03-26,2023-03-22,2025-09-21,2025-10-30,-4,914,-39,1,2023,Other,2022-10-01,2022-11-01,31,1,CEC,2022-11-08,2023-01-05,58,134,2,1,1,1,1,1,1,0,0,0,0,,2,4,6,1,0,1,3150,0.537,202,6.63,adv_email,Email
SITE-02298,PROTO-B_CARDIO,Spain,Europe,Cardiology,II,Heart Failure,Biotech,5,9,8,10,0,1,1,PI-005,24,3,2,1,1,1102,3.9,2023-05-14,2023-08-13,2027-03-18,2027-03-22,91,1313,-4,3,2023,EMA,2022-12-26,2023-03-07,71,1,LEC,2023-02-09,2023-04-18,68,185,1,1,1,1,0,1,0,0,1,1,1,Patient registry outreach,3,4,7,1,0,1,7150,0.416,400,9.14,adv_email,Email
SITE-02299,PROTO-A_ONCO,UK,Europe,Oncology,III,NSCLC,Pharma,8,18,12,15,1,1,1,PI-013,12,2,2,1,5,183,1.7,2023-07-29,2023-11-21,2025-05-20,2025-04-06,115,546,44,4,2023,MHRA,2023-03-21,2023-09-08,171,1,CEC,2023-04-19,2023-06-08,50,216,1,1,1,0,1,1,0,0,0,0,0,,1,3,4,1,0,1,1850,0.645,52,2.86,adv_online,Online
SITE-02300,PROTO-A_ONCO,Brazil,LATAM,Oncology,III,NSCLC,Pharma,8,18,12,15,1,1,1,PI-008,23,1,4,1,5,117,2.3,2022-09-18,2022-12-26,2025-02-15,2025-01-06,99,782,40,4,2022,Other,2022-06-26,2022-09-30,96,1,LEC,2022-08-05,2022-08-31,26,143,2,1,0,1,0,1,0,0,0,0,0,,1,2,3,1,0,1,1000,0.637,55,2.11,adv_email,Email
SITE-02301,PROTO-B_CARDIO,USA,North America,Cardiology,II,Heart Failure,Biotech,5,9,8,10,0,1,1,PI-022,2,4,2,1,3,1165,1.7,2023-03-04,2023-02-03,2024-09-07,2024-09-20,-29,582,-13,1,2023,FDA,2022-08-21,2022-12-15,116,0,IRB,2022-10-09,2023-01-13,96,117,1,1,1,1,1,0,0,0,0,0,0,,2,2,4,1,0,1,2050,0.448,400,20.62,adv_email,Email
SITE-02302,PROTO-C_NEURO,Canada,North America,Neurology,II,Alzheimer's,Academic,7,14,10,12,1,0,0,PI-007,15,4,2,1,7,80,1.5,2021-12-04,2021-11-03,2023-03-27,2023-03-23,-31,509,4,4,2021,Other,2021-06-08,2021-08-11,64,0,CEC,2021-07-02,2021-10-13,103,124,1,1,0,1,0,0,1,0,0,0,0,,1,2,3,1,0,1,1500,0.586,29,1.71,adv_email,Email
SITE-02303,PROTO-B_CARDIO,USA,North America,Cardiology,II,Heart Failure,Biotech,5,9,8,10,0,1,1,PI-020,17,6,4,1,3,1148,3.4,2023-04-22,2023-03-20,2026-06-23,2026-05-25,-33,1191,29,1,2023,FDA,2022-09-20,2022-12-14,85,0,CEC,2022-10-13,2023-01-31,110,158,2,0,1,1,0,0,0,0,0,0,0,,1,1,2,1,0,1,650,0.406,400,10.08,adv_email,Email
SITE-02304,PROTO-A_ONCO,India,Asia,Oncology,III,NSCLC,Pharma,8,18,12,15,1,1,1,PI-011,5,1,1,1,4,138,3.3,2021-12-12,2021-12-25,2025-02-16,2025-04-28,13,1149,-71,4,2021,Other,2021-08-08,2021-09-17,40,1,LEC,2021-10-02,2021-11-12,41,84,2,1,0,1,1,0,1,0,0,0,0,,2,2,4,1,0,1,2700,0.622,53,1.38,adv_email,Email
SITE-02305,PROTO-B_CARDIO,India,Asia,Cardiology,II,Heart Failure,Biotech,5,9,8,10,0,1,1,PI-021,4,6,2,1,5,1003,1.9,2021-08-04,2022-02-19,2023-10-24,2023-12-10,199,612,-47,1,2022,Other,2021-05-21,2021-10-20,152,1,LEC,2021-06-16,2021-07-09,23,248,3,1,1,0,0,1,0,0,0,0,0,,0,3,3,0,1,0,650,0.454,400,19.61,adv_newsletter,Newsletter
SITE-02306,PROTO-C_NEURO,Germany,Europe,Neurology,II,Alzheimer's,Academic,7,14,10,12,1,0,0,PI-012,8,4,4,1,5,117,3.6,2022-04-24,2022-06-08,2025-09-23,2025-09-17,45,1203,6,2,2022,EMA,2021-10-12,2022-01-06,86,1,CEC,2021-11-05,2022-01-29,85,215,2,1,1,0,0,0,0,0,0,0,0,,0,2,2,0,1,0,350,0.599,65,1.62,adv_poster,Poster
SITE-02307,PROTO-C_NEURO,USA,North America,Neurology,II,Alzheimer's,Academic,7,14,10,12,1,0,0,PI-028,5,7,5,1,6,161,1.3,2022-02-27,2022-03-20,2023-05-11,2023-06-02,21,417,-22,1,2022,FDA,2021-09-02,2021-10-08,36,0,CEC,2021-09-13,2022-01-08,117,188,2,1,0,1,1,0,0,0,0,0,0,,2,1,3,1,0,1,1900,0.523,69,4.96,adv_email,Email
SITE-02308,PROTO-B_CARDIO,Japan,Asia,Cardiology,II,Heart Failure,Biotech,5,9,8,10,0,1,1,PI-011,17,3,1,1,7,1041,2.4,2023-01-30,2023-05-20,2025-07-29,2025-07-12,110,801,17,2,2023,PMDA,2022-10-29,2023-01-31,94,1,LEC,2022-11-23,2022-12-24,31,178,3,1,1,0,1,0,1,0,0,1,0,,2,3,5,1,0,1,2750,0.408,400,14.98,adv_online,Online
SITE-02309,PROTO-C_NEURO,Germany,Europe,Neurology,II,Alzheimer's,Academic,7,14,10,12,1,0,0,PI-003,3,6,1,1,2,112,1.5,2021-10-05,2021-11-29,2023-02-10,2023-01-23,55,438,18,4,2021,EMA,2021-03-05,2021-04-15,41,1,CEC,2021-05-03,2021-08-29,118,210,2,1,0,0,0,1,0,0,0,0,0,,0,2,2,0,1,0,500,0.589,56,3.84,adv_newsletter,Newsletter
SITE-02310,PROTO-A_ONCO,USA,North America,Oncology,III,NSCLC,Pharma,8,18,12,15,1,1,1,PI-021,12,2,3,1,3,20,2.8,2021-03-14,2021-03-12,2023-11-18,2023-11-17,-2,981,1,1,2021,FDA,2020-09-22,2020-12-05,74,0,IRB,2020-11-01,2021-01-24,84,131,3,1,1,0,0,0,0,0,1,0,1,Patient registry outreach,1,3,4,1,0,0,5950,0.542,11,0.34,adv_other,Other
SITE-02311,PROTO-C_NEURO,Poland,Europe,Neurology,II,Alzheimer's,Academic,7,14,10,12,1,0,0,PI-006,19,0,1,1,5,66,2.2,2021-11-19,2022-01-26,2023-12-26,2023-12-26,68,699,0,1,2022,EMA,2021-08-15,2021-10-22,68,1,LEC,2021-09-30,2021-10-21,21,118,3,1,1,1,1,1,0,0,0,0,0,,2,3,5,1,0,1,2350,0.558,27,1.16,adv_email,Email
SITE-02312,PROTO-A_ONCO,Brazil,LATAM,Oncology,III,NSCLC,Pharma,8,18,12,15,1,1,1,PI-028,11,3,2,1,3,180,1.4,2021-01-22,2021-07-08,2022-08-23,2022-08-24,167,411,-1,3,2021,Other,2020-11-09,2021-04-06,148,1,LEC,2020-11-23,2021-01-12,50,227,2,1,0,1,0,1,1,0,0,0,0,,1,3,4,1,0,1,1800,0.636,58,4.23,adv_email,Email
SITE-02313,PROTO-B_CARDIO,Japan,Asia,Cardiology,II,Heart Failure,Biotech,5,9,8,10,0,1,1,PI-010,3,3,5,1,3,1186,2.5,2022-10-09,2023-03-19,2025-06-02,2025-05-04,161,806,29,1,2023,PMDA,2022-07-12,2022-11-14,125,1,LEC,2022-08-01,2022-08-31,30,230,4,0,1,1,0,0,1,1,0,0,0,,1,3,4,1,0,1,2950,0.325,400,14.89,adv_email,Email
SITE-02314,PROTO-C_NEURO,Japan,Asia,Neurology,II,Alzheimer's,Academic,7,14,10,12,1,0,0,PI-015,11,0,4,1,5,60,1.7,2021-02-22,2021-04-17,2022-10-22,2022-10-07,54,553,15,2,2021,PMDA,2020-10-11,2021-02-09,121,1,LEC,2020-11-30,2021-01-21,52,138,0,1,0,0,0,0,0,0,0,1,1,Patient registry outreach,2,1,3,1,0,0,1200,0.495,19,1.03,adv_community_presentation,Community
SITE-02315,PROTO-B_CARDIO,Poland,Europe,Cardiology,II,Heart Failure,Biotech,5,9,8,10,0,1,1,PI-013,21,2,1,1,5,1251,3.3,2023-09-25,2023-12-27,2027-01-17,2027-01-07,93,1117,10,4,2023,EMA,2023-05-20,2023-09-24,127,1,CEC,2023-07-12,2023-09-04,54,168,2,1,1,1,1,0,0,1,0,0,0,,2,3,5,1,0,1,3550,0.382,400,10.74,adv_email,Email
SITE-02316,PROTO-C_NEURO,Brazil,LATAM,Neurology,II,Alzheimer's,Academic,7,14,10,12,1,0,0,PI-026,10,4,5,1,2,79,2.3,2021-08-02,2021-12-09,2023-12-18,2023-12-26,129,739,-8,4,2021,Other,2021-03-14,2021-08-20,159,1,LEC,2021-05-08,2021-07-08,61,215,3,1,1,0,1,0,0,0,0,1,0,,2,2,4,1,0,1,1950,0.548,75,3.04,adv_community_presentation,Community
SITE-02317,PROTO-B_CARDIO,Poland,Europe,Cardiology,II,Heart Failure,Biotech,5,9,8,10,0,1,1,PI-014,13,5,3,0,2,1220,3.2,2021-12-16,2022-02-02,2025-01-14,2024-12-11,48,1077,34,1,2022,EMA,2021-07-22,2021-10-26,96,1,CEC,2021-09-12,2021-11-10,59,143,0,1,1,0,0,0,0,0,0,0,0,,0,2,2,0,1,0,350,0.43,400,11.14,adv_poster,Poster
SITE-02318,PROTO-A_ONCO,Spain,Europe,Oncology,III,NSCLC,Pharma,8,18,12,15,1,1,1,PI-002,18,3,1,1,4,113,3.1,2022-06-09,2022-08-01,2025-06-14,2025-06-05,53,1048,9,3,2022,EMA,2022-03-06,2022-05-07,62,1,CEC,2022-03-30,2022-05-18,49,124,3,1,0,1,0,0,0,0,0,0,0,,1,1,2,1,0,1,700,0.527,105,3.01,adv_email,Email
SITE-02319,PROTO-A_ONCO,Spain,Europe,Oncology,III,NSCLC,Pharma,8,18,12,15,1,1,1,PI-001,14,5,4,1,1,211,2.8,2021-03-30,2021-07-14,2024-02-28,2024-02-07,106,959,21,3,2021,EMA,2021-01-23,2021-05-20,117,1,LEC,2021-02-12,2021-03-18,34,152,4,1,1,0,1,0,0,0,0,0,0,,1,2,3,1,0,1,1550,0.612,184,5.76,adv_online,Online
SITE-02320,PROTO-C_NEURO,Australia,APAC,Neurology,II,Alzheimer's,Academic,7,14,10,12,1,0,0,PI-029,10,4,4,1,3,179,1.2,2021-01-17,2021-05-30,2022-05-16,2022-05-06,133,351,10,2,2021,Other,2020-09-29,2020-12-28,90,1,LEC,2020-11-21,2021-01-07,47,190,2,1,1,0,0,0,0,0,0,1,0,,1,2,3,1,0,0,750,0.589,85,7.26,adv_community_presentation,Community
SITE-02321,PROTO-B_CARDIO,USA,North America,Cardiology,II,Heart Failure,Biotech,5,9,8,10,0,1,1,PI-017,12,2,2,0,1,1086,3.9,2021-06-23,2021-07-21,2025-05-23,2025-05-21,28,1402,2,3,2021,FDA,2021-02-12,2021-04-07,54,0,IRB,2021-04-03,2021-05-28,55,109,1,0,1,0,0,0,0,0,0,0,0,,0,1,1,0,1,0,150,0.449,400,8.56,adv_pamphlet,Pamphlet
SITE-02322,PROTO-B_CARDIO,Spain,Europe,Cardiology,II,Heart Failure,Biotech,5,9,8,10,0,1,1,PI-021,13,5,4,1,5,1048,3.5,2022-01-10,2022-02-27,2025-06-23,2025-07-06,48,1212,-13,1,2022,EMA,2021-08-24,2022-01-03,132,1,LEC,2021-10-22,2021-12-26,65,128,0,0,1,1,0,0,1,0,0,0,0,,1,2,3,1,0,1,1450,0.467,400,9.9,adv_email,Email
SITE-02323,PROTO-B_CARDIO,USA,North America,Cardiology,II,Heart Failure,Biotech,5,9,8,10,0,1,1,PI-010,13,2,1,1,9,944,2.7,2021-07-06,2021-08-06,2024-03-04,2024-05-08,31,941,-65,3,2021,FDA,2021-02-13,2021-03-18,33,0,IRB,2021-04-02,2021-05-25,53,126,3,1,1,1,0,0,1,1,0,0,0,,1,4,5,1,0,1,3150,0.465,400,12.75,adv_email,Email
SITE-02324,PROTO-B_CARDIO,UK,Europe,Cardiology,II,Heart Failure,Biotech,5,9,8,10,0,1,1,PI-012,14,4,2,1,7,921,2.3,2021-04-04,2021-06-30,2023-06-17,2023-07-27,87,717,-40,2,2021,MHRA,2020-11-04,2021-01-12,69,1,CEC,2020-12-11,2021-03-02,81,201,2,1,1,0,1,0,0,0,0,0,0,,1,2,3,1,0,1,1550,0.383,400,16.74,adv_online,Online
SITE-02325,PROTO-B_CARDIO,Germany,Europe,Cardiology,II,Heart Failure,Biotech,5,9,8,10,0,1,1,PI-007,2,5,5,1,6,979,2.0,2022-06-27,2022-09-16,2024-07-17,2024-09-04,81,670,-49,3,2022,EMA,2022-02-08,2022-06-25,137,1,CEC,2022-03-09,2022-05-10,62,191,1,1,0,0,1,1,0,0,1,0,0,,1,3,4,1,0,1,6700,0.368,369,16.52,adv_online,Online
SITE-02326,PROTO-B_CARDIO,USA,North America,Cardiology,II,Heart Failure,Biotech,5,9,8,10,0,1,1,PI-002,20,3,1,0,2,940,2.3,2021-11-09,2021-11-12,2024-01-31,2024-03-16,3,810,-45,4,2021,FDA,2021-05-27,2021-08-17,82,0,IRB,2021-07-25,2021-10-08,75,110,1,1,0,1,0,0,0,0,0,0,1,Patient registry outreach,2,1,3,1,0,1,1300,0.42,400,14.81,adv_email,Email
SITE-02327,PROTO-C_NEURO,UK,Europe,Neurology,II,Alzheimer's,Academic,7,14,10,12,1,0,0,PI-027,7,2,4,1,4,50,3.4,2021-11-03,2022-06-04,2025-08-05,2025-08-22,213,1158,-17,2,2022,MHRA,2021-09-08,2022-02-14,159,1,LEC,2021-09-19,2021-10-24,35,258,0,1,1,0,0,0,0,1,0,1,0,,1,3,4,1,0,0,2250,0.539,32,0.83,adv_community_presentation,Community
SITE-02328,PROTO-C_NEURO,Germany,Europe,Neurology,II,Alzheimer's,Academic,7,14,10,12,1,0,0,PI-028,24,3,1,1,6,69,3.2,2022-08-27,2023-01-26,2025-12-26,2025-12-28,152,1065,-2,1,2023,EMA,2022-04-12,2022-09-30,171,1,CEC,2022-05-10,2022-07-13,64,261,1,1,1,1,1,0,1,0,0,0,0,,2,3,5,1,0,1,2850,0.525,43,1.21,adv_email,Email
SITE-02329,PROTO-A_ONCO,India,Asia,Oncology,III,NSCLC,Pharma,8,18,12,15,1,1,1,PI-006,9,1,2,1,1,117,3.4,2021-09-16,2021-12-21,2025-01-14,2024-12-24,96,1120,21,4,2021,Other,2021-04-08,2021-09-30,175,1,CEC,2021-04-21,2021-08-23,124,244,3,1,1,1,0,0,0,0,0,0,0,,1,2,3,1,0,1,850,0.573,96,2.57,adv_email,Email
SITE-02330,PROTO-B_CARDIO,India,Asia,Cardiology,II,Heart Failure,Biotech,5,9,8,10,0,1,1,PI-020,3,2,4,1,5,921,1.8,2021-04-10,2021-05-03,2023-01-04,2023-02-13,23,611,-40,2,2021,Other,2020-12-05,2021-01-31,57,1,LEC,2021-01-29,2021-03-01,31,94,0,1,1,0,0,0,0,0,0,0,0,,0,2,2,0,1,0,350,0.398,400,19.64,adv_poster,Poster
SITE-02331,PROTO-B_CARDIO,India,Asia,Cardiology,II,Heart Failure,Biotech,5,9,8,10,0,1,1,PI-029,20,8,5,1,5,1020,2.7,2022-02-02,2022-02-13,2024-07-25,2024-07-08,11,893,17,1,2022,Other,2021-07-08,2021-08-13,36,1,CEC,2021-09-02,2021-11-11,70,164,2,1,0,1,0,0,0,0,0,0,0,,1,1,2,1,0,1,700,0.487,400,13.44,adv_email,Email
SITE-02332,PROTO-B_CARDIO,Brazil,LATAM,Cardiology,II,Heart Failure,Biotech,5,9,8,10,0,1,1,PI-008,4,3,5,1,5,1064,3.1,2021-01-16,2021-07-02,2024-04-17,2024-04-11,167,1020,6,3,2021,Other,2020-09-01,2021-02-23,175,1,CEC,2020-09-12,2020-12-19,98,293,1,0,1,1,1,0,0,0,0,1,0,,3,1,4,1,0,1,2250,0.455,400,11.76,adv_email,Email
SITE-02333,PROTO-C_NEURO,Canada,North America,Neurology,II,Alzheimer's,Academic,7,14,10,12,1,0,0,PI-019,21,3,1,1,3,137,2.1,2023-01-11,2023-03-27,2025-04-03,2025-04-15,75,738,-12,1,2023,Other,2022-08-31,2023-02-11,164,0,IRB,2022-09-26,2022-12-08,73,182,1,1,1,0,0,0,1,0,0,0,0,,0,3,3,0,1,0,1150,0.568,106,4.31,adv_poster,Poster
SITE-02334,PROTO-B_CARDIO,Japan,Asia,Cardiology,II,Heart Failure,Biotech,5,9,8,10,0,1,1,PI-016,5,1,5,1,5,936,3.0,2022-02-06,2022-05-08,2025-01-02,2025-01-09,91,970,-7,2,2022,PMDA,2021-08-25,2021-11-27,94,1,CEC,2021-10-06,2022-01-16,102,214,4,0,1,1,1,0,0,0,0,1,0,,3,1,4,1,0,1,2250,0.417,400,12.37,adv_email,Email
SITE-02335,PROTO-A_ONCO,Germany,Europe,Oncology,III,NSCLC,Pharma,8,18,12,15,1,1,1,PI-013,9,3,5,1,4,185,3.7,2022-02-13,2022-06-06,2025-11-01,2025-10-15,113,1244,17,2,2022,EMA,2021-09-09,2021-11-29,81,1,CEC,2021-10-30,2022-01-15,77,219,2,1,1,0,0,0,0,0,0,0,0,,0,2,2,0,1,0,350,0.558,125,3.01,adv_poster,Poster
SITE-02336,PROTO-B_CARDIO,Poland,Europe,Cardiology,II,Heart Failure,Biotech,5,9,8,10,0,1,1,PI-004,11,2,1,1,4,1223,3.2,2021-05-22,2021-09-20,2024-08-23,2024-07-30,121,1068,24,3,2021,EMA,2021-02-24,2021-05-15,80,1,LEC,2021-03-06,2021-04-08,33,198,4,0,1,1,0,1,0,0,0,1,0,,2,2,4,1,0,1,1350,0.433,400,11.24,adv_email,Email
SITE-02337,PROTO-C_NEURO,India,Asia,Neurology,II,Alzheimer's,Academic,7,14,10,12,1,0,0,PI-003,21,2,1,1,4,71,2.0,2023-06-29,2023-12-13,2025-09-11,2025-08-18,167,638,24,4,2023,Other,2023-03-09,2023-08-19,163,1,LEC,2023-04-20,2023-06-07,48,237,4,1,1,0,0,0,0,0,0,0,0,,0,2,2,0,1,0,350,0.573,37,1.74,adv_poster,Poster
SITE-02338,PROTO-A_ONCO,USA,North America,Oncology,III,NSCLC,Pharma,8,18,12,15,1,1,1,PI-025,11,0,4,1,4,212,3.5,2023-08-08,2023-07-07,2026-12-13,2026-10-09,-32,1255,65,3,2023,FDA,2023-04-11,2023-07-31,111,0,CEC,2023-05-01,2023-06-24,54,67,1,1,1,0,0,0,0,0,0,0,0,,0,2,2,0,1,0,350,0.548,143,3.42,adv_poster,Poster
SITE-02339,PROTO-C_NEURO,Japan,Asia,Neurology,II,Alzheimer's,Academic,7,14,10,12,1,0,0,PI-017,9,1,5,0,5,69,3.8,2023-02-24,2023-04-14,2026-10-09,2026-10-12,49,1274,-3,2,2023,PMDA,2022-08-17,2022-10-31,75,1,CEC,2022-09-13,2023-01-04,113,213,2,1,1,0,0,0,1,0,0,1,0,,1,3,4,1,0,0,1550,0.607,38,0.89,adv_community_presentation,Community
SITE-02340,PROTO-B_CARDIO,USA,North America,Cardiology,II,Heart Failure,Biotech,5,9,8,10,0,1,1,PI-015,13,3,3,1,4,1021,2.4,2021-06-13,2021-06-08,2023-10-06,2023-10-06,-5,850,0,2,2021,FDA,2021-02-06,2021-04-15,68,0,IRB,2021-03-22,2021-05-11,50,78,2,0,1,0,0,0,0,0,0,0,0,,0,1,1,0,1,0,150,0.305,400,14.12,adv_pamphlet,Pamphlet
SITE-02341,PROTO-C_NEURO,Germany,Europe,Neurology,II,Alzheimer's,Academic,7,14,10,12,1,0,0,PI-004,21,3,2,1,2,71,2.8,2022-03-14,2022-04-17,2024-10-22,2024-10-19,34,919,3,2,2022,EMA,2021-09-08,2022-01-23,137,1,CEC,2021-10-30,2022-01-26,88,169,4,0,1,0,0,1,0,0,0,0,1,Patient registry outreach,1,2,3,1,0,0,1050,0.57,57,1.86,adv_other,Other
SITE-02342,PROTO-A_ONCO,Spain,Europe,Oncology,III,NSCLC,Pharma,8,18,12,15,1,1,1,PI-021,9,2,1,1,3,171,1.4,2021-12-27,2022-01-24,2023-03-27,2023-04-17,28,427,-21,1,2022,EMA,2021-05-31,2021-08-26,87,1,CEC,2021-07-09,2021-10-28,111,199,2,0,1,1,1,0,0,0,0,0,0,,2,1,3,1,0,1,1850,0.569,82,5.76,adv_email,Email
SITE-02343,PROTO-A_ONCO,Brazil,LATAM,Oncology,III,NSCLC,Pharma,8,18,12,15,1,1,1,PI-013,24,1,3,1,3,142,1.7,2021-11-11,2022-04-28,2023-11-02,2023-11-08,168,553,-6,2,2022,Other,2021-09-21,2022-02-03,135,1,LEC,2021-10-02,2021-10-29,27,208,0,0,0,0,1,1,1,0,0,0,0,,1,2,3,1,0,1,2300,0.496,106,5.75,adv_online,Online
SITE-02344,PROTO-A_ONCO,USA,North America,Oncology,III,NSCLC,Pharma,8,18,12,15,1,1,1,PI-003,10,2,3,1,3,113,1.1,2023-09-19,2023-10-25,2024-11-04,2024-11-02,36,376,2,4,2023,FDA,2023-06-10,2023-07-21,41,0,IRB,2023-08-03,2023-09-03,31,83,3,1,0,1,0,0,0,0,0,0,0,,1,1,2,1,0,1,700,0.509,53,4.23,adv_email,Email
SITE-02345,PROTO-B_CARDIO,UK,Europe,Cardiology,II,Heart Failure,Biotech,5,9,8,10,0,1,1,PI-012,18,4,4,1,5,957,2.2,2023-02-08,2023-04-16,2025-03-01,2025-03-18,67,685,-17,2,2023,MHRA,2022-09-24,2022-11-19,56,1,LEC,2022-10-25,2022-12-29,65,173,5,1,1,1,0,0,1,1,0,1,0,,2,4,6,1,0,1,3550,0.392,400,17.52,adv_email,Email
SITE-02346,PROTO-B_CARDIO,Japan,Asia,Cardiology,II,Heart Failure,Biotech,5,9,8,10,0,1,1,PI-020,18,4,1,1,3,1039,2.1,2023-06-12,2023-09-19,2025-07-31,2025-07-27,99,681,4,3,2023,PMDA,2023-03-06,2023-04-09,34,1,LEC,2023-03-29,2023-05-17,49,174,1,1,1,0,1,0,0,0,1,1,0,,2,3,5,1,0,1,6950,0.329,400,17.62,adv_online,Online
SITE-02347,PROTO-C_NEURO,USA,North America,Neurology,II,Alzheimer's,Academic,7,14,10,12,1,0,0,PI-011,14,1,5,0,2,93,1.8,2022-07-06,2022-09-01,2024-05-28,2024-04-19,57,635,39,3,2022,FDA,2022-04-28,2022-07-26,89,0,IRB,2022-05-12,2022-06-19,38,112,2,1,0,1,0,0,0,0,0,0,0,,1,1,2,1,0,1,700,0.506,70,3.31,adv_email,Email
SITE-02348,PROTO-C_NEURO,USA,North America,Neurology,II,Alzheimer's,Academic,7,14,10,12,1,0,0,PI-025,18,4,2,1,9,55,2.3,2022-07-20,2022-08-15,2024-09-24,2024-11-09,26,771,-46,3,2022,FDA,2022-03-09,2022-06-24,107,0,CEC,2022-04-02,2022-06-10,69,135,5,1,1,1,1,0,1,0,0,0,0,,2,3,5,1,0,1,2850,0.549,22,0.86,adv_email,Email
SITE-02349,PROTO-B_CARDIO,Australia,APAC,Cardiology,II,Heart Failure,Biotech,5,9,8,10,0,1,1,PI-008,7,0,5,1,6,1059,1.7,2021-07-21,2021-10-18,2023-04-11,2023-04-08,89,540,3,4,2021,Other,2021-04-25,2021-06-26,62,1,LEC,2021-06-01,2021-06-25,24,139,1,1,1,0,0,0,0,0,1,0,0,,0,3,3,0,1,0,5350,0.433,375,20.83,adv_poster,Poster
SITE-02350,PROTO-B_CARDIO,Poland,Europe,Cardiology,II,Heart Failure,Biotech,5,9,8,10,0,1,1,PI-029,16,2,4,1,6,1119,1.1,2022-06-06,2022-07-12,2023-06-03,2023-05-18,36,326,16,3,2022,EMA,2022-01-10,2022-03-21,70,1,CEC,2022-03-07,2022-05-01,55,127,4,0,1,1,1,1,0,0,0,0,0,,2,2,4,1,0,1,2150,0.438,400,36.81,adv_email,Email
SITE-02351,PROTO-A_ONCO,Brazil,LATAM,Oncology,III,NSCLC,Pharma,8,18,12,15,1,1,1,PI-006,24,4,1,1,7,109,2.9,2023-08-16,2023-12-11,2026-09-10,2026-08-27,117,1004,14,4,2023,Other,2023-04-05,2023-09-12,160,1,LEC,2023-05-31,2023-07-26,56,194,1,1,1,1,0,0,0,0,0,0,0,,1,2,3,1,0,1,850,0.531,65,1.94,adv_email,Email
SITE-02352,PROTO-B_CARDIO,Australia,APAC,Cardiology,II,Heart Failure,Biotech,5,9,8,10,0,1,1,PI-001,6,3,5,1,6,874,3.9,2023-06-08,2023-09-01,2027-06-05,2027-05-20,85,1373,16,3,2023,Other,2022-12-29,2023-06-11,164,1,CEC,2023-01-21,2023-03-14,52,223,0,1,0,0,0,1,1,0,1,0,0,,0,4,4,0,1,0,6300,0.38,400,8.74,adv_newsletter,Newsletter
SITE-02353,PROTO-A_ONCO,Germany,Europe,Oncology,III,NSCLC,Pharma,8,18,12,15,1,1,1,PI-005,15,5,4,1,4,137,2.3,2022-05-19,2022-06-25,2024-07-22,2024-08-09,37,758,-18,2,2022,EMA,2021-11-06,2022-02-19,105,1,CEC,2021-12-12,2022-04-15,124,195,1,1,1,0,0,0,0,0,0,0,0,,0,2,2,0,1,0,350,0.651,58,2.3,adv_poster,Poster
SITE-02354,PROTO-B_CARDIO,UK,Europe,Cardiology,II,Heart Failure,Biotech,5,9,8,10,0,1,1,PI-016,23,2,4,1,4,1195,3.4,2022-01-16,2022-03-06,2025-04-09,2025-02-08,49,1130,60,1,2022,MHRA,2021-06-25,2021-11-21,149,1,CEC,2021-07-24,2021-11-16,115,225,0,1,1,1,1,0,1,0,0,0,0,,2,3,5,1,0,1,2850,0.428,400,10.62,adv_email,Email
SITE-02355,PROTO-A_ONCO,Japan,Asia,Oncology,III,NSCLC,Pharma,8,18,12,15,1,1,1,PI-025,18,0,1,1,1,26,1.1,2021-10-02,2021-12-12,2022-09-19,2022-09-29,71,281,-10,4,2021,PMDA,2021-03-16,2021-05-10,55,1,CEC,2021-04-12,2021-09-05,146,244,0,1,1,0,0,0,0,0,1,0,0,,0,3,3,0,1,0,5350,0.574,9,0.96,adv_poster,Poster
SITE-02356,PROTO-A_ONCO,Germany,Europe,Oncology,III,NSCLC,Pharma,8,18,12,15,1,1,1,PI-008,20,1,4,1,3,160,1.5,2021-02-25,2021-04-27,2022-06-14,2022-05-30,61,413,15,2,2021,EMA,2020-06-18,2020-10-12,116,1,CEC,2020-07-20,2020-12-04,137,281,2,0,1,0,0,0,0,0,0,1,1,Patient registry outreach,2,1,3,1,0,0,1150,0.505,90,6.54,adv_community_presentation,Community
SITE-02357,PROTO-B_CARDIO,Germany,Europe,Cardiology,II,Heart Failure,Biotech,5,9,8,10,0,1,1,PI-014,8,4,3,1,3,924,3.1,2022-08-01,2023-02-16,2025-11-30,2025-12-12,199,1018,-12,1,2023,EMA,2022-04-12,2022-09-07,148,1,LEC,2022-06-06,2022-07-09,33,255,4,1,1,1,1,0,0,0,0,1,0,,3,2,5,1,0,1,2450,0.377,400,11.79,adv_email,Email
SITE-02358,PROTO-B_CARDIO,USA,North America,Cardiology,II,Heart Failure,Biotech,5,9,8,10,0,1,1,PI-002,18,3,2,1,7,811,3.3,2021-09-13,2021-10-10,2024-12-27,2025-01-05,27,1174,-9,4,2021,FDA,2021-04-21,2021-10-02,164,0,IRB,2021-05-29,2021-08-10,73,134,2,1,1,0,0,1,0,0,0,0,0,,0,3,3,0,1,0,650,0.44,400,10.22,adv_newsletter,Newsletter
SITE-02359,PROTO-C_NEURO,Canada,North America,Neurology,II,Alzheimer's,Academic,7,14,10,12,1,0,0,PI-013,2,2,2,1,1,103,3.0,2021-05-25,2021-08-12,2024-05-11,2024-04-12,79,1003,29,3,2021,Other,2020-11-29,2021-05-13,165,0,IRB,2020-12-29,2021-03-28,89,226,7,1,1,0,1,0,0,0,0,1,1,Patient registry outreach,3,2,5,1,0,1,2550,0.616,83,2.48,adv_community_presentation,Community
SITE-02360,PROTO-C_NEURO,Poland,Europe,Neurology,II,Alzheimer's,Academic,7,14,10,12,1,0,0,PI-005,21,1,1,1,0,129,1.7,2022-08-31,2022-11-22,2024-05-03,2024-04-02,83,528,31,4,2022,EMA,2022-03-08,2022-08-12,157,1,CEC,2022-05-05,2022-06-29,55,201,4,0,1,0,0,0,0,0,0,0,0,,0,1,1,0,1,0,150,0.556,131,7.44,adv_pamphlet,Pamphlet
SITE-02361,PROTO-C_NEURO,UK,Europe,Neurology,II,Alzheimer's,Academic,7,14,10,12,1,0,0,PI-019,23,1,3,1,7,74,1.7,2021-09-12,2021-11-30,2023-04-29,2023-06-22,79,515,-54,4,2021,MHRA,2021-04-07,2021-05-25,48,1,CEC,2021-04-29,2021-08-08,101,215,2,1,1,0,0,0,0,0,1,0,0,,0,3,3,0,1,0,5350,0.593,25,1.46,adv_poster,Poster
SITE-02362,PROTO-B_CARDIO,USA,North America,Cardiology,II,Heart Failure,Biotech,5,9,8,10,0,1,1,PI-003,14,4,1,1,2,731,2.9,2022-10-09,2022-11-07,2025-08-18,2025-10-13,29,1015,-56,4,2022,FDA,2022-04-15,2022-08-22,129,0,IRB,2022-05-31,2022-09-02,94,160,3,1,0,1,1,1,0,0,0,1,0,,3,2,5,1,0,1,2600,0.41,400,11.82,adv_email,Email
SITE-02363,PROTO-C_NEURO,Germany,Europe,Neurology,II,Alzheimer's,Academic,7,14,10,12,1,0,0,PI-023,10,1,2,1,5,69,1.9,2021-11-14,2022-04-17,2023-11-19,2023-11-30,154,581,-11,2,2022,EMA,2021-07-14,2021-12-16,155,1,CEC,2021-08-24,2021-10-23,60,236,4,1,0,0,1,0,0,0,0,1,1,Patient registry outreach,3,1,4,1,0,1,2400,0.524,31,1.6,adv_community_presentation,Community
SITE-02364,PROTO-C_NEURO,Japan,Asia,Neurology,II,Alzheimer's,Academic,7,14,10,12,1,0,0,PI-004,18,4,2,1,4,67,2.4,2022-12-03,2023-02-15,2025-02-20,2025-03-17,74,736,-25,1,2023,PMDA,2022-04-16,2022-09-18,155,1,CEC,2022-05-28,2022-10-18,143,263,2,1,0,1,0,0,0,0,0,0,0,,1,1,2,1,0,1,700,0.571,62,2.53,adv_email,Email
SITE-02365,PROTO-A_ONCO,India,Asia,Oncology,III,NSCLC,Pharma,8,18,12,15,1,1,1,PI-001,8,5,1,1,4,313,3.2,2022-08-16,2023-01-27,2025-12-07,2026-01-07,164,1045,-31,1,2023,Other,2022-04-17,2022-09-27,163,1,CEC,2022-04-27,2022-07-24,88,275,2,1,1,1,0,0,0,1,0,0,0,,1,3,4,1,0,1,2350,0.553,217,6.23,adv_email,Email
SITE-02366,PROTO-B_CARDIO,Brazil,LATAM,Cardiology,II,Heart Failure,Biotech,5,9,8,10,0,1,1,PI-008,3,3,4,1,5,738,2.9,2023-03-31,2023-06-24,2026-03-16,2026-03-19,85,996,-3,2,2023,Other,2023-01-18,2023-04-21,93,1,LEC,2023-02-07,2023-03-09,30,137,3,1,1,0,1,0,0,0,0,0,1,Patient registry outreach,2,2,4,1,0,1,2150,0.409,400,12.05,adv_online,Online
SITE-02367,PROTO-C_NEURO,USA,North America,Neurology,II,Alzheimer's,Academic,7,14,10,12,1,0,0,PI-020,21,2,2,1,7,103,1.0,2022-08-08,2022-07-23,2023-06-20,2023-07-26,-16,332,-36,3,2022,FDA,2022-03-10,2022-06-07,89,0,IRB,2022-04-01,2022-06-17,77,113,2,1,1,0,1,0,0,0,0,0,0,,1,2,3,1,0,1,1550,0.555,34,3.07,adv_online,Online
SITE-02368,PROTO-A_ONCO,Australia,APAC,Oncology,III,NSCLC,Pharma,8,18,12,15,1,1,1,PI-029,14,0,5,1,1,179,1.7,2022-04-17,2022-07-11,2023-11-04,2023-10-24,85,481,11,3,2022,Other,2021-10-20,2022-02-05,108,1,CEC,2021-11-25,2022-03-16,111,228,2,1,1,0,1,0,0,0,0,0,0,,1,2,3,1,0,1,1550,0.622,101,6.3,adv_online,Online
SITE-02369,PROTO-B_CARDIO,Germany,Europe,Cardiology,II,Heart Failure,Biotech,5,9,8,10,0,1,1,PI-021,24,4,3,1,5,771,1.3,2022-02-15,2022-05-01,2023-06-03,2023-04-25,75,398,39,2,2022,EMA,2021-09-19,2022-01-26,129,1,CEC,2021-10-12,2021-12-21,70,201,0,1,1,0,0,0,0,0,0,0,0,,0,2,2,0,1,0,350,0.351,400,30.15,adv_poster,Poster
SITE-02370,PROTO-A_ONCO,Japan,Asia,Oncology,III,NSCLC,Pharma,8,18,12,15,1,1,1,PI-024,4,4,4,1,4,196,3.8,2022-08-30,2022-08-29,2026-03-28,2026-03-29,-1,1307,-1,3,2022,PMDA,2021-12-29,2022-04-18,110,1,CEC,2022-02-14,2022-07-06,142,196,0,0,1,0,0,1,0,0,0,0,0,,0,2,2,0,1,0,450,0.615,91,2.09,adv_newsletter,Newsletter
SITE-02371,PROTO-B_CARDIO,USA,North America,Cardiology,II,Heart Failure,Biotech,5,9,8,10,0,1,1,PI-023,7,2,2,1,6,1019,3.9,2021-06-16,2021-09-14,2025-06-28,2025-07-23,90,1383,-25,3,2021,FDA,2021-02-21,2021-08-11,171,0,IRB,2021-03-05,2021-05-21,77,193,3,0,1,1,1,1,0,0,0,0,0,,2,2,4,1,0,1,2150,0.413,400,8.68,adv_email,Email
SITE-02372,PROTO-A_ONCO,USA,North America,Oncology,III,NSCLC,Pharma,8,18,12,15,1,1,1,PI-008,13,1,4,1,5,183,2.2,2021-05-28,2021-06-16,2023-07-24,2023-06-27,19,768,27,2,2021,FDA,2020-12-25,2021-05-22,148,0,IRB,2021-02-13,2021-05-03,79,123,1,1,0,1,0,0,1,0,0,1,0,,2,2,4,1,0,1,1900,0.557,98,3.83,adv_email,Email
SITE-02373,PROTO-C_NEURO,Germany,Europe,Neurology,II,Alzheimer's,Academic,7,14,10,12,1,0,0,PI-011,3,1,4,1,5,157,3.8,2023-03-04,2023-04-25,2026-11-15,2026-11-19,52,1300,-4,2,2023,EMA,2022-10-29,2022-12-16,48,1,LEC,2022-12-22,2023-02-12,52,124,0,1,1,1,1,0,0,0,0,0,0,,2,2,4,1,0,1,2050,0.618,74,1.71,adv_email,Email
SITE-02374,PROTO-A_ONCO,Germany,Europe,Oncology,III,NSCLC,Pharma,8,18,12,15,1,1,1,PI-023,19,6,1,1,2,198,3.3,2022-08-02,2022-11-10,2025-11-20,2025-12-06,100,1106,-16,4,2022,EMA,2022-02-18,2022-07-29,161,1,CEC,2022-03-22,2022-05-15,54,233,1,1,1,1,0,0,0,0,0,0,0,,1,2,3,1,0,1,850,0.506,280,7.59,adv_email,Email
SITE-02375,PROTO-B_CARDIO,Germany,Europe,Cardiology,II,Heart Failure,Biotech,5,9,8,10,0,1,1,PI-017,14,5,4,1,4,1064,2.6,2023-04-22,2023-07-21,2025-11-07,2025-09-15,90,840,53,3,2023,EMA,2022-11-04,2023-03-22,138,1,CEC,2022-12-31,2023-02-19,50,202,1,1,1,1,0,1,0,0,0,0,0,,1,3,4,1,0,1,1150,0.373,400,14.29,adv_email,Email
SITE-02376,PROTO-B_CARDIO,UK,Europe,Cardiology,II,Heart Failure,Biotech,5,9,8,10,0,1,1,PI-009,22,2,1,1,5,837,3.5,2021-04-12,2021-09-02,2024-11-24,2024-12-01,143,1179,-7,3,2021,MHRA,2020-12-21,2021-04-26,126,1,LEC,2021-01-13,2021-03-17,63,232,0,0,0,0,0,0,1,0,0,0,0,,0,1,1,0,1,0,800,0.389,400,10.18,adv_newspaper,Newspaper
SITE-02377,PROTO-B_CARDIO,Germany,Europe,Cardiology,II,Heart Failure,Biotech,5,9,8,10,0,1,1,PI-022,20,2,5,1,4,1138,3.3,2023-05-02,2023-06-13,2026-06-10,2026-06-12,42,1093,-2,2,2023,EMA,2022-08-28,2023-02-17,173,1,CEC,2022-09-27,2023-02-23,149,259,1,1,1,0,1,0,0,0,1,1,0,,2,3,5,1,0,1,6950,0.416,400,10.98,adv_online,Online
SITE-02378,PROTO-B_CARDIO,Spain,Europe,Cardiology,II,Heart Failure,Biotech,5,9,8,10,0,1,1,PI-013,9,3,3,1,2,1101,3.4,2022-06-13,2022-07-25,2025-10-09,2025-10-04,42,1172,5,3,2022,EMA,2022-02-21,2022-04-08,46,1,CEC,2022-03-14,2022-05-07,54,133,0,1,1,0,0,0,0,1,0,0,0,,0,3,3,0,1,0,1850,0.426,400,10.24,adv_poster,Poster
SITE-02379,PROTO-C_NEURO,Canada,North America,Neurology,II,Alzheimer's,Academic,7,14,10,12,1,0,0,PI-021,5,5,2,1,0,51,3.2,2022-03-22,2022-03-27,2025-04-28,2025-05-25,5,1128,-27,1,2022,Other,2021-09-29,2021-11-19,51,0,CEC,2021-11-18,2022-02-01,75,129,3,0,1,1,0,0,0,0,0,0,0,,1,1,2,1,0,1,650,0.53,62,1.65,adv_email,Email
SITE-02380,PROTO-A_ONCO,Brazil,LATAM,Oncology,III,NSCLC,Pharma,8,18,12,15,1,1,1,PI-003,10,1,3,1,7,20,3.4,2023-07-11,2023-07-01,2026-08-08,2026-09-11,-10,1134,-34,3,2023,Other,2022-11-27,2023-03-29,122,1,CEC,2022-12-14,2023-04-13,120,199,3,1,1,1,1,0,0,1,0,1,0,,3,3,6,1,0,1,3950,0.605,6,0.16,adv_email,Email
SITE-02381,PROTO-A_ONCO,India,Asia,Oncology,III,NSCLC,Pharma,8,18,12,15,1,1,1,PI-020,10,3,2,1,2,96,1.2,2022-11-22,2022-12-27,2024-01-05,2024-01-20,35,374,-15,4,2022,Other,2022-06-24,2022-10-15,113,1,LEC,2022-08-17,2022-10-14,58,132,0,1,1,0,1,0,0,0,0,1,1,Patient registry outreach,3,2,5,1,0,1,2550,0.52,62,4.97,adv_community_presentation,Community
SITE-02382,PROTO-B_CARDIO,Brazil,LATAM,Cardiology,II,Heart Failure,Biotech,5,9,8,10,0,1,1,PI-009,22,2,2,1,3,753,2.4,2022-08-23,2022-10-22,2025-01-02,2024-12-05,60,803,28,4,2022,Other,2022-05-15,2022-07-31,77,1,LEC,2022-06-19,2022-08-09,51,125,0,0,0,1,0,1,0,0,0,1,0,,2,1,3,1,0,1,1200,0.391,400,14.94,adv_email,Email
SITE-02383,PROTO-B_CARDIO,USA,North America,Cardiology,II,Heart Failure,Biotech,5,9,8,10,0,1,1,PI-022,19,2,2,1,5,960,1.4,2022-08-19,2022-09-05,2023-12-15,2023-12-15,17,466,0,3,2022,FDA,2022-04-05,2022-08-17,134,0,IRB,2022-05-31,2022-07-31,61,97,4,1,1,1,0,1,0,0,0,0,0,,1,3,4,1,0,1,1150,0.383,400,25.75,adv_email,Email
SITE-02384,PROTO-A_ONCO,India,Asia,Oncology,III,NSCLC,Pharma,8,18,12,15,1,1,1,PI-025,20,2,2,1,6,108,3.6,2023-01-06,2023-04-16,2026-09-07,2026-10-31,100,1240,-54,2,2023,Other,2022-09-22,2022-12-15,84,1,LEC,2022-11-11,2022-12-03,22,156,0,0,1,0,0,0,0,0,0,0,0,,0,1,1,0,1,0,150,0.639,62,1.5,adv_pamphlet,Pamphlet
SITE-02385,PROTO-C_NEURO,India,Asia,Neurology,II,Alzheimer's,Academic,7,14,10,12,1,0,0,PI-013,23,1,3,1,5,20,3.6,2023-04-08,2023-05-06,2026-08-07,2026-08-05,28,1189,2,2,2023,Other,2022-09-05,2022-10-09,34,1,CEC,2022-10-18,2023-01-13,87,200,4,1,0,1,1,0,0,0,0,0,0,,2,1,3,1,0,1,1900,0.514,18,0.45,adv_email,Email
SITE-02386,PROTO-C_NEURO,Brazil,LATAM,Neurology,II,Alzheimer's,Academic,7,14,10,12,1,0,0,PI-009,17,3,3,0,4,105,1.5,2022-06-22,2022-07-14,2023-10-01,2023-10-18,22,444,-17,3,2022,Other,2021-10-02,2021-12-21,80,1,CEC,2021-11-30,2022-03-30,120,226,3,0,0,1,0,0,0,1,0,0,0,,1,1,2,1,0,1,2000,0.522,50,3.38,adv_email,Email
SITE-02387,PROTO-B_CARDIO,USA,North America,Cardiology,II,Heart Failure,Biotech,5,9,8,10,0,1,1,PI-024,17,1,1,1,1,755,3.4,2023-07-26,2023-07-14,2026-10-19,2026-08-18,-12,1193,62,3,2023,FDA,2023-01-13,2023-03-19,65,0,IRB,2023-02-20,2023-05-30,99,144,3,1,1,1,1,0,0,0,0,0,0,,2,2,4,1,0,1,2050,0.454,400,10.06,adv_email,Email
SITE-02388,PROTO-C_NEURO,India,Asia,Neurology,II,Alzheimer's,Academic,7,14,10,12,1,0,0,PI-022,10,5,3,1,3,118,1.3,2022-11-13,2023-05-12,2024-05-17,2024-06-05,180,371,-19,2,2023,Other,2022-08-04,2023-01-12,161,1,LEC,2022-09-05,2022-10-17,42,249,3,1,1,0,0,0,0,0,0,0,0,,0,2,2,0,1,0,350,0.631,45,3.64,adv_poster,Poster
SITE-02389,PROTO-C_NEURO,Germany,Europe,Neurology,II,Alzheimer's,Academic,7,14,10,12,1,0,0,PI-014,23,4,3,1,5,118,2.4,2022-07-02,2022-09-17,2024-12-07,2024-12-21,77,812,-14,3,2022,EMA,2022-03-10,2022-07-10,122,1,LEC,2022-04-06,2022-05-24,48,164,2,1,1,0,0,1,0,0,0,0,0,,0,3,3,0,1,0,650,0.635,82,3.03,adv_newsletter,Newsletter
SITE-02390,PROTO-C_NEURO,Canada,North America,Neurology,II,Alzheimer's,Academic,7,14,10,12,1,0,0,PI-010,8,3,2,1,4,98,3.6,2023-04-15,2023-06-04,2026-12-15,2027-01-07,50,1290,-23,2,2023,Other,2022-12-12,2023-05-02,141,0,IRB,2023-01-04,2023-03-17,72,151,0,1,1,1,1,0,0,0,0,1,0,,3,2,5,1,0,1,2450,0.579,91,2.12,adv_community_presentation,Community
SITE-02391,PROTO-C_NEURO,Poland,Europe,Neurology,II,Alzheimer's,Academic,7,14,10,12,1,0,0,PI-004,2,3,5,0,4,20,3.5,2022-09-09,2023-04-27,2026-05-29,2026-04-18,230,1128,41,2,2023,EMA,2022-05-17,2022-11-07,174,1,LEC,2022-07-15,2022-08-11,27,286,6,0,1,0,1,1,0,0,0,1,0,,2,2,4,1,0,1,2050,0.588,10,0.27,adv_community_presentation,Community
SITE-02392,PROTO-C_NEURO,Spain,Europe,Neurology,II,Alzheimer's,Academic,7,14,10,12,1,0,0,PI-010,17,5,2,1,3,102,1.8,2022-05-16,2022-11-26,2024-07-03,2024-06-23,194,585,10,4,2022,EMA,2022-02-25,2022-08-05,161,1,LEC,2022-03-09,2022-04-05,27,262,3,1,0,0,0,0,0,0,0,0,1,Patient registry outreach,1,1,2,1,0,0,800,0.533,79,4.05,adv_other,Other
SITE-02393,PROTO-A_ONCO,USA,North America,Oncology,III,NSCLC,Pharma,8,18,12,15,1,1,1,PI-023,12,4,2,1,9,276,3.6,2022-03-28,2022-07-02,2025-12-18,2026-02-02,96,1265,-46,3,2022,FDA,2021-12-02,2022-04-22,141,0,IRB,2022-01-22,2022-03-07,44,161,5,1,0,1,0,0,1,0,1,0,0,,1,3,4,1,0,1,6500,0.551,110,2.61,adv_email,Email
SITE-02394,PROTO-C_NEURO,Japan,Asia,Neurology,II,Alzheimer's,Academic,7,14,10,12,1,0,0,PI-026,9,4,1,1,3,74,2.1,2022-06-13,2022-08-05,2024-06-19,2024-04-21,53,684,59,3,2022,PMDA,2022-02-12,2022-04-02,49,1,LEC,2022-04-01,2022-05-08,37,126,3,1,0,0,1,0,0,0,0,1,0,,2,1,3,1,0,1,1800,0.585,55,2.41,adv_community_presentation,Community
SITE-02395,PROTO-B_CARDIO,Japan,Asia,Cardiology,II,Heart Failure,Biotech,5,9,8,10,0,1,1,PI-011,2,1,2,1,7,992,3.1,2021-06-16,2021-08-24,2024-04-27,2024-03-23,69,977,35,3,2021,PMDA,2020-10-19,2021-03-07,139,1,CEC,2020-11-14,2021-03-22,128,283,4,1,1,1,1,0,0,0,0,0,0,,2,2,4,1,0,1,2050,0.452,400,12.28,adv_email,Email
SITE-02396,PROTO-C_NEURO,USA,North America,Neurology,II,Alzheimer's,Academic,7,14,10,12,1,0,0,PI-019,5,2,1,1,4,76,3.9,2022-12-15,2023-02-10,2026-11-22,2026-12-15,57,1381,-23,1,2023,FDA,2022-07-27,2023-01-02,159,0,IRB,2022-09-08,2022-11-27,80,155,2,0,1,0,0,0,0,0,0,1,0,,1,1,2,1,0,0,550,0.538,58,1.26,adv_community_presentation,Community
SITE-02397,PROTO-C_NEURO,USA,North America,Neurology,II,Alzheimer's,Academic,7,14,10,12,1,0,0,PI-007,23,6,1,1,4,183,3.6,2022-07-25,2022-06-30,2026-01-03,2025-12-15,-25,1283,19,2,2022,FDA,2022-01-14,2022-05-20,126,0,IRB,2022-03-02,2022-06-04,94,120,0,1,0,0,1,0,0,0,0,1,0,,2,1,3,1,0,1,1800,0.486,317,7.41,adv_community_presentation,Community
SITE-02398,PROTO-A_ONCO,USA,North America,Oncology,III,NSCLC,Pharma,8,18,12,15,1,1,1,PI-022,23,2,3,0,4,145,4.0,2021-09-23,2021-09-02,2025-06-05,2025-08-17,-21,1372,-73,3,2021,FDA,2021-01-08,2021-06-05,148,0,CEC,2021-03-03,2021-07-27,146,183,5,1,1,0,0,0,0,1,0,0,0,,0,3,3,0,1,0,1850,0.547,127,2.78,adv_poster,Poster
SITE-02399,PROTO-A_ONCO,Poland,Europe,Oncology,III,NSCLC,Pharma,8,18,12,15,1,1,1,PI-026,13,3,3,1,3,162,3.2,2023-03-27,2023-07-18,2026-06-26,2026-07-27,113,1074,-31,3,2023,EMA,2022-11-17,2023-04-14,148,1,LEC,2023-01-09,2023-02-25,47,190,4,1,1,1,1,0,0,0,0,1,0,,3,2,5,1,0,1,2450,0.591,120,3.35,adv_email,Email
SITE-02400,PROTO-B_CARDIO,USA,North America,Cardiology,II,Heart Failure,Biotech,5,9,8,10,0,1,1,PI-022,15,3,5,1,5,1013,2.5,2021-04-20,2021-05-07,2023-10-02,2023-09-22,17,878,10,2,2021,FDA,2020-12-11,2021-02-07,58,0,IRB,2020-12-24,2021-03-19,85,134,1,0,1,0,0,0,0,0,0,1,0,,1,1,2,1,0,0,550,0.441,400,13.67,adv_community_presentation,Community
SITE-02401,PROTO-B_CARDIO,UK,Europe,Cardiology,II,Heart Failure,Biotech,5,9,8,10,0,1,1,PI-008,12,6,2,1,1,1024,1.0,2022-08-29,2022-08-29,2023-06-11,2023-07-26,0,286,-45,3,2022,MHRA,2022-01-29,2022-07-10,162,1,CEC,2022-02-24,2022-06-30,126,186,0,0,1,0,0,1,1,0,0,0,1,Patient registry outreach,1,3,4,1,0,0,1850,0.35,400,41.96,adv_other,Other
SITE-02402,PROTO-C_NEURO,Germany,Europe,Neurology,II,Alzheimer's,Academic,7,14,10,12,1,0,0,PI-005,20,2,1,1,6,89,2.4,2021-02-27,2021-03-24,2023-04-23,2023-06-02,25,760,-40,1,2021,EMA,2020-07-07,2020-10-28,113,1,CEC,2020-08-20,2020-12-21,123,216,1,1,1,1,1,0,0,0,0,1,0,,3,2,5,1,0,1,2450,0.64,30,1.18,adv_community_presentation,Community
SITE-02403,PROTO-B_CARDIO,India,Asia,Cardiology,II,Heart Failure,Biotech,5,9,8,10,0,1,1,PI-025,21,1,4,1,2,1196,3.2,2022-05-04,2022-05-27,2025-04-27,2025-05-28,23,1066,-31,2,2022,Other,2021-11-01,2021-12-10,39,1,CEC,2021-11-28,2022-02-15,79,180,0,0,0,1,0,0,0,0,0,1,0,,2,0,2,1,0,1,900,0.408,400,11.26,adv_email,Email
SITE-02404,PROTO-C_NEURO,UK,Europe,Neurology,II,Alzheimer's,Academic,7,14,10,12,1,0,0,PI-010,11,1,3,0,7,64,3.0,2021-03-28,2021-05-30,2024-01-29,2023-11-23,63,974,67,2,2021,MHRA,2020-10-30,2021-02-19,112,1,LEC,2020-12-18,2021-02-17,61,163,3,1,0,0,0,1,0,0,1,1,0,,1,3,4,1,0,0,5900,0.655,18,0.55,adv_community_presentation,Community
SITE-02405,PROTO-C_NEURO,Brazil,LATAM,Neurology,II,Alzheimer's,Academic,7,14,10,12,1,0,0,PI-003,11,1,3,1,4,110,1.7,2022-02-28,2022-05-19,2023-11-07,2023-11-21,80,537,-14,2,2022,Other,2021-10-01,2022-02-19,141,1,CEC,2021-11-07,2022-02-06,91,193,0,0,1,1,0,0,0,0,0,0,1,Patient registry outreach,2,1,3,1,0,1,1250,0.555,49,2.74,adv_email,Email
SITE-02406,PROTO-C_NEURO,Brazil,LATAM,Neurology,II,Alzheimer's,Academic,7,14,10,12,1,0,0,PI-029,14,5,1,0,3,84,3.4,2022-08-27,2022-11-27,2026-01-22,2025-12-05,92,1152,48,4,2022,Other,2022-05-27,2022-08-23,88,1,LEC,2022-06-27,2022-07-18,21,153,3,1,0,1,1,0,0,0,0,1,0,,3,1,4,1,0,1,2300,0.63,83,2.16,adv_community_presentation,Community
SITE-02407,PROTO-A_ONCO,Germany,Europe,Oncology,III,NSCLC,Pharma,8,18,12,15,1,1,1,PI-008,8,5,2,1,2,156,1.9,2023-01-21,2023-02-22,2024-08-20,2024-08-19,32,545,1,1,2023,EMA,2022-06-27,2022-11-02,128,1,CEC,2022-07-07,2022-11-13,129,230,4,1,1,0,0,1,0,0,0,0,1,Patient registry outreach,1,3,4,1,0,0,1250,0.617,84,4.62,adv_other,Other
SITE-02408,PROTO-C_NEURO,USA,North America,Neurology,II,Alzheimer's,Academic,7,14,10,12,1,0,0,PI-001,7,3,1,1,2,128,2.8,2023-03-12,2023-02-23,2025-11-07,2025-11-24,-17,988,-17,1,2023,FDA,2022-09-10,2023-01-28,140,0,IRB,2022-11-04,2023-01-14,71,111,2,1,0,1,0,1,0,0,0,0,0,,1,2,3,1,0,1,1000,0.463,132,4.01,adv_email,Email
SITE-02409,PROTO-A_ONCO,Spain,Europe,Oncology,III,NSCLC,Pharma,8,18,12,15,1,1,1,PI-010,14,7,5,1,6,82,1.9,2022-02-05,2022-04-19,2023-11-29,2023-11-28,73,589,1,2,2022,EMA,2021-10-13,2021-12-02,50,1,LEC,2021-10-31,2022-01-01,62,170,5,1,0,0,0,0,0,0,1,0,0,,0,2,2,0,1,0,5200,0.589,34,1.73,adv_poster,Poster
SITE-02410,PROTO-A_ONCO,Canada,North America,Oncology,III,NSCLC,Pharma,8,18,12,15,1,1,1,PI-029,23,1,5,1,4,151,3.5,2023-08-06,2023-10-15,2027-03-08,2027-02-09,70,1240,27,4,2023,Other,2023-03-10,2023-08-08,151,0,IRB,2023-04-07,2023-06-12,66,191,3,1,1,1,0,1,0,0,0,0,0,,1,3,4,1,0,1,1150,0.544,133,3.22,adv_email,Email
SITE-02411,PROTO-A_ONCO,Spain,Europe,Oncology,III,NSCLC,Pharma,8,18,12,15,1,1,1,PI-029,24,2,5,0,3,140,2.3,2023-09-11,2023-12-12,2026-01-24,2025-12-04,92,774,51,4,2023,EMA,2023-05-28,2023-10-15,140,1,LEC,2023-06-15,2023-08-16,62,180,4,1,1,0,0,0,0,0,0,0,0,,0,2,2,0,1,0,350,0.693,90,3.49,adv_poster,Poster
SITE-02412,PROTO-B_CARDIO,USA,North America,Cardiology,II,Heart Failure,Biotech,5,9,8,10,0,1,1,PI-026,3,4,2,1,1,1040,3.6,2022-08-03,2022-08-07,2026-02-19,2026-03-07,4,1292,-16,3,2022,FDA,2022-04-14,2022-06-02,49,0,IRB,2022-06-04,2022-07-06,32,64,4,1,1,1,0,1,0,0,0,0,0,,1,3,4,1,0,1,1150,0.368,400,9.29,adv_email,Email
SITE-02413,PROTO-A_ONCO,UK,Europe,Oncology,III,NSCLC,Pharma,8,18,12,15,1,1,1,PI-010,9,3,3,1,5,235,2.2,2021-11-02,2022-02-16,2024-01-12,2024-02-06,106,695,-25,1,2022,MHRA,2021-07-30,2021-10-07,69,1,LEC,2021-08-18,2021-10-16,59,182,1,0,1,1,0,1,0,0,0,0,0,,1,2,3,1,0,1,950,0.585,92,3.97,adv_email,Email
SITE-02414,PROTO-C_NEURO,Japan,Asia,Neurology,II,Alzheimer's,Academic,7,14,10,12,1,0,0,PI-005,16,1,2,1,7,120,2.4,2022-04-02,2022-04-09,2024-06-05,2024-04-16,7,788,50,2,2022,PMDA,2021-07-12,2021-12-01,142,1,CEC,2021-08-21,2022-01-12,144,231,1,1,0,0,1,0,0,1,0,1,0,,2,2,4,1,0,1,3300,0.525,51,1.94,adv_community_presentation,Community
SITE-02415,PROTO-B_CARDIO,Germany,Europe,Cardiology,II,Heart Failure,Biotech,5,9,8,10,0,1,1,PI-027,17,2,2,1,3,826,3.1,2022-02-01,2022-04-06,2025-02-09,2025-01-24,64,1040,16,2,2022,EMA,2021-09-14,2021-12-31,108,1,CEC,2021-10-08,2021-12-13,66,180,2,1,0,1,0,0,0,0,0,1,0,,2,1,3,1,0,1,1100,0.445,400,11.54,adv_email,Email
SITE-02416,PROTO-C_NEURO,USA,North America,Neurology,II,Alzheimer's,Academic,7,14,10,12,1,0,0,PI-002,13,6,4,1,0,134,2.6,2023-09-20,2023-08-26,2026-03-17,2026-05-23,-25,934,-67,3,2023,FDA,2023-05-20,2023-07-20,61,0,IRB,2023-06-22,2023-07-29,37,65,1,1,1,0,0,0,0,0,0,0,1,Patient registry outreach,1,2,3,1,0,0,950,0.508,198,6.36,adv_other,Other
SITE-02417,PROTO-C_NEURO,Poland,Europe,Neurology,II,Alzheimer's,Academic,7,14,10,12,1,0,0,PI-001,22,1,1,1,2,139,1.7,2021-03-10,2021-04-22,2022-09-20,2022-10-23,43,516,-33,2,2021,EMA,2020-09-01,2020-12-31,121,1,CEC,2020-10-24,2021-01-09,77,180,1,0,1,0,0,0,0,0,0,0,1,Patient registry outreach,1,1,2,1,0,0,750,0.533,115,6.69,adv_other,Other
SITE-02418,PROTO-C_NEURO,USA,North America,Neurology,II,Alzheimer's,Academic,7,14,10,12,1,0,0,PI-009,10,1,2,1,4,20,2.2,2022-05-05,2022-06-17,2024-07-23,2024-05-22,43,767,62,2,2022,FDA,2021-12-10,2022-05-03,144,0,IRB,2022-01-10,2022-04-12,92,158,2,1,1,0,1,1,0,0,0,1,0,,2,3,5,1,0,1,2250,0.512,13,0.51,adv_community_presentation,Community
SITE-02419,PROTO-B_CARDIO,Spain,Europe,Cardiology,II,Heart Failure,Biotech,5,9,8,10,0,1,1,PI-007,13,1,1,1,5,954,2.4,2022-02-20,2022-07-07,2024-08-06,2024-08-29,137,761,-23,3,2022,EMA,2021-11-22,2022-03-01,99,1,LEC,2021-12-07,2022-02-08,63,212,2,1,1,1,0,0,0,0,0,1,0,,2,2,4,1,0,1,1250,0.417,400,15.77,adv_email,Email
SITE-02420,PROTO-B_CARDIO,Japan,Asia,Cardiology,II,Heart Failure,Biotech,5,9,8,10,0,1,1,PI-015,16,1,5,1,2,910,2.7,2022-10-08,2022-11-14,2025-04-14,2025-05-09,37,882,-25,4,2022,PMDA,2022-03-16,2022-05-24,69,1,CEC,2022-05-02,2022-07-31,90,196,0,1,1,0,1,1,0,0,0,0,1,Patient registry outreach,2,3,5,1,0,1,2450,0.433,400,13.61,adv_online,Online
SITE-02421,PROTO-A_ONCO,Germany,Europe,Oncology,III,NSCLC,Pharma,8,18,12,15,1,1,1,PI-021,22,3,2,1,6,223,2.2,2022-01-17,2022-02-23,2023-12-24,2023-12-31,37,669,-7,1,2022,EMA,2021-05-08,2021-10-28,173,1,CEC,2021-06-21,2021-11-11,143,247,5,1,0,1,0,0,0,0,0,1,0,,2,1,3,1,0,1,1100,0.499,116,5.2,adv_email,Email
SITE-02422,PROTO-B_CARDIO,UK,Europe,Cardiology,II,Heart Failure,Biotech,5,9,8,10,0,1,1,PI-007,11,1,3,1,9,1024,3.7,2021-04-01,2021-04-01,2024-08-31,2024-07-29,0,1248,33,2,2021,MHRA,2020-08-19,2020-12-05,108,1,CEC,2020-08-29,2021-01-18,142,215,2,1,1,0,1,0,0,0,0,1,0,,2,2,4,1,0,1,1950,0.36,400,9.62,adv_online,Online
SITE-02423,PROTO-C_NEURO,India,Asia,Neurology,II,Alzheimer's,Academic,7,14,10,12,1,0,0,PI-012,12,1,3,0,3,99,2.4,2021-11-09,2022-01-24,2024-01-28,2024-01-28,76,734,0,1,2022,Other,2021-02-23,2021-05-24,90,1,CEC,2021-04-22,2021-09-11,142,277,2,1,1,1,1,1,0,0,0,0,0,,2,3,5,1,0,1,2350,0.574,49,2.0,adv_email,Email
SITE-02424,PROTO-A_ONCO,USA,North America,Oncology,III,NSCLC,Pharma,8,18,12,15,1,1,1,PI-014,9,2,5,1,3,177,1.1,2021-01-01,2021-01-27,2022-02-10,2022-03-28,26,379,-46,1,2021,FDA,2020-09-21,2020-12-27,97,0,IRB,2020-10-12,2020-12-17,66,107,0,1,1,0,1,0,0,0,0,1,0,,2,2,4,1,0,1,1950,0.586,66,5.22,adv_community_presentation,Community
SITE-02425,PROTO-C_NEURO,Brazil,LATAM,Neurology,II,Alzheimer's,Academic,7,14,10,12,1,0,0,PI-024,8,4,3,1,4,62,3.4,2021-07-19,2021-08-19,2024-11-09,2024-12-07,31,1178,-28,3,2021,Other,2021-04-11,2021-06-05,55,1,LEC,2021-06-07,2021-06-29,22,73,1,1,1,1,0,1,0,0,0,0,1,Patient registry outreach,2,3,5,1,0,1,1750,0.607,45,1.15,adv_email,Email
SITE-02426,PROTO-B_CARDIO,Poland,Europe,Cardiology,II,Heart Failure,Biotech,5,9,8,10,0,1,1,PI-024,12,3,5,1,7,915,2.3,2022-08-03,2022-07-22,2024-09-04,2024-09-05,-12,775,-1,3,2022,EMA,2021-12-22,2022-04-04,103,1,CEC,2022-02-15,2022-05-30,104,157,0,1,1,1,0,0,0,0,0,0,0,,1,2,3,1,0,1,850,0.446,400,15.48,adv_email,Email
SITE-02427,PROTO-C_NEURO,Japan,Asia,Neurology,II,Alzheimer's,Academic,7,14,10,12,1,0,0,PI-019,15,1,3,0,1,125,2.3,2022-10-27,2023-02-06,2025-01-14,2025-02-05,102,708,-22,1,2023,PMDA,2022-05-06,2022-06-16,41,1,CEC,2022-06-06,2022-09-13,99,245,2,0,0,0,1,0,1,0,0,0,0,,1,1,2,1,0,1,2000,0.449,106,4.49,adv_online,Online
SITE-02428,PROTO-A_ONCO,Spain,Europe,Oncology,III,NSCLC,Pharma,8,18,12,15,1,1,1,PI-005,19,3,3,1,2,185,1.3,2021-07-12,2021-11-22,2022-12-23,2022-11-26,133,396,27,4,2021,EMA,2021-03-22,2021-09-11,173,1,LEC,2021-05-18,2021-06-19,32,188,1,1,1,0,1,0,0,0,0,0,0,,1,2,3,1,0,1,1550,0.684,88,6.67,adv_online,Online
SITE-02429,PROTO-A_ONCO,Australia,APAC,Oncology,III,NSCLC,Pharma,8,18,12,15,1,1,1,PI-027,13,1,3,1,3,256,2.2,2021-01-18,2021-05-25,2023-05-01,2023-04-23,127,706,8,2,2021,Other,2020-10-17,2021-02-02,108,1,LEC,2020-12-04,2020-12-24,20,172,1,1,1,0,0,0,0,0,0,1,0,,1,2,3,1,0,0,750,0.517,112,4.76,adv_community_presentation,Community
SITE-02430,PROTO-C_NEURO,UK,Europe,Neurology,II,Alzheimer's,Academic,7,14,10,12,1,0,0,PI-006,12,3,5,1,6,98,2.2,2022-05-02,2022-06-11,2024-06-24,2024-07-10,40,744,-16,2,2022,MHRA,2022-01-04,2022-04-05,91,1,LEC,2022-01-31,2022-04-04,63,131,1,0,0,1,1,0,0,0,0,0,0,,2,0,2,1,0,1,1700,0.479,46,1.85,adv_email,Email
SITE-02431,PROTO-A_ONCO,Japan,Asia,Oncology,III,NSCLC,Pharma,8,18,12,15,1,1,1,PI-011,9,2,5,0,6,166,2.7,2023-06-28,2023-07-11,2025-12-31,2026-01-09,13,904,-9,3,2023,PMDA,2022-12-04,2023-03-16,102,1,CEC,2023-01-04,2023-05-23,139,188,0,1,1,0,0,0,0,0,0,1,0,,1,2,3,1,0,0,750,0.589,54,1.79,adv_community_presentation,Community
SITE-02432,PROTO-C_NEURO,USA,North America,Neurology,II,Alzheimer's,Academic,7,14,10,12,1,0,0,PI-029,8,5,5,1,6,70,2.2,2021-04-15,2021-06-05,2023-07-03,2023-06-28,51,758,5,2,2021,FDA,2020-12-13,2021-04-08,116,0,IRB,2021-01-19,2021-03-14,54,137,3,1,0,0,1,0,1,0,1,0,1,Patient registry outreach,2,3,5,1,0,1,7800,0.598,27,1.07,adv_online,Online
SITE-02433,PROTO-C_NEURO,USA,North America,Neurology,II,Alzheimer's,Academic,7,14,10,12,1,0,0,PI-020,23,1,1,1,2,137,2.0,2023-07-22,2023-08-16,2025-07-06,2025-07-20,25,690,-14,3,2023,FDA,2023-02-17,2023-05-01,73,0,IRB,2023-03-30,2023-06-22,84,139,4,1,1,1,1,0,0,0,0,0,0,,2,2,4,1,0,1,2050,0.523,150,6.52,adv_email,Email
SITE-02434,PROTO-C_NEURO,Japan,Asia,Neurology,II,Alzheimer's,Academic,7,14,10,12,1,0,0,PI-013,20,5,2,1,8,131,1.6,2021-09-14,2021-09-27,2023-01-22,2023-03-22,13,482,-59,3,2021,PMDA,2021-02-20,2021-06-03,103,1,CEC,2021-03-22,2021-08-17,148,189,3,1,1,1,0,0,1,0,0,0,0,,1,3,4,1,0,1,1650,0.566,47,2.93,adv_email,Email
SITE-02435,PROTO-B_CARDIO,Brazil,LATAM,Cardiology,II,Heart Failure,Biotech,5,9,8,10,0,1,1,PI-002,8,1,4,1,2,850,2.9,2022-01-11,2022-03-08,2024-11-15,2024-10-29,56,983,17,1,2022,Other,2021-08-19,2022-01-05,139,1,LEC,2021-10-15,2021-12-04,50,144,0,1,0,1,0,0,0,0,0,0,1,Patient registry outreach,2,1,3,1,0,1,1300,0.426,400,12.21,adv_email,Email
SITE-02436,PROTO-A_ONCO,India,Asia,Oncology,III,NSCLC,Pharma,8,18,12,15,1,1,1,PI-010,20,1,2,1,3,170,2.3,2022-11-12,2023-04-05,2025-05-08,2025-07-05,144,764,-58,2,2023,Other,2022-07-30,2023-01-19,173,1,CEC,2022-08-23,2022-10-13,51,225,0,1,0,0,0,1,0,0,0,0,1,Patient registry outreach,1,2,3,1,0,0,1100,0.55,152,5.97,adv_other,Other
SITE-02437,PROTO-A_ONCO,Germany,Europe,Oncology,III,NSCLC,Pharma,8,18,12,15,1,1,1,PI-016,4,1,1,1,3,264,2.3,2021-07-03,2021-07-04,2023-06-11,2023-07-27,1,707,-46,3,2021,EMA,2020-10-02,2020-11-14,43,1,CEC,2020-11-13,2021-04-07,145,233,7,0,1,1,0,1,0,0,0,0,0,,1,2,3,1,0,1,950,0.561,127,5.39,adv_email,Email
SITE-02438,PROTO-A_ONCO,USA,North America,Oncology,III,NSCLC,Pharma,8,18,12,15,1,1,1,PI-006,2,2,2,1,6,122,3.5,2023-06-18,2023-06-13,2026-11-02,2026-10-27,-5,1238,6,2,2023,FDA,2023-03-07,2023-05-05,59,0,IRB,2023-04-05,2023-05-12,37,69,3,1,1,1,0,0,0,0,0,0,0,,1,2,3,1,0,1,850,0.527,47,1.14,adv_email,Email
SITE-02439,PROTO-C_NEURO,UK,Europe,Neurology,II,Alzheimer's,Academic,7,14,10,12,1,0,0,PI-023,13,2,3,1,4,69,1.1,2021-02-09,2021-04-14,2022-03-16,2022-01-08,64,336,67,2,2021,MHRA,2020-10-17,2021-02-06,112,1,LEC,2020-12-13,2021-01-13,31,122,0,1,0,1,0,0,0,0,0,0,0,,1,1,2,1,0,1,700,0.46,37,3.3,adv_email,Email
SITE-02440,PROTO-C_NEURO,Spain,Europe,Neurology,II,Alzheimer's,Academic,7,14,10,12,1,0,0,PI-013,24,3,1,1,2,137,1.3,2022-01-29,2022-04-24,2023-06-16,2023-08-01,85,418,-46,2,2022,EMA,2021-09-30,2022-03-04,155,1,LEC,2021-11-09,2021-12-23,44,166,0,0,1,1,0,0,0,0,0,1,0,,2,1,3,1,0,1,1050,0.586,100,7.18,adv_community_presentation,Community
SITE-02441,PROTO-B_CARDIO,Germany,Europe,Cardiology,II,Heart Failure,Biotech,5,9,8,10,0,1,1,PI-023,5,3,1,1,7,925,2.7,2023-08-12,2023-09-02,2026-02-14,2026-01-22,21,896,23,3,2023,EMA,2022-12-13,2023-02-26,75,1,CEC,2023-01-21,2023-05-23,122,224,1,1,1,1,0,0,1,0,0,1,0,,2,3,5,1,0,1,2050,0.39,400,13.39,adv_email,Email
SITE-02442,PROTO-A_ONCO,Germany,Europe,Oncology,III,NSCLC,Pharma,8,18,12,15,1,1,1,PI-002,6,5,5,1,7,63,3.9,2023-01-18,2023-02-07,2026-09-14,2026-06-30,20,1315,76,1,2023,EMA,2022-06-28,2022-09-11,75,1,CEC,2022-07-22,2022-10-25,95,200,5,1,0,0,0,0,1,0,0,1,0,,1,2,3,1,0,0,1400,0.508,30,0.68,adv_community_presentation,Community
SITE-02443,PROTO-B_CARDIO,Germany,Europe,Cardiology,II,Heart Failure,Biotech,5,9,8,10,0,1,1,PI-025,7,3,4,1,4,1097,1.5,2021-06-27,2021-08-25,2022-11-12,2022-11-15,59,444,-3,3,2021,EMA,2020-12-18,2021-01-27,40,1,CEC,2021-02-07,2021-04-07,59,199,2,0,1,1,0,1,0,0,0,0,0,,1,2,3,1,0,1,950,0.403,400,27.03,adv_email,Email
SITE-02444,PROTO-B_CARDIO,Poland,Europe,Cardiology,II,Heart Failure,Biotech,5,9,8,10,0,1,1,PI-003,14,3,2,1,4,1071,3.2,2021-09-07,2021-10-09,2024-10-19,2024-09-09,32,1106,40,4,2021,EMA,2021-05-25,2021-07-20,56,1,LEC,2021-06-22,2021-08-05,44,109,1,1,0,0,0,0,1,0,0,1,1,Patient registry outreach,2,2,4,1,0,0,2000,0.35,400,10.85,adv_community_presentation,Community
SITE-02445,PROTO-C_NEURO,Brazil,LATAM,Neurology,II,Alzheimer's,Academic,7,14,10,12,1,0,0,PI-024,9,3,5,1,8,128,1.7,2023-03-28,2023-09-02,2025-02-11,2025-02-25,158,528,-14,3,2023,Other,2022-12-03,2023-05-13,161,1,LEC,2023-01-16,2023-03-16,59,229,1,1,1,1,1,0,0,0,1,0,0,,2,3,5,1,0,1,7050,0.566,33,1.87,adv_email,Email
SITE-02446,PROTO-B_CARDIO,USA,North America,Cardiology,II,Heart Failure,Biotech,5,9,8,10,0,1,1,PI-021,13,1,4,1,3,1065,3.8,2021-10-27,2021-11-01,2025-07-09,2025-08-12,5,1346,-34,4,2021,FDA,2021-07-20,2021-09-13,55,0,IRB,2021-08-10,2021-09-22,43,83,3,1,1,0,0,0,1,0,0,0,0,,0,3,3,0,1,0,1150,0.423,400,8.92,adv_poster,Poster
SITE-02447,PROTO-C_NEURO,Australia,APAC,Neurology,II,Alzheimer's,Academic,7,14,10,12,1,0,0,PI-021,6,1,4,1,6,151,2.9,2023-06-22,2023-11-21,2026-07-24,2026-07-07,152,976,17,4,2023,Other,2023-02-13,2023-08-02,170,1,LEC,2023-03-09,2023-05-13,65,257,2,1,1,1,1,0,0,0,0,0,0,,2,2,4,1,0,1,2050,0.533,57,1.75,adv_email,Email
SITE-02448,PROTO-B_CARDIO,Germany,Europe,Cardiology,II,Heart Failure,Biotech,5,9,8,10,0,1,1,PI-021,21,4,4,1,2,1109,2.1,2021-04-14,2021-05-11,2023-03-21,2023-03-19,27,679,2,2,2021,EMA,2020-11-16,2021-02-01,77,1,CEC,2020-12-24,2021-02-15,53,138,2,1,0,0,0,0,0,0,0,0,1,Patient registry outreach,1,1,2,1,0,0,800,0.419,400,17.67,adv_other,Other
SITE-02449,PROTO-A_ONCO,Spain,Europe,Oncology,III,NSCLC,Pharma,8,18,12,15,1,1,1,PI-011,20,4,3,1,7,171,1.2,2022-03-15,2022-05-28,2023-05-07,2023-06-21,74,344,-45,2,2022,EMA,2021-11-17,2022-01-31,75,1,LEC,2021-12-25,2022-02-25,62,154,1,1,1,1,0,0,0,0,0,0,0,,1,2,3,1,0,1,850,0.659,27,2.35,adv_email,Email
SITE-02450,PROTO-C_NEURO,USA,North America,Neurology,II,Alzheimer's,Academic,7,14,10,12,1,0,0,PI-019,3,6,1,1,0,118,3.9,2023-03-04,2023-01-31,2026-10-26,2026-10-21,-32,1364,5,1,2023,FDA,2022-08-15,2022-12-01,108,0,CEC,2022-09-22,2023-01-25,125,131,6,1,1,1,1,1,1,0,0,1,0,,3,4,7,1,0,1,3550,0.496,256,5.63,adv_community_presentation,Community
SITE-02451,PROTO-B_CARDIO,Canada,North America,Cardiology,II,Heart Failure,Biotech,5,9,8,10,0,1,1,PI-020,22,2,4,1,5,944,3.4,2021-05-21,2021-06-30,2024-10-24,2024-11-10,40,1212,-17,2,2021,Other,2020-12-15,2021-06-11,178,0,IRB,2021-01-21,2021-04-18,87,160,0,1,0,0,0,0,0,0,0,1,0,,1,1,2,1,0,0,600,0.333,400,9.9,adv_community_presentation,Community
SITE-02452,PROTO-A_ONCO,USA,North America,Oncology,III,NSCLC,Pharma,8,18,12,15,1,1,1,PI-009,12,0,1,1,6,149,3.1,2023-03-05,2023-03-07,2026-03-17,2026-02-22,2,1106,23,1,2023,FDA,2022-10-22,2022-12-22,61,0,IRB,2022-12-08,2023-01-18,41,89,2,1,1,1,1,0,1,0,0,0,0,,2,3,5,1,0,1,2850,0.551,60,1.63,adv_email,Email
SITE-02453,PROTO-B_CARDIO,Japan,Asia,Cardiology,II,Heart Failure,Biotech,5,9,8,10,0,1,1,PI-022,3,6,3,1,3,1171,2.2,2021-02-01,2021-04-11,2023-04-14,2023-06-12,69,733,-59,2,2021,PMDA,2020-09-06,2021-02-04,151,1,CEC,2020-10-04,2021-01-08,96,189,0,0,1,1,1,0,0,0,0,1,1,Patient registry outreach,4,1,5,1,0,1,2850,0.38,400,16.37,adv_email,Email
SITE-02454,PROTO-A_ONCO,Germany,Europe,Oncology,III,NSCLC,Pharma,8,18,12,15,1,1,1,PI-005,12,2,5,1,4,214,2.6,2021-04-13,2021-05-27,2023-10-20,2023-12-12,44,876,-53,2,2021,EMA,2020-11-08,2021-03-25,137,1,CEC,2020-11-21,2021-02-09,80,187,1,1,0,1,0,1,0,0,0,0,0,,1,2,3,1,0,1,1000,0.63,77,2.64,adv_email,Email
SITE-02455,PROTO-B_CARDIO,Germany,Europe,Cardiology,II,Heart Failure,Biotech,5,9,8,10,0,1,1,PI-003,6,1,5,1,3,991,2.7,2021-11-29,2022-01-07,2024-06-28,2024-05-25,39,903,34,1,2022,EMA,2021-07-14,2021-08-28,45,1,CEC,2021-08-01,2021-11-08,99,159,1,1,0,1,1,0,0,0,0,1,0,,3,1,4,1,0,1,2300,0.419,400,13.29,adv_email,Email
SITE-02456,PROTO-A_ONCO,Spain,Europe,Oncology,III,NSCLC,Pharma,8,18,12,15,1,1,1,PI-025,10,4,5,1,3,153,1.8,2022-08-10,2023-01-24,2024-07-03,2024-08-06,167,526,-34,1,2023,EMA,2022-03-26,2022-08-17,144,1,CEC,2022-05-19,2022-07-14,56,250,3,1,1,1,1,0,0,0,0,0,0,,2,2,4,1,0,1,2050,0.546,87,4.96,adv_email,Email
SITE-02457,PROTO-B_CARDIO,India,Asia,Cardiology,II,Heart Failure,Biotech,5,9,8,10,0,1,1,PI-026,7,2,2,1,4,845,2.7,2023-02-08,2023-05-02,2025-10-07,2025-10-26,83,889,-19,2,2023,Other,2022-11-10,2023-01-08,59,1,LEC,2022-11-30,2023-01-16,47,153,3,0,1,1,1,0,0,1,0,0,0,,2,2,4,1,0,1,3350,0.396,400,13.5,adv_email,Email
SITE-02458,PROTO-C_NEURO,Poland,Europe,Neurology,II,Alzheimer's,Academic,7,14,10,12,1,0,0,PI-025,21,4,5,1,4,96,2.4,2023-05-26,2023-08-16,2025-10-20,2025-10-31,82,796,-11,3,2023,EMA,2023-02-18,2023-05-15,86,1,LEC,2023-03-24,2023-04-15,22,145,1,1,1,1,0,0,0,0,0,0,0,,1,2,3,1,0,1,850,0.565,70,2.64,adv_email,Email
SITE-02459,PROTO-A_ONCO,UK,Europe,Oncology,III,NSCLC,Pharma,8,18,12,15,1,1,1,PI-013,4,1,2,1,5,101,1.3,2022-02-28,2022-07-11,2023-07-26,2023-08-01,133,380,-6,3,2022,MHRA,2021-11-24,2022-03-26,122,1,LEC,2021-12-05,2022-02-11,68,218,3,0,0,0,0,0,0,0,0,0,1,Patient registry outreach,1,0,1,1,0,0,600,0.626,14,1.11,adv_other,Other
SITE-02460,PROTO-B_CARDIO,UK,Europe,Cardiology,II,Heart Failure,Biotech,5,9,8,10,0,1,1,PI-001,7,3,4,1,6,990,1.9,2021-01-18,2021-06-09,2023-02-03,2022-11-21,142,604,74,2,2021,MHRA,2020-10-11,2021-02-21,133,1,LEC,2020-11-14,2020-12-12,28,207,3,1,1,1,0,0,0,0,0,0,0,,1,2,3,1,0,1,850,0.422,400,19.87,adv_email,Email
SITE-02461,PROTO-B_CARDIO,USA,North America,Cardiology,II,Heart Failure,Biotech,5,9,8,10,0,1,1,PI-007,8,2,1,1,7,994,2.3,2021-08-18,2021-09-30,2023-12-18,2023-11-22,43,809,26,3,2021,FDA,2021-05-10,2021-08-09,91,0,IRB,2021-05-28,2021-07-16,49,125,2,1,1,1,0,1,0,1,1,0,1,Patient registry outreach,2,5,7,1,0,1,8250,0.429,400,14.83,adv_email,Email
SITE-02462,PROTO-B_CARDIO,Germany,Europe,Cardiology,II,Heart Failure,Biotech,5,9,8,10,0,1,1,PI-026,13,4,3,1,2,1169,2.1,2021-04-03,2021-06-27,2023-03-19,2023-03-10,85,630,9,2,2021,EMA,2020-10-13,2020-12-21,69,1,CEC,2020-11-10,2021-02-08,90,229,3,0,0,0,0,1,0,0,0,0,0,,0,1,1,0,1,0,300,0.475,400,19.05,adv_newsletter,Newsletter
SITE-02463,PROTO-A_ONCO,Germany,Europe,Oncology,III,NSCLC,Pharma,8,18,12,15,1,1,1,PI-017,2,3,2,1,4,105,3.5,2022-01-10,2022-02-20,2025-05-04,2025-05-20,41,1169,-16,1,2022,EMA,2021-07-17,2021-11-11,117,1,CEC,2021-09-01,2021-12-03,93,172,1,0,0,0,1,0,1,0,0,0,0,,1,1,2,1,0,1,2000,0.5,64,1.64,adv_online,Online
SITE-02464,PROTO-A_ONCO,USA,North America,Oncology,III,NSCLC,Pharma,8,18,12,15,1,1,1,PI-004,7,3,5,1,3,182,3.8,2021-11-01,2021-10-18,2025-06-22,2025-06-07,-14,1343,15,4,2021,FDA,2021-05-08,2021-07-24,77,0,IRB,2021-06-24,2021-09-19,87,116,5,1,1,0,1,0,0,0,0,0,0,,1,2,3,1,0,1,1550,0.583,157,3.51,adv_online,Online
SITE-02465,PROTO-B_CARDIO,USA,North America,Cardiology,II,Heart Failure,Biotech,5,9,8,10,0,1,1,PI-012,17,1,5,1,3,845,2.5,2022-05-09,2022-05-02,2024-09-30,2024-10-21,-7,882,-21,2,2022,FDA,2021-11-17,2022-04-19,153,0,IRB,2022-01-15,2022-03-30,74,107,2,0,1,0,1,1,0,0,0,0,0,,1,2,3,1,0,1,1650,0.306,400,13.61,adv_online,Online
SITE-02466,PROTO-A_ONCO,Poland,Europe,Oncology,III,NSCLC,Pharma,8,18,12,15,1,1,1,PI-009,4,1,2,1,6,66,3.5,2021-04-01,2021-07-28,2024-12-03,2024-11-22,118,1224,11,3,2021,EMA,2021-01-02,2021-05-23,141,1,LEC,2021-01-16,2021-03-21,64,193,0,1,0,0,0,1,0,0,1,1,0,,1,3,4,1,0,0,5900,0.643,19,0.47,adv_community_presentation,Community
SITE-02467,PROTO-B_CARDIO,Germany,Europe,Cardiology,II,Heart Failure,Biotech,5,9,8,10,0,1,1,PI-006,17,4,3,1,3,1194,3.8,2023-03-04,2023-07-02,2026-12-17,2026-11-21,120,1264,26,3,2023,EMA,2022-09-26,2023-02-05,132,1,CEC,2022-10-22,2023-01-13,83,253,2,1,1,0,1,0,0,0,0,0,0,,1,2,3,1,0,1,1550,0.392,400,9.49,adv_online,Online
SITE-02468,PROTO-B_CARDIO,Brazil,LATAM,Cardiology,II,Heart Failure,Biotech,5,9,8,10,0,1,1,PI-024,4,5,1,1,3,1200,2.1,2022-02-25,2022-04-14,2024-02-13,2024-03-02,48,670,-18,2,2022,Other,2021-11-18,2022-01-14,57,1,LEC,2021-12-04,2022-01-14,41,131,1,1,1,0,1,0,1,1,0,1,0,,2,4,6,1,0,1,4250,0.437,400,17.91,adv_online,Online
SITE-02469,PROTO-A_ONCO,USA,North America,Oncology,III,NSCLC,Pharma,8,18,12,15,1,1,1,PI-029,16,1,2,1,6,62,1.2,2022-04-01,2022-06-16,2023-08-03,2023-07-05,76,413,29,2,2022,FDA,2021-11-11,2022-04-09,149,0,IRB,2022-01-05,2022-03-03,57,162,2,1,0,0,0,0,0,0,0,1,0,,1,1,2,1,0,0,600,0.576,12,0.87,adv_community_presentation,Community
SITE-02470,PROTO-A_ONCO,Japan,Asia,Oncology,III,NSCLC,Pharma,8,18,12,15,1,1,1,PI-006,19,3,5,1,0,107,1.7,2021-04-07,2021-05-26,2022-10-22,2022-12-13,49,514,-52,2,2021,PMDA,2020-10-06,2020-11-17,42,1,CEC,2020-11-11,2021-02-18,99,196,4,1,0,0,0,1,0,0,0,0,1,Patient registry outreach,1,2,3,1,0,0,1100,0.596,81,4.73,adv_other,Other
SITE-02471,PROTO-A_ONCO,Germany,Europe,Oncology,III,NSCLC,Pharma,8,18,12,15,1,1,1,PI-019,2,1,4,1,3,195,2.3,2023-09-02,2023-11-28,2025-11-25,2025-11-22,87,728,3,4,2023,EMA,2023-04-19,2023-08-13,116,1,CEC,2023-05-16,2023-07-26,71,196,1,1,1,1,0,0,0,0,0,0,0,,1,2,3,1,0,1,850,0.519,90,3.71,adv_email,Email
SITE-02472,PROTO-A_ONCO,Brazil,LATAM,Oncology,III,NSCLC,Pharma,8,18,12,15,1,1,1,PI-029,2,2,5,1,3,138,2.8,2022-02-17,2022-05-15,2024-12-07,2025-01-16,87,937,-40,2,2022,Other,2021-11-10,2021-12-31,51,1,LEC,2021-12-16,2022-01-15,30,150,0,0,0,0,0,0,0,0,0,0,0,,0,0,0,0,0,0,0,0.646,49,1.57,none,None
SITE-02473,PROTO-B_CARDIO,Australia,APAC,Cardiology,II,Heart Failure,Biotech,5,9,8,10,0,1,1,PI-002,8,1,2,1,9,1080,4.0,2022-04-21,2022-08-11,2026-05-02,2026-03-28,112,1360,35,3,2022,Other,2021-12-14,2022-02-14,62,1,LEC,2022-02-01,2022-03-30,57,191,2,1,0,1,0,1,1,0,0,1,0,,2,3,5,1,0,1,2200,0.374,400,8.82,adv_email,Email
SITE-02474,PROTO-A_ONCO,USA,North America,Oncology,III,NSCLC,Pharma,8,18,12,15,1,1,1,PI-005,18,2,3,1,4,251,2.7,2022-10-25,2022-10-29,2025-06-15,2025-06-22,4,960,-7,4,2022,FDA,2022-04-27,2022-09-29,155,0,IRB,2022-06-25,2022-09-09,76,126,0,1,1,1,1,0,0,0,0,1,0,,3,2,5,1,0,1,2450,0.566,220,6.88,adv_email,Email
SITE-02475,PROTO-C_NEURO,Germany,Europe,Neurology,II,Alzheimer's,Academic,7,14,10,12,1,0,0,PI-029,17,1,1,1,4,100,2.5,2021-08-28,2021-11-10,2024-02-26,2024-02-11,74,838,15,4,2021,EMA,2021-05-25,2021-08-18,85,1,LEC,2021-06-29,2021-08-08,40,134,0,1,1,1,0,1,0,0,0,1,0,,2,3,5,1,0,1,1550,0.542,64,2.29,adv_community_presentation,Community
SITE-02476,PROTO-C_NEURO,Spain,Europe,Neurology,II,Alzheimer's,Academic,7,14,10,12,1,0,0,PI-023,24,5,2,1,1,38,2.1,2023-08-10,2023-09-21,2025-06-11,2025-06-11,42,629,0,3,2023,EMA,2022-12-20,2023-04-06,107,1,CEC,2023-01-25,2023-05-19,114,239,2,0,0,1,0,0,0,1,0,0,0,,1,1,2,1,0,1,2000,0.587,44,2.1,adv_email,Email
SITE-02477,PROTO-B_CARDIO,USA,North America,Cardiology,II,Heart Failure,Biotech,5,9,8,10,0,1,1,PI-006,3,2,3,1,2,963,3.5,2023-07-10,2023-07-29,2026-12-22,2026-10-22,19,1242,61,3,2023,FDA,2023-03-05,2023-04-27,53,0,IRB,2023-04-22,2023-06-20,59,98,4,1,1,1,0,0,1,0,0,1,0,,2,3,5,1,0,1,2050,0.444,400,9.66,adv_email,Email
SITE-02478,PROTO-A_ONCO,Poland,Europe,Oncology,III,NSCLC,Pharma,8,18,12,15,1,1,1,PI-016,24,1,1,1,2,230,2.3,2021-06-27,2021-10-01,2023-10-10,2023-10-12,96,739,-2,4,2021,EMA,2021-01-26,2021-06-23,148,1,CEC,2021-02-28,2021-05-22,83,215,2,1,1,0,0,0,0,0,0,1,1,Patient registry outreach,2,2,4,1,0,0,1350,0.549,210,8.53,adv_community_presentation,Community
SITE-02479,PROTO-A_ONCO,Poland,Europe,Oncology,III,NSCLC,Pharma,8,18,12,15,1,1,1,PI-003,11,3,1,1,2,111,3.3,2021-02-04,2021-05-16,2024-05-28,2024-06-01,101,1108,-4,2,2021,EMA,2020-10-07,2020-12-14,68,1,LEC,2020-12-04,2021-01-23,50,163,2,1,1,0,0,1,1,0,0,1,0,,1,4,5,1,0,0,1850,0.54,104,2.82,adv_community_presentation,Community
SITE-02480,PROTO-A_ONCO,Japan,Asia,Oncology,III,NSCLC,Pharma,8,18,12,15,1,1,1,PI-004,24,2,3,1,6,100,1.9,2023-09-06,2023-10-28,2025-06-03,2025-06-10,52,584,-7,4,2023,PMDA,2023-03-03,2023-06-16,105,1,CEC,2023-04-22,2023-06-11,50,189,5,1,1,1,1,0,0,0,0,1,0,,3,2,5,1,0,1,2450,0.558,45,2.31,adv_email,Email
SITE-02481,PROTO-C_NEURO,UK,Europe,Neurology,II,Alzheimer's,Academic,7,14,10,12,1,0,0,PI-009,5,4,3,1,5,51,2.8,2022-11-02,2023-02-05,2025-09-12,2025-08-07,95,950,36,1,2023,MHRA,2022-08-09,2022-11-11,94,1,LEC,2022-09-09,2022-10-10,31,149,1,1,1,1,1,1,0,0,0,1,0,,3,3,6,1,0,1,2750,0.505,29,0.92,adv_community_presentation,Community
SITE-02482,PROTO-B_CARDIO,USA,North America,Cardiology,II,Heart Failure,Biotech,5,9,8,10,0,1,1,PI-006,24,4,2,0,4,998,2.5,2021-10-28,2021-10-28,2024-03-23,2024-03-20,0,877,3,4,2021,FDA,2021-04-30,2021-08-01,93,0,IRB,2021-06-27,2021-09-24,89,123,2,1,0,1,0,1,0,0,0,0,1,Patient registry outreach,2,2,4,1,0,1,1600,0.428,400,13.68,adv_email,Email
SITE-02483,PROTO-A_ONCO,USA,North America,Oncology,III,NSCLC,Pharma,8,18,12,15,1,1,1,PI-002,21,3,3,1,4,58,2.4,2023-07-05,2023-06-24,2025-10-05,2025-10-06,-11,834,-1,2,2023,FDA,2023-01-05,2023-06-01,147,0,CEC,2023-01-27,2023-04-15,78,148,2,1,0,1,0,0,0,0,0,1,0,,2,1,3,1,0,1,1100,0.542,34,1.22,adv_email,Email
SITE-02484,PROTO-B_CARDIO,Poland,Europe,Cardiology,II,Heart Failure,Biotech,5,9,8,10,0,1,1,PI-025,10,2,4,1,5,913,2.8,2022-04-01,2022-03-27,2024-10-09,2024-10-21,-5,927,-12,1,2022,EMA,2021-07-25,2021-10-03,70,1,CEC,2021-09-11,2022-01-06,117,197,4,0,1,1,1,0,1,0,0,0,0,,2,2,4,1,0,1,2650,0.412,400,12.94,adv_email,Email
SITE-02485,PROTO-B_CARDIO,USA,North America,Cardiology,II,Heart Failure,Biotech,5,9,8,10,0,1,1,PI-018,19,3,1,1,3,937,3.6,2023-01-02,2023-01-29,2026-08-01,2026-07-26,27,1280,6,1,2023,FDA,2022-08-05,2022-12-27,144,0,IRB,2022-09-03,2022-11-14,72,148,2,1,1,0,1,0,0,0,0,0,0,,1,2,3,1,0,1,1550,0.37,400,9.38,adv_online,Online
SITE-02486,PROTO-B_CARDIO,USA,North America,Cardiology,II,Heart Failure,Biotech,5,9,8,10,0,1,1,PI-023,20,5,4,1,4,921,1.5,2023-04-04,2023-07-31,2025-01-15,2024-12-31,118,534,15,3,2023,FDA,2022-12-28,2023-06-13,167,0,IRB,2023-01-24,2023-03-04,39,188,0,1,0,1,0,0,1,0,0,1,0,,2,2,4,1,0,1,1900,0.393,400,22.47,adv_email,Email
SITE-02487,PROTO-C_NEURO,Brazil,LATAM,Neurology,II,Alzheimer's,Academic,7,14,10,12,1,0,0,PI-029,21,3,4,1,4,95,4.0,2021-11-17,2022-03-20,2025-12-02,2025-11-10,123,1353,22,1,2022,Other,2021-08-14,2021-10-31,78,1,LEC,2021-09-06,2021-10-19,43,195,3,1,0,1,0,0,1,0,0,0,0,,1,2,3,1,0,1,1500,0.539,108,2.39,adv_email,Email
SITE-02488,PROTO-B_CARDIO,Germany,Europe,Cardiology,II,Heart Failure,Biotech,5,9,8,10,0,1,1,PI-003,12,3,4,1,5,1132,2.5,2022-09-30,2022-12-11,2025-03-16,2025-04-07,72,826,-22,4,2022,EMA,2022-04-12,2022-08-23,133,1,CEC,2022-05-25,2022-07-13,49,200,3,0,1,1,0,0,0,0,0,1,0,,2,1,3,1,0,1,1050,0.461,400,14.53,adv_email,Email
SITE-02489,PROTO-C_NEURO,USA,North America,Neurology,II,Alzheimer's,Academic,7,14,10,12,1,0,0,PI-017,3,1,2,1,7,112,3.0,2022-05-27,2022-05-21,2025-04-21,2025-03-18,-6,1066,34,2,2022,FDA,2022-01-07,2022-04-19,102,0,IRB,2022-02-22,2022-04-07,44,88,3,1,1,1,0,0,0,0,0,0,0,,1,2,3,1,0,1,850,0.641,26,0.73,adv_email,Email
SITE-02490,PROTO-C_NEURO,Brazil,LATAM,Neurology,II,Alzheimer's,Academic,7,14,10,12,1,0,0,PI-002,8,1,3,1,6,107,2.7,2022-11-22,2023-05-31,2025-11-02,2025-11-27,190,886,-25,2,2023,Other,2022-09-07,2023-01-31,146,1,LEC,2022-10-04,2022-11-04,31,239,3,0,1,1,0,1,0,0,0,0,0,,1,2,3,1,0,1,950,0.612,23,0.78,adv_email,Email
SITE-02491,PROTO-C_NEURO,USA,North America,Neurology,II,Alzheimer's,Academic,7,14,10,12,1,0,0,PI-006,2,2,4,1,4,79,1.2,2023-02-10,2023-02-27,2024-04-21,2024-04-23,17,419,-2,1,2023,FDA,2022-10-27,2022-12-09,43,0,IRB,2022-11-27,2023-01-24,58,92,0,1,0,0,0,0,0,0,0,1,0,,1,1,2,1,0,0,600,0.482,32,2.29,adv_community_presentation,Community
SITE-02492,PROTO-C_NEURO,Japan,Asia,Neurology,II,Alzheimer's,Academic,7,14,10,12,1,0,0,PI-014,8,1,5,1,5,87,2.3,2022-08-21,2022-09-01,2024-09-13,2024-09-22,11,743,-9,3,2022,PMDA,2022-01-30,2022-03-11,40,1,CEC,2022-03-24,2022-06-13,81,161,3,1,1,1,0,1,1,0,0,1,0,,2,4,6,1,0,1,2350,0.596,50,2.02,adv_community_presentation,Community
SITE-02493,PROTO-C_NEURO,India,Asia,Neurology,II,Alzheimer's,Academic,7,14,10,12,1,0,0,PI-025,14,4,5,1,1,84,3.7,2021-01-22,2021-05-18,2024-10-08,2024-10-15,116,1239,-7,2,2021,Other,2020-08-19,2021-01-26,160,1,LEC,2020-10-13,2020-12-18,66,217,1,0,0,0,1,0,0,0,0,1,0,,2,0,2,1,0,1,1600,0.557,124,3.0,adv_community_presentation,Community
SITE-02494,PROTO-C_NEURO,Australia,APAC,Neurology,II,Alzheimer's,Academic,7,14,10,12,1,0,0,PI-001,14,3,1,1,3,106,3.2,2021-07-09,2021-11-17,2024-10-12,2024-10-27,131,1060,-15,4,2021,Other,2021-04-05,2021-08-01,118,1,LEC,2021-05-22,2021-06-20,29,179,2,1,1,0,1,0,0,0,0,0,0,,1,2,3,1,0,1,1550,0.559,95,2.69,adv_online,Online
SITE-02495,PROTO-C_NEURO,Brazil,LATAM,Neurology,II,Alzheimer's,Academic,7,14,10,12,1,0,0,PI-025,22,1,2,1,4,20,1.2,2022-03-26,2022-05-22,2023-04-27,2023-05-30,57,340,-33,2,2022,Other,2021-09-27,2021-10-28,31,1,CEC,2021-10-20,2022-02-23,126,214,1,1,0,0,1,0,0,0,0,1,0,,2,1,3,1,0,1,1800,0.578,7,0.62,adv_community_presentation,Community
SITE-02496,PROTO-A_ONCO,UK,Europe,Oncology,III,NSCLC,Pharma,8,18,12,15,1,1,1,PI-026,7,3,3,1,3,190,2.8,2021-10-01,2022-03-26,2024-09-14,2024-10-25,176,903,-41,1,2022,MHRA,2021-07-05,2021-11-21,139,1,LEC,2021-07-18,2021-09-15,59,251,2,0,0,0,0,0,0,0,0,0,0,,0,0,0,0,0,0,0,0.564,75,2.49,none,None
SITE-02497,PROTO-C_NEURO,Brazil,LATAM,Neurology,II,Alzheimer's,Academic,7,14,10,12,1,0,0,PI-027,19,3,2,1,4,41,1.7,2022-09-11,2023-01-20,2024-05-08,2024-05-08,131,474,0,1,2023,Other,2022-06-20,2022-08-19,60,1,LEC,2022-07-20,2022-08-12,23,184,7,0,0,0,0,0,0,0,0,0,0,,0,0,0,0,0,0,0,0.656,12,0.76,none,None
SITE-02498,PROTO-B_CARDIO,Spain,Europe,Cardiology,II,Heart Failure,Biotech,5,9,8,10,0,1,1,PI-001,6,1,5,1,3,799,2.8,2022-09-21,2022-12-28,2025-08-07,2025-09-06,98,953,-30,4,2022,EMA,2022-06-15,2022-10-10,117,1,LEC,2022-08-02,2022-08-22,20,148,0,1,0,1,0,0,0,0,0,1,1,Patient registry outreach,3,1,4,1,0,1,1700,0.339,400,12.59,adv_email,Email
SITE-02499,PROTO-B_CARDIO,Canada,North America,Cardiology,II,Heart Failure,Biotech,5,9,8,10,0,1,1,PI-021,21,5,4,1,6,1111,3.3,2022-01-12,2022-02-09,2025-04-29,2025-05-19,28,1175,-20,1,2022,Other,2021-08-08,2022-01-22,167,0,IRB,2021-10-02,2021-12-21,80,130,1,1,1,1,0,0,0,0,0,0,0,,1,2,3,1,0,1,850,0.49,400,10.21,adv_email,Email
SITE-02500,PROTO-A_ONCO,UK,Europe,Oncology,III,NSCLC,Pharma,8,18,12,15,1,1,1,PI-020,4,6,3,1,1,115,1.1,2021-08-20,2022-01-18,2022-10-26,2022-11-06,151,281,-11,1,2022,MHRA,2021-05-21,2021-08-29,100,1,LEC,2021-05-31,2021-07-08,38,232,4,1,1,0,0,1,0,0,0,0,0,,0,3,3,0,1,0,650,0.484,61,6.51,adv_newsletter,Newsletter
SITE-02501,PROTO-A_ONCO,UK,Europe,Oncology,III,NSCLC,Pharma,8,18,12,15,1,1,1,PI-028,10,3,1,1,5,192,1.3,2023-07-17,2023-12-30,2025-01-13,2024-12-19,166,380,25,4,2023,MHRA,2023-05-17,2023-09-08,114,1,LEC,2023-06-02,2023-06-24,22,211,3,1,0,0,1,0,1,0,0,0,0,,1,2,3,1,0,1,2200,0.673,39,3.08,adv_online,Online
SITE-02502,PROTO-B_CARDIO,India,Asia,Cardiology,II,Heart Failure,Biotech,5,9,8,10,0,1,1,PI-004,24,1,1,1,9,1092,2.3,2023-09-12,2023-12-17,2026-01-29,2026-02-04,96,774,-6,4,2023,Other,2023-05-23,2023-09-13,113,1,LEC,2023-06-22,2023-07-30,38,178,1,1,1,1,0,0,1,0,0,0,1,Patient registry outreach,2,3,5,1,0,1,2250,0.405,400,15.5,adv_email,Email
SITE-02503,PROTO-C_NEURO,Germany,Europe,Neurology,II,Alzheimer's,Academic,7,14,10,12,1,0,0,PI-001,24,3,4,1,7,151,2.1,2021-07-19,2021-10-28,2023-08-08,2023-08-04,101,649,4,4,2021,EMA,2021-01-31,2021-03-14,42,1,CEC,2021-02-25,2021-06-04,99,245,2,0,1,1,0,0,0,0,0,0,0,,1,1,2,1,0,1,650,0.53,64,2.96,adv_email,Email
SITE-02504,PROTO-A_ONCO,Brazil,LATAM,Oncology,III,NSCLC,Pharma,8,18,12,15,1,1,1,PI-007,5,4,1,0,0,181,2.5,2023-07-23,2023-10-25,2026-01-25,2026-02-04,94,823,-10,4,2023,Other,2023-03-20,2023-05-21,62,1,LEC,2023-04-29,2023-06-17,49,179,3,1,0,1,0,0,0,0,0,0,0,,1,1,2,1,0,1,700,0.623,102,3.72,adv_email,Email
SITE-02505,PROTO-C_NEURO,UK,Europe,Neurology,II,Alzheimer's,Academic,7,14,10,12,1,0,0,PI-017,14,3,3,1,1,127,3.2,2021-09-02,2021-10-25,2024-11-03,2024-11-22,53,1105,-19,4,2021,MHRA,2021-05-23,2021-08-05,74,1,LEC,2021-06-25,2021-08-08,44,122,2,1,0,1,0,0,0,1,0,0,0,,1,2,3,1,0,1,2200,0.615,203,5.51,adv_email,Email
SITE-02506,PROTO-A_ONCO,USA,North America,Oncology,III,NSCLC,Pharma,8,18,12,15,1,1,1,PI-022,7,4,2,1,3,212,2.1,2021-01-03,2020-12-03,2022-12-17,2022-11-17,-31,744,30,4,2020,FDA,2020-08-19,2020-10-31,73,0,IRB,2020-09-26,2020-11-06,41,68,1,1,1,1,0,0,0,0,0,0,0,,1,2,3,1,0,1,850,0.622,102,4.11,adv_email,Email
SITE-02507,PROTO-B_CARDIO,USA,North America,Cardiology,II,Heart Failure,Biotech,5,9,8,10,0,1,1,PI-027,2,4,1,1,3,1050,2.1,2021-04-08,2021-06-08,2023-06-23,2023-06-19,61,745,4,2,2021,FDA,2020-12-12,2021-05-07,146,0,IRB,2021-02-01,2021-03-23,50,127,1,1,0,1,0,0,0,0,0,0,0,,1,1,2,1,0,1,700,0.388,400,16.11,adv_email,Email
SITE-02508,PROTO-C_NEURO,Japan,Asia,Neurology,II,Alzheimer's,Academic,7,14,10,12,1,0,0,PI-029,2,0,3,1,0,122,1.7,2023-04-04,2023-05-07,2024-09-18,2024-07-21,33,500,59,2,2023,PMDA,2022-08-18,2022-12-23,127,1,CEC,2022-09-27,2023-01-17,112,222,1,1,0,0,0,0,0,0,0,1,1,Patient registry outreach,2,1,3,1,0,0,1200,0.578,68,4.08,adv_community_presentation,Community
SITE-02509,PROTO-B_CARDIO,India,Asia,Cardiology,II,Heart Failure,Biotech,5,9,8,10,0,1,1,PI-027,12,2,1,1,4,893,1.9,2023-04-03,2023-06-22,2025-01-29,2025-02-21,80,587,-23,2,2023,Other,2022-11-29,2023-03-14,105,1,LEC,2023-01-17,2023-03-19,61,156,5,1,1,0,1,1,1,0,0,0,0,,1,4,5,1,0,1,2650,0.332,400,20.44,adv_online,Online
SITE-02510,PROTO-A_ONCO,Spain,Europe,Oncology,III,NSCLC,Pharma,8,18,12,15,1,1,1,PI-005,15,2,3,1,3,133,1.1,2023-09-13,2024-03-11,2024-12-26,2024-11-16,180,290,40,1,2024,EMA,2023-07-03,2023-10-19,108,1,LEC,2023-08-08,2023-08-31,23,216,3,1,1,0,1,0,0,0,0,0,1,Patient registry outreach,2,2,4,1,0,1,2150,0.536,65,6.72,adv_online,Online
SITE-02511,PROTO-B_CARDIO,India,Asia,Cardiology,II,Heart Failure,Biotech,5,9,8,10,0,1,1,PI-011,11,2,1,1,8,531,2.6,2021-01-21,2021-05-12,2023-09-18,2023-10-03,111,859,-15,2,2021,Other,2020-10-12,2020-12-14,63,1,LEC,2020-11-15,2020-12-23,38,178,1,1,1,1,1,1,0,0,1,1,0,,3,4,7,1,0,1,7750,0.428,277,9.67,adv_email,Email
SITE-02512,PROTO-B_CARDIO,Spain,Europe,Cardiology,II,Heart Failure,Biotech,5,9,8,10,0,1,1,PI-029,23,2,2,1,5,931,2.8,2023-07-20,2023-10-14,2026-04-18,2026-03-07,86,917,42,4,2023,EMA,2023-04-24,2023-06-01,38,1,LEC,2023-05-23,2023-06-21,29,144,2,1,1,1,0,0,0,0,0,0,0,,1,2,3,1,0,1,850,0.4,400,13.09,adv_email,Email
SITE-02513,PROTO-A_ONCO,Poland,Europe,Oncology,III,NSCLC,Pharma,8,18,12,15,1,1,1,PI-019,16,3,2,1,4,173,2.8,2021-01-23,2021-04-11,2023-11-21,2023-10-13,78,954,39,2,2021,EMA,2020-09-22,2020-10-23,31,1,LEC,2020-11-06,2020-12-17,41,156,2,1,0,1,0,0,0,0,0,0,0,,1,1,2,1,0,1,700,0.625,105,3.3,adv_email,Email
SITE-02514,PROTO-C_NEURO,Spain,Europe,Neurology,II,Alzheimer's,Academic,7,14,10,12,1,0,0,PI-004,10,3,5,1,5,118,2.8,2021-01-12,2021-05-13,2024-01-06,2024-01-25,121,968,-19,2,2021,EMA,2020-09-28,2021-03-16,169,1,LEC,2020-11-12,2020-12-28,46,182,2,0,0,0,1,0,0,0,1,1,0,,2,1,3,1,0,1,6600,0.614,56,1.74,adv_community_presentation,Community
SITE-02515,PROTO-B_CARDIO,Poland,Europe,Cardiology,II,Heart Failure,Biotech,5,9,8,10,0,1,1,PI-019,19,4,4,1,3,992,3.9,2023-07-06,2023-09-25,2027-05-21,2027-05-23,81,1334,-2,3,2023,EMA,2023-03-04,2023-06-06,94,1,LEC,2023-03-30,2023-06-04,66,179,0,0,1,1,0,0,0,0,0,1,0,,2,1,3,1,0,1,1050,0.393,400,9.0,adv_email,Email
SITE-02516,PROTO-B_CARDIO,Spain,Europe,Cardiology,II,Heart Failure,Biotech,5,9,8,10,0,1,1,PI-012,8,3,3,1,6,1153,2.1,2021-02-21,2021-06-07,2023-03-17,2023-03-22,106,648,-5,2,2021,EMA,2020-10-25,2021-02-14,112,1,LEC,2020-12-03,2021-02-02,61,186,2,1,1,0,1,0,0,0,0,1,0,,2,2,4,1,0,1,1950,0.557,400,18.52,adv_online,Online
SITE-02517,PROTO-C_NEURO,Canada,North America,Neurology,II,Alzheimer's,Academic,7,14,10,12,1,0,0,PI-007,6,5,3,1,4,130,3.8,2022-04-29,2022-05-28,2026-02-07,2026-03-04,29,1351,-25,2,2022,Other,2021-11-26,2022-04-21,146,0,IRB,2021-12-27,2022-03-29,92,152,2,0,1,0,1,1,0,0,0,0,0,,1,2,3,1,0,1,1650,0.604,89,1.98,adv_online,Online
SITE-02518,PROTO-C_NEURO,Japan,Asia,Neurology,II,Alzheimer's,Academic,7,14,10,12,1,0,0,PI-003,24,2,2,1,2,46,3.3,2023-09-27,2024-02-22,2027-03-18,2027-02-25,148,1120,21,1,2024,PMDA,2023-05-26,2023-11-14,172,1,CEC,2023-06-20,2023-08-21,62,247,3,1,0,1,0,0,0,0,0,0,0,,1,1,2,1,0,1,700,0.524,60,1.61,adv_email,Email
SITE-02519,PROTO-C_NEURO,Canada,North America,Neurology,II,Alzheimer's,Academic,7,14,10,12,1,0,0,PI-003,13,1,2,1,3,154,2.0,2023-08-05,2023-09-12,2025-07-29,2025-08-02,38,686,-4,3,2023,Other,2023-02-27,2023-06-27,120,0,IRB,2023-04-23,2023-07-06,74,142,4,1,1,1,1,0,0,0,0,0,0,,2,2,4,1,0,1,2050,0.587,75,3.28,adv_email,Email
SITE-02520,PROTO-A_ONCO,Germany,Europe,Oncology,III,NSCLC,Pharma,8,18,12,15,1,1,1,PI-020,4,2,3,1,3,171,1.7,2022-04-17,2022-09-05,2024-02-10,2024-01-25,141,523,16,3,2022,EMA,2021-11-26,2022-05-10,165,1,CEC,2022-01-20,2022-03-14,53,228,2,1,0,0,1,0,0,0,0,0,0,,1,1,2,1,0,1,1400,0.63,55,3.15,adv_online,Online
SITE-02521,PROTO-C_NEURO,USA,North America,Neurology,II,Alzheimer's,Academic,7,14,10,12,1,0,0,PI-008,5,2,4,1,2,94,1.2,2021-11-07,2021-10-27,2022-11-28,2022-12-18,-11,397,-20,4,2021,FDA,2021-06-19,2021-09-24,97,0,IRB,2021-07-08,2021-10-05,89,111,4,0,1,1,1,0,1,0,0,1,0,,3,2,5,1,0,1,3050,0.608,40,3.02,adv_community_presentation,Community
SITE-02522,PROTO-B_CARDIO,Brazil,LATAM,Cardiology,II,Heart Failure,Biotech,5,9,8,10,0,1,1,PI-019,22,9,1,1,3,1204,2.9,2022-10-19,2022-12-01,2025-07-07,2025-08-04,43,949,-28,4,2022,Other,2022-04-17,2022-07-12,86,1,CEC,2022-06-08,2022-09-04,88,176,3,1,1,1,0,1,1,0,0,1,0,,2,4,6,1,0,1,2350,0.332,400,12.64,adv_email,Email
SITE-02523,PROTO-A_ONCO,India,Asia,Oncology,III,NSCLC,Pharma,8,18,12,15,1,1,1,PI-013,21,3,4,1,5,178,1.3,2022-12-06,2023-04-20,2024-04-08,2024-03-21,135,354,18,2,2023,Other,2022-08-16,2022-12-17,123,1,LEC,2022-09-20,2022-11-24,65,212,3,0,1,1,1,0,1,0,0,0,0,,2,2,4,1,0,1,2650,0.643,59,5.0,adv_email,Email
SITE-02524,PROTO-C_NEURO,Germany,Europe,Neurology,II,Alzheimer's,Academic,7,14,10,12,1,0,0,PI-026,11,5,3,1,4,133,2.6,2022-05-11,2022-06-29,2024-10-14,2024-10-26,49,838,-12,2,2022,EMA,2021-11-08,2021-12-15,37,1,CEC,2021-12-19,2022-03-12,83,192,2,1,1,0,0,0,0,0,0,1,0,,1,2,3,1,0,0,750,0.572,82,2.94,adv_community_presentation,Community
SITE-02525,PROTO-C_NEURO,UK,Europe,Neurology,II,Alzheimer's,Academic,7,14,10,12,1,0,0,PI-011,24,4,5,1,8,66,1.3,2022-02-18,2022-04-05,2023-05-07,2023-05-25,46,397,-18,2,2022,MHRA,2021-10-26,2021-12-25,60,1,LEC,2021-11-12,2022-01-07,56,144,0,1,1,1,0,0,0,0,0,1,1,Patient registry outreach,3,2,5,1,0,1,1850,0.547,22,1.66,adv_community_presentation,Community
SITE-02526,PROTO-B_CARDIO,Brazil,LATAM,Cardiology,II,Heart Failure,Biotech,5,9,8,10,0,1,1,PI-013,8,2,5,0,4,946,3.7,2021-03-06,2021-07-23,2024-12-25,2025-01-25,139,1251,-31,3,2021,Other,2020-10-29,2021-04-01,154,1,LEC,2020-12-02,2021-02-02,62,233,3,1,0,0,1,0,0,0,0,0,0,,1,1,2,1,0,1,1400,0.505,400,9.59,adv_online,Online
SITE-02527,PROTO-A_ONCO,Spain,Europe,Oncology,III,NSCLC,Pharma,8,18,12,15,1,1,1,PI-001,19,1,5,1,4,179,2.9,2023-04-09,2023-06-10,2026-02-15,2026-04-02,62,981,-46,2,2023,EMA,2022-11-10,2023-03-29,139,1,CEC,2022-12-28,2023-02-15,49,164,2,1,0,1,1,0,1,0,0,1,0,,3,2,5,1,0,1,3100,0.548,127,3.88,adv_email,Email
SITE-02528,PROTO-B_CARDIO,USA,North America,Cardiology,II,Heart Failure,Biotech,5,9,8,10,0,1,1,PI-023,20,1,1,1,2,1000,1.4,2021-08-03,2021-09-26,2023-01-27,2023-03-01,54,488,-33,3,2021,FDA,2021-04-14,2021-09-07,146,0,IRB,2021-05-14,2021-06-26,43,135,1,1,1,1,0,1,0,0,0,1,0,,2,3,5,1,0,1,1550,0.409,400,24.59,adv_email,Email
SITE-02529,PROTO-C_NEURO,Japan,Asia,Neurology,II,Alzheimer's,Academic,7,14,10,12,1,0,0,PI-012,23,3,5,1,0,69,3.7,2022-03-02,2022-04-01,2025-09-20,2025-10-21,30,1268,-31,2,2022,PMDA,2021-08-22,2021-09-24,33,1,CEC,2021-10-01,2021-12-18,78,182,3,1,1,0,1,0,0,0,0,0,1,Patient registry outreach,2,2,4,1,0,1,2150,0.553,126,2.98,adv_online,Online
SITE-02530,PROTO-A_ONCO,Brazil,LATAM,Oncology,III,NSCLC,Pharma,8,18,12,15,1,1,1,PI-022,11,2,5,1,7,84,3.9,2022-07-21,2022-09-25,2026-06-11,2026-05-22,66,1355,20,3,2022,Other,2022-01-12,2022-07-09,178,1,CEC,2022-03-09,2022-05-14,66,200,0,0,0,1,0,0,0,0,0,0,1,Patient registry outreach,2,0,2,1,0,1,1100,0.595,42,0.93,adv_email,Email
SITE-02531,PROTO-A_ONCO,Spain,Europe,Oncology,III,NSCLC,Pharma,8,18,12,15,1,1,1,PI-020,23,1,4,1,0,73,3.6,2023-02-11,2023-05-29,2026-10-06,2026-11-08,107,1226,-33,2,2023,EMA,2022-11-26,2023-03-03,97,1,LEC,2022-12-27,2023-01-26,30,153,1,1,1,1,1,0,0,0,0,1,0,,3,2,5,1,0,1,2450,0.578,134,3.28,adv_email,Email
SITE-02532,PROTO-C_NEURO,Japan,Asia,Neurology,II,Alzheimer's,Academic,7,14,10,12,1,0,0,PI-016,13,3,5,1,3,106,2.1,2023-04-07,2023-05-30,2025-03-25,2025-02-28,53,665,25,2,2023,PMDA,2022-09-22,2023-03-07,166,1,CEC,2022-10-25,2023-02-18,116,217,4,0,1,0,0,1,0,0,0,1,0,,1,2,3,1,0,0,850,0.502,81,3.65,adv_community_presentation,Community
SITE-02533,PROTO-B_CARDIO,Brazil,LATAM,Cardiology,II,Heart Failure,Biotech,5,9,8,10,0,1,1,PI-016,24,3,3,1,1,1221,1.3,2022-12-20,2023-05-05,2024-05-06,2024-07-18,136,367,-73,2,2023,Other,2022-08-13,2022-11-16,95,1,LEC,2022-10-11,2022-12-06,56,206,2,1,0,1,1,1,1,0,1,1,1,Patient registry outreach,4,4,8,1,0,1,9000,0.418,400,32.7,adv_email,Email
SITE-02534,PROTO-B_CARDIO,Spain,Europe,Cardiology,II,Heart Failure,Biotech,5,9,8,10,0,1,1,PI-028,21,4,5,1,2,1013,1.3,2023-05-01,2023-10-26,2024-11-28,2024-12-02,178,399,-4,4,2023,EMA,2023-02-17,2023-08-14,178,1,LEC,2023-03-08,2023-04-14,37,232,0,1,1,0,0,0,0,0,0,0,0,,0,2,2,0,1,0,350,0.429,400,30.08,adv_poster,Poster
SITE-02535,PROTO-B_CARDIO,UK,Europe,Cardiology,II,Heart Failure,Biotech,5,9,8,10,0,1,1,PI-021,17,1,4,1,4,904,3.4,2023-05-04,2023-09-30,2026-11-07,2026-08-29,149,1134,70,3,2023,MHRA,2023-01-09,2023-05-31,142,1,LEC,2023-03-03,2023-04-21,49,211,1,1,1,1,0,0,0,0,0,1,0,,2,2,4,1,0,1,1250,0.415,400,10.58,adv_email,Email
SITE-02536,PROTO-A_ONCO,Japan,Asia,Oncology,III,NSCLC,Pharma,8,18,12,15,1,1,1,PI-005,12,1,1,1,2,157,2.0,2022-12-26,2023-03-03,2024-11-26,2024-10-25,67,634,32,1,2023,PMDA,2022-06-26,2022-10-07,103,1,CEC,2022-07-20,2022-11-24,127,226,2,1,0,1,0,0,1,0,0,0,0,,1,2,3,1,0,1,1500,0.593,107,5.06,adv_email,Email
SITE-02537,PROTO-B_CARDIO,Poland,Europe,Cardiology,II,Heart Failure,Biotech,5,9,8,10,0,1,1,PI-023,19,4,4,1,3,762,1.3,2022-07-24,2022-11-03,2023-11-19,2023-11-14,102,381,5,4,2022,EMA,2022-04-08,2022-08-04,118,1,LEC,2022-04-18,2022-06-24,67,199,2,1,0,1,0,0,0,0,0,1,0,,2,1,3,1,0,1,1100,0.443,400,31.5,adv_email,Email
SITE-02538,PROTO-C_NEURO,UK,Europe,Neurology,II,Alzheimer's,Academic,7,14,10,12,1,0,0,PI-020,12,1,2,1,2,122,1.0,2022-07-12,2022-10-30,2023-08-02,2023-07-17,110,276,16,4,2022,MHRA,2022-05-03,2022-07-28,86,1,LEC,2022-05-21,2022-06-24,34,162,2,1,0,1,0,0,0,0,0,0,0,,1,1,2,1,0,1,700,0.601,37,4.02,adv_email,Email
SITE-02539,PROTO-B_CARDIO,Germany,Europe,Cardiology,II,Heart Failure,Biotech,5,9,8,10,0,1,1,PI-022,20,3,4,1,8,1100,2.5,2021-05-13,2021-06-27,2023-10-06,2023-08-19,45,831,48,2,2021,EMA,2020-12-09,2021-03-25,106,1,CEC,2021-01-11,2021-03-21,69,167,3,1,1,1,0,0,0,0,0,1,0,,2,2,4,1,0,1,1250,0.4,400,14.44,adv_email,Email
SITE-02540,PROTO-B_CARDIO,USA,North America,Cardiology,II,Heart Failure,Biotech,5,9,8,10,0,1,1,PI-004,14,2,2,1,7,1179,4.0,2022-01-01,2022-01-08,2025-12-05,2025-10-20,7,1427,46,1,2022,FDA,2021-08-12,2021-12-10,120,0,IRB,2021-09-05,2021-11-03,59,125,2,0,0,0,0,0,0,0,0,1,0,,1,0,1,1,0,0,400,0.464,400,8.41,adv_community_presentation,Community
SITE-02541,PROTO-A_ONCO,Japan,Asia,Oncology,III,NSCLC,Pharma,8,18,12,15,1,1,1,PI-023,21,2,5,1,6,121,1.3,2022-07-20,2022-08-10,2023-09-12,2023-09-17,21,398,-5,3,2022,PMDA,2022-02-17,2022-03-23,34,1,CEC,2022-03-02,2022-06-20,110,161,1,1,1,0,0,0,1,0,1,0,0,,0,4,4,0,1,0,6150,0.623,34,2.56,adv_poster,Poster
SITE-02542,PROTO-B_CARDIO,Spain,Europe,Cardiology,II,Heart Failure,Biotech,5,9,8,10,0,1,1,PI-012,24,3,2,1,2,810,1.6,2021-11-11,2022-01-23,2023-05-16,2023-04-16,73,478,30,1,2022,EMA,2021-07-28,2021-09-15,49,1,LEC,2021-08-14,2021-10-06,53,162,0,1,0,1,1,0,0,1,0,0,0,,2,2,4,1,0,1,3400,0.442,400,25.1,adv_email,Email
SITE-02543,PROTO-A_ONCO,USA,North America,Oncology,III,NSCLC,Pharma,8,18,12,15,1,1,1,PI-027,2,2,3,1,10,108,1.2,2022-05-22,2022-07-07,2023-08-23,2023-08-12,46,412,11,3,2022,FDA,2022-01-31,2022-05-18,107,0,IRB,2022-02-13,2022-03-29,44,144,4,1,1,0,1,0,0,1,0,0,0,,1,3,4,1,0,1,3050,0.504,9,0.66,adv_online,Online
SITE-02544,PROTO-A_ONCO,India,Asia,Oncology,III,NSCLC,Pharma,8,18,12,15,1,1,1,PI-014,14,4,3,1,1,92,4.0,2022-08-26,2022-11-03,2026-07-11,2026-07-02,69,1346,9,4,2022,Other,2022-05-08,2022-07-09,62,1,CEC,2022-05-25,2022-07-30,66,162,4,1,0,1,1,0,0,0,0,0,0,,2,1,3,1,0,1,1900,0.59,104,2.32,adv_email,Email
SITE-02545,PROTO-B_CARDIO,India,Asia,Cardiology,II,Heart Failure,Biotech,5,9,8,10,0,1,1,PI-013,19,3,1,1,3,913,2.5,2023-02-12,2023-03-29,2025-07-21,2025-07-10,45,845,11,1,2023,Other,2022-08-25,2023-01-14,142,1,CEC,2022-09-22,2022-12-16,85,188,1,0,0,1,0,0,0,0,0,1,0,,2,0,2,1,0,1,900,0.389,400,14.2,adv_email,Email
SITE-02546,PROTO-C_NEURO,Australia,APAC,Neurology,II,Alzheimer's,Academic,7,14,10,12,1,0,0,PI-027,2,3,4,1,8,47,1.2,2023-01-20,2023-05-03,2024-04-30,2024-02-09,103,363,81,2,2023,Other,2022-09-27,2023-02-02,128,1,LEC,2022-11-15,2023-01-06,52,169,4,0,1,1,0,1,0,1,0,0,0,,1,3,4,1,0,1,2450,0.588,5,0.41,adv_email,Email
SITE-02547,PROTO-C_NEURO,Brazil,LATAM,Neurology,II,Alzheimer's,Academic,7,14,10,12,1,0,0,PI-002,6,2,1,1,8,126,3.9,2021-10-20,2022-04-27,2025-10-30,2025-10-09,189,1282,21,2,2022,Other,2021-06-09,2021-11-08,152,1,LEC,2021-07-30,2021-09-16,48,271,4,1,1,0,0,0,0,0,0,1,0,,1,2,3,1,0,0,750,0.594,32,0.75,adv_community_presentation,Community
SITE-02548,PROTO-A_ONCO,Australia,APAC,Oncology,III,NSCLC,Pharma,8,18,12,15,1,1,1,PI-014,3,4,3,1,7,155,3.6,2021-03-13,2021-06-26,2024-10-25,2024-11-03,105,1217,-9,2,2021,Other,2020-11-23,2021-02-18,87,1,LEC,2020-12-21,2021-02-09,50,187,4,0,1,1,1,1,0,0,0,0,0,,2,2,4,1,0,1,2150,0.557,56,1.38,adv_email,Email
SITE-02549,PROTO-B_CARDIO,Germany,Europe,Cardiology,II,Heart Failure,Biotech,5,9,8,10,0,1,1,PI-019,8,1,3,1,8,1047,3.3,2022-12-11,2023-02-02,2026-02-01,2026-01-10,53,1095,22,1,2023,EMA,2022-07-10,2022-09-29,81,1,CEC,2022-07-29,2022-11-16,110,188,1,0,1,0,1,0,0,0,0,0,0,,1,1,2,1,0,1,1350,0.398,400,10.96,adv_online,Online
SITE-02550,PROTO-B_CARDIO,USA,North America,Cardiology,II,Heart Failure,Biotech,5,9,8,10,0,1,1,PI-014,5,6,2,1,7,1105,4.0,2021-08-18,2021-10-12,2025-09-08,2025-09-13,55,1427,-5,4,2021,FDA,2021-04-25,2021-09-01,129,0,IRB,2021-06-07,2021-07-23,46,127,3,1,0,1,0,1,0,0,0,0,0,,1,2,3,1,0,1,1000,0.272,400,8.41,adv_email,Email
SITE-02551,PROTO-A_ONCO,Germany,Europe,Oncology,III,NSCLC,Pharma,8,18,12,15,1,1,1,PI-013,11,5,4,1,2,159,3.7,2022-10-27,2022-12-20,2026-04-29,2026-05-20,54,1226,-21,4,2022,EMA,2022-04-22,2022-08-18,118,1,CEC,2022-05-02,2022-08-09,99,232,1,1,1,1,0,0,0,0,0,0,1,Patient registry outreach,2,2,4,1,0,1,1450,0.564,173,4.23,adv_email,Email
SITE-02552,PROTO-C_NEURO,Germany,Europe,Neurology,II,Alzheimer's,Academic,7,14,10,12,1,0,0,PI-003,3,2,3,1,1,91,2.9,2021-12-22,2022-02-27,2024-09-27,2024-11-01,67,943,-35,1,2022,EMA,2021-06-23,2021-10-06,105,1,CEC,2021-08-13,2021-11-04,83,198,1,1,0,1,0,0,0,0,0,0,0,,1,1,2,1,0,1,700,0.476,103,3.28,adv_email,Email
SITE-02553,PROTO-C_NEURO,Germany,Europe,Neurology,II,Alzheimer's,Academic,7,14,10,12,1,0,0,PI-015,4,2,2,1,3,20,2.8,2023-08-04,2023-11-03,2026-04-23,2026-05-15,91,902,-22,4,2023,EMA,2023-03-04,2023-06-29,117,1,CEC,2023-04-19,2023-07-10,82,198,1,0,0,0,0,0,0,0,0,0,0,,0,0,0,0,0,0,0,0.493,11,0.37,none,None
SITE-02554,PROTO-A_ONCO,Japan,Asia,Oncology,III,NSCLC,Pharma,8,18,12,15,1,1,1,PI-017,14,4,1,1,5,200,3.1,2023-05-08,2023-05-09,2026-03-20,2026-04-05,1,1046,-16,2,2023,PMDA,2022-10-09,2023-03-14,156,1,CEC,2022-11-08,2023-03-09,121,182,3,1,1,0,0,1,0,0,0,0,0,,0,3,3,0,1,0,650,0.545,153,4.39,adv_newsletter,Newsletter
SITE-02555,PROTO-C_NEURO,Spain,Europe,Neurology,II,Alzheimer's,Academic,7,14,10,12,1,0,0,PI-019,16,4,1,1,2,30,3.4,2023-03-30,2023-06-16,2026-07-06,2026-07-09,78,1116,-3,2,2023,EMA,2022-09-12,2023-02-21,162,1,CEC,2022-09-25,2023-01-04,101,264,5,1,1,0,0,0,1,1,0,1,0,,1,4,5,1,0,0,3050,0.57,35,0.94,adv_community_presentation,Community
SITE-02556,PROTO-A_ONCO,Spain,Europe,Oncology,III,NSCLC,Pharma,8,18,12,15,1,1,1,PI-020,23,3,3,1,4,147,1.7,2021-08-10,2021-11-01,2023-04-07,2023-04-05,83,522,2,4,2021,EMA,2021-03-20,2021-04-19,30,1,LEC,2021-05-10,2021-07-13,64,175,1,1,1,0,0,0,0,0,0,1,0,,1,2,3,1,0,0,750,0.499,111,6.38,adv_community_presentation,Community
SITE-02557,PROTO-B_CARDIO,Poland,Europe,Cardiology,II,Heart Failure,Biotech,5,9,8,10,0,1,1,PI-009,15,1,2,1,2,1198,2.4,2023-03-08,2023-04-23,2025-07-08,2025-08-22,46,807,-45,2,2023,EMA,2022-11-16,2022-12-28,42,1,LEC,2022-12-19,2023-02-19,62,125,1,1,0,1,0,0,0,0,0,0,0,,1,1,2,1,0,1,700,0.441,400,14.87,adv_email,Email
SITE-02558,PROTO-A_ONCO,India,Asia,Oncology,III,NSCLC,Pharma,8,18,12,15,1,1,1,PI-007,13,2,3,1,1,87,3.1,2023-03-21,2023-07-19,2026-04-27,2026-05-18,120,1013,-21,3,2023,Other,2022-11-05,2023-04-23,169,1,LEC,2022-12-20,2023-02-25,67,211,4,1,1,0,0,1,1,0,1,0,0,,0,5,5,0,1,0,6450,0.626,60,1.78,adv_newsletter,Newsletter
SITE-02559,PROTO-A_ONCO,Australia,APAC,Oncology,III,NSCLC,Pharma,8,18,12,15,1,1,1,PI-025,14,2,5,1,6,162,3.1,2022-07-03,2022-08-09,2025-07-15,2025-07-20,37,1071,-5,3,2022,Other,2022-03-24,2022-05-05,42,1,LEC,2022-05-08,2022-05-29,21,93,4,1,1,1,1,0,1,0,1,0,0,,2,4,6,1,0,1,7850,0.609,83,2.32,adv_email,Email
SITE-02560,PROTO-A_ONCO,Japan,Asia,Oncology,III,NSCLC,Pharma,8,18,12,15,1,1,1,PI-005,9,1,4,1,3,207,3.6,2023-08-29,2023-09-16,2027-01-22,2027-01-22,18,1224,0,3,2023,PMDA,2023-01-18,2023-06-14,147,1,CEC,2023-02-14,2023-06-24,130,214,1,1,1,0,1,0,1,0,0,1,0,,2,3,5,1,0,1,2750,0.561,147,3.6,adv_community_presentation,Community
SITE-02561,PROTO-B_CARDIO,Germany,Europe,Cardiology,II,Heart Failure,Biotech,5,9,8,10,0,1,1,PI-009,17,4,1,1,4,1388,1.1,2023-09-25,2023-11-28,2024-10-06,2024-12-15,64,313,-70,4,2023,EMA,2023-05-22,2023-08-25,95,1,CEC,2023-06-14,2023-08-16,63,167,1,0,1,1,1,0,0,0,0,1,0,,3,1,4,1,0,1,2250,0.366,400,38.34,adv_email,Email
SITE-02562,PROTO-A_ONCO,Spain,Europe,Oncology,III,NSCLC,Pharma,8,18,12,15,1,1,1,PI-009,9,5,5,1,4,86,1.7,2021-08-30,2021-11-27,2023-05-23,2023-05-05,89,542,18,4,2021,EMA,2021-05-23,2021-07-25,63,1,LEC,2021-07-11,2021-08-15,35,139,2,1,1,0,1,0,0,0,0,0,0,,1,2,3,1,0,1,1550,0.551,42,2.32,adv_online,Online
SITE-02563,PROTO-C_NEURO,Spain,Europe,Neurology,II,Alzheimer's,Academic,7,14,10,12,1,0,0,PI-029,8,4,3,1,4,73,1.2,2022-03-22,2022-08-03,2023-07-31,2023-07-04,134,362,27,3,2022,EMA,2021-12-24,2022-05-09,136,1,LEC,2022-01-15,2022-02-19,35,200,4,1,1,1,0,1,0,0,0,0,0,,1,3,4,1,0,1,1150,0.6,20,1.66,adv_email,Email
SITE-02564,PROTO-B_CARDIO,USA,North America,Cardiology,II,Heart Failure,Biotech,5,9,8,10,0,1,1,PI-028,22,1,3,1,2,1101,2.4,2022-03-25,2022-02-19,2024-06-11,2024-06-23,-34,843,-12,1,2022,FDA,2021-11-05,2021-12-25,50,0,IRB,2021-11-23,2022-02-14,83,88,1,1,0,0,0,0,0,0,0,0,0,,0,1,1,0,1,0,200,0.435,400,14.23,adv_poster,Poster
SITE-02565,PROTO-B_CARDIO,UK,Europe,Cardiology,II,Heart Failure,Biotech,5,9,8,10,0,1,1,PI-023,15,3,3,1,2,1123,1.5,2022-04-11,2022-05-07,2023-08-18,2023-08-03,26,468,15,2,2022,MHRA,2022-01-22,2022-03-02,39,1,LEC,2022-02-06,2022-02-28,22,90,0,1,1,0,1,0,0,1,0,1,0,,2,3,5,1,0,1,3450,0.595,400,25.64,adv_online,Online
SITE-02566,PROTO-C_NEURO,India,Asia,Neurology,II,Alzheimer's,Academic,7,14,10,12,1,0,0,PI-019,23,2,2,1,3,117,2.5,2023-02-13,2023-05-13,2025-07-19,2025-06-11,89,798,38,2,2023,Other,2022-10-26,2023-01-29,95,1,LEC,2022-12-07,2023-01-03,27,157,4,0,1,0,0,0,0,0,0,0,0,,0,1,1,0,1,0,150,0.508,129,4.85,adv_pamphlet,Pamphlet
SITE-02567,PROTO-A_ONCO,India,Asia,Oncology,III,NSCLC,Pharma,8,18,12,15,1,1,1,PI-023,20,0,1,0,4,146,4.0,2022-07-02,2022-10-14,2026-07-18,2026-07-25,104,1373,-7,4,2022,Other,2022-03-30,2022-07-13,105,1,LEC,2022-04-21,2022-06-22,62,176,1,1,1,1,0,0,0,1,0,0,0,,1,3,4,1,0,1,2350,0.593,118,2.58,adv_email,Email
SITE-02568,PROTO-B_CARDIO,USA,North America,Cardiology,II,Heart Failure,Biotech,5,9,8,10,0,1,1,PI-020,20,2,4,0,4,1213,2.6,2021-01-24,2021-02-16,2023-09-04,2023-08-14,23,930,21,1,2021,FDA,2020-09-25,2021-02-17,145,0,IRB,2020-10-23,2020-12-21,59,116,0,0,1,1,0,0,1,0,0,0,1,Patient registry outreach,2,2,4,1,0,1,2050,0.455,400,12.9,adv_email,Email
SITE-02569,PROTO-A_ONCO,Brazil,LATAM,Oncology,III,NSCLC,Pharma,8,18,12,15,1,1,1,PI-023,8,4,4,1,2,116,3.3,2023-03-02,2023-04-19,2026-06-20,2026-06-14,48,1158,6,2,2023,Other,2022-11-15,2023-02-12,89,1,LEC,2023-01-13,2023-02-05,23,96,1,1,0,0,1,0,0,0,0,0,0,,1,1,2,1,0,1,1400,0.552,117,3.03,adv_online,Online
SITE-02570,PROTO-B_CARDIO,Spain,Europe,Cardiology,II,Heart Failure,Biotech,5,9,8,10,0,1,1,PI-023,24,3,5,1,2,1068,3.6,2023-08-11,2023-10-28,2027-02-20,2027-03-13,78,1211,-21,4,2023,EMA,2023-03-03,2023-05-04,62,1,CEC,2023-04-11,2023-07-01,81,200,0,0,1,1,1,0,1,0,0,1,0,,3,2,5,1,0,1,3050,0.376,400,9.91,adv_email,Email
SITE-02571,PROTO-C_NEURO,USA,North America,Neurology,II,Alzheimer's,Academic,7,14,10,12,1,0,0,PI-015,12,0,1,1,2,177,1.3,2023-04-06,2023-03-13,2024-06-08,2024-06-29,-24,453,-21,1,2023,FDA,2022-12-15,2023-01-31,47,0,IRB,2023-01-06,2023-02-13,38,66,1,0,0,0,0,0,0,0,0,0,0,,0,0,0,0,0,0,0,0.467,81,5.36,none,None
SITE-02572,PROTO-B_CARDIO,UK,Europe,Cardiology,II,Heart Failure,Biotech,5,9,8,10,0,1,1,PI-026,8,3,2,1,5,858,3.4,2022-03-25,2022-04-04,2025-06-22,2025-06-19,10,1175,3,2,2022,MHRA,2021-09-01,2022-01-12,133,1,CEC,2021-10-20,2022-02-03,106,166,0,1,1,1,1,1,0,0,0,0,0,,2,3,5,1,0,1,2350,0.425,400,10.21,adv_email,Email
SITE-02573,PROTO-C_NEURO,Spain,Europe,Neurology,II,Alzheimer's,Academic,7,14,10,12,1,0,0,PI-014,22,1,5,1,4,141,1.7,2023-09-27,2023-12-29,2025-06-11,2025-07-28,93,530,-47,4,2023,EMA,2023-06-01,2023-10-13,134,1,LEC,2023-07-02,2023-09-06,66,180,2,1,1,0,0,1,0,0,0,0,1,Patient registry outreach,1,3,4,1,0,0,1250,0.587,72,4.08,adv_other,Other
SITE-02574,PROTO-C_NEURO,Spain,Europe,Neurology,II,Alzheimer's,Academic,7,14,10,12,1,0,0,PI-013,9,5,3,1,3,97,1.8,2023-01-23,2023-04-01,2024-09-23,2024-08-29,68,541,25,2,2023,EMA,2022-10-09,2022-12-02,54,1,LEC,2022-11-17,2022-12-21,34,135,2,1,1,0,0,1,0,0,0,0,0,,0,3,3,0,1,0,650,0.559,75,4.16,adv_newsletter,Newsletter
SITE-02575,PROTO-C_NEURO,USA,North America,Neurology,II,Alzheimer's,Academic,7,14,10,12,1,0,0,PI-013,16,7,4,1,5,163,2.5,2021-11-06,2021-12-11,2024-04-17,2024-04-10,35,858,7,4,2021,FDA,2021-04-15,2021-09-11,149,0,CEC,2021-05-31,2021-08-29,90,194,3,1,0,0,1,0,0,1,0,0,0,,1,2,3,1,0,1,2900,0.541,141,4.93,adv_online,Online
SITE-02576,PROTO-B_CARDIO,Poland,Europe,Cardiology,II,Heart Failure,Biotech,5,9,8,10,0,1,1,PI-023,23,5,3,1,6,894,2.6,2022-04-04,2022-07-04,2024-11-21,2024-12-29,91,871,-38,3,2022,EMA,2021-12-30,2022-02-01,33,1,LEC,2022-01-30,2022-03-20,49,155,4,1,0,1,0,0,0,0,0,0,0,,1,1,2,1,0,1,700,0.332,400,13.78,adv_email,Email
SITE-02577,PROTO-A_ONCO,UK,Europe,Oncology,III,NSCLC,Pharma,8,18,12,15,1,1,1,PI-013,13,3,3,1,2,219,3.5,2021-05-21,2021-08-25,2024-11-26,2024-12-02,96,1189,-6,3,2021,MHRA,2021-01-18,2021-05-30,132,1,LEC,2021-03-09,2021-04-27,49,169,4,1,1,1,1,1,1,0,0,1,1,Patient registry outreach,4,4,8,1,0,1,4150,0.595,220,5.55,adv_email,Email
SITE-02578,PROTO-A_ONCO,Germany,Europe,Oncology,III,NSCLC,Pharma,8,18,12,15,1,1,1,PI-029,19,0,4,1,3,42,2.2,2022-05-01,2022-07-27,2024-06-10,2024-06-28,87,684,-18,3,2022,EMA,2021-10-17,2022-04-03,168,1,CEC,2021-11-29,2022-04-03,125,240,3,1,0,1,0,1,0,1,0,0,0,,1,3,4,1,0,1,2500,0.569,29,1.27,adv_email,Email
SITE-02579,PROTO-A_ONCO,Japan,Asia,Oncology,III,NSCLC,Pharma,8,18,12,15,1,1,1,PI-011,24,4,5,1,2,105,1.2,2021-01-03,2021-03-10,2022-03-01,2022-02-27,66,356,2,1,2021,PMDA,2020-07-07,2020-11-27,143,1,CEC,2020-08-30,2020-10-17,48,192,2,1,1,0,0,0,1,0,0,0,0,,0,3,3,0,1,0,1150,0.555,67,5.65,adv_poster,Poster
SITE-02580,PROTO-A_ONCO,Brazil,LATAM,Oncology,III,NSCLC,Pharma,8,18,12,15,1,1,1,PI-002,23,4,2,1,5,217,1.8,2023-06-09,2024-01-07,2025-06-14,2025-06-17,212,524,-3,1,2024,Other,2023-02-10,2023-08-04,175,1,LEC,2023-03-22,2023-05-29,68,291,4,1,0,0,0,0,1,0,1,1,1,Patient registry outreach,2,3,5,1,0,0,7000,0.52,134,7.67,adv_community_presentation,Community
SITE-02581,PROTO-A_ONCO,India,Asia,Oncology,III,NSCLC,Pharma,8,18,12,15,1,1,1,PI-015,16,1,2,1,4,155,1.4,2021-07-04,2021-09-29,2022-12-30,2023-01-02,87,457,-3,3,2021,Other,2021-04-30,2021-07-18,79,1,LEC,2021-05-12,2021-06-05,24,140,3,1,0,0,0,0,0,0,0,0,1,Patient registry outreach,1,1,2,1,0,0,800,0.655,50,3.28,adv_other,Other
SITE-02582,PROTO-C_NEURO,Germany,Europe,Neurology,II,Alzheimer's,Academic,7,14,10,12,1,0,0,PI-029,24,5,4,1,4,48,2.2,2022-07-02,2022-08-08,2024-07-05,2024-08-30,37,697,-56,3,2022,EMA,2021-12-23,2022-02-14,53,1,CEC,2022-01-26,2022-05-10,104,194,1,1,0,0,0,0,0,0,0,0,0,,0,1,1,0,1,0,200,0.475,45,1.94,adv_poster,Poster
SITE-02583,PROTO-B_CARDIO,Germany,Europe,Cardiology,II,Heart Failure,Biotech,5,9,8,10,0,1,1,PI-028,19,5,3,1,1,1203,1.0,2021-09-06,2022-02-15,2022-12-16,2022-11-08,162,304,38,1,2022,EMA,2021-05-16,2021-11-04,172,1,LEC,2021-07-14,2021-08-27,44,216,2,1,0,1,0,0,0,1,0,1,1,Patient registry outreach,3,2,5,1,0,1,3200,0.436,400,39.47,adv_email,Email
SITE-02584,PROTO-A_ONCO,Spain,Europe,Oncology,III,NSCLC,Pharma,8,18,12,15,1,1,1,PI-014,15,2,4,1,8,223,3.1,2023-01-16,2023-03-30,2026-02-20,2026-02-20,73,1058,0,1,2023,EMA,2022-10-21,2022-12-17,57,1,LEC,2022-11-25,2023-01-05,41,125,0,1,0,1,0,0,1,1,0,1,0,,2,3,5,1,0,1,3400,0.547,83,2.35,adv_email,Email
SITE-02585,PROTO-C_NEURO,Japan,Asia,Neurology,II,Alzheimer's,Academic,7,14,10,12,1,0,0,PI-029,22,4,1,1,3,97,1.6,2023-06-14,2023-08-10,2024-11-03,2024-11-07,57,451,-4,3,2023,PMDA,2022-12-01,2023-03-10,99,1,CEC,2023-01-02,2023-03-31,88,220,2,0,1,1,0,0,0,0,0,0,0,,1,1,2,1,0,1,650,0.538,62,4.12,adv_email,Email
SITE-02586,PROTO-C_NEURO,USA,North America,Neurology,II,Alzheimer's,Academic,7,14,10,12,1,0,0,PI-027,17,1,1,1,1,34,2.9,2022-08-02,2022-08-25,2025-05-19,2025-03-23,23,998,57,3,2022,FDA,2022-03-12,2022-04-14,33,0,IRB,2022-03-27,2022-06-21,86,151,4,1,0,0,1,0,0,0,0,0,0,,1,1,2,1,0,1,1400,0.591,35,1.05,adv_online,Online
SITE-02587,PROTO-C_NEURO,USA,North America,Neurology,II,Alzheimer's,Academic,7,14,10,12,1,0,0,PI-011,19,6,4,1,3,72,3.8,2023-09-11,2023-08-29,2027-05-14,2027-04-21,-13,1354,23,3,2023,FDA,2023-04-22,2023-06-15,54,0,IRB,2023-05-17,2023-07-21,65,104,3,1,1,1,0,0,0,0,0,0,0,,1,2,3,1,0,1,850,0.516,120,2.66,adv_email,Email
SITE-02588,PROTO-C_NEURO,Poland,Europe,Neurology,II,Alzheimer's,Academic,7,14,10,12,1,0,0,PI-026,16,6,4,1,5,65,4.0,2021-08-10,2021-10-29,2025-08-27,2025-08-22,80,1398,5,4,2021,EMA,2021-04-30,2021-08-21,113,1,LEC,2021-06-07,2021-07-18,41,144,1,1,0,0,1,0,0,0,0,0,0,,1,1,2,1,0,1,1400,0.56,53,1.14,adv_online,Online
SITE-02589,PROTO-A_ONCO,Canada,North America,Oncology,III,NSCLC,Pharma,8,18,12,15,1,1,1,PI-008,13,4,3,1,7,296,2.0,2022-01-13,2021-12-15,2023-10-13,2023-09-28,-29,667,15,4,2021,Other,2021-04-18,2021-07-30,103,0,CEC,2021-06-03,2021-10-27,146,195,3,0,0,1,0,0,0,0,0,1,0,,2,0,2,1,0,1,900,0.637,92,4.14,adv_email,Email
SITE-02590,PROTO-B_CARDIO,India,Asia,Cardiology,II,Heart Failure,Biotech,5,9,8,10,0,1,1,PI-020,12,3,1,1,5,1161,3.1,2023-08-14,2023-12-10,2026-10-05,2026-10-19,118,1030,-14,4,2023,Other,2023-05-04,2023-07-30,87,1,LEC,2023-05-28,2023-07-10,43,196,0,1,1,0,0,0,0,0,0,0,0,,0,2,2,0,1,0,350,0.415,400,11.65,adv_poster,Poster
SITE-02591,PROTO-C_NEURO,USA,North America,Neurology,II,Alzheimer's,Academic,7,14,10,12,1,0,0,PI-020,9,6,4,1,3,113,3.6,2022-03-09,2022-04-11,2025-10-06,2025-08-26,33,1274,41,2,2022,FDA,2021-11-27,2022-02-13,78,0,IRB,2021-12-19,2022-01-25,37,113,4,1,0,1,1,0,1,0,0,0,0,,2,2,4,1,0,1,2700,0.645,105,2.47,adv_email,Email
SITE-02592,PROTO-B_CARDIO,USA,North America,Cardiology,II,Heart Failure,Biotech,5,9,8,10,0,1,1,PI-013,19,4,3,1,4,1053,2.2,2022-05-31,2022-06-09,2024-07-29,2024-06-23,9,781,36,2,2022,FDA,2022-01-03,2022-05-27,144,0,IRB,2022-03-03,2022-04-15,43,98,1,1,0,0,1,0,0,1,0,1,0,,2,2,4,1,0,1,3300,0.434,400,15.36,adv_online,Online
SITE-02593,PROTO-A_ONCO,Poland,Europe,Oncology,III,NSCLC,Pharma,8,18,12,15,1,1,1,PI-025,9,4,1,1,3,182,1.6,2022-08-28,2022-11-23,2024-03-16,2024-03-22,87,479,-6,4,2022,EMA,2022-03-08,2022-08-16,161,1,CEC,2022-03-30,2022-06-10,72,238,0,0,1,1,0,1,0,0,0,0,1,Patient registry outreach,2,2,4,1,0,1,1550,0.6,90,5.64,adv_email,Email
SITE-02594,PROTO-A_ONCO,Brazil,LATAM,Oncology,III,NSCLC,Pharma,8,18,12,15,1,1,1,PI-009,24,4,1,1,5,92,1.0,2022-07-05,2022-10-28,2023-06-13,2023-05-10,115,228,34,4,2022,Other,2022-02-15,2022-06-12,117,1,LEC,2022-04-07,2022-05-28,51,204,7,0,1,0,1,1,0,0,0,1,0,,2,2,4,1,0,1,2050,0.57,29,3.82,adv_community_presentation,Community
SITE-02595,PROTO-B_CARDIO,Canada,North America,Cardiology,II,Heart Failure,Biotech,5,9,8,10,0,1,1,PI-014,10,7,2,1,4,904,2.8,2022-01-02,2021-12-31,2024-09-21,2024-12-24,-2,995,-94,4,2021,Other,2021-07-02,2021-11-20,141,0,CEC,2021-08-20,2021-10-15,56,133,2,1,0,0,1,0,0,0,0,0,0,,1,1,2,1,0,1,1400,0.413,400,12.06,adv_online,Online
SITE-02596,PROTO-B_CARDIO,Canada,North America,Cardiology,II,Heart Failure,Biotech,5,9,8,10,0,1,1,PI-028,2,2,1,1,1,984,1.7,2022-09-16,2022-09-09,2024-04-15,2024-03-21,-7,584,25,3,2022,Other,2022-04-07,2022-06-09,63,0,CEC,2022-04-25,2022-07-15,81,137,1,1,1,0,1,1,0,0,0,0,1,Patient registry outreach,2,3,5,1,0,1,2450,0.326,400,20.55,adv_online,Online
SITE-02597,PROTO-A_ONCO,Canada,North America,Oncology,III,NSCLC,Pharma,8,18,12,15,1,1,1,PI-010,8,3,2,1,3,149,2.1,2021-09-04,2021-11-02,2023-11-11,2023-10-08,59,739,34,4,2021,Other,2021-05-16,2021-10-05,142,0,IRB,2021-06-10,2021-08-07,58,145,1,1,1,1,0,0,1,0,0,1,0,,2,3,5,1,0,1,2050,0.602,86,3.49,adv_email,Email
SITE-02598,PROTO-A_ONCO,Spain,Europe,Oncology,III,NSCLC,Pharma,8,18,12,15,1,1,1,PI-023,7,2,4,1,6,155,3.8,2021-11-30,2022-04-05,2025-09-28,2025-09-30,126,1272,-2,2,2022,EMA,2021-07-29,2021-09-11,44,1,CEC,2021-09-21,2021-11-08,48,196,3,1,0,1,0,0,0,0,0,1,0,,2,1,3,1,0,1,1100,0.663,52,1.23,adv_email,Email
SITE-02599,PROTO-C_NEURO,Australia,APAC,Neurology,II,Alzheimer's,Academic,7,14,10,12,1,0,0,PI-020,24,6,2,1,5,57,3.2,2023-01-05,2023-03-15,2026-03-05,2026-04-03,69,1086,-29,1,2023,Other,2022-08-26,2022-11-29,95,1,CEC,2022-09-15,2022-12-13,89,181,3,1,0,1,0,0,1,1,0,0,0,,1,3,4,1,0,1,3000,0.529,73,2.02,adv_email,Email
SITE-02600,PROTO-A_ONCO,Japan,Asia,Oncology,III,NSCLC,Pharma,8,18,12,15,1,1,1,PI-016,19,5,5,1,1,222,3.5,2021-09-15,2022-04-15,2025-06-28,2025-08-16,212,1170,-49,2,2022,PMDA,2021-07-01,2021-11-24,146,1,LEC,2021-07-19,2021-08-25,37,270,6,0,1,1,0,0,1,0,0,0,0,,1,2,3,1,0,1,1450,0.579,361,9.26,adv_email,Email
SITE-02601,PROTO-A_ONCO,USA,North America,Oncology,III,NSCLC,Pharma,8,18,12,15,1,1,1,PI-011,15,2,1,1,1,135,2.3,2022-06-28,2022-11-09,2025-02-07,2025-02-08,134,821,-1,4,2022,FDA,2022-04-09,2022-09-30,174,0,IRB,2022-05-07,2022-06-11,35,186,1,0,1,1,0,1,0,0,0,0,0,,1,2,3,1,0,1,950,0.57,139,5.08,adv_email,Email
SITE-02602,PROTO-A_ONCO,Spain,Europe,Oncology,III,NSCLC,Pharma,8,18,12,15,1,1,1,PI-027,5,1,1,1,4,235,1.0,2022-06-22,2022-08-08,2023-05-01,2023-04-14,47,266,17,3,2022,EMA,2021-11-10,2022-04-30,171,1,CEC,2021-12-12,2022-04-26,135,239,2,1,1,0,1,1,0,0,0,1,1,Patient registry outreach,3,3,6,1,0,1,2850,0.537,49,5.53,adv_community_presentation,Community
SITE-02603,PROTO-A_ONCO,Spain,Europe,Oncology,III,NSCLC,Pharma,8,18,12,15,1,1,1,PI-013,8,3,3,1,3,100,2.6,2021-07-07,2021-09-25,2023-12-17,2023-11-22,80,813,25,3,2021,EMA,2020-11-23,2021-02-18,87,1,CEC,2021-01-19,2021-05-21,122,249,3,1,1,1,1,0,0,1,0,0,0,,2,3,5,1,0,1,3550,0.646,50,1.85,adv_email,Email
SITE-02604,PROTO-B_CARDIO,Australia,APAC,Cardiology,II,Heart Failure,Biotech,5,9,8,10,0,1,1,PI-028,5,3,3,1,5,1034,1.5,2022-03-05,2022-03-26,2023-07-19,2023-07-30,21,480,-11,1,2022,Other,2021-11-28,2022-01-07,40,1,LEC,2021-12-21,2022-01-24,34,95,4,1,0,1,1,1,0,0,0,0,0,,2,2,4,1,0,1,2200,0.332,400,25.0,adv_email,Email
SITE-02605,PROTO-A_ONCO,Brazil,LATAM,Oncology,III,NSCLC,Pharma,8,18,12,15,1,1,1,PI-013,2,1,4,1,7,224,2.3,2021-04-26,2021-06-14,2023-08-11,2023-08-26,49,788,-15,2,2021,Other,2021-01-29,2021-03-14,44,1,LEC,2021-02-19,2021-04-07,47,115,1,1,0,0,1,0,0,0,0,0,0,,1,1,2,1,0,1,1400,0.55,53,2.02,adv_online,Online
SITE-02606,PROTO-C_NEURO,Poland,Europe,Neurology,II,Alzheimer's,Academic,7,14,10,12,1,0,0,PI-020,12,1,2,1,4,159,2.6,2021-01-17,2021-06-16,2023-10-25,2023-09-09,150,861,46,2,2021,EMA,2020-09-23,2021-02-17,147,1,LEC,2020-10-19,2020-12-15,57,240,3,1,0,1,1,0,0,0,0,1,1,Patient registry outreach,4,1,5,1,0,1,2900,0.532,134,4.67,adv_community_presentation,Community
SITE-02607,PROTO-B_CARDIO,USA,North America,Cardiology,II,Heart Failure,Biotech,5,9,8,10,0,1,1,PI-017,22,4,5,1,0,903,2.9,2021-04-21,2021-04-28,2024-03-01,2024-03-11,7,1038,-10,2,2021,FDA,2021-01-11,2021-03-16,64,0,IRB,2021-01-30,2021-03-19,48,88,1,1,1,1,1,0,0,0,0,0,0,,2,2,4,1,0,1,2050,0.418,400,11.56,adv_email,Email
SITE-02608,PROTO-B_CARDIO,Spain,Europe,Cardiology,II,Heart Failure,Biotech,5,9,8,10,0,1,1,PI-001,11,3,4,1,6,792,4.0,2022-12-30,2023-01-09,2026-10-15,2026-10-02,10,1375,13,1,2023,EMA,2022-04-29,2022-09-12,136,1,CEC,2022-06-24,2022-10-23,121,199,1,1,0,1,1,0,1,0,0,0,1,Patient registry outreach,3,2,5,1,0,1,3300,0.408,400,8.73,adv_email,Email
SITE-02609,PROTO-C_NEURO,USA,North America,Neurology,II,Alzheimer's,Academic,7,14,10,12,1,0,0,PI-008,6,0,2,1,2,96,2.3,2022-06-05,2022-05-12,2024-07-28,2024-07-03,-24,808,25,2,2022,FDA,2021-11-28,2022-04-14,137,0,CEC,2022-01-19,2022-03-26,66,113,1,0,0,0,0,0,0,0,0,1,0,,1,0,1,1,0,0,400,0.557,56,2.08,adv_community_presentation,Community
SITE-02610,PROTO-C_NEURO,USA,North America,Neurology,II,Alzheimer's,Academic,7,14,10,12,1,0,0,PI-025,21,1,3,1,4,20,1.8,2023-07-17,2023-09-02,2025-05-25,2025-05-20,47,631,5,3,2023,FDA,2023-02-11,2023-07-25,164,0,IRB,2023-03-30,2023-06-08,70,156,1,1,1,1,0,0,0,0,0,1,1,Patient registry outreach,3,2,5,1,0,1,1850,0.491,14,0.67,adv_community_presentation,Community
SITE-02611,PROTO-A_ONCO,Australia,APAC,Oncology,III,NSCLC,Pharma,8,18,12,15,1,1,1,PI-026,11,4,4,1,2,192,2.3,2022-11-01,2023-01-07,2025-03-05,2025-04-03,67,788,-29,1,2023,Other,2022-07-14,2022-11-10,119,1,LEC,2022-08-09,2022-09-28,50,151,0,1,1,1,0,0,0,0,0,0,0,,1,2,3,1,0,1,850,0.592,181,6.89,adv_email,Email
SITE-02612,PROTO-B_CARDIO,Japan,Asia,Cardiology,II,Heart Failure,Biotech,5,9,8,10,0,1,1,PI-024,22,1,2,1,4,966,3.1,2021-11-08,2021-11-27,2024-10-04,2024-11-04,19,1042,-31,4,2021,PMDA,2021-03-29,2021-06-01,64,1,CEC,2021-05-07,2021-08-11,96,204,3,1,1,0,0,0,0,0,1,0,1,Patient registry outreach,1,3,4,1,0,0,5950,0.39,400,11.52,adv_other,Other
SITE-02613,PROTO-A_ONCO,Spain,Europe,Oncology,III,NSCLC,Pharma,8,18,12,15,1,1,1,PI-029,14,2,5,1,1,47,1.1,2021-07-04,2021-10-06,2022-07-30,2022-08-11,94,297,-12,4,2021,EMA,2021-03-11,2021-04-22,42,1,LEC,2021-04-27,2021-05-27,30,162,3,1,1,1,1,0,0,0,0,0,0,,2,2,4,1,0,1,2050,0.613,17,1.72,adv_email,Email
SITE-02614,PROTO-A_ONCO,India,Asia,Oncology,III,NSCLC,Pharma,8,18,12,15,1,1,1,PI-021,3,1,2,1,3,281,1.3,2022-03-17,2022-05-16,2023-07-08,2023-07-14,60,418,-6,2,2022,Other,2021-12-31,2022-03-10,69,1,LEC,2022-01-13,2022-02-16,34,123,0,1,0,0,0,0,0,0,0,1,0,,1,1,2,1,0,0,600,0.56,59,4.23,adv_community_presentation,Community
SITE-02615,PROTO-C_NEURO,Spain,Europe,Neurology,II,Alzheimer's,Academic,7,14,10,12,1,0,0,PI-001,10,2,2,1,3,74,1.1,2022-10-27,2023-01-07,2023-11-05,2023-11-06,72,302,-1,1,2023,EMA,2022-06-25,2022-09-13,80,1,LEC,2022-08-13,2022-10-04,52,147,0,0,1,1,0,0,0,1,0,0,1,Patient registry outreach,2,2,4,1,0,1,2750,0.583,25,2.48,adv_email,Email
SITE-02616,PROTO-C_NEURO,Japan,Asia,Neurology,II,Alzheimer's,Academic,7,14,10,12,1,0,0,PI-028,17,2,2,1,5,74,1.9,2021-10-28,2021-12-20,2023-08-19,2023-07-29,53,607,21,4,2021,PMDA,2021-06-08,2021-09-24,108,1,CEC,2021-06-27,2021-08-25,59,176,1,0,1,0,0,0,1,0,0,1,0,,1,2,3,1,0,0,1350,0.611,36,1.78,adv_community_presentation,Community
SITE-02617,PROTO-C_NEURO,Poland,Europe,Neurology,II,Alzheimer's,Academic,7,14,10,12,1,0,0,PI-004,14,3,3,0,4,75,2.3,2022-05-04,2022-06-12,2024-05-22,2024-06-21,39,710,-30,2,2022,EMA,2021-10-31,2022-02-08,100,1,CEC,2021-11-14,2022-03-07,113,210,1,0,0,1,1,0,0,1,0,0,1,Patient registry outreach,3,1,4,1,0,1,3800,0.52,53,2.24,adv_email,Email
SITE-02618,PROTO-B_CARDIO,Germany,Europe,Cardiology,II,Heart Failure,Biotech,5,9,8,10,0,1,1,PI-024,8,4,1,1,2,993,1.9,2021-09-19,2021-12-26,2023-09-14,2023-09-28,98,627,-14,4,2021,EMA,2021-06-10,2021-09-23,105,1,LEC,2021-07-29,2021-09-02,35,150,4,1,1,1,1,0,0,0,0,0,0,,2,2,4,1,0,1,2050,0.494,400,19.14,adv_email,Email
SITE-02619,PROTO-A_ONCO,Germany,Europe,Oncology,III,NSCLC,Pharma,8,18,12,15,1,1,1,PI-016,6,2,4,1,5,146,2.8,2023-07-13,2023-10-09,2026-03-30,2026-03-28,88,903,2,4,2023,EMA,2023-03-13,2023-05-31,79,1,LEC,2023-04-08,2023-06-13,66,184,4,1,1,0,0,0,0,0,0,0,0,,0,2,2,0,1,0,350,0.548,71,2.36,adv_poster,Poster
SITE-02620,PROTO-C_NEURO,UK,Europe,Neurology,II,Alzheimer's,Academic,7,14,10,12,1,0,0,PI-004,11,3,2,1,3,20,1.4,2022-11-16,2023-05-10,2024-08-10,2024-07-10,175,458,31,2,2023,MHRA,2022-09-17,2023-03-03,167,1,LEC,2022-09-30,2022-10-31,31,222,1,1,0,1,0,0,1,0,0,0,0,,1,2,3,1,0,1,1500,0.602,9,0.59,adv_email,Email
SITE-02621,PROTO-B_CARDIO,USA,North America,Cardiology,II,Heart Failure,Biotech,5,9,8,10,0,1,1,PI-029,3,2,4,1,4,1130,2.8,2022-05-09,2022-05-09,2025-01-11,2025-01-25,0,978,-14,2,2022,FDA,2021-11-24,2022-04-09,136,0,IRB,2022-01-06,2022-04-03,87,123,2,1,1,1,1,0,0,0,0,0,0,,2,2,4,1,0,1,2050,0.401,400,12.27,adv_email,Email
SITE-02622,PROTO-A_ONCO,Poland,Europe,Oncology,III,NSCLC,Pharma,8,18,12,15,1,1,1,PI-022,23,3,3,1,5,169,1.8,2022-12-05,2023-01-09,2024-08-12,2024-08-07,35,581,5,1,2023,EMA,2022-07-12,2022-08-20,39,1,LEC,2022-08-19,2022-10-24,66,143,3,1,1,0,0,0,1,0,0,1,0,,1,3,4,1,0,0,1550,0.536,76,3.92,adv_community_presentation,Community
SITE-02623,PROTO-C_NEURO,USA,North America,Neurology,II,Alzheimer's,Academic,7,14,10,12,1,0,0,PI-012,10,5,3,1,3,116,1.6,2021-11-30,2021-11-23,2023-06-02,2023-06-24,-7,556,-22,4,2021,FDA,2021-06-17,2021-08-13,57,0,IRB,2021-08-05,2021-10-17,73,110,1,1,1,0,0,0,0,0,0,0,0,,0,2,2,0,1,0,350,0.56,56,3.02,adv_poster,Poster
SITE-02624,PROTO-B_CARDIO,USA,North America,Cardiology,II,Heart Failure,Biotech,5,9,8,10,0,1,1,PI-014,22,1,4,1,3,1152,1.6,2022-06-06,2022-05-07,2023-10-24,2023-11-01,-30,535,-8,2,2022,FDA,2021-09-11,2021-11-21,71,0,CEC,2021-10-24,2022-03-20,147,195,0,1,1,1,0,0,0,0,0,0,0,,1,2,3,1,0,1,850,0.454,400,22.43,adv_email,Email
SITE-02625,PROTO-A_ONCO,UK,Europe,Oncology,III,NSCLC,Pharma,8,18,12,15,1,1,1,PI-021,11,1,3,1,1,203,1.2,2021-12-15,2022-02-25,2023-01-31,2023-03-08,72,340,-36,1,2022,MHRA,2021-08-16,2021-11-26,102,1,LEC,2021-09-05,2021-11-09,65,173,2,1,0,1,0,0,0,0,0,0,0,,1,1,2,1,0,1,700,0.593,93,8.21,adv_email,Email
SITE-02626,PROTO-C_NEURO,Spain,Europe,Neurology,II,Alzheimer's,Academic,7,14,10,12,1,0,0,PI-004,4,9,3,1,6,106,2.9,2021-12-16,2022-05-14,2025-01-10,2025-01-04,149,972,6,2,2022,EMA,2021-09-24,2022-02-01,130,1,LEC,2021-10-11,2021-11-29,49,215,2,1,1,1,0,1,0,0,0,0,0,,1,3,4,1,0,1,1150,0.566,57,1.76,adv_email,Email
SITE-02627,PROTO-A_ONCO,UK,Europe,Oncology,III,NSCLC,Pharma,8,18,12,15,1,1,1,PI-004,20,3,4,1,3,218,3.3,2022-08-22,2022-11-09,2025-12-07,2025-11-15,79,1124,22,4,2022,MHRA,2022-04-07,2022-06-02,56,1,CEC,2022-05-06,2022-07-19,74,187,0,1,1,0,1,0,0,0,0,0,1,Patient registry outreach,2,2,4,1,0,1,2150,0.604,186,4.96,adv_online,Online
SITE-02628,PROTO-C_NEURO,Australia,APAC,Neurology,II,Alzheimer's,Academic,7,14,10,12,1,0,0,PI-009,4,4,2,1,6,98,2.6,2022-01-22,2022-03-06,2024-08-13,2024-08-31,43,891,-18,1,2022,Other,2021-10-02,2022-01-29,119,1,LEC,2021-11-24,2021-12-21,27,102,1,1,0,1,0,1,0,0,0,1,1,Patient registry outreach,3,2,5,1,0,1,2000,0.579,34,1.14,adv_community_presentation,Community
SITE-02629,PROTO-B_CARDIO,Germany,Europe,Cardiology,II,Heart Failure,Biotech,5,9,8,10,0,1,1,PI-017,13,3,3,1,3,748,3.9,2021-01-30,2021-03-29,2024-12-23,2024-12-01,58,1365,22,1,2021,EMA,2020-09-15,2020-10-31,46,1,LEC,2020-11-02,2021-01-09,68,147,1,1,1,1,1,0,0,0,0,0,0,,2,2,4,1,0,1,2050,0.382,400,8.79,adv_email,Email
SITE-02630,PROTO-A_ONCO,Germany,Europe,Oncology,III,NSCLC,Pharma,8,18,12,15,1,1,1,PI-007,20,2,2,1,3,102,3.7,2022-09-01,2023-01-15,2026-06-30,2026-06-14,136,1262,16,1,2023,EMA,2022-04-24,2022-10-03,162,1,LEC,2022-06-18,2022-07-24,36,211,1,1,1,0,1,0,0,0,0,1,0,,2,2,4,1,0,1,1950,0.591,82,1.95,adv_community_presentation,Community
SITE-02631,PROTO-A_ONCO,USA,North America,Oncology,III,NSCLC,Pharma,8,18,12,15,1,1,1,PI-027,21,3,2,1,8,241,2.0,2022-03-01,2022-03-17,2024-01-22,2023-12-16,16,676,37,1,2022,FDA,2021-09-19,2022-02-02,136,0,IRB,2021-11-13,2022-02-13,92,124,3,1,0,0,0,0,1,0,0,1,0,,1,2,3,1,0,0,1400,0.606,94,4.17,adv_community_presentation,Community
SITE-02632,PROTO-A_ONCO,Japan,Asia,Oncology,III,NSCLC,Pharma,8,18,12,15,1,1,1,PI-027,24,3,3,1,3,40,3.9,2021-04-07,2021-08-11,2025-01-11,2024-12-21,126,1249,21,3,2021,PMDA,2020-08-20,2020-12-23,125,1,CEC,2020-10-04,2021-02-27,146,311,7,1,1,0,0,0,0,0,0,1,0,,1,2,3,1,0,0,750,0.614,39,0.94,adv_community_presentation,Community
SITE-02633,PROTO-C_NEURO,Poland,Europe,Neurology,II,Alzheimer's,Academic,7,14,10,12,1,0,0,PI-027,17,3,5,1,4,156,3.3,2022-01-04,2022-04-17,2025-05-27,2025-05-16,103,1136,11,2,2022,EMA,2021-09-25,2022-01-10,107,1,LEC,2021-10-26,2021-12-24,59,173,1,1,1,0,0,0,0,1,0,0,0,,0,3,3,0,1,0,1850,0.507,123,3.25,adv_poster,Poster
SITE-02634,PROTO-C_NEURO,USA,North America,Neurology,II,Alzheimer's,Academic,7,14,10,12,1,0,0,PI-029,21,2,2,1,2,73,3.5,2021-09-07,2021-08-10,2025-01-11,2025-01-03,-28,1250,8,3,2021,FDA,2021-03-28,2021-08-20,145,0,CEC,2021-05-09,2021-07-29,81,93,0,1,1,0,0,1,0,0,0,0,0,,0,3,3,0,1,0,650,0.529,83,1.99,adv_newsletter,Newsletter
SITE-02635,PROTO-C_NEURO,Spain,Europe,Neurology,II,Alzheimer's,Academic,7,14,10,12,1,0,0,PI-022,17,2,3,1,3,35,3.5,2022-01-23,2022-05-08,2025-08-01,2025-07-25,105,1181,7,2,2022,EMA,2021-09-20,2021-11-27,68,1,LEC,2021-10-29,2021-12-30,62,191,1,1,0,1,0,0,0,0,0,1,0,,2,1,3,1,0,1,1100,0.53,46,1.17,adv_community_presentation,Community
SITE-02636,PROTO-B_CARDIO,Brazil,LATAM,Cardiology,II,Heart Failure,Biotech,5,9,8,10,0,1,1,PI-002,4,3,4,1,2,887,1.8,2021-09-04,2021-11-12,2023-04-18,2023-04-21,69,522,-3,4,2021,Other,2021-01-15,2021-02-23,39,1,CEC,2021-03-06,2021-07-08,124,251,2,1,1,0,0,1,0,1,0,0,0,,0,4,4,0,1,0,2150,0.435,400,22.99,adv_newsletter,Newsletter
SITE-02637,PROTO-C_NEURO,Poland,Europe,Neurology,II,Alzheimer's,Academic,7,14,10,12,1,0,0,PI-015,22,5,5,0,3,64,1.4,2023-05-29,2023-07-02,2024-08-30,2024-08-07,34,425,23,3,2023,EMA,2023-02-13,2023-05-06,82,1,LEC,2023-02-26,2023-04-16,49,126,2,0,0,0,0,1,0,0,0,1,0,,1,1,2,1,0,0,700,0.525,46,3.25,adv_community_presentation,Community
SITE-02638,PROTO-A_ONCO,Spain,Europe,Oncology,III,NSCLC,Pharma,8,18,12,15,1,1,1,PI-017,6,3,1,1,5,137,2.5,2022-01-13,2022-04-01,2024-05-09,2024-05-02,78,769,7,2,2022,EMA,2021-06-13,2021-09-24,103,1,CEC,2021-07-20,2021-11-25,128,255,6,0,1,0,1,1,0,0,0,0,0,,1,2,3,1,0,1,1650,0.679,41,1.6,adv_online,Online
SITE-02639,PROTO-B_CARDIO,UK,Europe,Cardiology,II,Heart Failure,Biotech,5,9,8,10,0,1,1,PI-002,13,6,5,1,2,1123,3.5,2022-04-07,2022-10-05,2025-12-16,2026-02-01,181,1168,-47,4,2022,MHRA,2021-12-23,2022-05-31,159,1,LEC,2022-01-22,2022-02-26,35,256,2,1,1,1,0,0,0,0,0,1,0,,2,2,4,1,0,1,1250,0.35,400,10.27,adv_email,Email
SITE-02640,PROTO-A_ONCO,Germany,Europe,Oncology,III,NSCLC,Pharma,8,18,12,15,1,1,1,PI-005,6,3,4,1,8,286,1.3,2023-01-01,2023-06-15,2024-05-01,2024-05-07,165,321,-6,2,2023,EMA,2022-09-25,2022-12-11,77,1,CEC,2022-10-06,2022-12-11,66,252,7,1,0,1,0,0,0,0,0,1,1,Patient registry outreach,3,1,4,1,0,1,1700,0.563,56,5.23,adv_email,Email
SITE-02641,PROTO-C_NEURO,Poland,Europe,Neurology,II,Alzheimer's,Academic,7,14,10,12,1,0,0,PI-013,5,2,5,1,3,162,1.7,2023-09-10,2024-03-07,2025-08-06,2025-08-20,179,517,-14,1,2024,EMA,2023-05-30,2023-11-12,166,1,LEC,2023-07-18,2023-08-15,28,233,5,1,0,1,1,0,0,0,0,0,0,,2,1,3,1,0,1,1900,0.585,62,3.6,adv_email,Email
SITE-02642,PROTO-C_NEURO,Japan,Asia,Neurology,II,Alzheimer's,Academic,7,14,10,12,1,0,0,PI-024,3,3,5,1,4,34,2.2,2021-03-08,2021-06-13,2023-04-18,2023-06-13,97,674,-56,2,2021,PMDA,2020-09-05,2020-11-12,68,1,CEC,2020-10-05,2021-02-12,130,251,1,1,1,0,0,0,1,1,0,0,0,,0,4,4,0,1,0,2650,0.456,15,0.67,adv_poster,Poster
SITE-02643,PROTO-C_NEURO,USA,North America,Neurology,II,Alzheimer's,Academic,7,14,10,12,1,0,0,PI-004,24,3,1,0,2,22,1.9,2023-01-27,2023-01-09,2024-10-09,2024-10-13,-18,639,-4,1,2023,FDA,2022-06-12,2022-12-04,175,0,CEC,2022-08-01,2022-11-17,108,161,3,0,0,0,1,0,0,0,0,0,0,,1,0,1,1,0,1,1200,0.484,22,1.03,adv_online,Online
SITE-02644,PROTO-C_NEURO,Japan,Asia,Neurology,II,Alzheimer's,Academic,7,14,10,12,1,0,0,PI-024,23,2,3,1,7,66,2.9,2021-06-21,2021-07-13,2024-03-02,2024-04-17,22,963,-46,3,2021,PMDA,2021-01-19,2021-02-18,30,1,CEC,2021-02-10,2021-04-19,68,153,1,1,1,1,1,0,0,0,0,0,0,,2,2,4,1,0,1,2050,0.508,39,1.21,adv_email,Email
SITE-02645,PROTO-B_CARDIO,Japan,Asia,Cardiology,II,Heart Failure,Biotech,5,9,8,10,0,1,1,PI-018,20,0,2,0,3,827,2.5,2021-03-03,2021-03-28,2023-07-17,2023-08-16,25,841,-30,1,2021,PMDA,2020-09-23,2021-02-03,133,1,CEC,2020-11-04,2021-01-19,76,144,0,1,1,1,1,0,0,0,0,0,0,,2,2,4,1,0,1,2050,0.444,400,14.27,adv_email,Email
SITE-02646,PROTO-B_CARDIO,USA,North America,Cardiology,II,Heart Failure,Biotech,5,9,8,10,0,1,1,PI-026,16,4,3,1,4,847,1.2,2023-04-22,2023-05-24,2024-06-22,2024-07-18,32,395,-26,2,2023,FDA,2022-12-23,2023-01-28,36,0,CEC,2023-01-04,2023-03-27,82,140,2,1,0,0,1,0,0,0,0,1,0,,2,1,3,1,0,1,1800,0.416,400,30.38,adv_online,Online
SITE-02647,PROTO-A_ONCO,Canada,North America,Oncology,III,NSCLC,Pharma,8,18,12,15,1,1,1,PI-024,24,2,2,1,3,125,3.3,2021-06-25,2021-06-14,2024-08-27,2024-10-13,-11,1170,-47,2,2021,Other,2021-02-10,2021-03-28,46,0,IRB,2021-03-10,2021-05-28,79,96,2,1,1,0,1,0,0,0,0,0,0,,1,2,3,1,0,1,1550,0.48,152,3.9,adv_online,Online
SITE-02648,PROTO-A_ONCO,USA,North America,Oncology,III,NSCLC,Pharma,8,18,12,15,1,1,1,PI-001,15,2,2,0,2,134,3.3,2021-09-16,2021-10-21,2024-12-31,2024-12-25,35,1167,6,4,2021,FDA,2021-04-28,2021-10-18,173,0,IRB,2021-05-29,2021-08-22,85,145,3,1,0,1,1,0,1,0,0,1,0,,3,2,5,1,0,1,3100,0.521,144,3.7,adv_email,Email
SITE-02649,PROTO-C_NEURO,India,Asia,Neurology,II,Alzheimer's,Academic,7,14,10,12,1,0,0,PI-018,12,1,5,1,2,71,3.3,2021-08-05,2021-10-11,2024-10-23,2024-11-11,67,1108,-19,4,2021,Other,2021-04-01,2021-06-10,70,1,CEC,2021-04-22,2021-07-06,75,172,2,1,1,0,1,1,0,0,0,1,0,,2,3,5,1,0,1,2250,0.453,80,2.17,adv_community_presentation,Community
SITE-02650,PROTO-B_CARDIO,Spain,Europe,Cardiology,II,Heart Failure,Biotech,5,9,8,10,0,1,1,PI-023,5,4,5,1,7,1193,1.9,2023-03-28,2023-05-09,2024-12-23,2025-01-26,42,594,-34,2,2023,EMA,2022-11-04,2023-01-12,69,1,LEC,2022-12-13,2023-02-16,65,147,2,1,1,1,1,0,1,0,0,0,0,,2,3,5,1,0,1,2850,0.402,400,20.2,adv_email,Email
SITE-02651,PROTO-B_CARDIO,USA,North America,Cardiology,II,Heart Failure,Biotech,5,9,8,10,0,1,1,PI-006,5,3,1,1,4,924,3.2,2021-05-02,2021-05-17,2024-06-23,2024-07-22,15,1133,-29,2,2021,FDA,2020-10-28,2021-03-31,154,0,CEC,2020-12-17,2021-03-12,85,151,1,1,0,0,1,1,0,0,0,0,0,,1,2,3,1,0,1,1700,0.387,400,10.59,adv_online,Online
SITE-02652,PROTO-A_ONCO,UK,Europe,Oncology,III,NSCLC,Pharma,8,18,12,15,1,1,1,PI-012,6,2,5,1,5,171,3.7,2021-06-24,2021-11-02,2025-05-09,2025-06-04,131,1284,-26,4,2021,MHRA,2021-04-08,2021-08-13,127,1,LEC,2021-05-02,2021-06-09,38,184,3,1,1,0,1,0,0,0,0,1,0,,2,2,4,1,0,1,1950,0.656,58,1.36,adv_community_presentation,Community
SITE-02653,PROTO-C_NEURO,Poland,Europe,Neurology,II,Alzheimer's,Academic,7,14,10,12,1,0,0,PI-025,23,1,3,1,6,20,3.1,2023-06-25,2023-08-16,2026-05-25,2026-06-12,52,1013,-18,3,2023,EMA,2022-12-13,2023-03-31,108,1,CEC,2023-01-08,2023-04-22,104,220,2,1,1,0,0,0,0,0,1,0,0,,0,3,3,0,1,0,5350,0.541,11,0.33,adv_poster,Poster
SITE-02654,PROTO-C_NEURO,USA,North America,Neurology,II,Alzheimer's,Academic,7,14,10,12,1,0,0,PI-016,14,2,1,1,5,82,2.3,2022-06-12,2022-06-22,2024-08-29,2024-08-28,10,799,1,2,2022,FDA,2021-12-08,2022-05-19,162,0,IRB,2022-01-23,2022-04-25,92,150,2,1,0,0,0,0,0,0,0,0,0,,0,1,1,0,1,0,200,0.671,29,1.09,adv_poster,Poster
SITE-02655,PROTO-C_NEURO,Brazil,LATAM,Neurology,II,Alzheimer's,Academic,7,14,10,12,1,0,0,PI-026,11,6,1,1,5,96,2.1,2023-07-16,2023-10-16,2025-09-21,2025-08-24,92,706,28,4,2023,Other,2023-03-30,2023-07-23,115,1,LEC,2023-05-15,2023-06-23,39,154,1,0,1,0,0,1,1,0,0,0,0,,0,3,3,0,1,0,1250,0.57,60,2.55,adv_newsletter,Newsletter
SITE-02656,PROTO-C_NEURO,Poland,Europe,Neurology,II,Alzheimer's,Academic,7,14,10,12,1,0,0,PI-020,3,4,1,1,7,73,2.5,2022-02-08,2022-04-19,2024-07-22,2024-06-01,70,825,51,2,2022,EMA,2021-09-15,2021-12-10,86,1,LEC,2021-11-11,2021-12-29,48,159,2,1,1,0,0,1,0,0,0,1,0,,1,3,4,1,0,0,1050,0.596,17,0.62,adv_community_presentation,Community
SITE-02657,PROTO-A_ONCO,Brazil,LATAM,Oncology,III,NSCLC,Pharma,8,18,12,15,1,1,1,PI-013,2,0,4,1,7,147,2.2,2022-07-12,2022-08-18,2024-08-12,2024-09-03,37,725,-22,3,2022,Other,2022-03-17,2022-06-17,92,1,LEC,2022-04-21,2022-06-13,53,119,1,1,1,0,0,1,0,1,0,1,0,,1,4,5,1,0,0,2550,0.53,29,1.2,adv_community_presentation,Community
SITE-02658,PROTO-B_CARDIO,USA,North America,Cardiology,II,Heart Failure,Biotech,5,9,8,10,0,1,1,PI-006,21,4,2,1,4,886,3.1,2022-09-12,2022-09-17,2025-09-19,2025-09-17,5,1098,2,3,2022,FDA,2022-05-18,2022-08-02,76,0,IRB,2022-06-20,2022-08-06,47,89,2,1,1,0,0,0,0,0,0,1,0,,1,2,3,1,0,0,750,0.404,400,10.93,adv_community_presentation,Community
SITE-02659,PROTO-B_CARDIO,Poland,Europe,Cardiology,II,Heart Failure,Biotech,5,9,8,10,0,1,1,PI-010,8,5,5,1,5,1097,1.4,2021-10-14,2022-01-18,2023-03-28,2023-03-17,96,434,11,1,2022,EMA,2021-06-21,2021-10-26,127,1,LEC,2021-08-13,2021-09-18,36,158,0,1,1,1,1,0,1,0,0,1,0,,3,3,6,1,0,1,3250,0.361,400,27.65,adv_email,Email
SITE-02660,PROTO-C_NEURO,Spain,Europe,Neurology,II,Alzheimer's,Academic,7,14,10,12,1,0,0,PI-010,17,2,5,1,5,118,2.2,2023-03-27,2023-05-30,2025-05-18,2025-05-30,64,719,-12,2,2023,EMA,2022-12-04,2023-01-24,51,1,LEC,2023-01-09,2023-02-12,34,141,3,1,1,0,0,0,0,0,0,0,0,,0,2,2,0,1,0,350,0.574,54,2.25,adv_poster,Poster
SITE-02661,PROTO-A_ONCO,Germany,Europe,Oncology,III,NSCLC,Pharma,8,18,12,15,1,1,1,PI-026,15,1,3,1,3,86,1.9,2021-05-26,2021-08-31,2023-03-20,2023-04-02,97,566,-13,3,2021,EMA,2020-11-01,2021-04-26,176,1,CEC,2020-11-18,2021-03-15,117,286,1,1,1,1,1,1,0,0,0,0,0,,2,3,5,1,0,1,2350,0.573,41,2.17,adv_email,Email
SITE-02662,PROTO-A_ONCO,USA,North America,Oncology,III,NSCLC,Pharma,8,18,12,15,1,1,1,PI-016,7,5,4,1,3,87,3.8,2023-09-13,2023-06-15,2027-03-03,2027-01-24,-90,1357,38,2,2023,FDA,2023-02-17,2023-06-29,132,0,CEC,2023-03-20,2023-06-19,91,87,0,1,0,0,1,0,0,0,0,1,0,,2,1,3,1,0,1,1800,0.63,67,1.48,adv_community_presentation,Community
SITE-02663,PROTO-A_ONCO,Poland,Europe,Oncology,III,NSCLC,Pharma,8,18,12,15,1,1,1,PI-018,4,4,2,1,6,182,2.9,2021-06-10,2021-12-25,2024-08-17,2024-08-07,198,966,10,4,2021,EMA,2021-04-06,2021-08-30,146,1,LEC,2021-04-18,2021-05-28,40,251,2,1,1,1,0,1,0,1,0,0,1,Patient registry outreach,2,4,6,1,0,1,3250,0.622,63,1.96,adv_email,Email
SITE-02664,PROTO-C_NEURO,Poland,Europe,Neurology,II,Alzheimer's,Academic,7,14,10,12,1,0,0,PI-012,21,1,3,1,3,125,2.3,2021-03-11,2021-04-29,2023-04-09,2023-04-01,49,710,8,2,2021,EMA,2020-07-10,2020-08-09,30,1,CEC,2020-08-16,2020-12-25,131,256,2,0,1,1,0,0,0,0,0,0,0,,1,1,2,1,0,1,650,0.479,90,3.8,adv_email,Email
SITE-02665,PROTO-C_NEURO,Japan,Asia,Neurology,II,Alzheimer's,Academic,7,14,10,12,1,0,0,PI-007,21,3,1,1,7,101,2.9,2022-09-30,2023-03-06,2025-11-03,2025-11-02,157,973,1,1,2023,PMDA,2022-07-24,2022-11-10,109,1,LEC,2022-08-14,2022-09-17,34,204,2,0,1,0,0,0,0,0,0,0,0,,0,1,1,0,1,0,150,0.596,41,1.26,adv_pamphlet,Pamphlet
SITE-02666,PROTO-C_NEURO,USA,North America,Neurology,II,Alzheimer's,Academic,7,14,10,12,1,0,0,PI-027,11,2,4,1,4,206,2.2,2022-11-23,2023-01-17,2025-02-28,2024-12-31,55,773,59,1,2023,FDA,2022-08-16,2022-12-15,121,0,IRB,2022-08-28,2022-10-23,56,142,2,1,1,0,1,0,1,0,0,1,0,,2,3,5,1,0,1,2750,0.588,125,4.85,adv_community_presentation,Community
SITE-02667,PROTO-C_NEURO,UK,Europe,Neurology,II,Alzheimer's,Academic,7,14,10,12,1,0,0,PI-022,24,5,5,1,8,64,2.6,2021-06-12,2021-06-27,2023-12-10,2023-11-19,15,896,21,2,2021,MHRA,2021-02-16,2021-05-02,75,1,LEC,2021-03-09,2021-04-29,51,110,0,1,1,0,0,0,0,0,0,0,0,,0,2,2,0,1,0,350,0.556,27,0.9,adv_poster,Poster
SITE-02668,PROTO-C_NEURO,Germany,Europe,Neurology,II,Alzheimer's,Academic,7,14,10,12,1,0,0,PI-023,11,3,2,1,4,79,3.9,2023-07-25,2023-08-22,2027-04-10,2027-04-18,28,1327,-8,3,2023,EMA,2022-12-12,2023-01-31,50,1,CEC,2023-01-25,2023-05-02,97,209,2,1,0,1,1,1,1,0,0,1,0,,3,3,6,1,0,1,3400,0.459,73,1.65,adv_community_presentation,Community
SITE-02669,PROTO-C_NEURO,Japan,Asia,Neurology,II,Alzheimer's,Academic,7,14,10,12,1,0,0,PI-012,4,4,2,1,8,74,3.5,2022-03-08,2022-04-19,2025-06-27,2025-06-24,42,1165,3,2,2022,PMDA,2021-08-05,2022-01-04,152,1,CEC,2021-09-08,2022-01-02,116,223,1,1,1,0,0,0,0,0,0,0,1,Patient registry outreach,1,2,3,1,0,0,950,0.516,27,0.7,adv_other,Other
SITE-02670,PROTO-A_ONCO,Spain,Europe,Oncology,III,NSCLC,Pharma,8,18,12,15,1,1,1,PI-021,9,4,5,1,5,171,1.6,2022-11-09,2023-01-14,2024-06-23,2024-08-18,66,526,-56,1,2023,EMA,2022-07-06,2022-12-01,148,1,LEC,2022-08-07,2022-10-14,68,160,0,1,0,1,1,0,0,0,0,0,0,,2,1,3,1,0,1,1900,0.533,47,2.68,adv_email,Email
SITE-02671,PROTO-C_NEURO,USA,North America,Neurology,II,Alzheimer's,Academic,7,14,10,12,1,0,0,PI-027,12,6,3,0,2,119,1.5,2021-08-25,2021-08-02,2022-12-24,2023-01-12,-23,509,-19,3,2021,FDA,2021-05-02,2021-06-08,37,0,IRB,2021-05-28,2021-06-27,30,66,4,1,1,0,1,0,0,0,0,0,0,,1,2,3,1,0,1,1550,0.545,90,5.3,adv_online,Online
SITE-02672,PROTO-A_ONCO,India,Asia,Oncology,III,NSCLC,Pharma,8,18,12,15,1,1,1,PI-013,12,0,3,1,4,54,3.9,2023-08-23,2023-08-18,2027-04-02,2027-03-13,-5,1323,20,3,2023,Other,2022-12-08,2023-03-09,91,1,CEC,2023-02-02,2023-06-07,125,197,3,1,0,1,0,1,0,0,0,0,0,,1,2,3,1,0,1,1000,0.534,33,0.75,adv_email,Email
SITE-02673,PROTO-A_ONCO,USA,North America,Oncology,III,NSCLC,Pharma,8,18,12,15,1,1,1,PI-029,10,2,1,1,2,23,3.6,2021-06-10,2021-08-11,2025-02-03,2025-02-04,62,1272,-1,3,2021,FDA,2021-01-10,2021-06-11,152,0,IRB,2021-01-27,2021-04-29,92,196,4,1,1,0,1,0,0,0,0,0,0,,1,2,3,1,0,1,1550,0.496,23,0.54,adv_online,Online
SITE-02674,PROTO-A_ONCO,USA,North America,Oncology,III,NSCLC,Pharma,8,18,12,15,1,1,1,PI-001,21,6,3,1,7,95,1.5,2021-10-05,2021-09-10,2023-02-14,2023-04-15,-25,522,-60,3,2021,FDA,2021-04-20,2021-07-11,82,0,IRB,2021-05-27,2021-08-12,77,106,0,1,1,1,0,0,1,1,0,0,0,,1,4,5,1,0,1,3150,0.551,39,2.24,adv_email,Email
SITE-02675,PROTO-A_ONCO,Germany,Europe,Oncology,III,NSCLC,Pharma,8,18,12,15,1,1,1,PI-002,19,3,4,1,4,223,3.4,2022-03-23,2022-07-03,2025-08-04,2025-09-13,102,1128,-40,3,2022,EMA,2021-11-29,2022-02-07,70,1,LEC,2022-01-15,2022-03-05,49,169,2,1,0,1,0,0,0,0,0,1,0,,2,1,3,1,0,1,1100,0.582,148,3.94,adv_email,Email
SITE-02676,PROTO-C_NEURO,Spain,Europe,Neurology,II,Alzheimer's,Academic,7,14,10,12,1,0,0,PI-015,22,3,3,1,5,63,2.2,2021-05-15,2021-11-24,2023-10-21,2023-11-11,193,696,-21,4,2021,EMA,2021-01-25,2021-07-22,178,1,LEC,2021-03-02,2021-04-13,42,267,2,1,0,1,1,0,1,0,0,0,0,,2,2,4,1,0,1,2700,0.579,33,1.42,adv_email,Email
SITE-02677,PROTO-A_ONCO,UK,Europe,Oncology,III,NSCLC,Pharma,8,18,12,15,1,1,1,PI-009,10,4,3,0,3,172,3.3,2021-05-11,2021-06-30,2024-09-03,2024-09-09,50,1161,-6,2,2021,MHRA,2021-03-03,2021-04-12,40,1,LEC,2021-03-27,2021-04-16,20,95,1,1,1,1,0,0,0,0,0,0,0,,1,2,3,1,0,1,850,0.631,130,3.36,adv_email,Email
SITE-02678,PROTO-B_CARDIO,Spain,Europe,Cardiology,II,Heart Failure,Biotech,5,9,8,10,0,1,1,PI-017,11,3,4,1,2,629,3.5,2021-06-21,2021-05-09,2024-08-14,2024-09-18,-43,1193,-35,2,2021,EMA,2020-10-24,2020-12-22,59,1,CEC,2020-11-17,2021-04-01,135,173,3,1,1,1,1,1,0,1,0,0,0,,2,4,6,1,0,1,3850,0.318,400,10.06,adv_email,Email
SITE-02679,PROTO-B_CARDIO,Canada,North America,Cardiology,II,Heart Failure,Biotech,5,9,8,10,0,1,1,PI-002,19,3,4,1,4,899,1.8,2021-10-18,2021-09-25,2023-06-11,2023-07-18,-23,624,-37,3,2021,Other,2021-04-27,2021-07-21,85,0,CEC,2021-05-12,2021-08-07,87,136,1,1,1,0,0,0,1,1,1,0,0,,0,5,5,0,1,0,7650,0.287,400,19.23,adv_poster,Poster
SITE-02680,PROTO-A_ONCO,UK,Europe,Oncology,III,NSCLC,Pharma,8,18,12,15,1,1,1,PI-006,9,5,5,1,1,175,3.1,2021-05-23,2021-10-01,2024-08-14,2024-08-09,131,1048,5,4,2021,MHRA,2021-03-23,2021-06-09,78,1,LEC,2021-04-17,2021-05-09,22,167,3,0,1,1,1,0,1,0,0,1,0,,3,2,5,1,0,1,3050,0.504,218,6.24,adv_email,Email
SITE-02681,PROTO-C_NEURO,USA,North America,Neurology,II,Alzheimer's,Academic,7,14,10,12,1,0,0,PI-024,24,0,2,1,3,96,2.2,2021-04-20,2021-08-15,2023-08-27,2023-07-25,117,742,33,3,2021,FDA,2020-12-02,2021-05-28,177,0,IRB,2021-01-01,2021-03-30,88,226,4,1,1,0,0,0,0,0,0,0,0,,0,2,2,0,1,0,350,0.475,81,3.27,adv_poster,Poster
SITE-02682,PROTO-B_CARDIO,USA,North America,Cardiology,II,Heart Failure,Biotech,5,9,8,10,0,1,1,PI-002,13,1,5,1,6,1121,1.5,2022-06-30,2022-06-28,2023-12-07,2023-11-27,-2,527,10,2,2022,FDA,2022-02-13,2022-06-19,126,0,CEC,2022-03-06,2022-05-06,61,114,0,0,1,1,0,0,1,0,0,0,0,,1,2,3,1,0,1,1450,0.378,400,22.77,adv_email,Email
SITE-02683,PROTO-B_CARDIO,UK,Europe,Cardiology,II,Heart Failure,Biotech,5,9,8,10,0,1,1,PI-020,4,2,2,1,5,1019,3.1,2023-06-01,2023-08-23,2026-06-03,2026-05-18,83,1015,16,3,2023,MHRA,2023-02-12,2023-05-09,86,1,LEC,2023-03-07,2023-05-12,66,169,2,1,1,1,1,1,0,0,0,0,0,,2,3,5,1,0,1,2350,0.457,400,11.82,adv_email,Email
SITE-02684,PROTO-B_CARDIO,Japan,Asia,Cardiology,II,Heart Failure,Biotech,5,9,8,10,0,1,1,PI-001,10,1,1,1,3,956,2.7,2021-10-07,2022-02-10,2024-07-28,2024-06-15,126,899,43,1,2022,PMDA,2021-06-04,2021-11-02,151,1,CEC,2021-07-20,2021-09-09,51,205,1,1,1,1,1,0,0,0,0,0,0,,2,2,4,1,0,1,2050,0.5,400,13.35,adv_email,Email
SITE-02685,PROTO-A_ONCO,USA,North America,Oncology,III,NSCLC,Pharma,8,18,12,15,1,1,1,PI-020,9,7,2,1,4,125,2.1,2023-03-22,2023-04-13,2025-04-14,2025-03-11,22,732,34,2,2023,FDA,2022-09-20,2023-02-26,159,0,IRB,2022-11-17,2023-02-19,94,147,1,1,1,0,0,0,0,0,0,1,0,,1,2,3,1,0,0,750,0.544,73,2.99,adv_community_presentation,Community
SITE-02686,PROTO-C_NEURO,Canada,North America,Neurology,II,Alzheimer's,Academic,7,14,10,12,1,0,0,PI-005,3,1,4,1,2,105,1.1,2022-01-30,2022-02-23,2023-02-26,2023-03-08,24,368,-10,1,2022,Other,2021-09-20,2021-11-30,71,0,IRB,2021-10-20,2021-12-18,59,126,2,0,0,0,1,0,1,0,0,0,0,,1,1,2,1,0,1,2000,0.5,36,2.93,adv_online,Online
SITE-02687,PROTO-C_NEURO,Germany,Europe,Neurology,II,Alzheimer's,Academic,7,14,10,12,1,0,0,PI-016,15,1,4,1,5,34,2.7,2021-07-29,2021-09-01,2024-02-01,2024-01-28,34,883,4,3,2021,EMA,2020-12-16,2021-06-10,176,1,CEC,2021-01-10,2021-05-22,132,234,2,0,1,1,0,1,0,0,0,0,0,,1,2,3,1,0,1,950,0.594,22,0.75,adv_email,Email
SITE-02688,PROTO-A_ONCO,USA,North America,Oncology,III,NSCLC,Pharma,8,18,12,15,1,1,1,PI-012,16,2,5,1,2,177,2.1,2023-06-16,2023-07-24,2025-07-20,2025-08-15,38,727,-26,3,2023,FDA,2023-02-08,2023-06-11,123,0,IRB,2023-02-19,2023-05-11,81,155,2,1,0,0,1,1,0,0,0,0,0,,1,2,3,1,0,1,1700,0.574,146,6.02,adv_online,Online
SITE-02689,PROTO-B_CARDIO,Japan,Asia,Cardiology,II,Heart Failure,Biotech,5,9,8,10,0,1,1,PI-021,11,3,4,0,6,1343,3.2,2021-07-16,2021-08-21,2024-06-20,2024-05-31,36,1034,20,3,2021,PMDA,2021-01-07,2021-02-25,49,1,CEC,2021-01-21,2021-04-29,98,212,3,1,0,1,0,0,0,0,1,0,0,,1,2,3,1,0,1,5700,0.374,400,11.61,adv_email,Email
SITE-02690,PROTO-A_ONCO,UK,Europe,Oncology,III,NSCLC,Pharma,8,18,12,15,1,1,1,PI-022,6,6,3,1,4,241,3.2,2022-04-20,2022-09-30,2025-10-18,2025-08-21,163,1114,58,3,2022,MHRA,2022-02-10,2022-07-24,164,1,LEC,2022-02-21,2022-03-14,21,221,1,1,1,1,0,0,0,1,0,0,0,,1,3,4,1,0,1,2350,0.553,159,4.28,adv_email,Email
SITE-02691,PROTO-A_ONCO,India,Asia,Oncology,III,NSCLC,Pharma,8,18,12,15,1,1,1,PI-006,14,5,1,1,2,192,1.8,2022-04-09,2022-07-13,2024-02-19,2024-02-15,95,586,4,3,2022,Other,2021-12-03,2022-05-05,153,1,LEC,2022-01-12,2022-03-05,52,182,0,0,0,0,1,0,0,0,0,1,0,,2,0,2,1,0,1,1600,0.569,133,6.81,adv_community_presentation,Community
SITE-02692,PROTO-B_CARDIO,UK,Europe,Cardiology,II,Heart Failure,Biotech,5,9,8,10,0,1,1,PI-012,16,1,5,1,5,1078,2.4,2021-10-11,2021-11-12,2024-01-22,2024-01-05,32,801,17,4,2021,MHRA,2021-06-05,2021-07-22,47,1,LEC,2021-07-01,2021-09-03,64,134,3,1,0,0,0,0,0,0,0,1,0,,1,1,2,1,0,0,600,0.37,400,14.98,adv_community_presentation,Community
SITE-02693,PROTO-B_CARDIO,Canada,North America,Cardiology,II,Heart Failure,Biotech,5,9,8,10,0,1,1,PI-012,16,4,5,1,5,867,2.7,2021-12-31,2022-02-08,2024-09-12,2024-10-02,39,947,-20,1,2022,Other,2021-08-27,2021-11-27,92,0,IRB,2021-09-06,2021-11-06,61,155,2,1,0,1,0,0,1,0,0,1,0,,2,2,4,1,0,1,1900,0.404,400,12.67,adv_email,Email
SITE-02694,PROTO-B_CARDIO,India,Asia,Cardiology,II,Heart Failure,Biotech,5,9,8,10,0,1,1,PI-010,12,4,3,1,4,935,3.8,2023-04-03,2023-06-01,2027-01-17,2026-12-23,59,1326,25,2,2023,Other,2023-01-03,2023-03-12,68,1,LEC,2023-01-31,2023-03-16,44,121,1,0,1,1,1,0,0,0,0,0,1,Patient registry outreach,3,1,4,1,0,1,2450,0.431,400,9.05,adv_email,Email
SITE-02695,PROTO-B_CARDIO,Japan,Asia,Cardiology,II,Heart Failure,Biotech,5,9,8,10,0,1,1,PI-011,7,3,2,1,9,1066,1.3,2022-10-18,2022-11-23,2023-11-30,2023-11-30,36,372,0,4,2022,PMDA,2022-03-31,2022-07-02,93,1,CEC,2022-05-23,2022-08-18,87,184,2,1,1,1,0,1,0,0,0,0,0,,1,3,4,1,0,1,1150,0.377,231,18.63,adv_email,Email
SITE-02696,PROTO-A_ONCO,USA,North America,Oncology,III,NSCLC,Pharma,8,18,12,15,1,1,1,PI-005,16,5,4,1,6,188,3.6,2021-09-13,2021-09-08,2025-03-24,2025-04-09,-5,1293,-16,3,2021,FDA,2021-04-21,2021-06-04,44,0,IRB,2021-06-18,2021-08-05,48,82,1,0,1,0,0,0,0,0,0,0,0,,0,1,1,0,1,0,150,0.646,95,2.2,adv_pamphlet,Pamphlet
SITE-02697,PROTO-A_ONCO,Poland,Europe,Oncology,III,NSCLC,Pharma,8,18,12,15,1,1,1,PI-011,19,2,2,1,2,129,2.4,2022-10-04,2023-02-08,2025-04-15,2025-03-30,127,797,16,1,2023,EMA,2022-06-08,2022-11-28,173,1,LEC,2022-07-09,2022-09-07,60,214,1,1,0,0,0,0,0,0,0,0,0,,0,1,1,0,1,0,200,0.572,74,2.79,adv_poster,Poster
SITE-02698,PROTO-A_ONCO,Germany,Europe,Oncology,III,NSCLC,Pharma,8,18,12,15,1,1,1,PI-023,6,6,3,1,3,261,2.2,2023-01-18,2023-03-13,2025-02-27,2025-02-02,54,717,25,1,2023,EMA,2022-06-28,2022-12-14,169,1,CEC,2022-08-01,2022-12-09,130,224,2,1,1,0,0,0,1,0,0,0,0,,0,3,3,0,1,0,1150,0.457,170,7.11,adv_poster,Poster
SITE-02699,PROTO-B_CARDIO,UK,Europe,Cardiology,II,Heart Failure,Biotech,5,9,8,10,0,1,1,PI-027,2,5,1,1,2,717,1.8,2022-02-10,2022-05-31,2023-12-18,2024-01-17,110,566,-30,2,2022,MHRA,2021-11-29,2022-02-18,81,1,LEC,2021-12-10,2022-01-20,41,172,1,1,0,0,1,0,0,0,0,1,0,,2,1,3,1,0,1,1800,0.419,400,21.2,adv_online,Online
SITE-02700,PROTO-A_ONCO,Canada,North America,Oncology,III,NSCLC,Pharma,8,18,12,15,1,1,1,PI-012,3,1,3,1,5,187,2.7,2022-09-17,2022-09-24,2025-05-15,2025-05-25,7,964,-10,3,2022,Other,2022-04-21,2022-09-30,162,0,CEC,2022-05-19,2022-07-07,49,128,1,0,0,0,1,0,1,1,0,0,0,,1,2,3,1,0,1,3500,0.6,57,1.77,adv_online,Online
SITE-02701,PROTO-B_CARDIO,Canada,North America,Cardiology,II,Heart Failure,Biotech,5,9,8,10,0,1,1,PI-007,23,2,1,1,4,844,3.9,2022-09-18,2022-09-21,2026-07-09,2026-07-30,3,1387,-21,3,2022,Other,2022-04-05,2022-07-21,107,0,IRB,2022-05-18,2022-08-23,97,126,1,1,0,1,1,1,0,0,0,0,0,,2,2,4,1,0,1,2200,0.307,400,8.65,adv_email,Email
SITE-02702,PROTO-C_NEURO,UK,Europe,Neurology,II,Alzheimer's,Academic,7,14,10,12,1,0,0,PI-010,3,3,2,1,2,164,1.1,2022-02-01,2022-07-20,2023-05-01,2023-04-01,169,285,30,3,2022,MHRA,2021-10-09,2022-03-28,170,1,LEC,2021-10-24,2021-12-21,58,269,2,1,0,0,0,0,1,0,0,0,0,,0,2,2,0,1,0,1000,0.559,61,6.42,adv_poster,Poster
SITE-02703,PROTO-A_ONCO,Japan,Asia,Oncology,III,NSCLC,Pharma,8,18,12,15,1,1,1,PI-014,19,2,1,1,3,95,1.1,2022-06-03,2022-09-19,2023-06-28,2023-07-12,108,282,-14,3,2022,PMDA,2021-12-26,2022-02-25,61,1,CEC,2022-01-25,2022-05-08,103,237,2,1,1,0,0,0,0,0,0,0,0,,0,2,2,0,1,0,350,0.489,42,4.47,adv_poster,Poster
SITE-02704,PROTO-C_NEURO,Canada,North America,Neurology,II,Alzheimer's,Academic,7,14,10,12,1,0,0,PI-015,18,5,4,1,4,61,4.0,2021-08-20,2021-09-03,2025-08-09,2025-06-25,14,1436,45,3,2021,Other,2021-03-04,2021-07-14,132,0,IRB,2021-04-14,2021-06-26,73,142,0,1,1,0,0,0,1,0,0,0,0,,0,3,3,0,1,0,1150,0.441,69,1.44,adv_poster,Poster
SITE-02705,PROTO-C_NEURO,Poland,Europe,Neurology,II,Alzheimer's,Academic,7,14,10,12,1,0,0,PI-017,24,6,5,1,3,102,3.5,2022-12-10,2023-04-11,2026-07-13,2026-08-01,122,1189,-19,2,2023,EMA,2022-07-26,2023-01-10,168,1,CEC,2022-08-15,2022-10-23,69,239,1,1,1,0,0,0,0,0,0,1,0,,1,2,3,1,0,0,750,0.451,150,3.78,adv_community_presentation,Community
SITE-02706,PROTO-A_ONCO,USA,North America,Oncology,III,NSCLC,Pharma,8,18,12,15,1,1,1,PI-023,20,3,4,1,1,183,3.0,2022-11-12,2022-11-22,2025-10-31,2026-01-21,10,1074,-82,4,2022,FDA,2022-08-02,2022-09-01,30,0,IRB,2022-08-17,2022-09-28,42,97,1,1,1,0,0,0,0,0,0,0,0,,0,2,2,0,1,0,350,0.513,224,6.26,adv_poster,Poster
SITE-02707,PROTO-B_CARDIO,Germany,Europe,Cardiology,II,Heart Failure,Biotech,5,9,8,10,0,1,1,PI-028,24,3,4,1,4,654,1.4,2021-02-07,2021-04-13,2022-06-27,2022-06-23,65,440,4,2,2021,EMA,2020-09-07,2020-11-06,60,1,CEC,2020-10-13,2020-12-13,61,182,1,1,0,0,0,0,0,0,0,0,0,,0,1,1,0,1,0,200,0.422,400,27.27,adv_poster,Poster
SITE-02708,PROTO-C_NEURO,Canada,North America,Neurology,II,Alzheimer's,Academic,7,14,10,12,1,0,0,PI-001,10,3,2,1,1,147,2.6,2023-09-22,2023-11-15,2026-05-08,2026-05-05,54,905,3,4,2023,Other,2023-04-28,2023-09-19,144,0,CEC,2023-05-25,2023-08-25,92,174,2,1,0,0,0,0,0,0,0,1,0,,1,1,2,1,0,0,600,0.554,156,5.17,adv_community_presentation,Community
SITE-02709,PROTO-C_NEURO,Brazil,LATAM,Neurology,II,Alzheimer's,Academic,7,14,10,12,1,0,0,PI-004,22,2,1,1,3,50,3.5,2023-03-05,2023-05-20,2026-09-01,2026-08-08,76,1200,24,2,2023,Other,2022-10-10,2023-02-19,132,1,LEC,2022-11-20,2023-01-27,68,181,1,1,0,1,1,0,0,0,0,0,0,,2,1,3,1,0,1,1900,0.577,55,1.38,adv_email,Email
SITE-02710,PROTO-A_ONCO,USA,North America,Oncology,III,NSCLC,Pharma,8,18,12,15,1,1,1,PI-024,3,3,2,1,3,162,2.1,2023-06-17,2023-06-18,2025-06-17,2025-06-18,1,730,-1,2,2023,FDA,2022-11-21,2023-05-02,162,0,CEC,2022-12-28,2023-04-17,110,172,0,0,1,0,0,1,0,0,0,0,0,,0,2,2,0,1,0,450,0.545,77,3.16,adv_newsletter,Newsletter
SITE-02711,PROTO-B_CARDIO,Japan,Asia,Cardiology,II,Heart Failure,Biotech,5,9,8,10,0,1,1,PI-026,22,1,1,1,6,986,2.7,2023-03-04,2023-05-25,2025-09-03,2025-09-23,82,832,-20,2,2023,PMDA,2022-07-19,2022-11-17,121,1,CEC,2022-09-08,2023-01-19,133,259,5,1,1,0,0,0,0,0,0,0,0,,0,2,2,0,1,0,350,0.365,400,14.42,adv_poster,Poster
SITE-02712,PROTO-B_CARDIO,Germany,Europe,Cardiology,II,Heart Failure,Biotech,5,9,8,10,0,1,1,PI-023,20,2,4,1,2,957,1.0,2023-04-15,2023-05-06,2024-02-02,2024-01-24,21,272,9,2,2023,EMA,2022-09-02,2023-02-20,171,1,CEC,2022-10-28,2023-02-23,118,190,0,0,0,1,0,0,0,0,0,1,0,,2,0,2,1,0,1,900,0.419,400,44.12,adv_email,Email
SITE-02713,PROTO-A_ONCO,USA,North America,Oncology,III,NSCLC,Pharma,8,18,12,15,1,1,1,PI-027,13,6,2,0,5,183,1.9,2023-03-31,2023-07-07,2025-05-06,2025-06-09,98,669,-34,3,2023,FDA,2022-12-25,2023-05-27,153,0,IRB,2023-01-08,2023-03-13,64,180,1,1,1,1,0,0,0,0,0,0,1,Patient registry outreach,2,2,4,1,0,1,1450,0.584,97,4.35,adv_email,Email
SITE-02714,PROTO-B_CARDIO,Poland,Europe,Cardiology,II,Heart Failure,Biotech,5,9,8,10,0,1,1,PI-029,19,2,3,1,9,1150,3.9,2022-06-23,2022-11-03,2026-07-21,2026-06-15,133,1356,36,4,2022,EMA,2022-04-30,2022-08-02,94,1,LEC,2022-05-12,2022-06-13,32,175,1,1,1,0,0,0,0,0,0,0,0,,0,2,2,0,1,0,350,0.439,400,8.85,adv_poster,Poster
SITE-02715,PROTO-B_CARDIO,Germany,Europe,Cardiology,II,Heart Failure,Biotech,5,9,8,10,0,1,1,PI-010,9,2,4,1,4,1094,2.3,2022-10-11,2022-12-31,2025-01-26,2025-01-20,81,757,6,4,2022,EMA,2022-04-29,2022-09-25,149,1,CEC,2022-05-24,2022-08-31,99,221,2,1,1,1,0,0,0,0,0,1,0,,2,2,4,1,0,1,1250,0.428,400,15.85,adv_email,Email
SITE-02716,PROTO-A_ONCO,UK,Europe,Oncology,III,NSCLC,Pharma,8,18,12,15,1,1,1,PI-029,23,2,5,1,3,156,3.5,2023-03-21,2023-04-30,2026-07-04,2026-06-14,40,1161,20,2,2023,MHRA,2022-06-29,2022-11-18,142,1,CEC,2022-08-23,2023-01-16,146,250,1,1,1,0,0,1,0,0,0,1,0,,1,3,4,1,0,0,1050,0.583,190,4.91,adv_community_presentation,Community
SITE-02717,PROTO-C_NEURO,USA,North America,Neurology,II,Alzheimer's,Academic,7,14,10,12,1,0,0,PI-022,14,3,3,1,1,106,2.9,2022-02-21,2022-04-09,2025-02-07,2025-03-28,47,1035,-49,2,2022,FDA,2021-10-23,2022-03-09,137,0,IRB,2021-11-25,2021-12-28,33,135,2,1,1,1,0,0,0,0,0,0,0,,1,2,3,1,0,1,850,0.539,150,4.35,adv_email,Email
SITE-02718,PROTO-C_NEURO,USA,North America,Neurology,II,Alzheimer's,Academic,7,14,10,12,1,0,0,PI-024,9,2,3,1,3,130,1.3,2022-05-31,2022-06-28,2023-09-14,2023-09-01,28,443,13,2,2022,FDA,2022-02-25,2022-05-13,77,0,IRB,2022-03-14,2022-05-11,58,106,2,1,0,0,1,0,1,0,0,0,0,,1,2,3,1,0,1,2200,0.538,64,4.33,adv_online,Online
SITE-02719,PROTO-A_ONCO,Australia,APAC,Oncology,III,NSCLC,Pharma,8,18,12,15,1,1,1,PI-010,16,4,4,1,3,198,1.1,2022-06-27,2022-08-20,2023-07-27,2023-08-06,54,341,-10,3,2022,Other,2022-03-06,2022-04-06,31,1,LEC,2022-04-24,2022-05-18,24,118,2,1,1,0,1,0,0,0,0,1,0,,2,2,4,1,0,1,1950,0.534,84,7.39,adv_community_presentation,Community
SITE-02720,PROTO-B_CARDIO,Brazil,LATAM,Cardiology,II,Heart Failure,Biotech,5,9,8,10,0,1,1,PI-015,19,3,1,1,2,968,2.4,2021-04-06,2021-06-13,2023-09-11,2023-09-21,68,820,-10,2,2021,Other,2021-01-20,2021-02-21,32,1,LEC,2021-02-14,2021-03-23,37,119,1,0,1,0,1,1,0,0,0,1,0,,2,2,4,1,0,1,2050,0.364,400,14.63,adv_online,Online
SITE-02721,PROTO-B_CARDIO,Australia,APAC,Cardiology,II,Heart Failure,Biotech,5,9,8,10,0,1,1,PI-013,6,2,3,0,1,1136,3.4,2023-01-20,2023-05-02,2026-06-19,2026-05-06,102,1144,44,2,2023,Other,2022-09-29,2022-11-11,43,1,LEC,2022-11-10,2022-12-21,41,173,2,1,0,0,0,0,0,0,0,0,0,,0,1,1,0,1,0,200,0.372,400,10.49,adv_poster,Poster
SITE-02722,PROTO-A_ONCO,Germany,Europe,Oncology,III,NSCLC,Pharma,8,18,12,15,1,1,1,PI-004,6,4,3,1,8,120,3.2,2021-06-07,2021-08-27,2024-06-29,2024-05-04,81,1037,56,3,2021,EMA,2020-11-28,2021-04-10,133,1,CEC,2020-12-20,2021-03-16,86,250,4,1,1,0,1,0,0,0,0,0,0,,1,2,3,1,0,1,1550,0.569,33,0.95,adv_online,Online
SITE-02723,PROTO-A_ONCO,India,Asia,Oncology,III,NSCLC,Pharma,8,18,12,15,1,1,1,PI-019,6,2,4,1,1,217,3.3,2021-07-29,2021-12-20,2025-02-13,2025-01-10,144,1151,34,4,2021,Other,2021-05-03,2021-09-23,143,1,LEC,2021-06-14,2021-07-05,21,189,2,1,0,0,1,0,0,1,0,0,0,,1,2,3,1,0,1,2900,0.563,180,4.69,adv_online,Online
SITE-02724,PROTO-A_ONCO,Brazil,LATAM,Oncology,III,NSCLC,Pharma,8,18,12,15,1,1,1,PI-014,23,2,5,1,6,264,1.4,2021-03-21,2021-08-16,2022-11-25,2022-12-01,148,466,-6,3,2021,Other,2020-12-18,2021-05-05,138,1,LEC,2021-01-01,2021-02-09,39,227,0,1,1,0,0,1,1,0,0,0,0,,0,4,4,0,1,0,1450,0.646,78,5.02,adv_newsletter,Newsletter
SITE-02725,PROTO-B_CARDIO,USA,North America,Cardiology,II,Heart Failure,Biotech,5,9,8,10,0,1,1,PI-002,5,0,2,1,2,828,3.5,2023-05-14,2023-06-05,2026-10-25,2026-10-20,22,1238,5,2,2023,FDA,2022-12-06,2023-05-01,146,0,IRB,2023-01-02,2023-04-02,90,154,1,1,0,0,1,0,0,1,0,1,0,,2,2,4,1,0,1,3300,0.401,400,9.69,adv_online,Online
SITE-02726,PROTO-C_NEURO,Spain,Europe,Neurology,II,Alzheimer's,Academic,7,14,10,12,1,0,0,PI-014,20,1,3,1,5,47,1.1,2022-08-30,2022-12-19,2023-11-16,2023-12-17,111,332,-31,4,2022,EMA,2022-06-10,2022-10-15,127,1,LEC,2022-07-01,2022-07-25,24,171,3,1,0,0,0,0,0,0,0,0,0,,0,1,1,0,1,0,200,0.47,14,1.27,adv_poster,Poster
SITE-02727,PROTO-C_NEURO,UK,Europe,Neurology,II,Alzheimer's,Academic,7,14,10,12,1,0,0,PI-002,10,2,4,1,1,144,2.9,2022-12-03,2023-02-16,2025-08-11,2025-08-01,75,907,10,1,2023,MHRA,2022-06-11,2022-08-11,61,1,CEC,2022-07-25,2022-10-19,86,206,6,1,1,0,1,0,0,0,0,0,1,Patient registry outreach,2,2,4,1,0,1,2150,0.687,80,2.65,adv_online,Online
SITE-02728,PROTO-B_CARDIO,USA,North America,Cardiology,II,Heart Failure,Biotech,5,9,8,10,0,1,1,PI-026,9,5,5,1,0,839,3.5,2022-02-19,2022-03-20,2025-08-03,2025-09-04,29,1232,-32,1,2022,FDA,2021-09-24,2022-01-28,126,0,IRB,2021-10-24,2021-12-23,60,147,5,1,0,1,1,1,0,0,0,0,0,,2,2,4,1,0,1,2200,0.398,400,9.74,adv_email,Email
SITE-02729,PROTO-A_ONCO,USA,North America,Oncology,III,NSCLC,Pharma,8,18,12,15,1,1,1,PI-006,4,4,1,1,4,71,2.2,2023-03-04,2023-06-07,2025-07-02,2025-07-17,95,756,-15,2,2023,FDA,2022-11-25,2023-04-16,142,0,CEC,2022-12-15,2023-01-29,45,174,4,1,0,0,0,0,0,0,0,1,0,,1,1,2,1,0,0,600,0.553,30,1.19,adv_community_presentation,Community
SITE-02730,PROTO-B_CARDIO,Japan,Asia,Cardiology,II,Heart Failure,Biotech,5,9,8,10,0,1,1,PI-017,4,2,5,1,3,1004,2.6,2021-06-25,2021-08-27,2024-02-15,2024-01-22,63,902,24,3,2021,PMDA,2021-02-28,2021-07-19,141,1,LEC,2021-04-22,2021-05-27,35,127,0,1,1,1,0,0,0,0,0,1,0,,2,2,4,1,0,1,1250,0.461,400,13.3,adv_email,Email
SITE-02731,PROTO-B_CARDIO,Germany,Europe,Cardiology,II,Heart Failure,Biotech,5,9,8,10,0,1,1,PI-027,17,5,3,1,3,707,1.7,2021-12-09,2022-02-07,2023-06-16,2023-05-20,60,494,27,1,2022,EMA,2021-05-21,2021-10-28,160,1,CEC,2021-07-16,2021-10-26,102,206,3,1,0,1,0,0,0,0,0,0,1,Patient registry outreach,2,1,3,1,0,1,1300,0.475,400,24.29,adv_email,Email
SITE-02732,PROTO-A_ONCO,USA,North America,Oncology,III,NSCLC,Pharma,8,18,12,15,1,1,1,PI-012,14,2,1,1,5,191,3.6,2022-07-16,2022-07-28,2026-02-15,2026-03-02,12,1298,-15,3,2022,FDA,2022-03-09,2022-06-19,102,0,IRB,2022-04-25,2022-05-28,33,94,1,1,1,1,0,0,1,0,0,0,0,,1,3,4,1,0,1,1650,0.592,105,2.43,adv_email,Email
SITE-02733,PROTO-B_CARDIO,USA,North America,Cardiology,II,Heart Failure,Biotech,5,9,8,10,0,1,1,PI-010,23,2,1,1,7,1094,3.9,2023-01-29,2023-02-08,2026-11-28,2026-09-29,10,1389,60,1,2023,FDA,2022-08-01,2022-11-20,111,0,CEC,2022-09-22,2023-01-04,104,139,0,1,1,0,0,0,1,0,0,0,0,,0,3,3,0,1,0,1150,0.331,400,8.64,adv_poster,Poster
SITE-02734,PROTO-B_CARDIO,UK,Europe,Cardiology,II,Heart Failure,Biotech,5,9,8,10,0,1,1,PI-012,24,5,2,1,2,855,3.5,2021-07-17,2021-11-08,2025-02-15,2025-03-18,114,1195,-31,4,2021,MHRA,2021-03-27,2021-05-12,46,1,LEC,2021-05-24,2021-07-07,44,168,2,1,1,0,1,0,0,0,0,1,0,,2,2,4,1,0,1,1950,0.447,400,10.04,adv_online,Online
SITE-02735,PROTO-B_CARDIO,Brazil,LATAM,Cardiology,II,Heart Failure,Biotech,5,9,8,10,0,1,1,PI-014,2,2,2,1,6,1088,2.9,2022-04-28,2022-08-04,2025-03-19,2025-03-06,98,958,13,3,2022,Other,2022-02-05,2022-03-19,42,1,LEC,2022-02-27,2022-04-01,33,158,1,0,0,0,0,1,0,0,0,0,0,,0,1,1,0,1,0,300,0.383,400,12.53,adv_newsletter,Newsletter
SITE-02736,PROTO-A_ONCO,USA,North America,Oncology,III,NSCLC,Pharma,8,18,12,15,1,1,1,PI-005,21,2,4,1,1,170,1.5,2022-02-21,2022-02-22,2023-07-21,2023-09-05,1,514,-46,1,2022,FDA,2021-09-28,2022-02-05,130,0,IRB,2021-10-28,2022-01-22,86,117,1,1,0,0,0,1,1,0,0,1,0,,1,3,4,1,0,0,1700,0.604,135,7.88,adv_community_presentation,Community
SITE-02737,PROTO-B_CARDIO,USA,North America,Cardiology,II,Heart Failure,Biotech,5,9,8,10,0,1,1,PI-012,22,0,1,1,7,789,2.9,2021-06-23,2021-08-31,2024-06-26,2024-05-20,69,1030,37,3,2021,FDA,2021-03-24,2021-08-25,154,0,IRB,2021-04-22,2021-05-22,30,131,3,0,0,1,1,0,0,0,0,1,0,,3,0,3,1,0,1,2100,0.394,400,11.65,adv_email,Email
SITE-02738,PROTO-B_CARDIO,Poland,Europe,Cardiology,II,Heart Failure,Biotech,5,9,8,10,0,1,1,PI-011,11,0,3,1,4,1016,2.5,2021-10-01,2022-01-18,2024-03-19,2024-04-07,109,791,-19,1,2022,EMA,2021-07-03,2021-08-17,45,1,LEC,2021-07-19,2021-09-12,55,183,3,0,0,0,0,0,0,0,0,0,0,,0,0,0,0,0,0,0,0.459,400,15.17,none,None
SITE-02739,PROTO-A_ONCO,USA,North America,Oncology,III,NSCLC,Pharma,8,18,12,15,1,1,1,PI-016,23,3,1,1,5,183,1.6,2021-02-02,2021-01-30,2022-08-04,2022-10-12,-3,551,-69,1,2021,FDA,2020-10-03,2020-12-13,71,0,IRB,2020-11-04,2020-12-10,36,87,3,1,1,0,0,0,0,0,0,0,1,Patient registry outreach,1,2,3,1,0,0,950,0.466,100,5.44,adv_other,Other
SITE-02740,PROTO-B_CARDIO,Germany,Europe,Cardiology,II,Heart Failure,Biotech,5,9,8,10,0,1,1,PI-001,3,7,2,1,5,822,2.3,2022-10-14,2022-11-30,2024-11-27,2024-11-11,47,728,16,4,2022,EMA,2022-03-18,2022-06-27,101,1,CEC,2022-04-23,2022-08-17,116,221,2,1,0,1,1,0,0,0,0,1,0,,3,1,4,1,0,1,2300,0.489,400,16.48,adv_email,Email
SITE-02741,PROTO-B_CARDIO,Brazil,LATAM,Cardiology,II,Heart Failure,Biotech,5,9,8,10,0,1,1,PI-015,15,1,5,1,5,907,2.5,2022-04-18,2022-06-30,2024-09-26,2024-09-11,73,819,15,2,2022,Other,2021-12-01,2022-03-11,100,1,LEC,2022-01-07,2022-03-06,58,174,4,1,0,1,0,0,0,0,0,0,0,,1,1,2,1,0,1,700,0.424,400,14.65,adv_email,Email
SITE-02742,PROTO-B_CARDIO,UK,Europe,Cardiology,II,Heart Failure,Biotech,5,9,8,10,0,1,1,PI-017,7,4,5,1,2,1018,3.1,2023-01-15,2023-03-28,2026-02-04,2026-03-07,72,1044,-31,1,2023,MHRA,2022-09-15,2022-12-06,82,1,LEC,2022-11-07,2022-12-06,29,141,1,1,0,1,1,0,0,0,0,0,1,Patient registry outreach,3,1,4,1,0,1,2500,0.428,400,11.49,adv_email,Email
SITE-02743,PROTO-C_NEURO,Australia,APAC,Neurology,II,Alzheimer's,Academic,7,14,10,12,1,0,0,PI-023,5,5,2,1,2,70,2.6,2023-02-24,2023-05-05,2025-10-18,2025-08-28,70,897,51,2,2023,Other,2022-10-30,2023-03-16,137,1,LEC,2022-11-19,2023-01-25,67,167,0,1,1,0,0,0,1,0,0,1,0,,1,3,4,1,0,0,1550,0.51,71,2.37,adv_community_presentation,Community
SITE-02744,PROTO-A_ONCO,USA,North America,Oncology,III,NSCLC,Pharma,8,18,12,15,1,1,1,PI-003,4,1,2,1,3,164,2.9,2023-06-09,2023-07-31,2026-05-07,2026-03-29,52,1011,39,3,2023,FDA,2023-01-20,2023-06-09,140,0,IRB,2023-02-02,2023-04-13,70,179,3,1,0,1,0,0,0,0,0,1,0,,2,1,3,1,0,1,1100,0.553,99,2.94,adv_email,Email
SITE-02745,PROTO-C_NEURO,India,Asia,Neurology,II,Alzheimer's,Academic,7,14,10,12,1,0,0,PI-015,19,3,1,1,5,51,3.7,2022-04-09,2022-09-30,2026-02-06,2026-02-27,174,1225,-21,3,2022,Other,2022-01-12,2022-06-03,142,1,LEC,2022-01-22,2022-02-28,37,251,6,1,1,1,0,0,1,0,0,0,0,,1,3,4,1,0,1,1650,0.517,33,0.81,adv_email,Email
SITE-02746,PROTO-A_ONCO,USA,North America,Oncology,III,NSCLC,Pharma,8,18,12,15,1,1,1,PI-004,14,3,1,0,1,79,3.7,2023-01-27,2023-04-25,2026-11-08,2026-11-26,88,1293,-18,2,2023,FDA,2022-09-16,2023-02-11,148,0,IRB,2022-10-06,2022-12-08,63,201,4,1,0,0,1,0,0,0,0,0,0,,1,1,2,1,0,1,1400,0.541,74,1.72,adv_online,Online
SITE-02747,PROTO-B_CARDIO,Poland,Europe,Cardiology,II,Heart Failure,Biotech,5,9,8,10,0,1,1,PI-021,17,3,2,1,6,908,3.7,2023-01-14,2023-03-31,2026-09-30,2026-11-12,76,1279,-43,1,2023,EMA,2022-09-28,2022-12-10,73,1,LEC,2022-11-03,2022-12-31,58,148,2,1,1,0,0,0,1,0,0,1,0,,1,3,4,1,0,0,1550,0.521,400,9.38,adv_community_presentation,Community
SITE-02748,PROTO-B_CARDIO,Poland,Europe,Cardiology,II,Heart Failure,Biotech,5,9,8,10,0,1,1,PI-013,7,1,3,1,5,957,2.8,2023-01-14,2023-04-20,2025-11-28,2025-11-24,96,953,4,2,2023,EMA,2022-09-21,2023-02-14,146,1,LEC,2022-10-27,2022-12-30,64,175,2,1,1,1,1,1,1,0,0,1,1,Patient registry outreach,4,4,8,1,0,1,4150,0.372,400,12.59,adv_email,Email
SITE-02749,PROTO-B_CARDIO,Germany,Europe,Cardiology,II,Heart Failure,Biotech,5,9,8,10,0,1,1,PI-014,5,5,2,1,3,959,1.6,2021-01-14,2021-05-04,2022-08-26,2022-08-13,110,479,13,2,2021,EMA,2020-10-20,2020-12-16,57,1,LEC,2020-11-20,2020-12-31,41,165,2,1,1,1,0,0,0,0,1,0,0,,1,3,4,1,0,1,5850,0.449,400,25.05,adv_email,Email
SITE-02750,PROTO-A_ONCO,Poland,Europe,Oncology,III,NSCLC,Pharma,8,18,12,15,1,1,1,PI-004,3,4,1,0,8,152,1.6,2022-12-21,2023-05-15,2024-08-18,2024-07-24,145,461,25,2,2023,EMA,2022-08-25,2023-01-24,152,1,LEC,2022-09-28,2022-12-05,68,229,3,1,1,0,0,1,0,0,0,1,0,,1,3,4,1,0,0,1050,0.603,24,1.56,adv_community_presentation,Community
SITE-02751,PROTO-C_NEURO,USA,North America,Neurology,II,Alzheimer's,Academic,7,14,10,12,1,0,0,PI-018,13,5,1,1,9,110,2.0,2021-07-30,2021-11-06,2023-10-27,2023-10-25,99,720,2,4,2021,FDA,2021-05-01,2021-10-02,154,0,IRB,2021-06-08,2021-07-10,32,151,0,1,1,1,1,0,1,0,0,0,1,Patient registry outreach,3,3,6,1,0,1,3450,0.561,39,1.62,adv_email,Email
SITE-02752,PROTO-A_ONCO,India,Asia,Oncology,III,NSCLC,Pharma,8,18,12,15,1,1,1,PI-018,5,3,1,1,3,99,1.7,2022-03-10,2022-05-29,2023-11-15,2023-11-02,80,535,13,2,2022,Other,2021-11-02,2021-12-15,43,1,LEC,2021-12-09,2022-02-11,64,171,1,1,1,1,0,0,0,0,0,0,0,,1,2,3,1,0,1,850,0.588,34,1.91,adv_email,Email
SITE-02753,PROTO-C_NEURO,India,Asia,Neurology,II,Alzheimer's,Academic,7,14,10,12,1,0,0,PI-011,6,0,1,1,5,98,1.1,2023-01-26,2023-04-27,2024-03-21,2024-04-09,91,329,-19,2,2023,Other,2022-10-18,2023-01-12,86,1,LEC,2022-11-15,2023-01-04,50,163,4,1,0,0,1,0,0,0,0,1,0,,2,1,3,1,0,1,1800,0.495,23,2.1,adv_community_presentation,Community
SITE-02754,PROTO-A_ONCO,India,Asia,Oncology,III,NSCLC,Pharma,8,18,12,15,1,1,1,PI-010,8,4,5,1,5,66,1.3,2023-06-06,2023-11-10,2024-11-17,2024-10-18,157,373,30,4,2023,Other,2023-02-20,2023-07-21,151,1,LEC,2023-03-08,2023-04-26,49,247,1,1,1,0,1,1,1,0,0,0,0,,1,4,5,1,0,1,2650,0.556,19,1.53,adv_online,Online
SITE-02755,PROTO-B_CARDIO,UK,Europe,Cardiology,II,Heart Failure,Biotech,5,9,8,10,0,1,1,PI-006,12,4,4,1,6,944,2.3,2022-07-20,2022-08-19,2024-09-27,2024-09-17,30,770,10,3,2022,MHRA,2022-04-05,2022-06-01,57,1,CEC,2022-04-26,2022-06-18,53,115,4,0,0,1,0,1,1,0,1,1,0,,2,3,5,1,0,1,7000,0.3,400,15.58,adv_email,Email
SITE-02756,PROTO-C_NEURO,Brazil,LATAM,Neurology,II,Alzheimer's,Academic,7,14,10,12,1,0,0,PI-001,24,1,3,1,3,58,1.4,2023-03-31,2023-05-01,2024-07-05,2024-05-25,31,431,41,2,2023,Other,2022-12-21,2023-02-03,44,1,LEC,2023-01-05,2023-02-15,41,116,1,1,0,0,0,0,1,0,1,0,0,,0,3,3,0,1,0,6000,0.541,27,1.88,adv_poster,Poster
SITE-02757,PROTO-C_NEURO,USA,North America,Neurology,II,Alzheimer's,Academic,7,14,10,12,1,0,0,PI-014,5,5,1,1,2,86,1.9,2022-04-15,2022-05-11,2024-02-26,2024-03-24,26,656,-27,2,2022,FDA,2021-10-20,2022-04-07,169,0,IRB,2021-12-05,2022-02-26,83,157,2,1,1,0,0,1,1,0,0,0,0,,0,4,4,0,1,0,1450,0.485,63,2.88,adv_newsletter,Newsletter
SITE-02758,PROTO-C_NEURO,India,Asia,Neurology,II,Alzheimer's,Academic,7,14,10,12,1,0,0,PI-024,22,2,1,1,1,57,1.6,2023-05-11,2023-11-08,2025-02-09,2025-01-23,181,459,17,4,2023,Other,2023-01-24,2023-07-12,169,1,LEC,2023-03-13,2023-04-18,36,240,3,1,1,0,0,1,0,0,0,0,0,,0,3,3,0,1,0,650,0.575,47,3.07,adv_newsletter,Newsletter
SITE-02759,PROTO-C_NEURO,Brazil,LATAM,Neurology,II,Alzheimer's,Academic,7,14,10,12,1,0,0,PI-020,11,6,3,0,2,112,1.2,2022-11-12,2023-04-25,2024-05-14,2024-03-28,164,385,47,2,2023,Other,2022-09-07,2023-02-01,147,1,LEC,2022-09-25,2022-10-19,24,212,2,1,1,1,1,1,0,0,0,1,1,Patient registry outreach,4,3,7,1,0,1,3350,0.578,68,5.3,adv_community_presentation,Community
SITE-02760,PROTO-C_NEURO,USA,North America,Neurology,II,Alzheimer's,Academic,7,14,10,12,1,0,0,PI-005,17,1,4,1,4,65,3.2,2022-02-09,2022-02-13,2025-03-03,2025-02-27,4,1114,4,1,2022,FDA,2021-09-23,2021-12-03,71,0,IRB,2021-10-19,2022-01-18,91,117,3,0,0,1,1,0,0,0,0,0,0,,2,0,2,1,0,1,1700,0.559,43,1.16,adv_email,Email
SITE-02761,PROTO-A_ONCO,Australia,APAC,Oncology,III,NSCLC,Pharma,8,18,12,15,1,1,1,PI-008,12,3,1,1,3,130,3.7,2022-02-19,2022-07-19,2026-02-02,2026-02-09,150,1294,-7,3,2022,Other,2021-11-07,2022-04-08,152,1,LEC,2022-01-02,2022-01-22,20,198,2,1,1,0,1,0,0,0,0,0,0,,1,2,3,1,0,1,1550,0.603,96,2.23,adv_online,Online
SITE-02762,PROTO-C_NEURO,USA,North America,Neurology,II,Alzheimer's,Academic,7,14,10,12,1,0,0,PI-018,7,3,3,1,3,73,3.4,2023-04-18,2023-07-08,2026-11-13,2026-11-12,81,1224,1,3,2023,FDA,2022-12-18,2023-05-23,156,0,IRB,2023-01-26,2023-03-08,41,163,1,1,1,0,1,0,0,0,0,0,1,Patient registry outreach,2,2,4,1,0,1,2150,0.525,59,1.45,adv_online,Online
SITE-02763,PROTO-C_NEURO,Australia,APAC,Neurology,II,Alzheimer's,Academic,7,14,10,12,1,0,0,PI-016,15,2,2,1,2,104,1.7,2023-05-22,2023-07-28,2025-02-01,2025-01-28,67,554,4,3,2023,Other,2023-02-13,2023-03-25,40,1,LEC,2023-03-19,2023-05-04,46,131,2,1,1,0,0,0,1,0,0,0,0,,0,3,3,0,1,0,1150,0.53,71,3.84,adv_poster,Poster
SITE-02764,PROTO-A_ONCO,India,Asia,Oncology,III,NSCLC,Pharma,8,18,12,15,1,1,1,PI-002,22,3,3,1,1,125,3.1,2023-02-27,2023-08-09,2026-06-09,2026-06-22,163,1035,-13,3,2023,Other,2022-12-15,2023-03-25,100,1,LEC,2023-01-15,2023-02-04,20,206,4,1,1,1,0,0,0,0,0,0,0,,1,2,3,1,0,1,850,0.503,214,6.2,adv_email,Email
SITE-02765,PROTO-A_ONCO,Australia,APAC,Oncology,III,NSCLC,Pharma,8,18,12,15,1,1,1,PI-009,16,2,4,1,4,135,1.1,2021-06-17,2021-08-24,2022-07-10,2022-06-09,68,320,31,3,2021,Other,2020-12-27,2021-02-20,55,1,CEC,2021-02-04,2021-05-25,110,201,1,0,0,0,1,0,0,0,0,0,0,,1,0,1,1,0,1,1200,0.56,44,4.12,adv_online,Online
SITE-02766,PROTO-C_NEURO,Spain,Europe,Neurology,II,Alzheimer's,Academic,7,14,10,12,1,0,0,PI-011,11,4,1,1,7,80,3.3,2022-11-29,2023-01-26,2026-03-03,2026-03-22,58,1132,-19,1,2023,EMA,2022-08-24,2022-11-17,85,1,LEC,2022-09-27,2022-10-20,23,121,0,1,0,1,1,0,0,0,0,0,0,,2,1,3,1,0,1,1900,0.568,38,1.01,adv_email,Email
SITE-02767,PROTO-A_ONCO,Spain,Europe,Oncology,III,NSCLC,Pharma,8,18,12,15,1,1,1,PI-010,12,4,2,1,3,51,2.3,2021-07-30,2021-08-13,2023-09-16,2023-08-25,14,764,22,3,2021,EMA,2021-02-21,2021-05-17,85,1,CEC,2021-03-04,2021-05-06,63,162,4,0,1,1,0,0,0,1,0,0,0,,1,2,3,1,0,1,2150,0.664,24,0.94,adv_email,Email
SITE-02768,PROTO-A_ONCO,Poland,Europe,Oncology,III,NSCLC,Pharma,8,18,12,15,1,1,1,PI-012,19,2,5,0,3,148,2.5,2023-07-18,2023-08-15,2025-10-22,2025-11-05,28,799,-14,3,2023,EMA,2022-12-31,2023-04-26,116,1,CEC,2023-02-12,2023-05-24,101,184,2,1,1,1,1,1,0,0,0,1,0,,3,3,6,1,0,1,2750,0.496,153,5.74,adv_email,Email
SITE-02769,PROTO-A_ONCO,Germany,Europe,Oncology,III,NSCLC,Pharma,8,18,12,15,1,1,1,PI-004,3,0,1,1,4,39,1.8,2022-10-21,2023-03-04,2024-08-04,2024-08-03,134,519,1,1,2023,EMA,2022-04-09,2022-07-26,108,1,CEC,2022-05-16,2022-09-30,137,292,3,0,1,0,0,0,0,1,0,1,1,Patient registry outreach,2,2,4,1,0,0,2650,0.615,9,0.52,adv_community_presentation,Community
SITE-02770,PROTO-C_NEURO,Germany,Europe,Neurology,II,Alzheimer's,Academic,7,14,10,12,1,0,0,PI-017,12,6,2,1,0,100,3.9,2022-05-30,2022-06-16,2026-01-31,2026-01-31,17,1325,0,2,2022,EMA,2021-10-29,2022-01-24,87,1,CEC,2021-12-05,2022-04-08,124,193,1,1,1,0,1,0,0,0,0,0,0,,1,2,3,1,0,1,1550,0.548,196,4.44,adv_online,Online
SITE-02771,PROTO-C_NEURO,Poland,Europe,Neurology,II,Alzheimer's,Academic,7,14,10,12,1,0,0,PI-010,22,5,3,0,4,111,2.4,2022-06-28,2022-10-31,2025-01-01,2025-01-20,125,793,-19,4,2022,EMA,2022-02-22,2022-07-26,154,1,LEC,2022-04-06,2022-06-12,67,208,2,1,1,0,0,0,0,0,0,1,0,,1,2,3,1,0,0,750,0.529,100,3.78,adv_community_presentation,Community
SITE-02772,PROTO-A_ONCO,India,Asia,Oncology,III,NSCLC,Pharma,8,18,12,15,1,1,1,PI-028,11,2,4,1,2,84,3.3,2021-08-29,2021-11-19,2025-01-07,2024-11-09,82,1145,59,4,2021,Other,2021-05-05,2021-09-27,145,1,LEC,2021-06-23,2021-08-13,51,149,1,1,1,0,0,0,1,0,0,1,0,,1,3,4,1,0,0,1550,0.571,48,1.26,adv_community_presentation,Community
SITE-02773,PROTO-C_NEURO,UK,Europe,Neurology,II,Alzheimer's,Academic,7,14,10,12,1,0,0,PI-017,23,6,3,1,3,130,1.4,2023-06-08,2023-08-08,2024-09-22,2024-08-17,61,411,36,3,2023,MHRA,2023-02-11,2023-04-01,49,1,CEC,2023-03-05,2023-05-16,72,156,2,0,1,0,1,0,0,0,0,1,0,,2,1,3,1,0,1,1750,0.53,104,7.59,adv_community_presentation,Community
SITE-02774,PROTO-B_CARDIO,Germany,Europe,Cardiology,II,Heart Failure,Biotech,5,9,8,10,0,1,1,PI-024,9,3,4,1,6,753,3.8,2022-11-25,2023-04-25,2026-10-31,2026-11-29,151,1285,-29,2,2023,EMA,2022-07-22,2022-12-22,153,1,CEC,2022-08-13,2022-09-28,46,255,3,1,1,1,0,0,0,0,0,1,0,,2,2,4,1,0,1,1250,0.378,400,9.34,adv_email,Email
SITE-02775,PROTO-B_CARDIO,USA,North America,Cardiology,II,Heart Failure,Biotech,5,9,8,10,0,1,1,PI-019,12,2,1,1,3,811,3.7,2022-03-05,2022-02-08,2025-08-28,2025-07-14,-25,1297,45,1,2022,FDA,2021-07-01,2021-12-02,154,0,CEC,2021-08-11,2021-12-31,142,181,2,1,1,0,1,0,0,0,1,0,1,Patient registry outreach,2,3,5,1,0,1,7150,0.409,400,9.25,adv_online,Online
SITE-02776,PROTO-C_NEURO,USA,North America,Neurology,II,Alzheimer's,Academic,7,14,10,12,1,0,0,PI-019,8,0,5,1,2,59,1.2,2021-03-23,2021-02-21,2022-04-17,2022-06-11,-30,420,-55,1,2021,FDA,2020-10-03,2021-02-03,123,0,CEC,2020-12-01,2021-01-17,47,82,1,1,1,1,0,0,1,0,0,0,0,,1,3,4,1,0,1,1650,0.569,28,2.0,adv_email,Email
SITE-02777,PROTO-C_NEURO,Spain,Europe,Neurology,II,Alzheimer's,Academic,7,14,10,12,1,0,0,PI-019,18,2,2,1,6,67,2.5,2021-06-01,2021-09-14,2023-11-05,2023-10-25,105,782,11,3,2021,EMA,2020-12-09,2021-03-06,87,1,CEC,2021-01-08,2021-05-03,115,249,2,1,1,0,0,0,1,0,0,0,1,Patient registry outreach,1,3,4,1,0,0,1750,0.474,36,1.38,adv_other,Other
SITE-02778,PROTO-A_ONCO,Japan,Asia,Oncology,III,NSCLC,Pharma,8,18,12,15,1,1,1,PI-001,23,2,2,1,3,65,2.3,2023-04-17,2023-06-25,2025-07-14,2025-07-22,69,750,-8,2,2023,PMDA,2022-12-24,2023-01-25,32,1,LEC,2023-02-01,2023-04-05,63,144,1,1,1,0,1,1,0,0,0,1,0,,2,3,5,1,0,1,2250,0.579,49,1.96,adv_community_presentation,Community
SITE-02779,PROTO-A_ONCO,Brazil,LATAM,Oncology,III,NSCLC,Pharma,8,18,12,15,1,1,1,PI-014,24,2,5,1,3,229,2.0,2022-01-07,2022-03-15,2023-11-07,2023-11-21,67,602,-14,1,2022,Other,2021-06-17,2021-09-15,90,1,CEC,2021-07-01,2021-11-18,140,257,0,1,0,1,1,0,0,0,0,1,0,,3,1,4,1,0,1,2300,0.502,219,10.91,adv_email,Email
SITE-02780,PROTO-A_ONCO,Germany,Europe,Oncology,III,NSCLC,Pharma,8,18,12,15,1,1,1,PI-022,9,2,1,1,4,245,1.9,2023-01-18,2023-02-14,2024-08-14,2024-08-15,27,547,-1,1,2023,EMA,2022-05-10,2022-06-16,37,1,CEC,2022-06-08,2022-11-04,149,251,1,1,1,0,0,0,1,1,0,0,0,,0,4,4,0,1,0,2650,0.59,91,4.99,adv_poster,Poster
SITE-02781,PROTO-B_CARDIO,Brazil,LATAM,Cardiology,II,Heart Failure,Biotech,5,9,8,10,0,1,1,PI-029,7,4,3,1,6,693,4.0,2022-06-05,2022-09-10,2026-07-03,2026-06-15,97,1392,18,3,2022,Other,2022-02-20,2022-06-20,120,1,LEC,2022-04-03,2022-05-20,47,160,1,1,0,1,0,0,0,1,1,1,0,,2,3,5,1,0,1,7600,0.301,400,8.62,adv_email,Email
SITE-02782,PROTO-C_NEURO,Japan,Asia,Neurology,II,Alzheimer's,Academic,7,14,10,12,1,0,0,PI-026,12,4,4,1,5,135,1.9,2021-04-13,2021-05-09,2022-11-29,2022-12-04,26,569,-5,2,2021,PMDA,2020-08-20,2020-11-07,79,1,CEC,2020-09-25,2021-01-21,118,226,4,0,0,1,0,0,0,0,0,0,1,Patient registry outreach,2,0,2,1,0,1,1100,0.65,49,2.58,adv_email,Email
SITE-02783,PROTO-B_CARDIO,Germany,Europe,Cardiology,II,Heart Failure,Biotech,5,9,8,10,0,1,1,PI-003,22,2,2,1,5,1064,1.9,2021-01-07,2021-03-03,2022-10-05,2022-09-17,55,581,18,1,2021,EMA,2020-07-18,2020-10-25,99,1,CEC,2020-08-05,2020-11-29,116,210,3,1,0,0,1,0,1,0,0,1,0,,2,2,4,1,0,1,2600,0.393,400,20.65,adv_online,Online
SITE-02784,PROTO-B_CARDIO,Poland,Europe,Cardiology,II,Heart Failure,Biotech,5,9,8,10,0,1,1,PI-027,13,4,5,1,4,1201,2.6,2021-02-07,2021-02-26,2023-07-15,2023-06-25,19,869,20,1,2021,EMA,2020-07-21,2020-12-30,162,1,CEC,2020-08-16,2020-11-23,99,194,2,0,1,0,0,0,0,0,0,1,0,,1,1,2,1,0,0,550,0.445,400,13.81,adv_community_presentation,Community
SITE-02785,PROTO-C_NEURO,India,Asia,Neurology,II,Alzheimer's,Academic,7,14,10,12,1,0,0,PI-022,7,3,4,1,6,158,3.1,2023-01-11,2023-02-05,2025-11-13,2026-02-06,25,1012,-85,1,2023,Other,2022-05-21,2022-09-18,120,1,CEC,2022-06-23,2022-11-11,141,227,2,1,1,0,1,1,1,0,0,0,1,Patient registry outreach,2,4,6,1,0,1,3250,0.61,54,1.6,adv_online,Online
SITE-02786,PROTO-A_ONCO,Poland,Europe,Oncology,III,NSCLC,Pharma,8,18,12,15,1,1,1,PI-003,5,5,1,1,4,70,3.1,2021-04-16,2021-05-23,2024-04-16,2024-03-11,37,1059,36,2,2021,EMA,2020-12-01,2021-01-06,36,1,LEC,2021-01-04,2021-03-06,61,139,1,1,1,1,0,0,0,0,0,0,0,,1,2,3,1,0,1,850,0.586,27,0.76,adv_email,Email
SITE-02787,PROTO-B_CARDIO,UK,Europe,Cardiology,II,Heart Failure,Biotech,5,9,8,10,0,1,1,PI-011,12,4,2,1,4,1085,2.0,2023-01-07,2023-04-03,2025-01-26,2025-01-09,86,664,17,2,2023,MHRA,2022-10-23,2022-12-23,61,1,LEC,2022-11-28,2022-12-26,28,126,3,1,0,1,0,0,0,0,0,0,0,,1,1,2,1,0,1,700,0.386,400,18.07,adv_email,Email
SITE-02788,PROTO-C_NEURO,Australia,APAC,Neurology,II,Alzheimer's,Academic,7,14,10,12,1,0,0,PI-022,17,0,2,1,3,60,2.5,2023-08-20,2023-09-25,2026-01-09,2026-01-26,36,837,-17,3,2023,Other,2023-04-21,2023-06-06,46,1,LEC,2023-05-18,2023-07-21,64,130,1,0,0,1,0,1,0,0,0,0,0,,1,1,2,1,0,1,800,0.537,44,1.58,adv_email,Email
SITE-02789,PROTO-B_CARDIO,Japan,Asia,Cardiology,II,Heart Failure,Biotech,5,9,8,10,0,1,1,PI-024,2,2,4,1,4,843,1.8,2021-08-02,2021-11-05,2023-06-22,2023-07-03,95,594,-11,4,2021,PMDA,2021-05-29,2021-09-20,114,1,LEC,2021-06-16,2021-07-18,32,142,1,0,1,0,1,0,0,0,1,0,1,Patient registry outreach,2,2,4,1,0,1,6950,0.481,400,20.2,adv_online,Online
SITE-02790,PROTO-C_NEURO,Japan,Asia,Neurology,II,Alzheimer's,Academic,7,14,10,12,1,0,0,PI-025,17,5,1,1,3,159,1.8,2021-04-05,2021-04-27,2022-10-29,2022-11-09,22,550,-11,2,2021,PMDA,2020-07-30,2020-11-30,123,1,CEC,2020-09-26,2021-01-15,111,213,1,1,0,0,1,0,0,0,0,1,0,,2,1,3,1,0,1,1800,0.526,109,5.95,adv_community_presentation,Community
SITE-02791,PROTO-B_CARDIO,Germany,Europe,Cardiology,II,Heart Failure,Biotech,5,9,8,10,0,1,1,PI-015,10,2,3,1,5,1009,3.2,2022-02-05,2022-05-16,2025-03-23,2025-03-23,100,1042,0,2,2022,EMA,2021-08-08,2022-01-25,170,1,CEC,2021-09-13,2022-01-12,121,245,3,0,0,1,0,1,0,0,0,0,0,,1,1,2,1,0,1,800,0.464,400,11.52,adv_email,Email
SITE-02792,PROTO-C_NEURO,Spain,Europe,Neurology,II,Alzheimer's,Academic,7,14,10,12,1,0,0,PI-007,14,2,5,0,2,71,1.0,2021-11-09,2022-02-21,2022-12-01,2023-02-18,104,283,-79,1,2022,EMA,2021-09-09,2021-10-31,52,1,LEC,2021-09-23,2021-10-19,26,151,1,0,1,1,1,1,1,0,0,0,0,,2,3,5,1,0,1,2950,0.55,31,3.29,adv_email,Email
SITE-02793,PROTO-C_NEURO,USA,North America,Neurology,II,Alzheimer's,Academic,7,14,10,12,1,0,0,PI-026,4,2,2,1,4,115,3.4,2021-02-27,2021-04-02,2024-06-10,2024-05-29,34,1165,12,2,2021,FDA,2020-07-01,2020-10-21,112,0,CEC,2020-08-27,2021-01-08,134,218,4,0,1,1,0,0,0,0,0,1,0,,2,1,3,1,0,1,1050,0.603,63,1.62,adv_community_presentation,Community
SITE-02794,PROTO-B_CARDIO,Canada,North America,Cardiology,II,Heart Failure,Biotech,5,9,8,10,0,1,1,PI-012,6,1,3,1,5,824,2.2,2022-05-16,2022-05-22,2024-07-08,2024-06-21,6,778,17,2,2022,Other,2021-12-13,2022-02-07,56,0,IRB,2022-01-28,2022-04-15,77,114,0,1,0,1,0,0,0,0,0,1,0,,2,1,3,1,0,1,1100,0.457,400,15.42,adv_email,Email
SITE-02795,PROTO-C_NEURO,Poland,Europe,Neurology,II,Alzheimer's,Academic,7,14,10,12,1,0,0,PI-003,7,2,5,1,4,197,2.5,2021-10-12,2022-03-11,2024-05-29,2024-06-08,150,810,-10,1,2022,EMA,2021-06-23,2021-07-31,38,1,LEC,2021-08-03,2021-09-27,55,220,5,1,1,0,1,0,0,0,0,0,0,,1,2,3,1,0,1,1550,0.525,90,3.33,adv_online,Online
SITE-02796,PROTO-B_CARDIO,Germany,Europe,Cardiology,II,Heart Failure,Biotech,5,9,8,10,0,1,1,PI-008,20,4,2,1,3,748,1.0,2022-01-23,2022-06-04,2023-03-05,2023-03-01,132,274,4,2,2022,EMA,2021-09-25,2022-02-17,145,1,LEC,2021-10-18,2021-12-10,53,229,0,0,1,1,1,0,0,0,0,0,0,,2,1,3,1,0,1,1850,0.383,400,43.8,adv_email,Email
SITE-02797,PROTO-B_CARDIO,USA,North America,Cardiology,II,Heart Failure,Biotech,5,9,8,10,0,1,1,PI-002,5,3,4,1,4,949,3.1,2023-02-24,2023-04-29,2026-04-29,2026-05-11,64,1096,-12,2,2023,FDA,2022-10-13,2023-03-31,169,0,IRB,2022-10-26,2023-01-15,81,185,2,0,1,1,1,0,1,0,0,0,0,,2,2,4,1,0,1,2650,0.406,400,10.95,adv_email,Email
SITE-02798,PROTO-B_CARDIO,Germany,Europe,Cardiology,II,Heart Failure,Biotech,5,9,8,10,0,1,1,PI-010,24,5,1,1,2,955,1.9,2022-04-11,2022-08-22,2024-04-10,2024-05-21,133,597,-41,3,2022,EMA,2022-01-09,2022-05-19,130,1,LEC,2022-01-23,2022-03-16,52,211,3,1,0,1,1,1,0,0,0,1,0,,3,2,5,1,0,1,2600,0.445,400,20.1,adv_email,Email
SITE-02799,PROTO-A_ONCO,Poland,Europe,Oncology,III,NSCLC,Pharma,8,18,12,15,1,1,1,PI-010,4,3,4,1,4,122,3.2,2021-07-05,2021-10-30,2024-09-28,2024-09-21,117,1064,7,4,2021,EMA,2021-02-12,2021-06-23,131,1,LEC,2021-04-10,2021-05-23,43,203,3,1,1,0,0,0,0,0,0,1,0,,1,2,3,1,0,0,750,0.567,44,1.24,adv_community_presentation,Community
SITE-02800,PROTO-C_NEURO,Brazil,LATAM,Neurology,II,Alzheimer's,Academic,7,14,10,12,1,0,0,PI-025,10,6,2,1,10,109,4.0,2021-08-31,2021-10-27,2025-07-31,2025-08-01,57,1373,-1,4,2021,Other,2021-03-21,2021-08-07,139,1,CEC,2021-04-02,2021-06-22,81,208,3,0,0,0,0,0,0,1,0,1,0,,1,1,2,1,0,0,1900,0.572,33,0.72,adv_community_presentation,Community
SITE-02801,PROTO-B_CARDIO,Spain,Europe,Cardiology,II,Heart Failure,Biotech,5,9,8,10,0,1,1,PI-029,8,4,1,1,2,1043,2.0,2022-12-20,2023-05-23,2025-01-25,2025-02-18,154,613,-24,2,2023,EMA,2022-08-26,2023-01-13,140,1,LEC,2022-10-04,2022-11-18,45,231,4,0,1,1,0,0,0,0,0,0,0,,1,1,2,1,0,1,650,0.512,400,19.58,adv_email,Email
SITE-02802,PROTO-B_CARDIO,Brazil,LATAM,Cardiology,II,Heart Failure,Biotech,5,9,8,10,0,1,1,PI-019,11,2,3,1,8,986,4.0,2021-02-12,2021-06-08,2025-04-07,2025-02-25,116,1399,41,2,2021,Other,2020-10-25,2021-04-18,175,1,LEC,2020-12-21,2021-01-19,29,169,4,1,0,0,0,0,0,0,0,0,0,,0,1,1,0,1,0,200,0.481,400,8.58,adv_poster,Poster
SITE-02803,PROTO-C_NEURO,USA,North America,Neurology,II,Alzheimer's,Academic,7,14,10,12,1,0,0,PI-002,21,3,1,1,5,20,3.2,2021-04-28,2021-04-10,2024-04-15,2024-03-25,-18,1101,21,2,2021,FDA,2020-09-27,2020-12-21,85,0,CEC,2020-10-18,2021-02-26,131,174,3,1,1,0,0,0,0,0,0,1,0,,1,2,3,1,0,0,750,0.465,17,0.46,adv_community_presentation,Community
SITE-02804,PROTO-C_NEURO,Australia,APAC,Neurology,II,Alzheimer's,Academic,7,14,10,12,1,0,0,PI-006,8,4,5,1,3,27,3.4,2022-05-19,2022-09-09,2025-11-02,2025-11-10,113,1150,-8,3,2022,Other,2022-01-27,2022-06-28,152,1,LEC,2022-03-22,2022-05-09,48,171,1,1,1,1,1,0,0,1,0,0,0,,2,3,5,1,0,1,3550,0.473,33,0.86,adv_email,Email
SITE-02805,PROTO-B_CARDIO,India,Asia,Cardiology,II,Heart Failure,Biotech,5,9,8,10,0,1,1,PI-023,17,2,4,1,3,944,1.1,2023-05-25,2023-11-19,2024-11-10,2024-12-07,178,357,-27,4,2023,Other,2023-03-27,2023-09-16,173,1,LEC,2023-04-14,2023-05-11,27,219,0,1,1,1,1,0,0,0,0,0,0,,2,2,4,1,0,1,2050,0.464,400,33.61,adv_email,Email
SITE-02806,PROTO-A_ONCO,USA,North America,Oncology,III,NSCLC,Pharma,8,18,12,15,1,1,1,PI-011,19,8,3,1,5,133,4.0,2021-05-11,2021-04-18,2025-03-12,2025-03-11,-23,1424,1,2,2021,FDA,2020-10-24,2020-12-14,51,0,IRB,2020-12-15,2021-03-21,96,124,1,0,0,0,1,1,0,0,0,1,1,Patient registry outreach,3,1,4,1,0,1,2500,0.677,90,1.9,adv_community_presentation,Community
SITE-02807,PROTO-A_ONCO,Germany,Europe,Oncology,III,NSCLC,Pharma,8,18,12,15,1,1,1,PI-028,19,4,5,1,6,65,3.9,2021-05-31,2021-07-22,2025-03-26,2025-03-06,52,1343,20,3,2021,EMA,2021-01-07,2021-03-30,82,1,CEC,2021-01-23,2021-03-13,49,180,3,1,1,1,0,0,0,0,0,0,0,,1,2,3,1,0,1,850,0.564,31,0.69,adv_email,Email
SITE-02808,PROTO-A_ONCO,Australia,APAC,Oncology,III,NSCLC,Pharma,8,18,12,15,1,1,1,PI-012,9,5,2,0,1,143,1.6,2021-09-10,2021-11-15,2023-02-27,2023-03-11,66,469,-12,4,2021,Other,2021-03-11,2021-04-17,37,1,CEC,2021-03-31,2021-07-14,105,229,2,0,1,0,0,0,1,1,0,0,0,,0,3,3,0,1,0,2450,0.588,67,4.29,adv_pamphlet,Pamphlet
SITE-02809,PROTO-C_NEURO,UK,Europe,Neurology,II,Alzheimer's,Academic,7,14,10,12,1,0,0,PI-005,2,2,4,1,3,197,1.5,2021-04-02,2021-07-18,2022-10-17,2022-10-04,107,456,13,3,2021,MHRA,2020-12-24,2021-04-10,107,1,LEC,2021-01-05,2021-03-05,59,194,3,1,1,1,1,0,0,0,0,0,0,,2,2,4,1,0,1,2050,0.515,61,4.01,adv_email,Email
SITE-02810,PROTO-B_CARDIO,UK,Europe,Cardiology,II,Heart Failure,Biotech,5,9,8,10,0,1,1,PI-001,13,3,2,1,2,1204,2.7,2022-07-04,2022-10-03,2025-03-27,2025-04-07,91,906,-11,4,2022,MHRA,2022-02-21,2022-07-20,149,1,LEC,2022-03-29,2022-06-06,69,188,1,1,1,0,0,1,1,0,0,0,0,,0,4,4,0,1,0,1450,0.406,400,13.25,adv_newsletter,Newsletter
SITE-02811,PROTO-C_NEURO,Japan,Asia,Neurology,II,Alzheimer's,Academic,7,14,10,12,1,0,0,PI-023,22,5,2,1,4,98,2.7,2021-12-30,2022-07-25,2024-12-20,2024-12-15,207,879,5,3,2022,PMDA,2021-09-25,2022-03-13,169,1,LEC,2021-10-11,2021-12-18,68,287,1,1,0,0,0,0,0,0,1,0,0,,0,2,2,0,1,0,5200,0.576,57,1.95,adv_poster,Poster
SITE-02812,PROTO-C_NEURO,Germany,Europe,Neurology,II,Alzheimer's,Academic,7,14,10,12,1,0,0,PI-014,6,4,5,1,12,93,1.4,2023-04-17,2023-06-09,2024-06-10,2024-06-11,53,367,-1,2,2023,EMA,2022-08-28,2022-11-13,77,1,CEC,2022-09-21,2023-01-28,129,261,2,1,1,0,0,0,0,0,0,0,0,,0,2,2,0,1,0,350,0.595,9,0.74,adv_poster,Poster
SITE-02813,PROTO-C_NEURO,UK,Europe,Neurology,II,Alzheimer's,Academic,7,14,10,12,1,0,0,PI-019,5,5,4,1,9,63,2.8,2023-03-01,2023-05-30,2025-12-25,2025-11-06,90,940,49,2,2023,MHRA,2022-11-30,2023-03-06,96,1,LEC,2023-01-24,2023-02-17,24,126,1,1,0,1,0,0,0,0,0,1,1,Patient registry outreach,3,1,4,1,0,1,1700,0.597,16,0.51,adv_community_presentation,Community
SITE-02814,PROTO-A_ONCO,India,Asia,Oncology,III,NSCLC,Pharma,8,18,12,15,1,1,1,PI-003,13,1,4,1,1,155,3.8,2021-03-18,2021-09-09,2025-03-27,2025-04-09,175,1295,-13,3,2021,Other,2020-12-31,2021-05-17,137,1,LEC,2021-01-15,2021-02-07,23,237,1,1,1,1,0,0,1,0,0,1,0,,2,3,5,1,0,1,2050,0.542,197,4.56,adv_email,Email
SITE-02815,PROTO-C_NEURO,India,Asia,Neurology,II,Alzheimer's,Academic,7,14,10,12,1,0,0,PI-011,12,1,1,1,3,87,3.7,2021-12-23,2022-03-22,2025-08-30,2025-09-13,89,1257,-14,1,2022,Other,2021-08-14,2021-10-07,54,1,CEC,2021-09-21,2021-11-13,53,182,1,1,1,1,0,0,0,0,0,0,0,,1,2,3,1,0,1,850,0.566,68,1.62,adv_email,Email
SITE-02816,PROTO-A_ONCO,USA,North America,Oncology,III,NSCLC,Pharma,8,18,12,15,1,1,1,PI-006,22,3,1,1,8,134,1.6,2021-01-20,2020-12-26,2022-06-14,2022-06-01,-25,535,13,4,2020,FDA,2020-07-15,2020-11-20,128,0,CEC,2020-07-30,2020-11-20,113,149,3,0,1,1,0,1,1,0,0,0,0,,1,3,4,1,0,1,1750,0.56,33,1.85,adv_email,Email
SITE-02817,PROTO-B_CARDIO,UK,Europe,Cardiology,II,Heart Failure,Biotech,5,9,8,10,0,1,1,PI-010,21,3,3,1,5,905,3.7,2022-12-12,2023-01-25,2026-08-04,2026-07-26,44,1287,9,1,2023,MHRA,2022-07-30,2022-11-16,109,1,LEC,2022-09-20,2022-11-08,49,127,3,1,1,1,1,0,0,0,0,0,0,,2,2,4,1,0,1,2050,0.428,400,9.32,adv_email,Email
SITE-02818,PROTO-C_NEURO,Japan,Asia,Neurology,II,Alzheimer's,Academic,7,14,10,12,1,0,0,PI-018,15,5,2,1,3,77,3.7,2023-09-14,2023-12-09,2027-05-25,2027-06-24,86,1263,-30,4,2023,PMDA,2023-05-19,2023-09-01,105,1,LEC,2023-06-27,2023-08-22,56,165,2,1,1,1,0,1,0,0,0,0,0,,1,3,4,1,0,1,1150,0.524,81,1.92,adv_email,Email
SITE-02819,PROTO-C_NEURO,Germany,Europe,Neurology,II,Alzheimer's,Academic,7,14,10,12,1,0,0,PI-011,4,3,2,1,6,71,2.5,2021-11-06,2022-02-06,2024-03-07,2024-02-18,92,760,18,1,2022,EMA,2021-03-29,2021-05-19,51,1,CEC,2021-05-11,2021-10-01,143,271,3,0,1,0,0,0,0,0,0,0,0,,0,1,1,0,1,0,150,0.525,21,0.83,adv_pamphlet,Pamphlet
SITE-02820,PROTO-B_CARDIO,Brazil,LATAM,Cardiology,II,Heart Failure,Biotech,5,9,8,10,0,1,1,PI-024,2,4,3,0,3,1111,3.3,2021-12-07,2022-03-16,2025-03-27,2025-04-03,99,1107,-7,1,2022,Other,2021-08-14,2021-12-10,118,1,LEC,2021-10-10,2021-11-05,26,157,1,1,1,1,0,1,0,0,0,0,0,,1,3,4,1,0,1,1150,0.342,400,10.84,adv_email,Email
SITE-02821,PROTO-A_ONCO,India,Asia,Oncology,III,NSCLC,Pharma,8,18,12,15,1,1,1,PI-021,23,3,5,1,5,236,2.7,2021-01-29,2021-04-14,2023-09-30,2023-10-28,75,899,-28,2,2021,Other,2020-09-08,2021-01-14,128,1,LEC,2020-11-01,2020-12-22,51,164,4,1,1,0,0,1,1,0,0,0,0,,0,4,4,0,1,0,1450,0.584,169,5.64,adv_newsletter,Newsletter
SITE-02822,PROTO-A_ONCO,Brazil,LATAM,Oncology,III,NSCLC,Pharma,8,18,12,15,1,1,1,PI-008,6,2,3,0,2,207,3.8,2023-08-19,2023-10-22,2027-04-07,2027-03-31,64,1263,7,4,2023,Other,2023-03-01,2023-05-07,67,1,CEC,2023-03-13,2023-06-20,99,223,3,0,1,0,0,1,1,0,0,0,0,,0,3,3,0,1,0,1250,0.593,188,4.47,adv_newsletter,Newsletter
SITE-02823,PROTO-C_NEURO,USA,North America,Neurology,II,Alzheimer's,Academic,7,14,10,12,1,0,0,PI-022,22,5,2,1,5,69,3.8,2022-12-06,2023-03-29,2026-12-05,2027-01-13,113,1347,-39,1,2023,FDA,2022-08-15,2023-02-05,174,0,IRB,2022-09-20,2022-11-07,48,190,3,1,0,1,0,0,0,0,0,0,1,Patient registry outreach,2,1,3,1,0,1,1300,0.606,67,1.49,adv_email,Email
SITE-02824,PROTO-B_CARDIO,USA,North America,Cardiology,II,Heart Failure,Biotech,5,9,8,10,0,1,1,PI-019,15,2,4,1,2,719,3.6,2022-06-09,2022-07-31,2026-02-18,2026-03-05,52,1298,-15,3,2022,FDA,2022-03-08,2022-06-16,100,0,IRB,2022-04-07,2022-05-12,35,115,1,1,1,0,0,0,0,1,0,0,0,,0,3,3,0,1,0,1850,0.392,400,9.24,adv_poster,Poster
SITE-02825,PROTO-A_ONCO,USA,North America,Oncology,III,NSCLC,Pharma,8,18,12,15,1,1,1,PI-019,24,3,4,0,6,133,2.7,2022-03-13,2022-05-09,2024-12-15,2024-10-14,57,951,62,2,2022,FDA,2021-10-22,2022-03-02,131,0,IRB,2021-11-14,2022-02-06,84,176,2,1,1,0,1,1,0,0,0,0,0,,1,3,4,1,0,1,1850,0.478,65,2.05,adv_online,Online
SITE-02826,PROTO-B_CARDIO,USA,North America,Cardiology,II,Heart Failure,Biotech,5,9,8,10,0,1,1,PI-022,14,1,5,1,5,1062,1.4,2022-10-09,2022-12-08,2024-03-16,2024-05-07,60,464,-52,4,2022,FDA,2022-05-25,2022-10-27,155,0,IRB,2022-06-09,2022-09-02,85,182,2,1,1,1,0,0,1,0,0,0,0,,1,3,4,1,0,1,1650,0.5,400,25.86,adv_email,Email
SITE-02827,PROTO-A_ONCO,Germany,Europe,Oncology,III,NSCLC,Pharma,8,18,12,15,1,1,1,PI-006,6,2,4,1,7,123,2.9,2023-09-18,2024-01-09,2026-09-19,2026-10-24,113,984,-35,1,2024,EMA,2023-06-11,2023-09-28,109,1,LEC,2023-07-23,2023-08-31,39,170,0,1,1,1,1,0,0,0,0,0,0,,2,2,4,1,0,1,2050,0.543,48,1.46,adv_email,Email
SITE-02828,PROTO-C_NEURO,Japan,Asia,Neurology,II,Alzheimer's,Academic,7,14,10,12,1,0,0,PI-011,24,4,1,1,5,91,3.4,2023-08-13,2023-11-09,2027-01-01,2026-12-22,88,1149,10,4,2023,PMDA,2023-03-19,2023-08-17,151,1,CEC,2023-04-12,2023-07-11,90,211,3,0,1,1,1,0,1,0,0,0,0,,2,2,4,1,0,1,2650,0.528,92,2.4,adv_email,Email
SITE-02829,PROTO-C_NEURO,Canada,North America,Neurology,II,Alzheimer's,Academic,7,14,10,12,1,0,0,PI-010,2,2,4,1,4,126,2.4,2023-01-23,2023-03-05,2025-06-14,2025-06-03,41,832,11,1,2023,Other,2022-10-02,2023-01-04,94,0,IRB,2022-11-17,2023-01-08,52,108,3,1,1,0,0,0,1,1,0,0,0,,0,4,4,0,1,0,2650,0.474,55,1.98,adv_poster,Poster
SITE-02830,PROTO-B_CARDIO,USA,North America,Cardiology,II,Heart Failure,Biotech,5,9,8,10,0,1,1,PI-028,14,5,3,1,2,761,1.6,2023-09-24,2023-10-06,2025-03-31,2025-04-23,12,542,-23,4,2023,FDA,2023-04-06,2023-08-27,143,0,IRB,2023-06-04,2023-08-15,72,124,3,1,1,1,1,0,0,0,0,0,0,,2,2,4,1,0,1,2050,0.351,400,22.14,adv_email,Email
SITE-02831,PROTO-A_ONCO,India,Asia,Oncology,III,NSCLC,Pharma,8,18,12,15,1,1,1,PI-015,13,4,2,1,7,159,3.8,2021-10-29,2021-12-11,2025-07-25,2025-08-29,43,1322,-35,4,2021,Other,2021-08-11,2021-10-06,56,1,LEC,2021-09-12,2021-10-17,35,90,2,1,0,1,0,0,0,0,0,0,0,,1,1,2,1,0,1,700,0.514,84,1.91,adv_email,Email
SITE-02832,PROTO-A_ONCO,Canada,North America,Oncology,III,NSCLC,Pharma,8,18,12,15,1,1,1,PI-029,13,4,1,1,4,163,3.9,2023-05-15,2023-04-09,2027-02-06,2027-04-09,-36,1399,-62,2,2023,Other,2022-12-11,2023-03-11,90,0,IRB,2023-02-02,2023-03-25,51,66,1,1,1,0,0,0,1,0,0,0,0,,0,3,3,0,1,0,1150,0.57,155,3.32,adv_poster,Poster
SITE-02833,PROTO-B_CARDIO,USA,North America,Cardiology,II,Heart Failure,Biotech,5,9,8,10,0,1,1,PI-003,6,4,5,1,7,1037,1.2,2023-09-09,2023-09-03,2024-10-18,2024-10-16,-6,411,2,3,2023,FDA,2023-06-12,2023-07-27,45,0,IRB,2023-06-23,2023-08-03,41,72,2,1,1,0,1,0,0,1,0,0,0,,1,3,4,1,0,1,3050,0.381,375,27.37,adv_online,Online
SITE-02834,PROTO-A_ONCO,Canada,North America,Oncology,III,NSCLC,Pharma,8,18,12,15,1,1,1,PI-004,6,3,2,0,3,323,3.5,2023-04-14,2023-05-12,2026-09-21,2026-09-18,28,1228,3,2,2023,Other,2022-10-30,2023-02-06,99,0,IRB,2022-12-20,2023-03-05,75,143,4,1,1,0,0,0,0,0,0,1,0,,1,2,3,1,0,0,750,0.529,202,4.93,adv_community_presentation,Community
SITE-02835,PROTO-B_CARDIO,Japan,Asia,Cardiology,II,Heart Failure,Biotech,5,9,8,10,0,1,1,PI-029,16,3,5,1,5,827,2.1,2021-06-04,2021-07-31,2023-05-19,2023-05-21,57,657,-2,3,2021,PMDA,2020-11-14,2021-02-11,89,1,CEC,2020-12-28,2021-04-30,123,215,2,1,0,1,1,0,0,0,0,0,0,,2,1,3,1,0,1,1900,0.433,400,18.26,adv_email,Email
SITE-02836,PROTO-A_ONCO,Japan,Asia,Oncology,III,NSCLC,Pharma,8,18,12,15,1,1,1,PI-023,14,0,2,1,2,71,2.2,2022-09-19,2022-12-06,2024-12-25,2024-12-15,78,750,10,4,2022,PMDA,2022-06-13,2022-10-12,121,1,LEC,2022-07-18,2022-08-13,26,141,1,1,0,0,1,0,0,0,0,0,0,,1,1,2,1,0,1,1400,0.522,53,2.12,adv_online,Online
SITE-02837,PROTO-A_ONCO,Poland,Europe,Oncology,III,NSCLC,Pharma,8,18,12,15,1,1,1,PI-011,18,5,1,1,2,177,3.4,2023-08-26,2024-02-09,2027-04-29,2027-06-15,167,1175,-47,1,2024,EMA,2023-05-13,2023-11-06,177,1,LEC,2023-06-18,2023-07-13,25,236,1,1,0,1,0,0,0,0,0,0,0,,1,1,2,1,0,1,700,0.621,162,4.14,adv_email,Email
SITE-02838,PROTO-B_CARDIO,Japan,Asia,Cardiology,II,Heart Failure,Biotech,5,9,8,10,0,1,1,PI-012,24,5,1,1,3,1203,2.2,2021-04-10,2021-04-09,2023-04-01,2023-03-27,-1,722,5,2,2021,PMDA,2020-08-13,2020-12-17,126,1,CEC,2020-09-13,2021-01-13,122,208,0,0,0,0,0,0,0,0,0,0,0,,0,0,0,0,0,0,0,0.416,400,16.62,none,None
SITE-02839,PROTO-A_ONCO,Brazil,LATAM,Oncology,III,NSCLC,Pharma,8,18,12,15,1,1,1,PI-020,7,4,3,1,5,241,1.2,2022-02-02,2022-05-23,2023-04-18,2023-05-07,110,330,-19,2,2022,Other,2021-11-12,2022-02-11,91,1,LEC,2021-12-11,2022-01-20,40,163,2,1,1,0,0,0,0,0,0,0,0,,0,2,2,0,1,0,350,0.548,45,4.09,adv_poster,Poster
SITE-02840,PROTO-C_NEURO,UK,Europe,Neurology,II,Alzheimer's,Academic,7,14,10,12,1,0,0,PI-006,23,2,5,1,1,116,1.8,2021-12-12,2022-03-13,2023-09-08,2023-08-07,91,544,32,1,2022,MHRA,2021-08-28,2021-12-05,99,1,LEC,2021-09-08,2021-11-10,63,186,1,0,0,0,1,1,1,1,0,0,0,,1,3,4,1,0,1,3800,0.642,78,4.3,adv_online,Online
SITE-02841,PROTO-C_NEURO,Japan,Asia,Neurology,II,Alzheimer's,Academic,7,14,10,12,1,0,0,PI-011,14,3,2,1,1,59,3.9,2021-03-11,2021-06-07,2025-01-31,2025-03-01,88,1334,-29,2,2021,PMDA,2020-11-04,2021-02-16,104,1,CEC,2020-11-16,2021-01-14,59,203,1,1,0,0,0,0,0,0,0,0,0,,0,1,1,0,1,0,200,0.595,83,1.87,adv_poster,Poster
SITE-02842,PROTO-B_CARDIO,Poland,Europe,Cardiology,II,Heart Failure,Biotech,5,9,8,10,0,1,1,PI-017,8,1,4,1,4,903,1.5,2022-10-22,2022-12-16,2024-02-20,2024-03-11,55,431,-20,4,2022,EMA,2022-05-13,2022-08-27,106,1,CEC,2022-05-25,2022-09-20,118,205,2,1,1,0,1,1,0,0,1,1,0,,2,4,6,1,0,1,7250,0.479,400,27.84,adv_online,Online
SITE-02843,PROTO-C_NEURO,UK,Europe,Neurology,II,Alzheimer's,Academic,7,14,10,12,1,0,0,PI-014,7,5,4,1,0,35,1.9,2022-06-03,2022-10-27,2024-06-19,2024-06-04,146,601,15,4,2022,MHRA,2022-02-26,2022-07-18,142,1,LEC,2022-03-12,2022-05-10,59,229,2,1,0,0,0,0,0,0,0,0,0,,0,1,1,0,1,0,200,0.583,27,1.35,adv_poster,Poster
SITE-02844,PROTO-B_CARDIO,Australia,APAC,Cardiology,II,Heart Failure,Biotech,5,9,8,10,0,1,1,PI-027,14,2,5,1,8,791,2.9,2023-09-16,2024-03-16,2026-11-24,2026-11-07,182,983,17,1,2024,Other,2023-07-10,2023-11-15,128,1,LEC,2023-07-21,2023-08-20,30,239,3,1,0,1,1,0,0,0,0,0,0,,2,1,3,1,0,1,1900,0.506,400,12.21,adv_email,Email
SITE-02845,PROTO-A_ONCO,Germany,Europe,Oncology,III,NSCLC,Pharma,8,18,12,15,1,1,1,PI-017,5,1,4,1,5,217,3.7,2022-01-10,2022-03-09,2025-08-19,2025-07-27,58,1259,23,1,2022,EMA,2021-09-30,2021-11-16,47,1,LEC,2021-10-26,2021-12-15,50,134,2,1,0,0,0,0,0,0,0,1,1,Patient registry outreach,2,1,3,1,0,0,1200,0.529,83,1.98,adv_community_presentation,Community
SITE-02846,PROTO-B_CARDIO,Japan,Asia,Cardiology,II,Heart Failure,Biotech,5,9,8,10,0,1,1,PI-014,6,4,1,1,3,939,2.8,2021-02-07,2021-06-05,2023-12-30,2023-12-12,118,938,18,2,2021,PMDA,2020-10-08,2021-03-21,164,1,CEC,2020-11-05,2021-01-07,63,212,2,1,1,0,0,0,0,0,1,1,0,,1,3,4,1,0,0,5750,0.396,400,12.79,adv_community_presentation,Community
SITE-02847,PROTO-A_ONCO,USA,North America,Oncology,III,NSCLC,Pharma,8,18,12,15,1,1,1,PI-022,6,5,3,1,7,101,1.4,2021-09-19,2022-01-17,2023-05-17,2023-06-15,120,485,-29,1,2022,FDA,2021-07-02,2021-12-15,166,0,IRB,2021-07-15,2021-09-03,50,186,1,1,1,1,1,1,0,0,0,0,1,Patient registry outreach,3,3,6,1,0,1,2950,0.618,24,1.48,adv_email,Email
SITE-02848,PROTO-A_ONCO,Germany,Europe,Oncology,III,NSCLC,Pharma,8,18,12,15,1,1,1,PI-008,14,2,2,1,5,155,3.8,2021-09-24,2021-10-13,2025-05-10,2025-03-21,19,1305,50,4,2021,EMA,2021-03-29,2021-07-17,110,1,CEC,2021-04-30,2021-08-16,108,166,2,0,1,0,0,1,1,0,0,1,0,,1,3,4,1,0,0,1650,0.488,140,3.22,adv_community_presentation,Community
SITE-02849,PROTO-C_NEURO,UK,Europe,Neurology,II,Alzheimer's,Academic,7,14,10,12,1,0,0,PI-029,4,2,2,0,1,61,2.7,2022-09-02,2023-03-23,2025-08-07,2025-07-27,202,868,11,1,2023,MHRA,2022-05-15,2022-11-02,171,1,LEC,2022-06-04,2022-08-03,60,292,3,1,1,0,0,0,0,0,0,0,1,Patient registry outreach,1,2,3,1,0,0,950,0.665,33,1.14,adv_other,Other
SITE-02850,PROTO-C_NEURO,Spain,Europe,Neurology,II,Alzheimer's,Academic,7,14,10,12,1,0,0,PI-026,14,4,5,1,8,116,2.7,2023-07-25,2024-01-22,2026-06-26,2026-08-01,181,886,-36,1,2024,EMA,2023-04-18,2023-09-21,156,1,LEC,2023-04-30,2023-06-27,58,267,1,1,0,0,0,1,0,0,0,0,0,,0,2,2,0,1,0,500,0.552,41,1.39,adv_newsletter,Newsletter
SITE-02851,PROTO-B_CARDIO,Spain,Europe,Cardiology,II,Heart Failure,Biotech,5,9,8,10,0,1,1,PI-023,7,1,3,1,5,1013,4.0,2021-01-19,2021-05-09,2025-01-06,2024-12-07,110,1338,30,2,2021,EMA,2020-09-30,2020-11-17,48,1,LEC,2020-10-15,2020-12-16,62,206,2,1,1,1,1,0,0,0,0,0,0,,2,2,4,1,0,1,2050,0.395,400,8.97,adv_email,Email
SITE-02852,PROTO-C_NEURO,Poland,Europe,Neurology,II,Alzheimer's,Academic,7,14,10,12,1,0,0,PI-019,12,3,2,1,0,114,3.8,2021-08-05,2021-10-04,2025-05-07,2025-04-23,60,1311,14,4,2021,EMA,2021-04-15,2021-06-04,50,1,LEC,2021-05-07,2021-07-06,60,150,2,1,0,0,1,0,1,1,1,0,0,,1,4,5,1,0,1,8700,0.554,198,4.53,adv_online,Online
SITE-02853,PROTO-B_CARDIO,Brazil,LATAM,Cardiology,II,Heart Failure,Biotech,5,9,8,10,0,1,1,PI-005,14,5,5,1,6,1114,1.2,2022-11-12,2023-03-24,2024-03-15,2024-02-09,132,357,35,1,2023,Other,2022-06-21,2022-12-06,168,1,LEC,2022-08-11,2022-10-05,55,225,2,1,1,0,1,1,1,0,0,0,0,,1,4,5,1,0,1,2650,0.431,400,33.61,adv_online,Online
SITE-02854,PROTO-B_CARDIO,Spain,Europe,Cardiology,II,Heart Failure,Biotech,5,9,8,10,0,1,1,PI-007,5,2,3,1,4,1138,1.4,2021-04-01,2021-09-13,2022-10-19,2022-10-22,165,401,-3,3,2021,EMA,2020-11-25,2021-05-09,165,1,LEC,2021-01-17,2021-03-05,47,239,3,0,1,0,1,0,0,0,0,1,0,,2,1,3,1,0,1,1750,0.453,400,29.93,adv_online,Online
SITE-02855,PROTO-C_NEURO,Japan,Asia,Neurology,II,Alzheimer's,Academic,7,14,10,12,1,0,0,PI-022,10,1,4,1,6,43,3.0,2021-03-20,2021-08-23,2024-06-16,2024-07-11,156,1028,-25,3,2021,PMDA,2020-12-19,2021-05-26,158,1,LEC,2021-02-11,2021-03-06,23,193,2,1,1,0,1,1,0,0,0,1,0,,2,3,5,1,0,1,2250,0.589,23,0.67,adv_community_presentation,Community
SITE-02856,PROTO-C_NEURO,Germany,Europe,Neurology,II,Alzheimer's,Academic,7,14,10,12,1,0,0,PI-017,6,1,5,0,7,64,2.3,2023-03-10,2023-07-16,2025-06-25,2025-06-21,128,710,4,3,2023,EMA,2022-10-01,2023-03-29,179,1,CEC,2022-10-19,2023-01-05,78,270,4,1,1,0,0,0,0,1,0,0,0,,0,3,3,0,1,0,1850,0.505,16,0.68,adv_poster,Poster
SITE-02857,PROTO-C_NEURO,Germany,Europe,Neurology,II,Alzheimer's,Academic,7,14,10,12,1,0,0,PI-006,6,1,2,1,4,128,2.5,2021-09-10,2021-09-29,2023-12-13,2023-10-24,19,805,50,3,2021,EMA,2021-02-10,2021-07-08,148,1,CEC,2021-03-14,2021-07-02,110,199,3,1,0,0,1,0,1,1,0,1,0,,2,3,5,1,0,1,4100,0.575,66,2.46,adv_community_presentation,Community
SITE-02858,PROTO-C_NEURO,Brazil,LATAM,Neurology,II,Alzheimer's,Academic,7,14,10,12,1,0,0,PI-014,5,5,2,1,6,74,2.1,2021-05-28,2021-09-09,2023-07-19,2023-08-06,104,678,-18,3,2021,Other,2021-02-06,2021-05-27,110,1,LEC,2021-03-18,2021-04-29,42,175,2,1,0,0,1,1,0,0,0,0,1,Patient registry outreach,2,2,4,1,0,1,2300,0.536,30,1.33,adv_online,Online
SITE-02859,PROTO-B_CARDIO,USA,North America,Cardiology,II,Heart Failure,Biotech,5,9,8,10,0,1,1,PI-004,11,2,3,1,3,1169,2.9,2022-12-23,2023-01-27,2025-11-24,2025-11-30,35,1032,-6,1,2023,FDA,2022-10-13,2022-12-23,71,0,IRB,2022-11-04,2022-12-05,31,84,2,1,1,1,1,1,0,0,0,0,0,,2,3,5,1,0,1,2350,0.403,400,11.63,adv_email,Email
SITE-02860,PROTO-A_ONCO,Australia,APAC,Oncology,III,NSCLC,Pharma,8,18,12,15,1,1,1,PI-006,5,1,3,1,5,92,1.5,2021-05-20,2021-09-16,2022-12-06,2022-11-24,119,446,12,3,2021,Other,2021-02-08,2021-04-29,80,1,LEC,2021-03-07,2021-05-10,64,193,4,1,0,0,0,0,0,0,0,0,0,,0,1,1,0,1,0,200,0.608,18,1.21,adv_poster,Poster
SITE-02861,PROTO-A_ONCO,USA,North America,Oncology,III,NSCLC,Pharma,8,18,12,15,1,1,1,PI-027,8,4,2,1,3,62,3.4,2021-01-14,2021-02-14,2024-05-18,2024-07-28,31,1189,-71,1,2021,FDA,2020-07-16,2020-12-16,153,0,IRB,2020-08-18,2020-11-23,97,180,5,1,1,1,0,0,0,0,0,0,0,,1,2,3,1,0,1,850,0.63,43,1.08,adv_email,Email
SITE-02862,PROTO-B_CARDIO,Brazil,LATAM,Cardiology,II,Heart Failure,Biotech,5,9,8,10,0,1,1,PI-017,15,3,1,1,2,819,2.8,2021-03-03,2021-07-07,2024-01-06,2024-02-05,126,913,-30,3,2021,Other,2020-11-09,2021-02-10,93,1,LEC,2020-12-19,2021-02-12,55,200,4,1,1,1,0,0,1,0,0,0,0,,1,3,4,1,0,1,1650,0.446,400,13.14,adv_email,Email
SITE-02863,PROTO-C_NEURO,Australia,APAC,Neurology,II,Alzheimer's,Academic,7,14,10,12,1,0,0,PI-010,2,2,2,1,4,86,3.2,2022-08-17,2022-11-17,2025-09-04,2025-08-28,92,1022,7,4,2022,Other,2022-02-16,2022-04-09,52,1,CEC,2022-03-19,2022-06-25,98,243,7,1,1,0,0,1,0,0,0,0,0,,0,3,3,0,1,0,650,0.541,50,1.47,adv_newsletter,Newsletter
SITE-02864,PROTO-A_ONCO,India,Asia,Oncology,III,NSCLC,Pharma,8,18,12,15,1,1,1,PI-010,17,1,1,1,1,66,2.8,2023-04-06,2023-07-03,2026-01-29,2026-03-19,88,941,-49,3,2023,Other,2022-11-28,2023-04-16,139,1,LEC,2023-01-16,2023-03-15,58,168,2,1,1,0,0,1,0,0,0,0,0,,0,3,3,0,1,0,650,0.608,67,2.14,adv_newsletter,Newsletter
SITE-02865,PROTO-C_NEURO,Germany,Europe,Neurology,II,Alzheimer's,Academic,7,14,10,12,1,0,0,PI-026,6,5,4,0,3,85,2.6,2022-08-19,2022-11-05,2025-02-20,2025-02-25,78,838,-5,4,2022,EMA,2022-04-15,2022-06-24,70,1,CEC,2022-05-17,2022-07-14,58,172,4,0,1,0,0,0,0,0,0,0,0,,0,1,1,0,1,0,150,0.65,44,1.58,adv_pamphlet,Pamphlet
SITE-02866,PROTO-B_CARDIO,India,Asia,Cardiology,II,Heart Failure,Biotech,5,9,8,10,0,1,1,PI-012,15,3,2,1,2,1094,3.8,2022-02-08,2022-06-13,2026-01-01,2025-11-19,125,1298,43,2,2022,Other,2021-11-05,2022-03-15,130,1,LEC,2021-11-30,2021-12-27,27,195,1,0,1,0,0,0,0,0,0,1,0,,1,1,2,1,0,0,550,0.405,400,9.24,adv_community_presentation,Community
SITE-02867,PROTO-A_ONCO,Canada,North America,Oncology,III,NSCLC,Pharma,8,18,12,15,1,1,1,PI-002,8,5,1,1,3,133,1.6,2021-05-09,2021-04-03,2022-09-16,2022-10-19,-36,531,-33,2,2021,Other,2020-10-27,2021-02-11,107,0,CEC,2020-11-17,2021-02-14,89,137,3,1,1,0,0,1,0,0,0,0,0,,0,3,3,0,1,0,650,0.547,70,3.95,adv_newsletter,Newsletter
SITE-02868,PROTO-C_NEURO,USA,North America,Neurology,II,Alzheimer's,Academic,7,14,10,12,1,0,0,PI-027,8,4,1,1,7,91,1.4,2023-02-02,2023-03-28,2024-07-24,2024-06-20,54,484,34,1,2023,FDA,2022-09-06,2023-02-26,173,0,IRB,2022-11-02,2022-12-21,49,146,2,0,0,1,0,1,0,0,0,0,0,,1,1,2,1,0,1,800,0.51,23,1.43,adv_email,Email
SITE-02869,PROTO-A_ONCO,India,Asia,Oncology,III,NSCLC,Pharma,8,18,12,15,1,1,1,PI-012,20,6,2,1,2,93,3.1,2021-04-24,2021-06-29,2024-04-22,2024-04-02,66,1028,20,2,2021,Other,2020-12-16,2021-03-19,93,1,LEC,2021-01-12,2021-03-21,68,168,2,1,1,1,1,0,1,0,0,0,0,,2,3,5,1,0,1,2850,0.504,168,4.9,adv_email,Email
SITE-02870,PROTO-B_CARDIO,Germany,Europe,Cardiology,II,Heart Failure,Biotech,5,9,8,10,0,1,1,PI-028,11,4,3,1,2,781,2.3,2022-12-04,2023-01-20,2025-01-09,2025-01-26,47,720,-17,1,2023,EMA,2022-06-20,2022-08-01,42,1,CEC,2022-07-22,2022-09-29,69,182,1,1,0,1,0,1,0,0,0,1,0,,2,2,4,1,0,1,1400,0.455,400,16.67,adv_email,Email
SITE-02871,PROTO-B_CARDIO,USA,North America,Cardiology,II,Heart Failure,Biotech,5,9,8,10,0,1,1,PI-005,17,2,4,1,4,919,1.1,2021-10-31,2022-01-04,2023-01-10,2023-01-11,65,371,-1,1,2022,FDA,2021-05-24,2021-11-18,178,0,IRB,2021-06-28,2021-09-02,66,190,1,1,1,0,1,1,1,0,0,0,0,,1,4,5,1,0,1,2650,0.387,400,32.35,adv_online,Online
SITE-02872,PROTO-C_NEURO,Poland,Europe,Neurology,II,Alzheimer's,Academic,7,14,10,12,1,0,0,PI-002,21,3,4,1,7,153,3.2,2021-08-20,2021-12-03,2024-11-04,2024-10-17,105,1067,18,4,2021,EMA,2021-04-28,2021-08-20,114,1,LEC,2021-05-20,2021-07-24,65,197,2,1,0,0,0,0,0,0,0,0,1,Patient registry outreach,1,1,2,1,0,0,800,0.616,68,1.91,adv_other,Other
SITE-02873,PROTO-A_ONCO,USA,North America,Oncology,III,NSCLC,Pharma,8,18,12,15,1,1,1,PI-010,2,4,3,0,5,203,2.2,2021-06-14,2021-06-02,2023-07-04,2023-06-20,-12,762,14,2,2021,FDA,2020-12-20,2021-02-03,45,0,IRB,2021-02-02,2021-05-12,99,120,1,1,1,1,0,0,0,0,0,0,1,Patient registry outreach,2,2,4,1,0,1,1450,0.511,90,3.54,adv_email,Email
SITE-02874,PROTO-C_NEURO,India,Asia,Neurology,II,Alzheimer's,Academic,7,14,10,12,1,0,0,PI-029,19,6,1,1,6,200,3.5,2023-03-26,2023-03-18,2026-07-16,2026-08-03,-8,1216,-18,1,2023,Other,2022-10-10,2022-11-23,44,1,CEC,2022-12-03,2023-01-20,48,105,2,1,1,0,1,0,0,0,0,0,1,Patient registry outreach,2,2,4,1,0,1,2150,0.581,153,3.77,adv_online,Online
SITE-02875,PROTO-B_CARDIO,Japan,Asia,Cardiology,II,Heart Failure,Biotech,5,9,8,10,0,1,1,PI-016,18,4,3,1,2,823,2.1,2021-07-03,2021-09-11,2023-07-25,2023-07-10,70,682,15,3,2021,PMDA,2021-03-09,2021-06-11,94,1,LEC,2021-04-26,2021-06-15,50,138,1,0,1,0,1,1,0,0,0,1,0,,2,2,4,1,0,1,2050,0.383,400,17.6,adv_online,Online
SITE-02876,PROTO-A_ONCO,Poland,Europe,Oncology,III,NSCLC,Pharma,8,18,12,15,1,1,1,PI-012,11,2,5,1,1,121,2.5,2023-08-23,2023-08-16,2025-12-19,2025-12-09,-7,856,10,3,2023,EMA,2023-02-20,2023-05-10,79,1,CEC,2023-04-09,2023-06-10,62,129,1,1,1,0,1,1,1,0,0,1,1,Patient registry outreach,3,4,7,1,0,1,3650,0.54,146,5.12,adv_community_presentation,Community
SITE-02877,PROTO-B_CARDIO,Japan,Asia,Cardiology,II,Heart Failure,Biotech,5,9,8,10,0,1,1,PI-003,22,3,2,1,4,959,3.7,2023-08-29,2023-10-25,2027-03-11,2027-04-02,57,1233,-22,4,2023,PMDA,2023-03-17,2023-06-30,105,1,CEC,2023-04-01,2023-06-24,84,207,2,1,0,0,0,0,1,0,0,1,0,,1,2,3,1,0,0,1400,0.4,400,9.73,adv_community_presentation,Community
SITE-02878,PROTO-A_ONCO,Poland,Europe,Oncology,III,NSCLC,Pharma,8,18,12,15,1,1,1,PI-014,8,4,3,1,1,193,2.9,2021-03-25,2021-05-11,2023-11-13,2023-10-25,47,916,19,2,2021,EMA,2020-07-30,2020-11-23,116,1,CEC,2020-08-14,2021-01-09,148,270,1,1,1,0,0,1,0,0,0,0,0,,0,3,3,0,1,0,650,0.664,143,4.68,adv_newsletter,Newsletter
SITE-02879,PROTO-B_CARDIO,USA,North America,Cardiology,II,Heart Failure,Biotech,5,9,8,10,0,1,1,PI-015,15,6,5,1,4,1171,1.6,2022-08-30,2022-11-17,2024-05-05,2024-07-01,79,535,-57,4,2022,FDA,2022-04-20,2022-10-08,171,0,IRB,2022-05-14,2022-08-15,93,187,2,1,1,0,1,0,0,0,1,0,0,,1,3,4,1,0,1,6550,0.419,400,22.43,adv_online,Online
SITE-02880,PROTO-C_NEURO,UK,Europe,Neurology,II,Alzheimer's,Academic,7,14,10,12,1,0,0,PI-018,2,0,5,1,7,40,2.3,2021-08-03,2021-12-26,2024-01-28,2024-02-20,145,763,-23,4,2021,MHRA,2021-05-20,2021-08-25,97,1,LEC,2021-06-24,2021-07-18,24,185,2,1,0,1,0,0,0,0,0,1,0,,2,1,3,1,0,1,1100,0.655,7,0.28,adv_community_presentation,Community
SITE-02881,PROTO-A_ONCO,UK,Europe,Oncology,III,NSCLC,Pharma,8,18,12,15,1,1,1,PI-007,13,4,4,1,1,181,4.0,2022-04-12,2022-09-11,2026-06-26,2026-06-03,152,1384,23,3,2022,MHRA,2021-12-07,2022-05-25,169,1,LEC,2022-01-26,2022-03-15,48,228,1,1,0,0,0,0,0,0,0,1,1,Patient registry outreach,2,1,3,1,0,0,1200,0.595,201,4.36,adv_community_presentation,Community
SITE-02882,PROTO-B_CARDIO,Spain,Europe,Cardiology,II,Heart Failure,Biotech,5,9,8,10,0,1,1,PI-005,8,2,3,1,5,971,1.2,2021-01-03,2021-05-01,2022-03-21,2022-01-22,118,324,58,2,2021,EMA,2020-10-27,2020-12-03,37,1,LEC,2020-11-06,2020-11-28,22,176,3,1,0,1,1,0,0,0,1,1,0,,3,2,5,1,0,1,7300,0.381,400,37.04,adv_email,Email
SITE-02883,PROTO-B_CARDIO,Spain,Europe,Cardiology,II,Heart Failure,Biotech,5,9,8,10,0,1,1,PI-020,23,2,4,1,4,743,1.3,2022-04-05,2022-08-11,2023-07-13,2023-06-17,128,336,26,3,2022,EMA,2021-12-07,2022-03-14,97,1,LEC,2021-12-31,2022-03-10,69,223,4,0,1,1,0,0,0,1,0,0,1,Patient registry outreach,2,2,4,1,0,1,2750,0.443,400,35.71,adv_email,Email
SITE-02884,PROTO-C_NEURO,Poland,Europe,Neurology,II,Alzheimer's,Academic,7,14,10,12,1,0,0,PI-006,24,5,5,1,6,69,3.0,2022-03-03,2022-04-30,2025-02-25,2025-02-28,58,1032,-3,2,2022,EMA,2021-11-28,2022-02-21,85,1,LEC,2022-01-16,2022-02-12,27,104,4,1,1,0,1,0,0,0,0,0,0,,1,2,3,1,0,1,1550,0.529,61,1.77,adv_online,Online
SITE-02885,PROTO-A_ONCO,Poland,Europe,Oncology,III,NSCLC,Pharma,8,18,12,15,1,1,1,PI-008,21,2,1,1,5,58,1.5,2021-03-19,2021-07-29,2022-10-13,2022-08-30,132,441,44,3,2021,EMA,2020-11-25,2021-03-16,111,1,LEC,2020-12-11,2021-02-17,68,230,4,0,1,1,0,0,0,0,0,0,0,,1,1,2,1,0,1,650,0.566,23,1.56,adv_email,Email
SITE-02886,PROTO-C_NEURO,India,Asia,Neurology,II,Alzheimer's,Academic,7,14,10,12,1,0,0,PI-014,11,3,2,1,5,90,2.8,2022-12-01,2023-03-28,2025-09-17,2025-10-20,117,904,-33,1,2023,Other,2022-08-12,2022-12-18,128,1,LEC,2022-09-20,2022-10-31,41,189,6,1,1,0,1,0,1,0,0,0,0,,1,3,4,1,0,1,2350,0.554,53,1.76,adv_online,Online
SITE-02887,PROTO-B_CARDIO,USA,North America,Cardiology,II,Heart Failure,Biotech,5,9,8,10,0,1,1,PI-026,16,2,3,1,3,972,2.5,2023-04-23,2023-03-06,2025-08-08,2025-08-08,-48,886,0,1,2023,FDA,2022-11-11,2023-03-10,119,0,IRB,2022-12-20,2023-03-08,78,76,0,1,0,1,1,1,0,0,0,0,0,,2,2,4,1,0,1,2200,0.517,400,13.54,adv_email,Email
SITE-02888,PROTO-B_CARDIO,Germany,Europe,Cardiology,II,Heart Failure,Biotech,5,9,8,10,0,1,1,PI-009,17,2,4,1,6,1101,2.3,2022-04-11,2022-06-13,2024-06-23,2024-06-26,63,741,-3,2,2022,EMA,2021-11-17,2022-01-02,46,1,CEC,2022-01-02,2022-03-08,65,162,3,0,0,0,1,0,0,0,0,1,0,,2,0,2,1,0,1,1600,0.414,400,16.19,adv_online,Online
SITE-02889,PROTO-A_ONCO,USA,North America,Oncology,III,NSCLC,Pharma,8,18,12,15,1,1,1,PI-019,4,4,3,1,2,160,3.1,2021-07-24,2021-08-08,2024-09-01,2024-09-03,15,1120,-2,3,2021,FDA,2021-04-30,2021-06-28,59,0,IRB,2021-06-04,2021-07-08,34,65,0,1,1,1,1,1,1,0,0,0,0,,2,4,6,1,0,1,3150,0.61,123,3.29,adv_email,Email
SITE-02890,PROTO-B_CARDIO,Japan,Asia,Cardiology,II,Heart Failure,Biotech,5,9,8,10,0,1,1,PI-018,16,3,5,1,3,876,2.9,2021-03-22,2021-05-04,2023-12-15,2023-12-08,43,955,7,2,2021,PMDA,2020-07-31,2021-01-24,177,1,CEC,2020-09-10,2021-01-22,134,236,4,1,1,1,0,0,0,0,0,0,0,,1,2,3,1,0,1,850,0.438,400,12.57,adv_email,Email
SITE-02891,PROTO-A_ONCO,UK,Europe,Oncology,III,NSCLC,Pharma,8,18,12,15,1,1,1,PI-020,22,0,5,1,5,136,2.7,2022-06-07,2022-06-28,2025-01-07,2025-01-13,21,924,-6,2,2022,MHRA,2022-02-04,2022-03-12,36,1,LEC,2022-03-14,2022-05-15,62,106,0,1,1,0,1,0,0,0,0,0,0,,1,2,3,1,0,1,1550,0.559,65,2.11,adv_online,Online
SITE-02892,PROTO-C_NEURO,Poland,Europe,Neurology,II,Alzheimer's,Academic,7,14,10,12,1,0,0,PI-009,10,0,4,1,2,29,3.9,2021-11-03,2022-02-27,2025-11-25,2025-11-10,116,1367,15,1,2022,EMA,2021-09-04,2021-12-08,95,1,LEC,2021-09-14,2021-10-17,33,166,2,0,0,0,0,0,0,0,0,1,0,,1,0,1,1,0,0,400,0.572,29,0.64,adv_community_presentation,Community
SITE-02893,PROTO-B_CARDIO,Japan,Asia,Cardiology,II,Heart Failure,Biotech,5,9,8,10,0,1,1,PI-018,20,2,5,1,3,960,3.2,2023-02-06,2023-02-28,2026-01-24,2026-01-28,22,1061,-4,1,2023,PMDA,2022-06-14,2022-08-16,63,1,CEC,2022-07-19,2022-12-11,145,224,1,0,1,1,1,0,1,0,0,0,0,,2,2,4,1,0,1,2650,0.294,400,11.31,adv_email,Email
SITE-02894,PROTO-C_NEURO,Poland,Europe,Neurology,II,Alzheimer's,Academic,7,14,10,12,1,0,0,PI-023,11,3,4,1,4,92,2.3,2022-07-04,2022-10-15,2024-12-19,2024-11-26,103,796,23,4,2022,EMA,2022-03-29,2022-07-27,120,1,LEC,2022-05-05,2022-06-09,35,163,0,1,1,1,0,0,0,1,0,1,1,Patient registry outreach,3,3,6,1,0,1,3350,0.599,48,1.81,adv_community_presentation,Community
SITE-02895,PROTO-A_ONCO,USA,North America,Oncology,III,NSCLC,Pharma,8,18,12,15,1,1,1,PI-016,7,2,3,1,5,20,2.5,2022-06-22,2022-05-17,2024-10-15,2024-11-28,-36,882,-44,2,2022,FDA,2021-12-20,2022-02-28,70,0,CEC,2022-02-05,2022-04-24,78,101,1,1,0,1,0,1,0,1,0,1,0,,2,3,5,1,0,1,2900,0.555,9,0.31,adv_email,Email
SITE-02896,PROTO-C_NEURO,India,Asia,Neurology,II,Alzheimer's,Academic,7,14,10,12,1,0,0,PI-007,18,7,1,1,3,66,1.7,2021-10-31,2022-01-01,2023-06-30,2023-06-15,62,545,15,1,2022,Other,2021-06-25,2021-09-12,79,1,LEC,2021-08-16,2021-10-19,64,138,0,0,1,0,0,1,0,0,0,1,0,,1,2,3,1,0,0,850,0.585,43,2.37,adv_community_presentation,Community
SITE-02897,PROTO-B_CARDIO,Spain,Europe,Cardiology,II,Heart Failure,Biotech,5,9,8,10,0,1,1,PI-025,15,1,5,1,4,1031,3.8,2021-03-11,2021-08-17,2025-03-22,2025-03-18,159,1313,4,3,2021,EMA,2020-12-07,2021-05-13,157,1,LEC,2020-12-24,2021-02-17,55,236,2,0,1,1,0,0,0,0,0,0,0,,1,1,2,1,0,1,650,0.457,400,9.14,adv_email,Email
SITE-02898,PROTO-C_NEURO,Australia,APAC,Neurology,II,Alzheimer's,Academic,7,14,10,12,1,0,0,PI-025,13,8,4,1,6,117,3.3,2023-07-18,2023-10-21,2026-10-13,2026-11-08,95,1088,-26,4,2023,Other,2023-01-21,2023-07-04,164,1,CEC,2023-02-15,2023-06-12,117,248,2,1,1,0,1,0,1,0,0,0,0,,1,3,4,1,0,1,2350,0.555,80,2.21,adv_online,Online
SITE-02899,PROTO-C_NEURO,UK,Europe,Neurology,II,Alzheimer's,Academic,7,14,10,12,1,0,0,PI-026,10,1,4,1,3,181,1.3,2021-11-11,2021-12-10,2023-01-06,2023-02-03,29,392,-28,4,2021,MHRA,2021-05-17,2021-07-09,53,1,CEC,2021-07-08,2021-09-21,75,155,2,0,0,1,1,0,0,0,0,0,1,Patient registry outreach,3,0,3,1,0,1,2300,0.583,81,6.2,adv_email,Email
SITE-02900,PROTO-B_CARDIO,USA,North America,Cardiology,II,Heart Failure,Biotech,5,9,8,10,0,1,1,PI-020,4,5,2,1,4,920,2.0,2021-04-28,2021-05-15,2023-04-22,2023-04-15,17,707,7,2,2021,FDA,2020-11-19,2021-02-28,101,0,IRB,2021-01-17,2021-03-27,69,118,0,0,0,0,1,1,1,0,0,0,0,,1,2,3,1,0,1,2300,0.399,400,16.97,adv_online,Online
SITE-02901,PROTO-A_ONCO,India,Asia,Oncology,III,NSCLC,Pharma,8,18,12,15,1,1,1,PI-021,17,5,1,1,2,217,4.0,2021-06-12,2021-10-15,2025-08-01,2025-06-12,125,1386,50,4,2021,Other,2021-02-16,2021-07-24,158,1,LEC,2021-04-12,2021-05-20,38,186,3,1,0,0,0,0,0,0,1,0,1,Patient registry outreach,1,2,3,1,0,0,5800,0.607,247,5.35,adv_other,Other
SITE-02902,PROTO-B_CARDIO,USA,North America,Cardiology,II,Heart Failure,Biotech,5,9,8,10,0,1,1,PI-007,8,3,2,1,3,933,3.0,2023-08-04,2023-07-03,2026-06-08,2026-06-13,-32,1071,-5,3,2023,FDA,2023-03-09,2023-04-17,39,0,CEC,2023-04-16,2023-06-10,55,78,1,1,1,0,1,0,0,0,0,1,1,Patient registry outreach,3,2,5,1,0,1,2550,0.319,400,11.2,adv_online,Online
SITE-02903,PROTO-A_ONCO,Brazil,LATAM,Oncology,III,NSCLC,Pharma,8,18,12,15,1,1,1,PI-012,17,6,3,1,3,223,3.8,2021-12-05,2022-01-30,2025-09-08,2025-09-25,56,1317,-17,1,2022,Other,2021-08-02,2021-11-10,100,1,LEC,2021-09-05,2021-11-07,63,147,1,1,0,1,1,0,0,0,0,1,0,,3,1,4,1,0,1,2300,0.576,270,6.15,adv_email,Email
SITE-02904,PROTO-C_NEURO,Germany,Europe,Neurology,II,Alzheimer's,Academic,7,14,10,12,1,0,0,PI-011,19,2,4,1,3,101,2.8,2021-10-16,2022-02-20,2024-08-25,2024-09-17,127,917,-23,1,2022,EMA,2021-06-17,2021-12-07,173,1,LEC,2021-07-21,2021-09-16,57,214,3,1,0,1,0,0,0,0,0,1,0,,2,1,3,1,0,1,1100,0.611,65,2.13,adv_community_presentation,Community
SITE-02905,PROTO-B_CARDIO,USA,North America,Cardiology,II,Heart Failure,Biotech,5,9,8,10,0,1,1,PI-029,9,1,3,0,1,577,2.2,2021-04-28,2021-06-18,2023-07-26,2023-08-21,51,768,-26,2,2021,FDA,2021-01-29,2021-05-26,117,0,IRB,2021-02-20,2021-03-25,33,118,3,0,1,1,0,1,0,0,0,1,0,,2,2,4,1,0,1,1350,0.456,400,15.62,adv_email,Email
SITE-02906,PROTO-B_CARDIO,Japan,Asia,Cardiology,II,Heart Failure,Biotech,5,9,8,10,0,1,1,PI-029,3,7,4,1,3,1073,3.1,2022-02-09,2022-03-17,2025-02-05,2025-01-20,36,1056,16,1,2022,PMDA,2021-09-04,2022-01-18,136,1,CEC,2021-10-01,2021-12-17,77,167,1,1,0,1,0,0,0,0,0,1,1,Patient registry outreach,3,1,4,1,0,1,1700,0.372,400,11.36,adv_email,Email
SITE-02907,PROTO-A_ONCO,USA,North America,Oncology,III,NSCLC,Pharma,8,18,12,15,1,1,1,PI-022,23,1,3,1,2,94,2.6,2022-11-26,2023-02-11,2025-08-31,2025-07-05,77,932,57,1,2023,FDA,2022-08-03,2023-01-12,162,0,IRB,2022-09-10,2022-10-15,35,154,2,1,1,0,1,0,0,0,0,0,0,,1,2,3,1,0,1,1550,0.607,77,2.48,adv_online,Online
SITE-02908,PROTO-B_CARDIO,Japan,Asia,Cardiology,II,Heart Failure,Biotech,5,9,8,10,0,1,1,PI-008,21,4,1,1,4,1177,3.5,2022-01-31,2022-03-27,2025-05-30,2025-06-04,55,1160,-5,1,2022,PMDA,2021-06-05,2021-08-21,77,1,CEC,2021-07-02,2021-11-26,147,268,3,1,0,0,0,1,1,1,0,0,0,,0,4,4,0,1,0,2800,0.424,400,10.34,adv_newsletter,Newsletter
SITE-02909,PROTO-A_ONCO,Poland,Europe,Oncology,III,NSCLC,Pharma,8,18,12,15,1,1,1,PI-027,17,4,1,1,4,242,2.1,2021-12-21,2022-04-16,2024-02-04,2024-03-13,116,659,-38,2,2022,EMA,2021-09-24,2022-01-08,106,1,LEC,2021-10-25,2021-12-11,47,173,2,0,1,1,0,1,0,0,1,0,0,,1,3,4,1,0,1,5950,0.592,116,5.28,adv_email,Email
SITE-02910,PROTO-B_CARDIO,UK,Europe,Cardiology,II,Heart Failure,Biotech,5,9,8,10,0,1,1,PI-006,23,2,1,1,10,1015,2.1,2022-10-28,2022-10-29,2024-08-29,2024-08-19,1,670,10,4,2022,MHRA,2022-03-28,2022-07-27,121,1,CEC,2022-04-26,2022-08-04,100,186,0,1,0,1,0,0,0,0,0,0,0,,1,1,2,1,0,1,700,0.451,400,17.91,adv_email,Email
SITE-02911,PROTO-C_NEURO,India,Asia,Neurology,II,Alzheimer's,Academic,7,14,10,12,1,0,0,PI-024,18,3,1,1,4,101,1.5,2021-08-01,2021-12-07,2023-02-04,2023-01-14,128,424,21,4,2021,Other,2021-04-17,2021-09-13,149,1,LEC,2021-05-12,2021-06-20,39,209,3,1,0,1,0,0,1,1,0,0,0,,1,3,4,1,0,1,3000,0.679,25,1.77,adv_email,Email
SITE-02912,PROTO-B_CARDIO,Canada,North America,Cardiology,II,Heart Failure,Biotech,5,9,8,10,0,1,1,PI-018,14,2,1,1,3,891,2.4,2022-06-07,2022-05-20,2024-09-03,2024-08-25,-18,837,9,2,2022,Other,2021-11-18,2021-12-31,43,0,CEC,2022-01-07,2022-04-16,99,133,1,1,0,1,0,1,0,0,0,0,0,,1,2,3,1,0,1,1000,0.44,400,14.34,adv_email,Email
SITE-02913,PROTO-A_ONCO,Australia,APAC,Oncology,III,NSCLC,Pharma,8,18,12,15,1,1,1,PI-015,18,4,5,1,4,163,3.3,2021-07-18,2021-08-12,2024-10-02,2024-11-07,25,1147,-36,3,2021,Other,2021-03-20,2021-04-26,37,1,LEC,2021-04-19,2021-06-14,56,115,0,1,1,1,1,1,0,0,0,0,0,,2,3,5,1,0,1,2350,0.618,121,3.16,adv_email,Email
SITE-02914,PROTO-A_ONCO,Spain,Europe,Oncology,III,NSCLC,Pharma,8,18,12,15,1,1,1,PI-021,12,2,1,1,1,231,3.7,2023-07-02,2023-06-28,2026-12-30,2027-01-23,-4,1281,-24,2,2023,EMA,2023-01-28,2023-03-09,40,1,CEC,2023-02-14,2023-04-21,66,134,3,1,0,1,1,0,0,0,0,0,1,Patient registry outreach,3,1,4,1,0,1,2500,0.569,348,8.15,adv_email,Email
SITE-02915,PROTO-C_NEURO,USA,North America,Neurology,II,Alzheimer's,Academic,7,14,10,12,1,0,0,PI-028,22,2,2,1,4,51,1.8,2022-03-04,2022-02-27,2023-10-24,2023-11-06,-5,604,-13,1,2022,FDA,2021-08-11,2022-01-27,169,0,CEC,2021-08-25,2021-12-28,125,186,2,1,1,0,0,1,0,0,0,0,0,,0,3,3,0,1,0,650,0.573,29,1.44,adv_newsletter,Newsletter
SITE-02916,PROTO-C_NEURO,USA,North America,Neurology,II,Alzheimer's,Academic,7,14,10,12,1,0,0,PI-023,14,2,3,1,4,91,3.8,2021-02-20,2021-01-12,2024-10-14,2024-10-23,-39,1371,-9,1,2021,FDA,2020-10-03,2020-11-13,41,0,CEC,2020-11-06,2020-12-26,50,67,0,1,0,0,0,1,0,0,0,0,1,Patient registry outreach,1,2,3,1,0,0,1100,0.601,60,1.31,adv_other,Other
SITE-02917,PROTO-A_ONCO,USA,North America,Oncology,III,NSCLC,Pharma,8,18,12,15,1,1,1,PI-017,20,1,4,1,6,112,2.6,2021-11-08,2021-11-11,2024-05-23,2024-05-26,3,924,-3,4,2021,FDA,2021-07-08,2021-09-06,60,0,IRB,2021-07-22,2021-09-13,53,112,2,1,1,1,0,0,0,0,0,1,1,Patient registry outreach,3,2,5,1,0,1,1850,0.535,56,1.82,adv_email,Email
SITE-02918,PROTO-C_NEURO,Brazil,LATAM,Neurology,II,Alzheimer's,Academic,7,14,10,12,1,0,0,PI-006,16,4,5,1,4,91,3.1,2022-05-18,2022-07-20,2025-04-19,2025-03-27,63,1004,23,3,2022,Other,2021-10-14,2022-01-28,106,1,CEC,2021-11-22,2022-03-15,113,240,4,1,1,1,1,1,0,0,0,0,0,,2,3,5,1,0,1,2350,0.503,95,2.84,adv_email,Email
SITE-02919,PROTO-B_CARDIO,Spain,Europe,Cardiology,II,Heart Failure,Biotech,5,9,8,10,0,1,1,PI-007,2,5,1,1,3,1201,3.9,2022-04-14,2022-05-18,2026-01-01,2026-01-20,34,1324,-19,2,2022,EMA,2021-09-05,2021-11-22,78,1,CEC,2021-09-23,2022-02-19,149,237,2,1,1,0,1,0,0,1,0,0,1,Patient registry outreach,2,3,5,1,0,1,3650,0.352,400,9.06,adv_online,Online
SITE-02920,PROTO-A_ONCO,USA,North America,Oncology,III,NSCLC,Pharma,8,18,12,15,1,1,1,PI-002,5,2,3,0,1,153,2.2,2023-03-18,2023-07-20,2025-08-24,2025-09-24,124,766,-31,3,2023,FDA,2022-12-04,2023-05-14,161,0,IRB,2022-12-27,2023-03-02,65,205,2,0,1,0,0,0,0,0,0,1,0,,1,1,2,1,0,0,550,0.585,110,4.31,adv_community_presentation,Community
SITE-02921,PROTO-A_ONCO,UK,Europe,Oncology,III,NSCLC,Pharma,8,18,12,15,1,1,1,PI-016,14,1,5,1,4,308,1.2,2021-04-13,2021-06-06,2022-06-04,2022-05-21,54,363,14,2,2021,MHRA,2020-11-28,2020-12-31,33,1,LEC,2021-01-17,2021-03-27,69,140,1,0,1,1,0,0,0,0,0,0,1,Patient registry outreach,2,1,3,1,0,1,1250,0.607,96,7.93,adv_email,Email
SITE-02922,PROTO-A_ONCO,Japan,Asia,Oncology,III,NSCLC,Pharma,8,18,12,15,1,1,1,PI-022,4,1,4,1,8,119,2.5,2023-04-08,2023-06-05,2025-07-10,2025-07-07,58,766,3,2,2023,PMDA,2022-07-30,2023-01-25,179,1,CEC,2022-09-24,2023-02-16,145,254,3,1,1,0,1,0,1,0,0,0,0,,1,3,4,1,0,1,2350,0.566,28,1.1,adv_online,Online
SITE-02923,PROTO-C_NEURO,Germany,Europe,Neurology,II,Alzheimer's,Academic,7,14,10,12,1,0,0,PI-021,24,5,1,1,5,136,3.6,2022-10-16,2023-01-06,2026-05-15,2026-03-17,82,1225,59,1,2023,EMA,2022-06-30,2022-08-20,51,1,LEC,2022-07-21,2022-09-28,69,169,1,0,0,0,1,1,1,0,0,1,0,,2,2,4,1,0,1,2700,0.519,128,3.13,adv_community_presentation,Community
SITE-02924,PROTO-B_CARDIO,USA,North America,Cardiology,II,Heart Failure,Biotech,5,9,8,10,0,1,1,PI-005,5,3,3,1,2,736,1.5,2021-05-11,2021-04-27,2022-08-26,2022-08-29,-14,486,-3,2,2021,FDA,2020-10-10,2021-01-09,91,0,CEC,2020-11-21,2021-03-24,123,157,4,1,1,1,0,0,0,0,0,0,0,,1,2,3,1,0,1,850,0.449,400,24.69,adv_email,Email
SITE-02925,PROTO-A_ONCO,Brazil,LATAM,Oncology,III,NSCLC,Pharma,8,18,12,15,1,1,1,PI-020,5,1,4,1,0,161,2.6,2023-05-25,2023-09-19,2026-01-23,2025-12-07,117,857,47,3,2023,Other,2023-02-10,2023-03-28,46,1,LEC,2023-03-31,2023-05-01,31,172,2,1,0,0,1,0,0,0,0,0,0,,1,1,2,1,0,1,1400,0.524,87,3.05,adv_online,Online
SITE-02926,PROTO-A_ONCO,Spain,Europe,Oncology,III,NSCLC,Pharma,8,18,12,15,1,1,1,PI-014,5,3,4,1,4,171,1.6,2021-08-31,2021-12-26,2023-04-12,2023-05-31,117,472,-49,4,2021,EMA,2021-05-08,2021-08-11,95,1,LEC,2021-06-09,2021-07-21,42,200,3,1,1,1,0,0,0,0,0,0,0,,1,2,3,1,0,1,850,0.54,66,4.19,adv_email,Email
SITE-02927,PROTO-C_NEURO,Germany,Europe,Neurology,II,Alzheimer's,Academic,7,14,10,12,1,0,0,PI-011,2,3,2,1,3,157,1.4,2023-04-15,2023-06-26,2024-08-09,2024-06-07,72,410,63,2,2023,EMA,2022-12-15,2023-02-20,67,1,LEC,2023-01-22,2023-03-11,48,155,1,1,1,1,0,0,0,0,0,0,1,Patient registry outreach,2,2,4,1,0,1,1450,0.535,67,4.9,adv_email,Email
SITE-02928,PROTO-C_NEURO,USA,North America,Neurology,II,Alzheimer's,Academic,7,14,10,12,1,0,0,PI-007,20,1,2,1,3,20,1.5,2023-08-21,2023-08-24,2024-12-19,2025-01-03,3,483,-15,3,2023,FDA,2023-03-31,2023-06-25,86,0,IRB,2023-04-24,2023-07-18,85,122,4,1,1,1,0,0,0,0,0,0,0,,1,2,3,1,0,1,850,0.516,11,0.68,adv_email,Email
SITE-02929,PROTO-C_NEURO,UK,Europe,Neurology,II,Alzheimer's,Academic,7,14,10,12,1,0,0,PI-009,4,6,4,1,1,98,2.0,2022-04-10,2022-07-31,2024-03-20,2024-02-20,112,598,29,3,2022,MHRA,2021-12-09,2022-01-17,39,1,LEC,2022-01-13,2022-03-22,68,199,3,1,1,0,0,1,0,0,0,0,0,,0,3,3,0,1,0,650,0.67,57,2.86,adv_newsletter,Newsletter
SITE-02930,PROTO-A_ONCO,Germany,Europe,Oncology,III,NSCLC,Pharma,8,18,12,15,1,1,1,PI-007,7,6,4,1,2,159,1.2,2022-08-04,2022-10-13,2023-09-15,2023-09-13,70,337,2,4,2022,EMA,2022-02-06,2022-05-18,101,1,CEC,2022-03-09,2022-07-08,121,218,1,1,1,1,0,0,0,0,0,1,0,,2,2,4,1,0,1,1250,0.521,88,7.83,adv_email,Email
SITE-02931,PROTO-A_ONCO,Poland,Europe,Oncology,III,NSCLC,Pharma,8,18,12,15,1,1,1,PI-011,3,0,3,1,4,217,3.0,2021-02-26,2021-04-24,2024-01-11,2023-12-23,57,992,19,2,2021,EMA,2020-11-09,2021-01-08,60,1,LEC,2020-12-21,2021-01-19,29,124,2,1,1,0,0,0,0,0,0,0,0,,0,2,2,0,1,0,350,0.588,80,2.42,adv_poster,Poster
SITE-02932,PROTO-A_ONCO,UK,Europe,Oncology,III,NSCLC,Pharma,8,18,12,15,1,1,1,PI-009,19,1,4,1,6,144,1.7,2021-04-18,2021-05-28,2022-11-25,2022-11-09,40,546,16,2,2021,MHRA,2020-11-25,2021-03-23,118,1,LEC,2021-01-22,2021-03-18,55,126,2,1,1,0,0,0,0,0,0,1,0,,1,2,3,1,0,0,750,0.651,52,2.86,adv_community_presentation,Community
SITE-02933,PROTO-A_ONCO,Poland,Europe,Oncology,III,NSCLC,Pharma,8,18,12,15,1,1,1,PI-021,23,2,4,1,8,118,2.0,2023-05-02,2023-10-11,2025-07-08,2025-05-22,162,636,47,4,2023,EMA,2022-12-27,2023-06-22,177,1,CEC,2023-01-11,2023-03-24,72,273,2,1,0,1,1,0,0,0,0,0,0,,2,1,3,1,0,1,1900,0.539,52,2.45,adv_email,Email
SITE-02934,PROTO-B_CARDIO,Germany,Europe,Cardiology,II,Heart Failure,Biotech,5,9,8,10,0,1,1,PI-029,21,5,5,1,6,1142,3.5,2021-05-20,2021-07-07,2024-09-30,2024-09-22,48,1181,8,3,2021,EMA,2020-11-27,2021-04-25,149,1,CEC,2020-12-19,2021-04-14,116,200,1,1,0,0,0,0,1,0,0,1,0,,1,2,3,1,0,0,1400,0.376,400,10.16,adv_community_presentation,Community
SITE-02935,PROTO-A_ONCO,Canada,North America,Oncology,III,NSCLC,Pharma,8,18,12,15,1,1,1,PI-026,6,1,1,1,4,162,2.5,2022-12-06,2023-03-09,2025-08-06,2025-06-02,93,881,65,1,2023,Other,2022-08-15,2023-01-22,160,0,IRB,2022-10-05,2022-11-14,40,155,2,0,1,0,1,1,0,0,0,0,0,,1,2,3,1,0,1,1650,0.606,52,1.77,adv_online,Online
SITE-02936,PROTO-C_NEURO,Poland,Europe,Neurology,II,Alzheimer's,Academic,7,14,10,12,1,0,0,PI-024,8,1,4,1,8,85,1.3,2021-06-03,2021-07-30,2022-09-20,2022-09-27,57,417,-7,3,2021,EMA,2021-01-26,2021-04-22,86,1,LEC,2021-03-19,2021-05-07,49,133,1,1,0,1,0,1,0,1,0,1,0,,2,3,5,1,0,1,2900,0.548,18,1.29,adv_community_presentation,Community
SITE-02937,PROTO-C_NEURO,India,Asia,Neurology,II,Alzheimer's,Academic,7,14,10,12,1,0,0,PI-029,11,6,2,1,4,157,1.2,2023-03-22,2023-11-08,2024-09-26,2024-11-18,231,323,-53,4,2023,Other,2023-01-06,2023-06-20,165,1,LEC,2023-01-22,2023-02-27,36,290,4,1,1,0,0,0,0,0,0,0,0,,0,2,2,0,1,0,350,0.579,54,5.02,adv_poster,Poster
SITE-02938,PROTO-B_CARDIO,India,Asia,Cardiology,II,Heart Failure,Biotech,5,9,8,10,0,1,1,PI-005,24,3,3,1,10,1234,3.8,2021-05-18,2021-08-18,2025-03-04,2025-03-28,92,1294,-24,3,2021,Other,2021-02-07,2021-04-21,73,1,LEC,2021-04-02,2021-05-07,35,138,1,1,0,0,1,1,0,0,0,0,0,,1,2,3,1,0,1,1700,0.372,400,9.27,adv_online,Online
SITE-02939,PROTO-C_NEURO,UK,Europe,Neurology,II,Alzheimer's,Academic,7,14,10,12,1,0,0,PI-026,19,2,3,1,4,89,3.2,2021-04-23,2021-06-11,2024-05-16,2024-04-13,49,1070,33,2,2021,MHRA,2020-11-15,2020-12-21,36,1,CEC,2020-12-08,2021-02-14,68,185,1,1,1,1,1,0,0,0,0,0,0,,2,2,4,1,0,1,2050,0.513,84,2.36,adv_email,Email
SITE-02940,PROTO-B_CARDIO,Brazil,LATAM,Cardiology,II,Heart Failure,Biotech,5,9,8,10,0,1,1,PI-017,22,2,2,1,5,855,3.0,2022-11-21,2023-04-29,2026-01-31,2026-02-07,159,1008,-7,2,2023,Other,2022-09-07,2023-01-10,125,1,LEC,2022-09-19,2022-11-09,51,222,2,1,0,0,1,1,0,0,0,0,0,,1,2,3,1,0,1,1700,0.445,400,11.9,adv_online,Online
SITE-02941,PROTO-B_CARDIO,UK,Europe,Cardiology,II,Heart Failure,Biotech,5,9,8,10,0,1,1,PI-004,18,4,5,1,8,1185,1.6,2021-03-14,2021-05-19,2022-09-29,2022-09-23,66,498,6,2,2021,MHRA,2020-11-01,2021-02-17,108,1,LEC,2020-11-24,2021-01-29,66,176,1,1,1,1,1,0,1,0,0,1,1,Patient registry outreach,4,3,7,1,0,1,3850,0.422,400,24.1,adv_email,Email
SITE-02942,PROTO-A_ONCO,Canada,North America,Oncology,III,NSCLC,Pharma,8,18,12,15,1,1,1,PI-027,9,3,4,0,2,188,3.8,2021-03-07,2021-06-16,2025-03-13,2025-04-01,101,1366,-19,2,2021,Other,2020-11-01,2021-04-28,178,0,IRB,2020-12-30,2021-02-07,39,168,1,1,0,0,0,0,0,0,0,0,0,,0,1,1,0,1,0,200,0.519,183,4.02,adv_poster,Poster
SITE-02943,PROTO-C_NEURO,Spain,Europe,Neurology,II,Alzheimer's,Academic,7,14,10,12,1,0,0,PI-028,11,1,3,1,6,86,2.0,2023-08-01,2023-11-26,2025-09-10,2025-10-02,117,654,-22,4,2023,EMA,2023-06-12,2023-08-23,72,1,LEC,2023-06-27,2023-07-17,20,152,1,1,0,1,0,0,0,0,0,0,0,,1,1,2,1,0,1,700,0.659,28,1.28,adv_email,Email
SITE-02944,PROTO-A_ONCO,USA,North America,Oncology,III,NSCLC,Pharma,8,18,12,15,1,1,1,PI-019,5,1,2,1,6,97,2.8,2022-03-29,2022-09-11,2025-05-25,2025-03-30,166,987,56,3,2022,FDA,2022-01-03,2022-06-25,173,0,IRB,2022-01-21,2022-03-03,41,233,3,1,1,0,0,0,0,0,0,0,0,,0,2,2,0,1,0,350,0.582,27,0.82,adv_poster,Poster
SITE-02945,PROTO-A_ONCO,Spain,Europe,Oncology,III,NSCLC,Pharma,8,18,12,15,1,1,1,PI-016,14,0,5,1,6,183,1.8,2022-08-03,2022-11-03,2024-05-06,2024-06-26,92,550,-51,4,2022,EMA,2022-01-25,2022-07-15,171,1,CEC,2022-03-18,2022-05-28,71,230,1,0,1,0,0,0,1,1,0,1,0,,1,3,4,1,0,0,2850,0.509,76,4.15,adv_community_presentation,Community
SITE-02946,PROTO-B_CARDIO,Japan,Asia,Cardiology,II,Heart Failure,Biotech,5,9,8,10,0,1,1,PI-021,23,3,3,0,3,823,2.1,2023-05-07,2023-05-18,2025-03-08,2025-03-07,11,660,1,2,2023,PMDA,2022-07-30,2022-10-07,69,1,CEC,2022-09-27,2023-02-07,133,233,1,0,0,1,1,0,0,0,0,0,0,,2,0,2,1,0,1,1700,0.457,400,18.18,adv_email,Email
SITE-02947,PROTO-A_ONCO,USA,North America,Oncology,III,NSCLC,Pharma,8,18,12,15,1,1,1,PI-013,17,4,4,1,2,115,2.7,2023-06-23,2023-08-27,2026-04-13,2026-04-30,65,960,-17,3,2023,FDA,2023-02-11,2023-07-02,141,0,IRB,2023-03-11,2023-05-25,75,169,0,0,1,1,0,0,0,0,0,0,0,,1,1,2,1,0,1,650,0.539,141,4.41,adv_email,Email
SITE-02948,PROTO-A_ONCO,Australia,APAC,Oncology,III,NSCLC,Pharma,8,18,12,15,1,1,1,PI-023,9,2,2,1,6,222,1.7,2021-04-18,2021-04-29,2022-11-02,2022-12-01,11,552,-29,2,2021,Other,2020-12-24,2021-01-30,37,1,LEC,2021-01-16,2021-03-13,56,103,4,1,1,0,0,1,0,0,0,0,0,,0,3,3,0,1,0,650,0.637,50,2.72,adv_newsletter,Newsletter
SITE-02949,PROTO-A_ONCO,India,Asia,Oncology,III,NSCLC,Pharma,8,18,12,15,1,1,1,PI-016,18,5,1,1,7,172,3.1,2023-07-31,2024-02-27,2026-12-14,2026-11-05,211,1021,39,1,2024,Other,2023-05-03,2023-10-25,175,1,LEC,2023-05-13,2023-07-20,68,290,2,1,0,0,0,0,0,0,0,1,0,,1,1,2,1,0,0,600,0.606,81,2.38,adv_community_presentation,Community
SITE-02950,PROTO-B_CARDIO,USA,North America,Cardiology,II,Heart Failure,Biotech,5,9,8,10,0,1,1,PI-013,21,1,1,1,2,888,3.5,2021-05-31,2021-06-06,2024-11-06,2024-11-21,6,1249,-15,2,2021,FDA,2020-12-21,2021-05-03,133,0,IRB,2021-01-28,2021-04-06,68,129,1,1,1,1,1,0,1,0,0,1,0,,3,3,6,1,0,1,3250,0.387,400,9.61,adv_email,Email
SITE-02951,PROTO-B_CARDIO,Poland,Europe,Cardiology,II,Heart Failure,Biotech,5,9,8,10,0,1,1,PI-025,4,6,4,1,1,949,2.6,2021-12-23,2022-03-02,2024-07-24,2024-06-26,69,875,28,1,2022,EMA,2021-09-30,2021-11-07,38,1,LEC,2021-10-14,2021-11-29,46,139,1,1,0,1,1,1,0,0,0,0,0,,2,2,4,1,0,1,2200,0.491,400,13.71,adv_email,Email
SITE-02952,PROTO-A_ONCO,Japan,Asia,Oncology,III,NSCLC,Pharma,8,18,12,15,1,1,1,PI-021,21,3,3,1,3,136,2.1,2023-09-08,2023-10-13,2025-07-15,2025-05-10,35,641,66,4,2023,PMDA,2023-01-06,2023-05-22,136,1,CEC,2023-02-20,2023-06-14,114,235,4,0,1,0,0,0,1,0,0,0,0,,0,2,2,0,1,0,950,0.526,98,4.59,adv_pamphlet,Pamphlet
SITE-02953,PROTO-B_CARDIO,Poland,Europe,Cardiology,II,Heart Failure,Biotech,5,9,8,10,0,1,1,PI-024,22,7,5,1,2,1079,1.8,2021-03-12,2021-07-21,2023-02-16,2022-12-15,131,575,63,3,2021,EMA,2020-11-13,2021-04-27,165,1,LEC,2021-01-01,2021-02-27,57,201,1,1,0,1,1,0,0,1,0,0,0,,2,2,4,1,0,1,3400,0.36,400,20.87,adv_email,Email
SITE-02954,PROTO-A_ONCO,USA,North America,Oncology,III,NSCLC,Pharma,8,18,12,15,1,1,1,PI-009,19,3,2,1,1,122,4.0,2021-04-15,2021-04-02,2025-03-02,2025-03-04,-13,1430,-2,2,2021,FDA,2020-12-18,2021-02-17,61,0,IRB,2021-01-07,2021-03-04,56,85,2,0,1,0,0,0,0,0,0,1,0,,1,1,2,1,0,0,550,0.541,195,4.09,adv_community_presentation,Community
SITE-02955,PROTO-B_CARDIO,USA,North America,Cardiology,II,Heart Failure,Biotech,5,9,8,10,0,1,1,PI-009,22,1,4,1,4,871,2.2,2022-08-14,2022-06-01,2024-07-01,2024-08-24,-74,761,-54,2,2022,FDA,2021-12-18,2022-05-10,143,0,CEC,2022-01-31,2022-05-19,108,121,1,0,1,1,1,0,0,0,0,0,0,,2,1,3,1,0,1,1850,0.434,400,15.77,adv_email,Email
SITE-02956,PROTO-C_NEURO,Australia,APAC,Neurology,II,Alzheimer's,Academic,7,14,10,12,1,0,0,PI-020,21,2,5,1,2,122,3.0,2022-04-26,2022-07-09,2025-04-23,2025-06-02,74,1019,-40,3,2022,Other,2022-02-09,2022-04-17,67,1,LEC,2022-02-24,2022-03-25,29,135,2,1,0,0,1,1,1,0,0,0,0,,1,3,4,1,0,1,2500,0.636,129,3.8,adv_online,Online
SITE-02957,PROTO-B_CARDIO,USA,North America,Cardiology,II,Heart Failure,Biotech,5,9,8,10,0,1,1,PI-029,6,4,1,1,5,1266,1.2,2021-08-14,2021-12-13,2023-02-04,2022-12-13,121,418,53,4,2021,FDA,2021-04-24,2021-10-19,178,0,IRB,2021-06-05,2021-07-09,34,191,1,0,1,0,1,0,0,0,0,0,0,,1,1,2,1,0,1,1350,0.312,400,28.71,adv_online,Online
SITE-02958,PROTO-C_NEURO,Poland,Europe,Neurology,II,Alzheimer's,Academic,7,14,10,12,1,0,0,PI-013,17,4,3,1,2,141,3.7,2022-07-03,2022-08-30,2026-02-23,2026-02-22,58,1273,1,3,2022,EMA,2022-03-30,2022-06-07,69,1,LEC,2022-05-07,2022-06-02,26,115,0,0,1,1,0,0,0,0,0,0,0,,1,1,2,1,0,1,650,0.491,265,6.25,adv_email,Email
SITE-02959,PROTO-B_CARDIO,USA,North America,Cardiology,II,Heart Failure,Biotech,5,9,8,10,0,1,1,PI-011,21,1,1,1,2,780,2.6,2022-09-04,2022-08-12,2025-02-19,2025-02-21,-23,922,-2,3,2022,FDA,2022-04-22,2022-06-24,63,0,IRB,2022-05-31,2022-07-23,53,73,2,1,1,0,1,0,0,0,0,1,1,Patient registry outreach,3,2,5,1,0,1,2550,0.504,400,13.02,adv_online,Online
SITE-02960,PROTO-B_CARDIO,USA,North America,Cardiology,II,Heart Failure,Biotech,5,9,8,10,0,1,1,PI-017,7,5,1,1,5,1092,3.5,2022-04-05,2022-04-09,2025-08-17,2025-07-22,4,1226,26,2,2022,FDA,2021-09-06,2022-02-27,174,0,CEC,2021-09-17,2022-02-05,141,204,1,1,1,0,0,0,0,0,0,1,0,,1,2,3,1,0,0,750,0.355,400,9.79,adv_community_presentation,Community
SITE-02961,PROTO-A_ONCO,Brazil,LATAM,Oncology,III,NSCLC,Pharma,8,18,12,15,1,1,1,PI-015,21,3,4,1,7,345,3.4,2022-05-01,2022-08-09,2025-09-26,2025-11-10,100,1144,-45,3,2022,Other,2021-12-28,2022-04-30,123,1,LEC,2022-01-18,2022-03-28,69,203,3,0,1,0,0,1,0,0,0,0,1,Patient registry outreach,1,2,3,1,0,0,1050,0.576,135,3.54,adv_other,Other
SITE-02962,PROTO-B_CARDIO,USA,North America,Cardiology,II,Heart Failure,Biotech,5,9,8,10,0,1,1,PI-019,2,3,4,1,3,794,2.8,2021-01-27,2021-01-13,2023-09-25,2023-11-30,-14,985,-66,1,2021,FDA,2020-08-05,2020-09-21,47,0,IRB,2020-09-07,2020-12-06,90,128,2,1,0,1,1,0,0,0,0,1,0,,3,1,4,1,0,1,2300,0.398,400,12.18,adv_email,Email
SITE-02963,PROTO-C_NEURO,Germany,Europe,Neurology,II,Alzheimer's,Academic,7,14,10,12,1,0,0,PI-028,5,6,5,1,4,80,3.8,2021-01-22,2021-03-27,2024-09-13,2024-10-08,64,1266,-25,1,2021,EMA,2020-07-21,2020-10-19,90,1,CEC,2020-09-09,2020-12-11,93,199,2,1,1,0,1,0,0,1,0,0,0,,1,3,4,1,0,1,3050,0.506,72,1.71,adv_online,Online
SITE-02964,PROTO-B_CARDIO,Spain,Europe,Cardiology,II,Heart Failure,Biotech,5,9,8,10,0,1,1,PI-017,5,3,3,1,5,852,1.5,2022-01-08,2022-04-08,2023-07-27,2023-07-13,90,475,14,2,2022,EMA,2021-10-04,2022-01-14,102,1,LEC,2021-10-27,2021-12-06,40,163,0,0,1,0,1,0,0,1,0,1,0,,2,2,4,1,0,1,3250,0.383,397,25.07,adv_online,Online
SITE-02965,PROTO-B_CARDIO,Germany,Europe,Cardiology,II,Heart Failure,Biotech,5,9,8,10,0,1,1,PI-005,22,1,1,1,4,999,3.8,2021-02-11,2021-03-02,2024-09-09,2024-08-01,19,1287,39,1,2021,EMA,2020-08-28,2020-10-22,55,1,CEC,2020-09-26,2020-12-08,73,157,2,1,0,1,1,0,1,0,0,1,0,,3,2,5,1,0,1,3100,0.406,400,9.32,adv_email,Email
SITE-02966,PROTO-A_ONCO,UK,Europe,Oncology,III,NSCLC,Pharma,8,18,12,15,1,1,1,PI-003,6,1,1,1,3,37,1.8,2021-07-19,2021-12-11,2023-06-28,2023-05-29,145,564,30,4,2021,MHRA,2021-04-15,2021-08-14,121,1,LEC,2021-05-05,2021-06-11,37,220,1,1,1,1,0,1,0,0,0,0,0,,1,3,4,1,0,1,1150,0.687,12,0.64,adv_email,Email
SITE-02967,PROTO-C_NEURO,Canada,North America,Neurology,II,Alzheimer's,Academic,7,14,10,12,1,0,0,PI-004,13,4,1,1,2,120,1.7,2021-02-16,2021-03-05,2022-10-10,2022-09-11,17,584,29,1,2021,Other,2020-09-01,2020-12-04,94,0,IRB,2020-10-25,2021-01-15,82,131,1,1,1,1,0,0,0,0,0,1,0,,2,2,4,1,0,1,1250,0.557,68,3.49,adv_community_presentation,Community
SITE-02968,PROTO-C_NEURO,Brazil,LATAM,Neurology,II,Alzheimer's,Academic,7,14,10,12,1,0,0,PI-027,22,0,3,1,2,93,2.3,2023-02-21,2023-07-07,2025-08-10,2025-09-01,136,765,-22,3,2023,Other,2022-12-13,2023-04-24,132,1,LEC,2023-01-15,2023-02-08,24,173,3,1,1,0,0,0,0,0,0,1,0,,1,2,3,1,0,0,750,0.509,94,3.69,adv_community_presentation,Community
SITE-02969,PROTO-B_CARDIO,Spain,Europe,Cardiology,II,Heart Failure,Biotech,5,9,8,10,0,1,1,PI-028,24,4,4,1,1,944,1.3,2022-03-13,2022-07-11,2023-07-09,2023-08-27,120,363,-49,3,2022,EMA,2021-11-26,2022-03-20,114,1,LEC,2021-12-20,2022-01-31,42,203,3,0,1,1,0,0,0,0,0,0,0,,1,1,2,1,0,1,650,0.336,400,33.06,adv_email,Email
SITE-02970,PROTO-A_ONCO,USA,North America,Oncology,III,NSCLC,Pharma,8,18,12,15,1,1,1,PI-026,4,2,5,1,3,207,1.8,2022-03-17,2022-04-03,2023-12-14,2024-01-27,17,620,-44,2,2022,FDA,2021-11-08,2021-12-15,37,0,IRB,2021-12-21,2022-02-18,59,103,2,1,0,0,0,1,0,1,0,1,1,Patient registry outreach,2,3,5,1,0,0,3000,0.557,95,4.6,adv_community_presentation,Community
SITE-02971,PROTO-B_CARDIO,UK,Europe,Cardiology,II,Heart Failure,Biotech,5,9,8,10,0,1,1,PI-023,11,4,4,0,5,1080,2.1,2022-02-01,2022-05-20,2024-03-13,2024-05-23,108,663,-71,2,2022,MHRA,2021-10-15,2022-01-04,81,1,LEC,2021-11-17,2022-01-07,51,184,0,1,1,1,1,1,0,0,0,1,0,,3,3,6,1,0,1,2750,0.422,400,18.1,adv_email,Email
SITE-02972,PROTO-C_NEURO,Spain,Europe,Neurology,II,Alzheimer's,Academic,7,14,10,12,1,0,0,PI-002,18,5,2,1,2,55,3.4,2021-07-17,2022-01-11,2025-03-10,2025-01-28,178,1154,41,1,2022,EMA,2021-04-16,2021-09-03,140,1,LEC,2021-06-02,2021-06-23,21,223,2,0,1,1,0,0,0,0,0,0,1,Patient registry outreach,2,1,3,1,0,1,1250,0.579,67,1.74,adv_email,Email
SITE-02973,PROTO-C_NEURO,Poland,Europe,Neurology,II,Alzheimer's,Academic,7,14,10,12,1,0,0,PI-024,21,4,5,1,1,94,2.6,2022-02-28,2022-09-05,2025-01-08,2024-12-22,189,856,17,3,2022,EMA,2021-11-18,2022-05-06,169,1,LEC,2021-12-21,2022-01-16,26,258,3,1,1,1,0,0,0,0,0,1,0,,2,2,4,1,0,1,1250,0.605,133,4.66,adv_community_presentation,Community
SITE-02974,PROTO-A_ONCO,USA,North America,Oncology,III,NSCLC,Pharma,8,18,12,15,1,1,1,PI-024,3,5,2,1,2,109,3.1,2021-07-31,2021-09-27,2024-10-15,2024-10-03,58,1114,12,3,2021,FDA,2021-04-20,2021-07-14,85,0,IRB,2021-05-30,2021-06-30,31,120,1,1,1,0,0,0,1,0,0,0,0,,0,3,3,0,1,0,1150,0.662,57,1.54,adv_poster,Poster
SITE-02975,PROTO-A_ONCO,Australia,APAC,Oncology,III,NSCLC,Pharma,8,18,12,15,1,1,1,PI-017,8,3,3,1,4,110,1.2,2021-08-06,2021-12-10,2022-11-19,2022-10-19,126,344,31,4,2021,Other,2021-06-09,2021-09-07,90,1,LEC,2021-07-04,2021-07-25,21,159,1,1,1,1,0,0,0,0,0,0,0,,1,2,3,1,0,1,850,0.572,34,2.97,adv_email,Email
SITE-02976,PROTO-A_ONCO,Germany,Europe,Oncology,III,NSCLC,Pharma,8,18,12,15,1,1,1,PI-015,14,0,3,1,2,127,3.4,2021-03-10,2021-04-05,2024-05-30,2024-06-07,26,1151,-8,2,2021,EMA,2020-09-01,2020-12-11,101,1,CEC,2020-09-22,2021-01-26,126,195,2,1,0,0,0,0,0,0,0,1,1,Patient registry outreach,2,1,3,1,0,0,1200,0.651,99,2.58,adv_community_presentation,Community
SITE-02977,PROTO-B_CARDIO,USA,North America,Cardiology,II,Heart Failure,Biotech,5,9,8,10,0,1,1,PI-023,13,4,2,1,7,1064,2.2,2022-04-01,2022-04-03,2024-05-15,2024-06-09,2,773,-25,2,2022,FDA,2021-11-07,2022-02-03,88,0,IRB,2021-12-25,2022-03-17,82,99,1,0,1,1,1,0,0,0,0,0,0,,2,1,3,1,0,1,1850,0.398,400,15.52,adv_email,Email
SITE-02978,PROTO-B_CARDIO,Japan,Asia,Cardiology,II,Heart Failure,Biotech,5,9,8,10,0,1,1,PI-013,7,3,4,1,8,824,2.2,2022-02-09,2022-07-04,2024-04-28,2024-03-19,145,664,40,3,2022,PMDA,2021-10-18,2022-01-27,101,1,LEC,2021-11-11,2022-01-09,59,235,4,1,1,0,1,0,0,0,0,1,0,,2,2,4,1,0,1,1950,0.45,384,17.35,adv_online,Online
SITE-02979,PROTO-A_ONCO,UK,Europe,Oncology,III,NSCLC,Pharma,8,18,12,15,1,1,1,PI-013,5,4,4,1,5,120,1.7,2023-08-16,2023-10-28,2025-02-18,2025-03-26,73,479,-36,4,2023,MHRA,2023-02-08,2023-07-08,150,1,CEC,2023-02-18,2023-06-23,125,252,2,1,0,0,0,0,0,0,0,0,0,,0,1,1,0,1,0,200,0.573,33,2.07,adv_poster,Poster
SITE-02980,PROTO-B_CARDIO,Germany,Europe,Cardiology,II,Heart Failure,Biotech,5,9,8,10,0,1,1,PI-011,22,5,1,1,5,870,3.3,2022-02-03,2022-05-24,2025-06-10,2025-05-26,110,1113,15,2,2022,EMA,2021-10-06,2021-12-01,56,1,LEC,2021-11-19,2022-01-19,61,186,0,0,1,1,0,0,0,0,0,0,0,,1,1,2,1,0,1,650,0.407,400,10.78,adv_email,Email
SITE-02981,PROTO-A_ONCO,USA,North America,Oncology,III,NSCLC,Pharma,8,18,12,15,1,1,1,PI-021,2,2,2,1,1,84,2.5,2021-10-11,2021-11-20,2024-04-15,2024-05-17,40,877,-32,4,2021,FDA,2021-04-29,2021-10-11,165,0,IRB,2021-06-13,2021-08-16,64,160,2,1,0,0,1,1,0,0,0,1,0,,2,2,4,1,0,1,2100,0.656,45,1.54,adv_community_presentation,Community
SITE-02982,PROTO-B_CARDIO,USA,North America,Cardiology,II,Heart Failure,Biotech,5,9,8,10,0,1,1,PI-015,8,4,4,1,5,845,2.3,2022-11-28,2023-01-16,2025-03-31,2025-03-31,49,805,0,1,2023,FDA,2022-06-30,2022-12-19,172,0,IRB,2022-07-30,2022-10-15,77,170,1,1,0,1,0,0,0,0,0,0,1,Patient registry outreach,2,1,3,1,0,1,1300,0.382,400,14.91,adv_email,Email
SITE-02983,PROTO-C_NEURO,Germany,Europe,Neurology,II,Alzheimer's,Academic,7,14,10,12,1,0,0,PI-017,9,4,2,1,1,100,1.0,2022-05-10,2022-05-26,2023-03-13,2023-04-25,16,291,-43,2,2022,EMA,2021-08-28,2021-11-13,77,1,CEC,2021-10-07,2022-02-13,129,231,0,1,1,1,1,0,0,0,0,1,0,,3,2,5,1,0,1,2450,0.509,78,8.04,adv_community_presentation,Community
SITE-02984,PROTO-A_ONCO,Spain,Europe,Oncology,III,NSCLC,Pharma,8,18,12,15,1,1,1,PI-010,15,1,3,1,5,153,3.8,2021-01-13,2021-04-07,2024-10-18,2024-10-19,84,1290,-1,2,2021,EMA,2020-07-25,2020-10-11,78,1,CEC,2020-09-20,2020-12-16,87,199,0,1,1,0,0,0,0,0,0,0,0,,0,2,2,0,1,0,350,0.576,90,2.09,adv_poster,Poster
SITE-02985,PROTO-C_NEURO,Japan,Asia,Neurology,II,Alzheimer's,Academic,7,14,10,12,1,0,0,PI-029,3,1,1,1,5,96,3.6,2022-05-25,2022-08-11,2025-11-27,2025-12-25,78,1204,-28,3,2022,PMDA,2021-10-28,2021-12-14,47,1,CEC,2021-12-25,2022-03-31,96,229,2,1,0,0,0,0,1,0,0,0,0,,0,2,2,0,1,0,1000,0.492,46,1.15,adv_poster,Poster
SITE-02986,PROTO-A_ONCO,India,Asia,Oncology,III,NSCLC,Pharma,8,18,12,15,1,1,1,PI-022,3,2,2,1,3,190,2.8,2021-09-03,2021-10-13,2024-06-02,2024-06-13,40,963,-11,4,2021,Other,2021-05-12,2021-07-03,52,1,LEC,2021-07-03,2021-07-25,22,102,0,1,1,1,1,1,0,0,0,0,0,,2,3,5,1,0,1,2350,0.557,88,2.74,adv_email,Email
SITE-02987,PROTO-A_ONCO,USA,North America,Oncology,III,NSCLC,Pharma,8,18,12,15,1,1,1,PI-022,12,3,3,1,5,109,2.6,2022-01-05,2022-01-21,2024-07-20,2024-07-12,16,911,8,1,2022,FDA,2021-07-23,2021-11-22,122,0,IRB,2021-08-20,2021-11-07,79,154,3,1,1,1,0,0,0,0,0,0,0,,1,2,3,1,0,1,850,0.609,55,1.81,adv_email,Email
SITE-02988,PROTO-B_CARDIO,Australia,APAC,Cardiology,II,Heart Failure,Biotech,5,9,8,10,0,1,1,PI-027,8,1,3,1,3,1000,3.2,2023-01-22,2023-04-11,2026-04-13,2026-03-31,79,1098,13,2,2023,Other,2022-09-26,2022-12-25,90,1,LEC,2022-11-21,2023-01-09,49,141,3,1,1,1,1,0,1,0,0,1,0,,3,3,6,1,0,1,3250,0.401,400,10.93,adv_email,Email
SITE-02989,PROTO-B_CARDIO,UK,Europe,Cardiology,II,Heart Failure,Biotech,5,9,8,10,0,1,1,PI-013,23,1,2,1,6,814,2.3,2023-06-30,2023-07-20,2025-06-24,2025-05-31,20,705,24,3,2023,MHRA,2022-11-17,2023-04-05,139,1,CEC,2022-12-08,2023-04-22,135,224,1,1,1,1,1,0,0,0,0,1,0,,3,2,5,1,0,1,2450,0.473,400,17.02,adv_email,Email
SITE-02990,PROTO-B_CARDIO,Poland,Europe,Cardiology,II,Heart Failure,Biotech,5,9,8,10,0,1,1,PI-011,2,2,5,1,1,1110,1.9,2022-11-19,2023-02-15,2024-10-21,2024-10-23,88,614,-2,1,2023,EMA,2022-08-02,2022-11-21,111,1,LEC,2022-09-25,2022-11-03,39,143,1,1,1,1,1,1,0,1,0,0,0,,2,4,6,1,0,1,3850,0.424,400,19.54,adv_email,Email
SITE-02991,PROTO-B_CARDIO,UK,Europe,Cardiology,II,Heart Failure,Biotech,5,9,8,10,0,1,1,PI-018,2,3,5,1,4,1053,3.6,2021-06-13,2021-11-05,2025-03-19,2025-03-27,145,1230,-8,4,2021,MHRA,2021-03-14,2021-07-06,114,1,LEC,2021-04-06,2021-05-25,49,213,4,1,0,0,0,0,0,0,0,0,0,,0,1,1,0,1,0,200,0.447,400,9.76,adv_poster,Poster
SITE-02992,PROTO-C_NEURO,Japan,Asia,Neurology,II,Alzheimer's,Academic,7,14,10,12,1,0,0,PI-009,20,2,4,1,4,89,1.2,2022-02-27,2022-06-29,2023-06-19,2023-07-24,122,355,-35,2,2022,PMDA,2021-12-09,2022-03-02,83,1,LEC,2021-12-31,2022-02-14,45,180,2,0,0,1,1,1,0,0,0,0,0,,2,1,3,1,0,1,2000,0.503,53,4.48,adv_email,Email
SITE-02993,PROTO-A_ONCO,USA,North America,Oncology,III,NSCLC,Pharma,8,18,12,15,1,1,1,PI-027,14,4,5,1,2,110,1.8,2022-07-27,2022-07-17,2024-04-07,2024-03-28,-10,630,10,3,2022,FDA,2022-04-02,2022-06-09,68,0,CEC,2022-04-22,2022-06-07,46,86,3,1,1,1,1,0,0,0,0,0,0,,2,2,4,1,0,1,2050,0.524,104,4.95,adv_email,Email
SITE-02994,PROTO-A_ONCO,Germany,Europe,Oncology,III,NSCLC,Pharma,8,18,12,15,1,1,1,PI-015,22,2,4,1,3,149,3.3,2023-08-17,2023-10-13,2026-11-10,2026-10-13,57,1124,28,4,2023,EMA,2023-03-24,2023-06-18,86,1,CEC,2023-04-14,2023-06-03,50,182,0,1,1,1,0,1,0,0,0,0,0,,1,3,4,1,0,1,1150,0.615,123,3.28,adv_email,Email
SITE-02995,PROTO-C_NEURO,Canada,North America,Neurology,II,Alzheimer's,Academic,7,14,10,12,1,0,0,PI-009,18,5,4,1,2,177,3.6,2021-04-10,2021-03-28,2024-09-17,2024-09-29,-13,1269,-12,1,2021,Other,2020-09-18,2020-11-11,54,0,CEC,2020-10-29,2021-02-27,121,150,1,1,1,1,1,1,1,0,0,0,0,,2,4,6,1,0,1,3150,0.5,300,7.09,adv_email,Email
SITE-02996,PROTO-A_ONCO,Germany,Europe,Oncology,III,NSCLC,Pharma,8,18,12,15,1,1,1,PI-013,24,2,5,1,5,52,3.1,2021-05-30,2021-08-12,2024-06-25,2024-06-19,74,1048,6,3,2021,EMA,2021-01-20,2021-05-09,109,1,CEC,2021-03-03,2021-04-25,53,162,1,1,1,0,1,1,0,0,0,1,0,,2,3,5,1,0,1,2250,0.62,38,1.09,adv_community_presentation,Community
SITE-02997,PROTO-C_NEURO,USA,North America,Neurology,II,Alzheimer's,Academic,7,14,10,12,1,0,0,PI-027,19,1,3,1,2,89,2.2,2021-07-26,2021-08-19,2023-09-29,2023-09-13,24,771,16,3,2021,FDA,2021-02-02,2021-06-19,137,0,IRB,2021-03-09,2021-06-06,89,163,1,1,0,0,0,1,0,0,0,0,0,,0,2,2,0,1,0,500,0.504,62,2.41,adv_newsletter,Newsletter
SITE-02998,PROTO-A_ONCO,USA,North America,Oncology,III,NSCLC,Pharma,8,18,12,15,1,1,1,PI-017,20,4,1,1,8,36,2.2,2021-07-27,2021-07-20,2023-08-31,2023-09-20,-7,772,-20,3,2021,FDA,2021-02-05,2021-06-07,122,0,IRB,2021-03-06,2021-06-08,94,136,0,1,1,1,0,0,1,0,1,0,0,,1,4,5,1,0,1,6650,0.627,15,0.58,adv_email,Email
SITE-02999,PROTO-A_ONCO,Japan,Asia,Oncology,III,NSCLC,Pharma,8,18,12,15,1,1,1,PI-028,13,3,5,1,4,110,2.1,2021-07-12,2021-09-18,2023-08-05,2023-09-04,68,686,-30,3,2021,PMDA,2021-01-31,2021-06-06,126,1,CEC,2021-02-22,2021-04-24,61,208,1,1,1,0,1,0,0,1,0,0,0,,1,3,4,1,0,1,3050,0.559,51,2.23,adv_online,Online
