Height,Weight,BMI,Gender,Age,SMOKE,MTRANS,family_history_with_overweight,SCC,FAVC_z,FCVC_minmax,NCP_z,CAEC_minmax,CH2O_minmax,FAF_minmax,TUE_z,CALC_z,Age_bin_minmax,NObeyesdad
1.62,64.0,24.38652644413961,Male,33.5,0,Automobile,1,0,2.766875794059256,0.5,0.4047042434982205,0.3333333333333333,0.5,0.0,0.5509853432240501,1.4390326375720084,0.25,1
1.52,56.0,24.238227146814403,Female,33.5,0,Bike,1,1,2.766875794059256,1.0,0.4047042434982205,0.3333333333333333,1.0,1.0,1.0927237550684654,0.5165517806528838,0.25,1
1.8,77.0,23.76543209876543,Female,49.0,1,Public_Transport,1,0,2.766875794059256,0.5,0.4047042434982205,0.3333333333333333,0.5,0.6666666666666666,0.5509853432240501,2.472136198877776,0.5,1
1.8,87.0,26.85185185185185,Female,64.5,0,Walking,0,0,2.766875794059256,1.0,0.4047042434982205,0.3333333333333333,0.5,0.6666666666666666,1.0927237550684654,2.472136198877776,0.75,2
1.78,89.8,28.34238101249842,Male,49.0,0,Public_Transport,0,0,2.766875794059256,0.5,2.1641155666736696,0.3333333333333333,0.5,0.0,1.0927237550684654,0.5165517806528838,0.5,3
1.62,53.0,20.195092211553114,Male,80.0,1,Bike,0,0,0.3614184641562495,0.5,0.4047042434982205,0.3333333333333333,0.5,0.0,1.0927237550684654,0.5165517806528838,1.0,1
1.5,55.0,24.444444444444443,Male,49.0,0,Public_Transport,1,0,0.3614184641562495,1.0,0.4047042434982205,0.3333333333333333,0.5,0.3333333333333333,1.0927237550684654,0.5165517806528838,0.5,1
1.64,53.0,19.705532421177875,Female,49.0,0,Automobile,0,0,2.766875794059256,0.5,0.4047042434982205,0.3333333333333333,0.5,1.0,1.0927237550684654,0.5165517806528838,0.5,1
1.78,64.0,20.199469763918696,Female,64.5,0,Automobile,1,0,0.3614184641562495,1.0,0.4047042434982205,0.3333333333333333,0.5,0.3333333333333333,0.5509853432240501,2.472136198877776,0.75,1
1.72,68.0,22.985397512168742,Female,49.0,0,Automobile,1,0,0.3614184641562495,0.5,0.4047042434982205,0.3333333333333333,0.5,0.3333333333333333,0.5509853432240501,1.4390326375720084,0.5,1
1.85,105.0,30.67932797662527,Male,64.5,0,Bike,1,0,0.3614184641562495,1.0,0.4047042434982205,0.6666666666666666,1.0,0.6666666666666666,2.1946944415165657,0.5165517806528838,0.75,4
1.72,80.0,27.041644131963228,Female,33.5,0,Bike,1,1,0.3614184641562495,0.5,0.4047042434982205,0.6666666666666666,0.5,0.6666666666666666,0.5509853432240501,0.5165517806528838,0.25,3
1.65,56.0,20.569329660238754,Female,49.0,0,Automobile,0,0,2.766875794059256,1.0,0.4047042434982205,0.3333333333333333,1.0,0.6666666666666666,1.0927237550684654,0.5165517806528838,0.5,1
1.8,99.0,30.555555555555554,Male,80.0,0,Automobile,0,0,0.3614184641562495,0.5,0.4047042434982205,0.3333333333333333,0.5,0.6666666666666666,0.5509853432240501,2.472136198877776,1.0,4
1.77,60.0,19.15158479364167,Male,49.0,1,Bike,1,0,0.3614184641562495,1.0,2.1641155666736696,0.3333333333333333,0.0,0.3333333333333333,0.5509853432240501,0.5165517806528838,0.5,1
1.7,66.0,22.837370242214536,Male,49.0,0,Automobile,1,1,2.766875794059256,1.0,0.4047042434982205,1.0,0.5,0.6666666666666666,0.5509853432240501,0.5165517806528838,0.5,1
1.93,102.0,27.383285457327716,Male,64.5,0,Bike,1,0,0.3614184641562495,0.5,2.1641155666736696,0.3333333333333333,0.0,0.3333333333333333,1.0927237550684654,0.5165517806528838,0.75,3
1.53,78.0,33.320517749583495,Female,80.0,0,Bike,0,0,0.3614184641562495,0.5,2.1641155666736696,0.3333333333333333,0.5,0.0,1.0927237550684654,1.4390326375720084,1.0,4
1.71,82.0,28.042816593139772,Male,80.0,0,Public_Transport,1,0,0.3614184641562495,1.0,1.6891141485841656,0.6666666666666666,0.0,0.0,1.0927237550684654,1.4390326375720084,1.0,3
1.65,70.0,25.71166207529844,Male,49.0,0,Public_Transport,1,0,2.766875794059256,0.5,2.1641155666736696,0.3333333333333333,0.5,0.0,1.0927237550684654,0.5165517806528838,0.5,2
1.65,80.0,29.384756657483933,Female,49.0,1,Walking,1,0,2.766875794059256,0.5,0.4047042434982205,0.3333333333333333,0.5,1.0,2.1946944415165657,1.4390326375720084,0.5,3
1.65,60.0,22.03856749311295,Male,49.0,1,Public_Transport,1,0,0.3614184641562495,1.0,0.4047042434982205,0.3333333333333333,0.5,0.3333333333333333,1.0927237550684654,0.5165517806528838,0.5,1
1.6,82.0,32.03124999999999,Male,49.0,0,Bike,1,0,0.3614184641562495,0.0,2.1641155666736696,0.3333333333333333,0.5,0.0,2.1946944415165657,0.5165517806528838,0.5,4
1.85,68.0,19.86851716581446,Male,33.5,1,Public_Transport,1,0,0.3614184641562495,0.5,0.4047042434982205,0.3333333333333333,0.5,0.0,0.5509853432240501,0.5165517806528838,0.25,1
1.6,50.0,19.531249999999996,Male,33.5,0,Bike,1,0,2.766875794059256,0.5,1.6891141485841656,0.6666666666666666,0.5,1.0,2.1946944415165657,1.4390326375720084,0.25,1
1.7,65.0,22.49134948096886,Female,33.5,0,Walking,1,0,0.3614184641562495,0.5,2.1641155666736696,0.6666666666666666,0.5,0.3333333333333333,2.1946944415165657,4.427720617102668,0.25,1
1.6,52.0,20.312499999999996,Male,49.0,0,Automobile,0,0,0.3614184641562495,0.5,1.6891141485841656,0.6666666666666666,0.5,0.6666666666666666,0.5509853432240501,0.5165517806528838,0.5,1
1.75,76.0,24.816326530612244,Female,18.0,1,Automobile,1,1,0.3614184641562495,1.0,0.4047042434982205,0.3333333333333333,0.5,1.0,0.5509853432240501,0.5165517806528838,0.0,1
1.68,70.0,24.801587301587304,Female,49.0,0,Walking,0,0,0.3614184641562495,0.5,0.4047042434982205,0.3333333333333333,0.5,0.6666666666666666,2.1946944415165657,2.472136198877776,0.5,1
1.77,83.0,26.493025631204315,Male,80.0,0,Automobile,0,0,0.3614184641562495,0.0,1.6891141485841656,0.6666666666666666,1.0,0.0,0.5509853432240501,1.4390326375720084,1.0,2
1.58,68.0,27.239224483255885,Female,80.0,0,Automobile,1,0,2.766875794059256,0.5,2.1641155666736696,0.3333333333333333,0.0,0.3333333333333333,1.0927237550684654,0.5165517806528838,1.0,3
1.77,76.0,24.258674071946118,Male,64.5,0,Walking,0,0,2.766875794059256,0.5,0.4047042434982205,0.3333333333333333,1.0,0.3333333333333333,0.5509853432240501,0.5165517806528838,0.75,1
1.79,90.0,28.089010954714272,Male,80.0,0,Bike,0,0,2.766875794059256,0.5,2.1641155666736696,0.3333333333333333,0.5,0.0,1.0927237550684654,0.5165517806528838,1.0,3
1.65,62.0,22.77318640955005,Female,49.0,1,Public_Transport,0,0,0.3614184641562495,0.5,1.6891141485841656,0.6666666666666666,0.5,0.6666666666666666,1.0927237550684654,0.5165517806528838,0.5,1
1.5,65.0,28.88888888888889,Female,33.5,1,Automobile,1,0,2.766875794059256,0.5,0.4047042434982205,0.3333333333333333,0.5,0.6666666666666666,2.1946944415165657,0.5165517806528838,0.25,3
1.56,49.0,20.134779750164363,Female,49.0,0,Walking,0,1,0.3614184641562495,0.5,0.4047042434982205,0.3333333333333333,0.0,0.6666666666666666,1.0927237550684654,1.4390326375720084,0.5,1
1.6,48.0,18.749999999999996,Male,33.5,1,Automobile,0,0,0.3614184641562495,0.5,0.4047042434982205,0.3333333333333333,0.0,0.3333333333333333,1.0927237550684654,0.5165517806528838,0.25,1
1.65,67.0,24.609733700642796,Male,49.0,0,Public_Transport,1,0,0.3614184641562495,0.5,0.4047042434982205,0.3333333333333333,0.5,0.3333333333333333,0.5509853432240501,0.5165517806528838,0.5,1
1.75,88.0,28.73469387755102,Female,33.5,1,Automobile,1,0,0.3614184641562495,0.5,0.4047042434982205,0.3333333333333333,1.0,1.0,1.0927237550684654,0.5165517806528838,0.25,3
1.67,75.0,26.89232313815483,Male,33.5,0,Bike,1,0,0.3614184641562495,0.5,0.4047042434982205,0.3333333333333333,0.5,0.3333333333333333,1.0927237550684654,0.5165517806528838,0.25,2
1.68,60.0,21.258503401360546,Male,49.0,0,Walking,0,0,2.766875794059256,0.5,1.6891141485841656,0.6666666666666666,0.5,0.0,1.0927237550684654,1.4390326375720084,0.5,1
1.66,64.0,23.225431847873423,Male,33.5,0,Bike,1,0,0.3614184641562495,0.0,0.4047042434982205,0.3333333333333333,0.0,0.0,1.0927237550684654,1.4390326375720084,0.25,1
1.66,62.0,22.49963710262738,Male,33.5,1,Bike,1,0,0.3614184641562495,0.5,0.4047042434982205,0.3333333333333333,0.5,0.3333333333333333,0.5509853432240501,2.472136198877776,0.25,1
1.81,80.0,24.41927902078691,Female,33.5,0,Automobile,0,0,2.766875794059256,0.0,0.4047042434982205,0.0,0.5,0.6666666666666666,1.0927237550684654,1.4390326375720084,0.25,1
1.53,65.0,27.76709812465291,Male,33.5,0,Automobile,1,0,2.766875794059256,0.5,0.4047042434982205,0.3333333333333333,0.0,0.0,0.5509853432240501,1.4390326375720084,0.25,3
1.82,72.0,21.736505252988767,Female,33.5,0,Automobile,1,0,0.3614184641562495,0.0,0.4047042434982205,0.6666666666666666,1.0,0.6666666666666666,1.0927237550684654,0.5165517806528838,0.25,1
1.75,72.0,23.510204081632654,Male,33.5,0,Bike,1,0,0.3614184641562495,0.0,0.4047042434982205,0.6666666666666666,1.0,0.6666666666666666,1.0927237550684654,0.5165517806528838,0.25,1
1.66,60.0,21.773842357381334,Female,33.5,0,Walking,1,0,2.766875794059256,1.0,0.4047042434982205,0.3333333333333333,0.5,0.3333333333333333,1.0927237550684654,0.5165517806528838,0.25,1
1.55,50.0,20.811654526534856,Female,33.5,0,Bike,0,0,0.3614184641562495,0.5,0.4047042434982205,0.3333333333333333,0.5,0.0,1.0927237550684654,0.5165517806528838,0.25,1
1.61,54.5,21.025423401874924,Male,33.5,1,Walking,1,0,0.3614184641562495,1.0,0.4047042434982205,0.3333333333333333,1.0,0.0,0.5509853432240501,0.5165517806528838,0.25,1
1.5,44.0,19.555555555555557,Female,33.5,0,Automobile,0,0,0.3614184641562495,0.5,0.4047042434982205,0.3333333333333333,0.0,0.0,1.0927237550684654,0.5165517806528838,0.25,1
1.64,52.0,19.333729922665082,Female,49.0,0,Bike,0,0,0.3614184641562495,1.0,2.1641155666736696,0.3333333333333333,0.5,0.6666666666666666,2.1946944415165657,1.4390326375720084,0.5,1
1.63,55.0,20.70081674131507,Female,49.0,0,Public_Transport,1,1,2.766875794059256,1.0,0.4047042434982205,0.0,0.5,0.6666666666666666,0.5509853432240501,1.4390326375720084,0.5,1
1.6,55.0,21.484374999999996,Female,49.0,1,Automobile,0,0,2.766875794059256,1.0,1.6891141485841656,1.0,1.0,0.6666666666666666,1.0927237550684654,1.4390326375720084,0.5,1
1.68,62.0,21.9671201814059,Female,49.0,1,Bike,0,0,2.766875794059256,0.5,1.6891141485841656,0.6666666666666666,0.5,0.0,1.0927237550684654,0.5165517806528838,0.5,1
1.7,70.0,24.221453287197235,Female,49.0,0,Bike,1,0,0.3614184641562495,0.5,0.4047042434982205,0.3333333333333333,0.0,0.0,0.5509853432240501,0.5165517806528838,0.5,1
1.64,65.0,24.167162403331353,Male,33.5,0,Automobile,1,0,2.766875794059256,0.5,0.4047042434982205,0.3333333333333333,0.0,0.0,0.5509853432240501,1.4390326375720084,0.25,1
1.65,67.0,24.609733700642796,Male,18.0,0,Walking,1,0,0.3614184641562495,1.0,2.1641155666736696,0.3333333333333333,0.5,0.3333333333333333,0.5509853432240501,1.4390326375720084,0.0,1
1.76,55.0,17.75568181818182,Male,33.5,0,Automobile,1,0,0.3614184641562495,0.5,1.6891141485841656,0.3333333333333333,1.0,0.6666666666666666,2.1946944415165657,1.4390326375720084,0.25,0
1.55,49.0,20.39542143600416,Male,33.5,1,Bike,1,0,0.3614184641562495,0.5,0.4047042434982205,0.3333333333333333,1.0,1.0,0.5509853432240501,0.5165517806528838,0.25,1
1.65,58.0,21.30394857667585,Male,33.5,0,Public_Transport,0,0,0.3614184641562495,0.5,0.4047042434982205,0.3333333333333333,0.5,1.0,0.5509853432240501,0.5165517806528838,0.25,1
1.67,62.0,22.230987127541326,Male,49.0,0,Public_Transport,0,0,0.3614184641562495,0.5,2.1641155666736696,0.0,0.5,0.0,1.0927237550684654,0.5165517806528838,0.5,1
1.68,55.0,19.48696145124717,Female,49.0,0,Bike,1,0,0.3614184641562495,0.5,0.4047042434982205,0.3333333333333333,0.5,0.0,2.1946944415165657,0.5165517806528838,0.5,1
1.66,57.0,20.685150239512268,Male,33.5,1,Public_Transport,1,0,0.3614184641562495,0.5,0.4047042434982205,0.6666666666666666,0.0,0.3333333333333333,0.5509853432240501,1.4390326375720084,0.25,1
1.62,69.0,26.291723822588015,Male,33.5,0,Automobile,1,0,0.3614184641562495,0.0,0.4047042434982205,0.6666666666666666,0.5,0.0,0.5509853432240501,1.4390326375720084,0.25,2
1.8,90.0,27.777777777777775,Female,49.0,0,Bike,1,0,0.3614184641562495,0.0,0.4047042434982205,1.0,0.5,0.0,2.1946944415165657,2.472136198877776,0.5,3
1.65,95.0,34.894398530762174,Male,49.0,0,Bike,1,0,0.3614184641562495,0.5,0.4047042434982205,1.0,0.5,0.0,0.5509853432240501,2.472136198877776,0.5,4
1.76,112.0,36.15702479338843,Female,80.0,1,Automobile,1,1,0.3614184641562495,0.0,0.4047042434982205,0.0,0.5,0.0,1.0927237550684654,2.472136198877776,1.0,5
1.8,60.0,18.51851851851852,Male,49.0,0,Public_Transport,1,0,2.766875794059256,0.5,0.4047042434982205,0.0,1.0,0.0,0.5509853432240501,0.5165517806528838,0.5,1
1.65,80.0,29.384756657483933,Female,49.0,0,Bike,1,0,0.3614184641562495,0.5,0.4047042434982205,1.0,0.5,0.0,2.1946944415165657,1.4390326375720084,0.5,3
1.67,50.0,17.92821542543655,Female,49.0,0,Automobile,1,1,2.766875794059256,1.0,0.4047042434982205,0.0,1.0,0.6666666666666666,0.5509853432240501,0.5165517806528838,0.5,0
1.65,60.0,22.03856749311295,Male,64.5,0,Public_Transport,1,1,2.766875794059256,0.5,0.4047042434982205,0.3333333333333333,1.0,0.3333333333333333,1.0927237550684654,1.4390326375720084,0.75,1
1.85,65.0,18.991964937910883,Male,18.0,0,Automobile,1,0,2.766875794059256,0.5,0.4047042434982205,0.3333333333333333,1.0,0.6666666666666666,0.5509853432240501,0.5165517806528838,0.0,1
1.7,85.0,29.411764705882355,Female,64.5,0,Automobile,1,0,0.3614184641562495,0.5,0.4047042434982205,0.6666666666666666,1.0,0.0,0.5509853432240501,2.472136198877776,0.75,3
1.63,45.0,16.937031879257784,Female,49.0,0,Automobile,1,1,2.766875794059256,1.0,0.4047042434982205,0.3333333333333333,1.0,0.6666666666666666,1.0927237550684654,1.4390326375720084,0.5,0
1.6,45.0,17.578124999999996,Female,64.5,0,Public_Transport,1,0,2.766875794059256,0.5,0.4047042434982205,0.0,0.5,0.3333333333333333,1.0927237550684654,1.4390326375720084,0.75,0
1.7,80.0,27.68166089965398,Female,64.5,0,Public_Transport,1,0,0.3614184641562495,0.5,0.4047042434982205,0.3333333333333333,1.0,0.0,1.0927237550684654,1.4390326375720084,0.75,3
1.65,90.0,33.057851239669425,Male,49.0,1,Automobile,1,0,0.3614184641562495,0.5,0.4047042434982205,0.3333333333333333,1.0,0.0,0.5509853432240501,1.4390326375720084,0.5,4
1.65,60.0,22.03856749311295,Male,49.0,0,Bike,1,0,2.766875794059256,0.5,0.4047042434982205,0.3333333333333333,0.5,0.0,1.0927237550684654,0.5165517806528838,0.5,1
1.63,58.0,21.829952199932254,Male,18.0,1,Automobile,0,1,2.766875794059256,1.0,0.4047042434982205,0.3333333333333333,0.5,0.0,1.0927237550684654,1.4390326375720084,0.0,1
1.8,91.0,28.086419753086417,Female,80.0,0,Public_Transport,1,0,0.3614184641562495,0.5,0.4047042434982205,0.6666666666666666,0.5,0.0,1.0927237550684654,0.5165517806528838,1.0,3
1.67,85.5,30.657248377496504,Female,49.0,0,Bike,1,0,0.3614184641562495,0.5,0.4047042434982205,1.0,0.5,0.0,0.5509853432240501,1.4390326375720084,0.5,4
1.6,45.0,17.578124999999996,Male,18.0,0,Walking,0,1,2.766875794059256,1.0,0.4047042434982205,0.0,1.0,0.6666666666666666,1.0927237550684654,1.4390326375720084,0.0,0
1.7,83.0,28.719723183391007,Male,64.5,0,Automobile,1,0,0.3614184641562495,0.5,0.4047042434982205,0.6666666666666666,0.5,0.0,0.5509853432240501,0.5165517806528838,0.75,3
1.65,58.5,21.487603305785125,Male,49.0,0,Public_Transport,1,0,2.766875794059256,0.5,0.4047042434982205,0.3333333333333333,0.5,0.0,1.0927237550684654,1.4390326375720084,0.5,1
1.85,83.0,24.251278305332356,Male,33.5,0,Automobile,1,0,0.3614184641562495,0.5,2.1641155666736696,0.6666666666666666,1.0,0.3333333333333333,1.0927237550684654,1.4390326375720084,0.25,1
1.82,87.0,26.26494384736143,Female,18.0,0,Automobile,1,0,0.3614184641562495,0.5,0.4047042434982205,0.3333333333333333,0.5,0.0,1.0927237550684654,1.4390326375720084,0.0,2
1.65,65.0,23.875114784205696,Female,49.0,1,Bike,1,1,0.3614184641562495,0.5,0.4047042434982205,0.6666666666666666,0.5,0.3333333333333333,1.0927237550684654,1.4390326375720084,0.5,1
1.7,78.0,26.989619377162633,Female,80.0,0,Public_Transport,1,0,0.3614184641562495,1.0,0.4047042434982205,0.3333333333333333,0.0,0.6666666666666666,0.5509853432240501,2.472136198877776,1.0,3
1.63,93.0,35.00319921713275,Male,64.5,1,Automobile,0,0,2.766875794059256,1.0,1.6891141485841656,1.0,0.0,0.6666666666666666,1.0927237550684654,1.4390326375720084,0.75,5
1.61,64.0,24.690405462752206,Male,33.5,0,Automobile,1,1,2.766875794059256,1.0,0.4047042434982205,1.0,0.5,0.0,0.5509853432240501,2.472136198877776,0.25,1
1.6,57.0,22.265624999999996,Female,33.5,0,Walking,0,0,2.766875794059256,1.0,0.4047042434982205,1.0,0.5,0.3333333333333333,1.0927237550684654,1.4390326375720084,0.25,1
1.6,48.0,18.749999999999996,Female,64.5,0,Automobile,0,0,0.3614184641562495,1.0,0.4047042434982205,0.3333333333333333,0.5,0.6666666666666666,1.0927237550684654,1.4390326375720084,0.75,1
1.7,70.0,24.221453287197235,Female,64.5,0,Bike,1,0,2.766875794059256,1.0,2.1641155666736696,0.6666666666666666,0.5,0.6666666666666666,1.0927237550684654,2.472136198877776,0.75,1
1.66,60.0,21.773842357381334,Female,49.0,0,Automobile,1,0,2.766875794059256,0.5,0.4047042434982205,0.3333333333333333,0.5,1.0,1.0927237550684654,0.5165517806528838,0.5,1
1.52,42.0,18.178670360110804,Male,33.5,0,Bike,0,0,2.766875794059256,1.0,2.1641155666736696,0.6666666666666666,0.0,0.0,1.0927237550684654,0.5165517806528838,0.25,0
1.52,42.0,18.178670360110804,Female,33.5,0,Public_Transport,0,0,2.766875794059256,1.0,2.1641155666736696,0.6666666666666666,0.0,0.0,1.0927237550684654,0.5165517806528838,0.25,0
1.72,70.0,23.661438615467823,Male,49.0,0,Bike,0,0,2.766875794059256,0.5,0.4047042434982205,0.3333333333333333,0.5,1.0,0.5509853432240501,2.472136198877776,0.5,1
1.69,63.0,22.058051188683873,Male,33.5,0,Automobile,0,0,0.3614184641562495,1.0,2.1641155666736696,0.3333333333333333,0.0,0.0,1.0927237550684654,0.5165517806528838,0.25,1
1.7,66.4,22.975778546712807,Male,49.0,1,Automobile,1,0,2.766875794059256,0.5,0.4047042434982205,0.6666666666666666,0.5,0.0,1.0927237550684654,1.4390326375720084,0.5,1
1.55,57.0,23.725286160249738,Male,33.5,1,Automobile,0,1,0.3614184641562495,0.5,1.6891141485841656,0.6666666666666666,0.5,0.6666666666666666,1.0927237550684654,0.5165517806528838,0.25,1
1.65,58.0,21.30394857667585,Female,49.0,0,Public_Transport,1,0,0.3614184641562495,1.0,1.6891141485841656,0.6666666666666666,0.5,0.3333333333333333,1.0927237550684654,0.5165517806528838,0.5,1
1.56,80.0,32.87310979618672,Male,80.0,0,Automobile,1,0,0.3614184641562495,0.5,0.4047042434982205,0.3333333333333333,0.5,0.0,1.0927237550684654,0.5165517806528838,1.0,4
1.57,55.0,22.313278429145196,Female,64.5,0,Automobile,0,0,0.3614184641562495,0.5,2.1641155666736696,0.3333333333333333,0.5,0.6666666666666666,1.0927237550684654,0.5165517806528838,0.75,1
1.57,55.0,22.313278429145196,Female,64.5,0,Bike,0,0,0.3614184641562495,0.5,2.1641155666736696,0.3333333333333333,0.5,0.6666666666666666,1.0927237550684654,0.5165517806528838,0.75,1
1.88,90.0,25.46401086464464,Male,49.0,1,Automobile,1,0,0.3614184641562495,0.5,0.4047042434982205,1.0,0.0,0.0,0.5509853432240501,0.5165517806528838,0.5,2
1.75,95.0,31.020408163265305,Male,49.0,0,Walking,1,0,2.766875794059256,0.5,0.4047042434982205,0.3333333333333333,1.0,1.0,2.1946944415165657,1.4390326375720084,0.5,4
1.65,88.0,32.323232323232325,Female,33.5,0,Bike,1,0,0.3614184641562495,1.0,2.1641155666736696,0.3333333333333333,1.0,0.6666666666666666,0.5509853432240501,1.4390326375720084,0.25,4
1.75,75.0,24.489795918367346,Male,33.5,0,Automobile,1,0,0.3614184641562495,1.0,0.4047042434982205,0.3333333333333333,0.5,0.0,0.5509853432240501,0.5165517806528838,0.25,1
1.58,58.0,23.233456176894723,Male,49.0,0,Public_Transport,1,0,0.3614184641562495,0.5,2.1641155666736696,0.3333333333333333,0.0,0.0,1.0927237550684654,1.4390326375720084,0.5,1
1.56,51.0,20.956607495069033,Male,18.0,0,Public_Transport,1,0,0.3614184641562495,0.5,1.6891141485841656,0.6666666666666666,0.5,0.3333333333333333,1.0927237550684654,0.5165517806528838,0.0,1
1.5,49.0,21.77777777777778,Male,49.0,1,Walking,1,0,2.766875794059256,0.5,2.1641155666736696,0.3333333333333333,0.5,1.0,1.0927237550684654,1.4390326375720084,0.5,1
1.61,62.0,23.9188302920412,Female,18.0,0,Bike,1,0,0.3614184641562495,1.0,2.1641155666736696,0.6666666666666666,0.5,0.3333333333333333,1.0927237550684654,2.472136198877776,0.0,1
1.75,57.0,18.612244897959183,Female,18.0,0,Public_Transport,1,0,0.3614184641562495,1.0,0.4047042434982205,0.6666666666666666,0.5,0.0,0.5509853432240501,1.4390326375720084,0.0,1
1.65,86.0,31.58861340679523,Female,18.0,1,Walking,1,0,0.3614184641562495,1.0,0.4047042434982205,0.3333333333333333,0.0,1.0,2.1946944415165657,1.4390326375720084,0.0,4
1.7,85.0,29.411764705882355,Female,18.0,0,Automobile,1,0,2.766875794059256,0.5,0.4047042434982205,0.6666666666666666,0.5,0.3333333333333333,0.5509853432240501,1.4390326375720084,0.0,3
1.62,53.0,20.195092211553114,Female,49.0,0,Bike,1,0,0.3614184641562495,0.5,0.4047042434982205,0.3333333333333333,0.5,0.3333333333333333,0.5509853432240501,0.5165517806528838,0.5,1
1.63,76.0,28.604764951635367,Male,18.0,0,Bike,1,0,2.766875794059256,1.0,0.4047042434982205,0.6666666666666666,1.0,0.6666666666666666,0.5509853432240501,0.5165517806528838,0.0,3
1.67,75.0,26.89232313815483,Female,49.0,0,Walking,1,0,0.3614184641562495,0.5,0.4047042434982205,0.6666666666666666,0.5,0.0,2.1946944415165657,1.4390326375720084,0.5,2
1.87,95.0,27.166919271354622,Female,49.0,1,Bike,1,0,0.3614184641562495,0.0,0.4047042434982205,0.6666666666666666,0.5,0.0,2.1946944415165657,2.472136198877776,0.5,3
1.75,50.0,16.3265306122449,Female,33.5,0,Walking,1,0,2.766875794059256,1.0,1.6891141485841656,0.6666666666666666,0.0,0.3333333333333333,1.0927237550684654,1.4390326375720084,0.25,0
1.66,67.0,24.31412396574249,Female,64.5,1,Automobile,1,0,0.3614184641562495,1.0,2.1641155666736696,0.3333333333333333,0.5,0.3333333333333333,1.0927237550684654,1.4390326375720084,0.75,1
1.76,90.0,29.054752066115704,Male,49.0,0,Automobile,0,0,0.3614184641562495,1.0,0.4047042434982205,0.3333333333333333,0.0,0.0,1.0927237550684654,1.4390326375720084,0.5,3
1.75,80.0,26.122448979591837,Male,18.0,1,Automobile,1,0,0.3614184641562495,0.5,0.4047042434982205,1.0,0.5,0.0,1.0927237550684654,2.472136198877776,0.0,2
1.67,68.0,24.38237297859371,Male,18.0,0,Automobile,0,0,0.3614184641562495,0.5,0.4047042434982205,0.3333333333333333,0.5,0.3333333333333333,1.0927237550684654,0.5165517806528838,0.0,1
1.65,61.0,22.4058769513315,Male,18.0,1,Automobile,0,1,0.3614184641562495,1.0,2.1641155666736696,0.3333333333333333,1.0,0.3333333333333333,1.0927237550684654,0.5165517806528838,0.0,1
1.72,70.0,23.661438615467823,Female,33.5,0,Public_Transport,1,0,0.3614184641562495,1.0,0.4047042434982205,0.6666666666666666,0.0,0.0,1.0927237550684654,0.5165517806528838,0.25,1
1.7,78.0,26.989619377162633,Female,64.5,1,Automobile,0,0,0.3614184641562495,1.0,0.4047042434982205,0.3333333333333333,1.0,0.3333333333333333,0.5509853432240501,2.472136198877776,0.75,3
1.58,53.0,21.230572023714146,Male,33.5,0,Automobile,1,0,0.3614184641562495,0.5,1.6891141485841656,0.6666666666666666,0.5,0.3333333333333333,0.5509853432240501,1.4390326375720084,0.25,1
1.62,58.0,22.10028959000152,Female,49.0,0,Bike,0,0,2.766875794059256,0.5,0.4047042434982205,0.3333333333333333,0.0,0.3333333333333333,1.0927237550684654,1.4390326375720084,0.5,1
1.65,56.0,20.569329660238754,Male,18.0,1,Bike,1,1,0.3614184641562495,1.0,0.4047042434982205,0.6666666666666666,1.0,0.3333333333333333,2.1946944415165657,2.472136198877776,0.0,1
1.77,109.0,34.79204570844904,Male,80.0,0,Public_Transport,1,0,0.3614184641562495,1.0,0.4047042434982205,0.3333333333333333,0.0,0.6666666666666666,1.0927237550684654,0.5165517806528838,1.0,4
1.7,75.0,25.95155709342561,Male,64.5,1,Bike,1,0,0.3614184641562495,0.5,0.4047042434982205,0.3333333333333333,0.5,0.3333333333333333,1.0927237550684654,0.5165517806528838,0.75,2
1.79,72.0,22.47120876377142,Male,64.5,0,Automobile,1,0,0.3614184641562495,0.5,0.4047042434982205,0.3333333333333333,0.5,0.3333333333333333,0.5509853432240501,0.5165517806528838,0.75,1
1.76,75.0,24.212293388429753,Female,80.0,0,Public_Transport,1,1,2.766875794059256,1.0,0.4047042434982205,1.0,1.0,1.0,1.0927237550684654,1.4390326375720084,1.0,1
1.7,68.0,23.529411764705884,Male,64.5,0,Bike,0,0,0.3614184641562495,0.5,0.4047042434982205,0.6666666666666666,0.5,0.0,0.5509853432240501,1.4390326375720084,0.75,1
1.89,65.0,18.19657904313989,Female,49.0,0,Automobile,1,0,0.3614184641562495,1.0,0.4047042434982205,0.6666666666666666,1.0,0.3333333333333333,0.5509853432240501,0.5165517806528838,0.5,0
1.87,66.0,18.873859704309528,Female,64.5,0,Bike,0,0,0.3614184641562495,1.0,0.4047042434982205,1.0,0.5,0.6666666666666666,1.0927237550684654,2.472136198877776,0.75,1
1.74,93.5,30.88254723213106,Male,49.0,0,Public_Transport,0,0,0.3614184641562495,0.5,0.4047042434982205,0.6666666666666666,0.0,0.3333333333333333,0.5509853432240501,2.472136198877776,0.5,4
1.68,75.0,26.573129251700685,Female,80.0,0,Automobile,0,0,0.3614184641562495,1.0,2.1641155666736696,0.3333333333333333,0.0,0.0,1.0927237550684654,0.5165517806528838,1.0,2
1.61,67.0,25.847768218818715,Female,49.0,0,Automobile,1,1,2.766875794059256,0.5,1.6891141485841656,0.3333333333333333,1.0,0.6666666666666666,2.1946944415165657,0.5165517806528838,0.5,2
1.62,70.0,26.672763298277697,Male,33.5,0,Automobile,0,0,0.3614184641562495,0.5,2.1641155666736696,0.0,1.0,0.3333333333333333,1.0927237550684654,0.5165517806528838,0.25,2
1.56,51.0,20.956607495069033,Male,64.5,0,Automobile,0,0,2.766875794059256,1.0,0.4047042434982205,0.6666666666666666,0.5,0.6666666666666666,2.1946944415165657,2.472136198877776,0.75,1
1.63,80.0,30.11027889645828,Male,80.0,0,Automobile,1,0,2.766875794059256,1.0,0.4047042434982205,0.3333333333333333,0.0,0.0,1.0927237550684654,0.5165517806528838,1.0,4
1.6,61.0,23.828124999999996,Male,64.5,0,Bike,0,0,0.3614184641562495,1.0,0.4047042434982205,1.0,0.5,0.0,1.0927237550684654,0.5165517806528838,0.75,1
1.67,90.0,32.2707877657858,Male,80.0,0,Automobile,1,0,0.3614184641562495,1.0,2.1641155666736696,0.3333333333333333,0.5,0.6666666666666666,1.0927237550684654,0.5165517806528838,1.0,4
1.78,78.0,24.61810377477591,Female,64.5,1,Public_Transport,1,0,0.3614184641562495,0.5,2.1641155666736696,0.3333333333333333,0.5,0.6666666666666666,0.5509853432240501,0.5165517806528838,0.75,1
1.62,59.0,22.481329065691202,Female,80.0,1,Public_Transport,1,0,0.3614184641562495,1.0,0.4047042434982205,0.3333333333333333,0.5,0.6666666666666666,1.0927237550684654,0.5165517806528838,1.0,1
1.5,60.0,26.666666666666668,Male,80.0,0,Bike,1,0,0.3614184641562495,0.5,2.1641155666736696,1.0,0.5,0.0,1.0927237550684654,0.5165517806528838,1.0,2
1.69,84.0,29.410734918245165,Male,80.0,0,Public_Transport,1,0,2.766875794059256,0.5,0.4047042434982205,0.3333333333333333,1.0,0.6666666666666666,1.0927237550684654,1.4390326375720084,1.0,3
1.74,94.0,31.04769454353283,Female,49.0,1,Automobile,1,0,0.3614184641562495,0.5,0.4047042434982205,0.3333333333333333,0.5,0.0,1.0927237550684654,0.5165517806528838,0.5,4
1.68,63.0,22.321428571428577,Male,80.0,0,Bike,1,0,0.3614184641562495,1.0,2.1641155666736696,0.6666666666666666,0.5,0.3333333333333333,0.5509853432240501,0.5165517806528838,1.0,1
1.53,45.0,19.223375624759708,Male,80.0,0,Bike,1,0,2.766875794059256,1.0,0.4047042434982205,0.6666666666666666,0.0,0.0,0.5509853432240501,1.4390326375720084,1.0,1
1.67,60.0,21.513858510523864,Male,33.5,0,Public_Transport,1,0,0.3614184641562495,0.5,0.4047042434982205,0.6666666666666666,0.5,0.6666666666666666,0.5509853432240501,0.5165517806528838,0.25,1
1.55,62.0,25.806451612903224,Female,80.0,0,Public_Transport,1,0,2.766875794059256,1.0,0.4047042434982205,0.3333333333333333,1.0,0.0,1.0927237550684654,0.5165517806528838,1.0,2
1.64,78.0,29.000594883997625,Male,64.5,0,Automobile,1,0,0.3614184641562495,0.5,2.1641155666736696,0.3333333333333333,0.5,0.0,1.0927237550684654,2.472136198877776,0.75,3
1.83,72.0,21.49959688255845,Female,33.5,0,Public_Transport,1,0,2.766875794059256,1.0,0.4047042434982205,0.3333333333333333,0.0,0.6666666666666666,0.5509853432240501,0.5165517806528838,0.25,1
1.63,60.0,22.582709172343712,Female,33.5,1,Automobile,1,0,0.3614184641562495,1.0,0.4047042434982205,1.0,0.5,0.6666666666666666,1.0927237550684654,0.5165517806528838,0.25,1
1.89,75.0,20.99605274208449,Male,64.5,1,Public_Transport,0,1,2.766875794059256,1.0,0.4047042434982205,0.6666666666666666,0.5,1.0,1.0927237550684654,1.4390326375720084,0.75,1
1.77,85.0,27.13141179099237,Female,80.0,0,Public_Transport,1,0,2.766875794059256,1.0,0.4047042434982205,0.6666666666666666,1.0,0.6666666666666666,0.5509853432240501,0.5165517806528838,1.0,3
1.92,130.0,35.26475694444444,Male,80.0,0,Automobile,1,0,2.766875794059256,0.5,0.4047042434982205,0.3333333333333333,0.0,0.3333333333333333,1.0927237550684654,0.5165517806528838,1.0,5
1.74,72.0,23.781212841854934,Female,80.0,1,Public_Transport,1,0,2.766875794059256,1.0,0.4047042434982205,1.0,0.5,0.0,1.0927237550684654,0.5165517806528838,1.0,1
1.65,80.0,29.384756657483933,Female,33.5,0,Walking,1,0,2.766875794059256,0.5,0.4047042434982205,0.3333333333333333,0.5,0.3333333333333333,2.1946944415165657,1.4390326375720084,0.25,3
1.73,79.0,26.395803401383272,Female,49.0,0,Automobile,1,0,0.3614184641562495,0.5,2.1641155666736696,0.3333333333333333,0.5,0.3333333333333333,1.0927237550684654,0.5165517806528838,0.5,2
1.72,82.0,27.717685235262305,Male,49.0,0,Automobile,0,0,0.3614184641562495,0.5,2.1641155666736696,0.3333333333333333,0.5,0.6666666666666666,0.5509853432240501,0.5165517806528838,0.5,3
1.6,58.0,22.656249999999996,Female,18.0,1,Bike,1,0,0.3614184641562495,0.5,0.4047042434982205,0.6666666666666666,0.5,0.3333333333333333,1.0927237550684654,0.5165517806528838,0.0,1
1.65,59.0,21.6712580348944,Male,49.0,0,Bike,0,0,2.766875794059256,1.0,2.1641155666736696,0.3333333333333333,0.5,0.3333333333333333,2.1946944415165657,0.5165517806528838,0.5,1
1.74,64.0,21.13885585942661,Male,18.0,1,Public_Transport,0,1,2.766875794059256,1.0,0.4047042434982205,0.3333333333333333,0.5,0.0,0.5509853432240501,1.4390326375720084,0.0,1
1.62,70.0,26.672763298277697,Male,33.5,1,Bike,0,0,0.3614184641562495,0.5,2.1641155666736696,0.0,1.0,0.3333333333333333,1.0927237550684654,0.5165517806528838,0.25,2
1.64,59.8,22.233789411064844,Female,80.0,0,Bike,1,0,0.3614184641562495,0.5,0.4047042434982205,0.3333333333333333,0.5,0.6666666666666666,1.0927237550684654,1.4390326375720084,1.0,1
1.57,48.0,19.473406629072173,Female,18.0,0,Public_Transport,1,0,0.3614184641562495,1.0,2.1641155666736696,1.0,0.0,0.3333333333333333,1.0927237550684654,1.4390326375720084,0.0,1
1.84,84.0,24.8109640831758,Male,49.0,0,Public_Transport,1,1,0.3614184641562495,1.0,0.4047042434982205,0.6666666666666666,0.5,1.0,1.0927237550684654,0.5165517806528838,0.5,1
1.91,84.0,23.025684602944,Female,64.5,0,Automobile,1,0,0.3614184641562495,1.0,0.4047042434982205,0.6666666666666666,0.5,0.6666666666666666,2.1946944415165657,2.472136198877776,0.75,1
1.62,70.0,26.672763298277697,Male,33.5,0,Public_Transport,0,0,0.3614184641562495,0.5,2.1641155666736696,0.0,1.0,0.3333333333333333,1.0927237550684654,0.5165517806528838,0.25,2
1.58,48.0,19.227687870533565,Female,18.0,0,Automobile,0,0,0.3614184641562495,0.5,0.4047042434982205,0.3333333333333333,0.5,0.3333333333333333,1.0927237550684654,1.4390326375720084,0.0,1
1.68,67.0,23.738662131519277,Male,49.0,0,Public_Transport,1,0,0.3614184641562495,0.5,0.4047042434982205,0.6666666666666666,0.0,0.0,1.0927237550684654,0.5165517806528838,0.5,1
1.68,52.0,18.42403628117914,Female,49.0,1,Automobile,0,0,0.3614184641562495,1.0,0.4047042434982205,0.6666666666666666,0.5,0.0,0.5509853432240501,1.4390326375720084,0.5,0
1.48,60.0,27.39225712198685,Male,49.0,0,Automobile,1,0,0.3614184641562495,0.5,2.1641155666736696,0.3333333333333333,0.0,0.0,1.0927237550684654,0.5165517806528838,0.5,3
1.62,70.0,26.672763298277697,Female,33.5,0,Automobile,0,0,0.3614184641562495,0.5,2.1641155666736696,0.0,1.0,0.3333333333333333,1.0927237550684654,0.5165517806528838,0.25,2
1.62,68.0,25.910684346898332,Male,80.0,0,Bike,0,0,2.766875794059256,1.0,0.4047042434982205,0.3333333333333333,0.5,0.3333333333333333,1.0927237550684654,0.5165517806528838,1.0,2
1.78,96.0,30.299204645878046,Male,80.0,0,Automobile,1,0,2.766875794059256,0.5,0.4047042434982205,0.3333333333333333,1.0,0.3333333333333333,1.0927237550684654,2.472136198877776,1.0,4
1.78,98.0,30.930438076000502,Male,64.5,0,Automobile,1,0,2.766875794059256,0.5,0.4047042434982205,0.3333333333333333,1.0,1.0,2.1946944415165657,1.4390326375720084,0.75,4
1.78,105.0,33.13975508142911,Female,80.0,0,Bike,1,0,0.3614184641562495,1.0,2.1641155666736696,0.0,1.0,1.0,0.5509853432240501,2.472136198877776,1.0,4
1.63,62.0,23.335466144755166,Female,80.0,0,Public_Transport,1,0,0.3614184641562495,0.5,0.4047042434982205,0.3333333333333333,0.5,0.3333333333333333,0.5509853432240501,1.4390326375720084,1.0,1
1.6,56.0,21.874999999999996,Male,33.5,0,Automobile,0,0,0.3614184641562495,0.5,0.4047042434982205,0.3333333333333333,0.5,0.3333333333333333,1.0927237550684654,0.5165517806528838,0.25,1
1.75,80.0,26.122448979591837,Female,64.5,0,Automobile,1,1,0.3614184641562495,1.0,2.1641155666736696,0.6666666666666666,0.5,0.6666666666666666,1.0927237550684654,0.5165517806528838,0.75,2
1.83,85.0,25.381468541909282,Female,33.5,0,Automobile,1,1,2.766875794059256,1.0,0.4047042434982205,0.3333333333333333,1.0,1.0,1.0927237550684654,0.5165517806528838,0.25,2
1.78,68.0,21.461936624163616,Female,33.5,0,Automobile,0,1,2.766875794059256,0.5,2.1641155666736696,0.6666666666666666,1.0,0.6666666666666666,0.5509853432240501,1.4390326375720084,0.25,1
1.6,83.0,32.42187499999999,Female,49.0,1,Public_Transport,1,0,0.3614184641562495,1.0,0.4047042434982205,0.6666666666666666,1.0,1.0,1.0927237550684654,1.4390326375720084,0.5,4
1.8,85.0,26.234567901234566,Male,18.0,0,Walking,1,0,0.3614184641562495,1.0,0.4047042434982205,0.3333333333333333,0.5,0.3333333333333333,0.5509853432240501,0.5165517806528838,0.0,2
1.75,74.0,24.163265306122447,Male,49.0,0,Public_Transport,1,0,2.766875794059256,0.5,0.4047042434982205,0.3333333333333333,0.5,0.3333333333333333,2.1946944415165657,0.5165517806528838,0.5,1
1.75,118.0,38.53061224489796,Female,80.0,0,Bike,1,0,0.3614184641562495,0.5,0.4047042434982205,0.3333333333333333,0.5,0.0,1.0927237550684654,0.5165517806528838,1.0,5
1.59,40.0,15.822158933586486,Female,18.0,0,Automobile,1,0,0.3614184641562495,0.5,2.1641155666736696,0.6666666666666666,0.0,0.0,2.1946944415165657,1.4390326375720084,0.0,0
1.66,60.0,21.773842357381334,Female,49.0,0,Public_Transport,1,0,0.3614184641562495,0.5,2.1641155666736696,0.3333333333333333,0.0,0.3333333333333333,0.5509853432240501,0.5165517806528838,0.5,1
1.63,83.0,31.239414355075468,Male,49.0,0,Bike,1,0,2.766875794059256,1.0,2.1641155666736696,0.3333333333333333,1.0,0.3333333333333333,2.1946944415165657,0.5165517806528838,0.5,4
1.54,80.0,33.732501264968796,Male,80.0,0,Public_Transport,1,0,0.3614184641562495,0.5,0.4047042434982205,1.0,0.0,0.0,1.0927237550684654,0.5165517806528838,1.0,4
1.56,102.0,41.913214990138066,Female,64.5,0,Bike,1,0,0.3614184641562495,1.0,0.4047042434982205,0.3333333333333333,0.0,0.0,0.5509853432240501,0.5165517806528838,0.75,6
1.69,90.0,31.51150169811982,Female,80.0,0,Public_Transport,1,0,2.766875794059256,0.5,0.4047042434982205,0.3333333333333333,1.0,0.3333333333333333,1.0927237550684654,0.5165517806528838,1.0,4
1.83,71.0,21.20099137030069,Female,64.5,0,Bike,1,0,0.3614184641562495,0.5,0.4047042434982205,0.3333333333333333,0.5,1.0,2.1946944415165657,1.4390326375720084,0.75,1
1.6,78.0,30.468749999999993,Female,49.0,0,Automobile,1,0,0.3614184641562495,0.5,2.1641155666736696,0.3333333333333333,0.5,0.3333333333333333,1.0927237550684654,2.472136198877776,0.5,4
1.75,100.0,32.6530612244898,Female,18.0,1,Public_Transport,1,0,0.3614184641562495,0.5,0.4047042434982205,0.6666666666666666,0.5,0.6666666666666666,1.0927237550684654,1.4390326375720084,0.0,4
1.75,73.0,23.836734693877553,Male,80.0,0,Walking,1,1,2.766875794059256,0.5,0.4047042434982205,0.0,0.5,0.3333333333333333,1.0927237550684654,0.5165517806528838,1.0,1
1.69,65.0,22.758306781975424,Male,49.0,0,Bike,1,0,0.3614184641562495,0.5,0.4047042434982205,0.3333333333333333,0.5,0.3333333333333333,0.5509853432240501,0.5165517806528838,0.5,1
1.69,65.0,22.758306781975424,Female,49.0,0,Bike,1,0,0.3614184641562495,0.5,0.4047042434982205,0.3333333333333333,0.5,0.3333333333333333,0.5509853432240501,0.5165517806528838,0.5,1
1.8,114.0,35.18518518518518,Female,33.5,0,Automobile,1,0,0.3614184641562495,0.5,0.4047042434982205,0.6666666666666666,0.5,0.0,0.5509853432240501,1.4390326375720084,0.25,5
1.63,51.0,19.195302796492154,Male,33.5,0,Bike,0,0,0.3614184641562495,0.5,2.1641155666736696,0.3333333333333333,0.0,0.3333333333333333,0.5509853432240501,1.4390326375720084,0.25,1
1.5,63.0,28.0,Male,64.5,0,Bike,1,0,2.766875794059256,0.5,2.1641155666736696,0.3333333333333333,0.5,0.0,1.0927237550684654,1.4390326375720084,0.75,3
1.8,62.0,19.1358024691358,Female,33.5,0,Automobile,1,0,0.3614184641562495,1.0,0.4047042434982205,0.3333333333333333,0.5,0.3333333333333333,1.0927237550684654,1.4390326375720084,0.25,1
1.65,53.0,19.467401285583104,Male,33.5,0,Automobile,1,0,0.3614184641562495,0.5,0.4047042434982205,0.3333333333333333,0.5,0.3333333333333333,1.0927237550684654,0.5165517806528838,0.25,1
1.68,70.0,24.801587301587304,Male,33.5,0,Bike,1,0,0.3614184641562495,1.0,0.4047042434982205,0.3333333333333333,1.0,0.0,2.1946944415165657,0.5165517806528838,0.25,1
1.6,63.0,24.609374999999996,Female,49.0,0,Walking,1,0,2.766875794059256,1.0,0.4047042434982205,0.6666666666666666,0.5,1.0,1.0927237550684654,0.5165517806528838,0.5,1
1.71,75.0,25.64891761567662,Female,33.5,0,Public_Transport,0,1,2.766875794059256,0.5,0.4047042434982205,0.6666666666666666,1.0,1.0,0.5509853432240501,2.472136198877776,0.25,2
1.5,42.3,18.799999999999997,Female,33.5,0,Bike,1,0,2.766875794059256,0.0,2.1641155666736696,0.3333333333333333,0.5,1.0,1.0927237550684654,1.4390326375720084,0.25,1
1.6,68.0,26.562499999999996,Male,33.5,0,Automobile,1,0,0.3614184641562495,0.5,0.4047042434982205,0.3333333333333333,1.0,0.3333333333333333,1.0927237550684654,0.5165517806528838,0.25,2
1.75,78.0,25.46938775510204,Female,33.5,1,Bike,1,1,2.766875794059256,0.5,0.4047042434982205,0.6666666666666666,0.5,0.0,2.1946944415165657,2.472136198877776,0.25,2
1.72,82.0,27.717685235262305,Male,49.0,0,Automobile,1,0,0.3614184641562495,0.5,2.1641155666736696,0.3333333333333333,0.0,0.3333333333333333,0.5509853432240501,0.5165517806528838,0.5,3
1.72,66.5,22.478366684694432,Male,33.5,0,Automobile,1,0,0.3614184641562495,1.0,1.6891141485841656,1.0,1.0,0.0,2.1946944415165657,1.4390326375720084,0.25,1
1.61,63.0,24.3046178773967,Female,49.0,0,Automobile,1,0,0.3614184641562495,1.0,0.4047042434982205,0.6666666666666666,1.0,0.3333333333333333,1.0927237550684654,1.4390326375720084,0.5,1
1.63,82.0,30.863035868869737,Female,49.0,1,Automobile,1,0,0.3614184641562495,0.5,2.1641155666736696,0.3333333333333333,0.5,0.0,1.0927237550684654,1.4390326375720084,0.5,4
1.83,121.0,36.1312669831885,Female,64.5,0,Walking,1,0,2.766875794059256,1.0,0.4047042434982205,0.3333333333333333,1.0,0.6666666666666666,1.0927237550684654,0.5165517806528838,0.75,5
1.6,50.0,19.531249999999996,Female,33.5,0,Automobile,0,0,0.3614184641562495,0.5,0.4047042434982205,0.3333333333333333,0.0,0.0,0.5509853432240501,1.4390326375720084,0.25,1
1.62,58.0,22.10028959000152,Female,64.5,0,Automobile,0,0,0.3614184641562495,1.0,0.4047042434982205,0.3333333333333333,0.5,0.3333333333333333,0.5509853432240501,0.5165517806528838,0.75,1
1.68,80.0,28.344671201814062,Male,80.0,0,Automobile,0,0,2.766875794059256,1.0,0.4047042434982205,0.3333333333333333,1.0,0.0,1.0927237550684654,1.4390326375720084,1.0,3
1.75,120.0,39.183673469387756,Male,80.0,0,Automobile,1,0,2.766875794059256,1.0,0.4047042434982205,0.3333333333333333,1.0,0.0,2.1946944415165657,1.4390326375720084,1.0,5
1.9,91.0,25.207756232686982,Male,33.5,0,Walking,1,0,0.3614184641562495,1.0,1.6891141485841656,0.3333333333333333,1.0,0.6666666666666666,1.0927237550684654,0.5165517806528838,0.25,2
1.63,66.0,24.840980089578082,Male,33.5,1,Bike,1,0,0.3614184641562495,1.0,2.1641155666736696,0.3333333333333333,1.0,0.0,1.0927237550684654,0.5165517806528838,0.25,1
1.68,77.0,27.281746031746035,Female,80.0,0,Bike,1,0,2.766875794059256,1.0,2.1641155666736696,0.3333333333333333,0.5,0.3333333333333333,1.0927237550684654,0.5165517806528838,1.0,3
1.59,49.0,19.382144693643447,Male,18.0,0,Automobile,1,0,0.3614184641562495,0.5,2.1641155666736696,0.0,0.5,0.6666666666666666,1.0927237550684654,1.4390326375720084,0.0,1
1.69,70.0,24.508945765204302,Female,18.0,1,Public_Transport,1,0,2.766875794059256,0.5,2.1641155666736696,0.0,0.5,0.6666666666666666,1.0927237550684654,1.4390326375720084,0.0,1
1.66,59.0,21.410944984758313,Female,33.5,0,Automobile,0,1,0.3614184641562495,0.0,0.4047042434982205,1.0,0.5,1.0,1.0927237550684654,1.4390326375720084,0.25,1
1.64,53.0,19.705532421177875,Female,18.0,0,Bike,1,0,0.3614184641562495,1.0,0.4047042434982205,0.3333333333333333,0.0,0.3333333333333333,0.5509853432240501,1.4390326375720084,0.0,1
1.62,53.0,20.195092211553114,Female,33.5,0,Automobile,0,0,0.3614184641562495,1.0,2.1641155666736696,0.3333333333333333,1.0,0.3333333333333333,0.5509853432240501,1.4390326375720084,0.25,1
1.7,64.0,22.145328719723185,Female,18.0,0,Automobile,1,1,0.3614184641562495,1.0,0.4047042434982205,0.0,1.0,1.0,0.5509853432240501,1.4390326375720084,0.0,1
1.63,65.0,24.46460160337235,Male,18.0,0,Bike,0,0,0.3614184641562495,0.5,2.1641155666736696,0.3333333333333333,1.0,0.3333333333333333,0.5509853432240501,1.4390326375720084,0.0,1
1.6,66.0,25.781249999999996,Male,49.0,1,Bike,0,0,0.3614184641562495,1.0,0.4047042434982205,0.3333333333333333,0.5,1.0,1.0927237550684654,1.4390326375720084,0.5,2
1.63,64.0,24.088223117166624,Female,33.5,0,Public_Transport,1,0,0.3614184641562495,0.0,0.4047042434982205,1.0,0.5,0.0,2.1946944415165657,1.4390326375720084,0.25,1
1.85,99.0,28.926223520818112,Male,80.0,0,Bike,1,0,0.3614184641562495,0.5,0.4047042434982205,0.3333333333333333,1.0,0.3333333333333333,1.0927237550684654,0.5165517806528838,1.0,3
1.54,49.0,20.66115702479339,Male,33.5,0,Public_Transport,1,1,2.766875794059256,0.5,2.1641155666736696,0.3333333333333333,0.5,0.6666666666666666,1.0927237550684654,0.5165517806528838,0.25,1
1.64,49.0,18.218322427126715,Female,33.5,1,Automobile,0,0,2.766875794059256,1.0,0.4047042434982205,0.3333333333333333,0.5,0.6666666666666666,0.5509853432240501,0.5165517806528838,0.25,0
1.57,60.0,24.341758286340216,Male,33.5,1,Automobile,0,0,0.3614184641562495,1.0,0.4047042434982205,0.3333333333333333,1.0,0.0,0.5509853432240501,0.5165517806528838,0.25,1
1.62,52.0,19.81405273586343,Female,33.5,1,Automobile,0,0,0.3614184641562495,1.0,0.4047042434982205,0.6666666666666666,0.0,1.0,0.5509853432240501,1.4390326375720084,0.25,1
1.72,72.0,24.337479718766904,Female,33.5,0,Automobile,1,1,0.3614184641562495,1.0,0.4047042434982205,1.0,1.0,1.0,1.0927237550684654,0.5165517806528838,0.25,1
1.76,78.0,25.180785123966942,Female,33.5,0,Walking,1,0,0.3614184641562495,1.0,2.1641155666736696,0.3333333333333333,0.5,1.0,1.0927237550684654,0.5165517806528838,0.25,2
1.65,75.0,27.548209366391188,Male,33.5,0,Bike,1,0,0.3614184641562495,1.0,2.1641155666736696,0.3333333333333333,0.5,0.3333333333333333,0.5509853432240501,1.4390326375720084,0.25,3
1.67,78.0,27.968016063681024,Male,33.5,0,Bike,1,0,2.766875794059256,0.5,2.1641155666736696,0.3333333333333333,1.0,0.0,1.0927237550684654,2.472136198877776,0.25,3
1.59,47.0,18.59103674696412,Female,64.5,0,Automobile,1,0,0.3614184641562495,0.5,2.1641155666736696,0.3333333333333333,0.5,0.0,2.1946944415165657,0.5165517806528838,0.75,1
1.64,56.0,20.820939916716245,Male,49.0,0,Public_Transport,1,0,2.766875794059256,1.0,0.4047042434982205,0.3333333333333333,0.5,0.0,1.0927237550684654,1.4390326375720084,0.5,1
1.78,81.0,25.5649539199596,Female,18.0,0,Public_Transport,1,0,2.766875794059256,0.0,0.4047042434982205,0.3333333333333333,0.5,1.0,1.0927237550684654,1.4390326375720084,0.0,2
1.75,85.0,27.755102040816325,Female,18.0,0,Automobile,1,0,2.766875794059256,0.5,0.4047042434982205,0.3333333333333333,1.0,0.3333333333333333,1.0927237550684654,0.5165517806528838,0.0,3
1.85,115.0,33.60116873630387,Female,18.0,0,Automobile,0,1,2.766875794059256,0.5,0.4047042434982205,0.3333333333333333,1.0,0.3333333333333333,2.1946944415165657,1.4390326375720084,0.0,4
1.7,80.0,27.68166089965398,Male,18.0,0,Automobile,0,0,2.766875794059256,1.0,2.1641155666736696,0.3333333333333333,0.0,0.3333333333333333,1.0927237550684654,1.4390326375720084,0.0,3
1.67,91.0,32.62935207429452,Male,18.0,0,Automobile,1,0,0.3614184641562495,0.0,0.4047042434982205,0.6666666666666666,0.0,0.0,0.5509853432240501,0.5165517806528838,0.0,4
1.72,75.0,25.351541373715524,Female,33.5,0,Automobile,0,0,0.3614184641562495,0.5,0.4047042434982205,0.3333333333333333,0.0,0.3333333333333333,1.0927237550684654,1.4390326375720084,0.25,2
1.7,73.0,25.25951557093426,Male,80.0,0,Walking,1,1,2.766875794059256,0.5,0.4047042434982205,0.6666666666666666,0.5,0.6666666666666666,1.0927237550684654,0.5165517806528838,1.0,2
1.74,70.0,23.120623596247853,Male,18.0,0,Bike,0,0,0.3614184641562495,0.5,0.4047042434982205,0.3333333333333333,0.5,0.3333333333333333,0.5509853432240501,0.5165517806528838,0.0,1
1.74,53.0,17.50561500858766,Female,49.0,0,Automobile,0,0,0.3614184641562495,0.5,0.4047042434982205,0.6666666666666666,0.0,1.0,2.1946944415165657,1.4390326375720084,0.5,0
1.87,67.0,19.159827275586945,Female,18.0,0,Automobile,1,1,0.3614184641562495,1.0,0.4047042434982205,0.6666666666666666,1.0,0.3333333333333333,0.5509853432240501,0.5165517806528838,0.0,1
1.7,50.0,17.301038062283737,Female,18.0,0,Public_Transport,0,0,0.3614184641562495,0.0,0.4047042434982205,0.6666666666666666,0.0,0.6666666666666666,0.5509853432240501,0.5165517806528838,0.0,0
1.65,50.0,18.36547291092746,Female,80.0,1,Bike,0,0,0.3614184641562495,1.0,1.6891141485841656,0.6666666666666666,0.5,0.0,1.0927237550684654,0.5165517806528838,1.0,0
1.7,78.0,26.989619377162633,Male,80.0,0,Public_Transport,0,0,0.3614184641562495,1.0,0.4047042434982205,0.6666666666666666,0.5,0.0,1.0927237550684654,2.472136198877776,1.0,3
1.67,60.0,21.513858510523864,Female,18.0,0,Automobile,0,0,2.766875794059256,0.5,1.6891141485841656,1.0,0.5,0.0,2.1946944415165657,1.4390326375720084,0.0,1
1.72,66.0,22.30935640886966,Female,49.0,0,Walking,1,0,0.3614184641562495,0.5,0.4047042434982205,0.3333333333333333,0.5,0.0,0.5509853432240501,0.5165517806528838,0.5,1
1.82,107.0,32.30286197319164,Male,49.0,0,Automobile,0,0,0.3614184641562495,0.5,0.4047042434982205,0.3333333333333333,1.0,0.0,0.5509853432240501,0.5165517806528838,0.5,4
1.5,50.0,22.22222222222222,Female,18.0,0,Bike,0,0,0.3614184641562495,0.5,0.4047042434982205,0.6666666666666666,0.0,0.0,2.1946944415165657,0.5165517806528838,0.0,1
1.7,60.0,20.761245674740486,Female,18.0,0,Automobile,0,0,0.3614184641562495,0.5,0.4047042434982205,0.3333333333333333,0.5,0.6666666666666666,0.5509853432240501,1.4390326375720084,0.0,1
1.71,71.0,24.280975342840534,Female,64.5,1,Automobile,1,0,0.3614184641562495,0.5,0.4047042434982205,0.6666666666666666,0.5,0.0,1.0927237550684654,0.5165517806528838,0.75,1
1.61,61.0,23.533042706685695,Female,64.5,0,Bike,0,0,2.766875794059256,0.5,0.4047042434982205,0.3333333333333333,0.0,0.6666666666666666,0.5509853432240501,0.5165517806528838,0.75,1
1.5,50.0,22.22222222222222,Female,18.0,1,Bike,1,0,0.3614184641562495,1.0,0.4047042434982205,0.6666666666666666,0.5,0.0,0.5509853432240501,0.5165517806528838,0.0,1
1.67,50.0,17.92821542543655,Male,18.0,0,Automobile,1,0,0.3614184641562495,0.5,2.1641155666736696,0.6666666666666666,1.0,0.3333333333333333,1.0927237550684654,1.4390326375720084,0.0,0
1.82,67.0,20.227025721531216,Male,33.5,0,Walking,0,0,0.3614184641562495,0.5,1.6891141485841656,1.0,1.0,1.0,2.1946944415165657,0.5165517806528838,0.25,1
1.57,57.0,23.124670372023203,Female,80.0,1,Bike,1,0,0.3614184641562495,1.0,0.4047042434982205,0.3333333333333333,0.5,0.0,1.0927237550684654,0.5165517806528838,1.0,1
1.79,52.0,16.22920632939047,Female,18.0,0,Automobile,0,0,2.766875794059256,1.0,0.4047042434982205,0.3333333333333333,0.5,0.3333333333333333,0.5509853432240501,0.5165517806528838,0.0,0
1.75,62.0,20.244897959183675,Female,33.5,0,Automobile,0,0,0.3614184641562495,1.0,1.6891141485841656,0.6666666666666666,0.5,0.0,1.0927237550684654,0.5165517806528838,0.25,1
1.7,55.0,19.031141868512112,Female,18.0,0,Automobile,1,0,0.3614184641562495,0.5,0.4047042434982205,0.6666666666666666,0.5,0.0,1.0927237550684654,0.5165517806528838,0.0,1
1.62,55.0,20.957171162932475,Female,18.0,0,Automobile,1,0,0.3614184641562495,0.5,0.4047042434982205,0.6666666666666666,0.0,0.3333333333333333,0.5509853432240501,1.4390326375720084,0.0,1
1.69,60.0,21.007667798746546,Female,18.0,0,Walking,0,0,2.766875794059256,0.5,0.4047042434982205,0.3333333333333333,1.0,0.6666666666666666,0.5509853432240501,0.5165517806528838,0.0,1
1.77,70.0,22.34351559258195,Female,33.5,0,Automobile,1,0,0.3614184641562495,0.0,2.1641155666736696,0.3333333333333333,0.5,0.3333333333333333,0.5509853432240501,0.5165517806528838,0.25,1
1.79,105.0,32.770512780499985,Female,33.5,0,Public_Transport,1,0,0.3614184641562495,0.5,0.4047042434982205,1.0,0.0,0.0,1.0927237550684654,0.5165517806528838,0.25,4
1.6,61.0,23.828124999999996,Female,33.5,0,Bike,0,0,0.3614184641562495,0.5,0.4047042434982205,0.3333333333333333,0.0,0.3333333333333333,0.5509853432240501,0.5165517806528838,0.25,1
1.6,58.0,22.656249999999996,Female,18.0,0,Public_Transport,1,0,0.3614184641562495,0.5,0.4047042434982205,0.3333333333333333,1.0,1.0,1.0927237550684654,1.4390326375720084,0.0,1
1.56,51.0,20.956607495069033,Female,18.0,0,Automobile,0,0,0.3614184641562495,1.0,0.4047042434982205,0.3333333333333333,0.0,0.0,2.1946944415165657,1.4390326375720084,0.0,1
1.88,79.0,22.351742870076958,Male,18.0,0,Automobile,0,0,2.766875794059256,0.5,0.4047042434982205,0.3333333333333333,1.0,1.0,1.0927237550684654,0.5165517806528838,0.0,1
1.82,71.0,21.434609346697258,Male,18.0,0,Automobile,1,0,0.3614184641562495,0.5,0.4047042434982205,0.6666666666666666,0.5,0.6666666666666666,0.5509853432240501,0.5165517806528838,0.0,1
1.8,58.0,17.901234567901234,Male,18.0,0,Walking,0,0,0.3614184641562495,0.5,0.4047042434982205,0.6666666666666666,0.5,0.6666666666666666,0.5509853432240501,1.4390326375720084,0.0,0
1.7,65.0,22.49134948096886,Female,33.5,0,Automobile,1,0,0.3614184641562495,0.5,0.4047042434982205,0.6666666666666666,0.0,0.3333333333333333,0.5509853432240501,1.4390326375720084,0.25,1
1.82,75.0,22.6421929718633,Male,18.0,1,Automobile,1,0,2.766875794059256,0.5,0.4047042434982205,0.6666666666666666,0.5,0.3333333333333333,1.0927237550684654,1.4390326375720084,0.0,1
1.86,110.0,31.795583304428252,Male,18.0,0,Public_Transport,1,0,0.3614184641562495,0.5,2.1641155666736696,0.3333333333333333,0.5,0.3333333333333333,2.1946944415165657,0.5165517806528838,0.0,4
1.66,58.0,21.04804761213529,Female,18.0,0,Walking,0,0,2.766875794059256,0.5,2.1641155666736696,0.3333333333333333,0.0,0.0,0.5509853432240501,1.4390326375720084,0.0,1
1.53,53.0,22.64086462471699,Male,33.5,0,Bike,0,0,0.3614184641562495,1.0,0.4047042434982205,0.3333333333333333,0.5,0.6666666666666666,0.5509853432240501,0.5165517806528838,0.25,1
1.74,80.0,26.42356982428326,Female,64.5,0,Bike,0,0,2.766875794059256,0.5,0.4047042434982205,0.3333333333333333,0.5,0.6666666666666666,1.0927237550684654,1.4390326375720084,0.75,2
1.8,80.0,24.691358024691358,Male,18.0,0,Bike,1,0,0.3614184641562495,0.5,0.4047042434982205,0.6666666666666666,0.0,0.0,0.5509853432240501,2.472136198877776,0.0,1
1.7,75.0,25.95155709342561,Male,49.0,0,Public_Transport,0,0,0.3614184641562495,1.0,0.4047042434982205,0.3333333333333333,1.0,0.3333333333333333,2.1946944415165657,0.5165517806528838,0.5,2
1.7,70.0,24.221453287197235,Female,64.5,0,Automobile,0,0,0.3614184641562495,0.5,0.4047042434982205,0.3333333333333333,0.0,0.0,1.0927237550684654,0.5165517806528838,0.75,1
1.72,55.0,18.591130340724717,Male,18.0,0,Automobile,0,0,0.3614184641562495,0.5,1.6891141485841656,0.3333333333333333,0.5,0.6666666666666666,0.5509853432240501,0.5165517806528838,0.0,1
1.84,45.0,13.291587901701323,Male,18.0,1,Walking,1,0,0.3614184641562495,1.0,0.4047042434982205,1.0,1.0,1.0,2.1946944415165657,0.5165517806528838,0.0,0
1.57,49.0,19.879102600511175,Female,18.0,1,Automobile,0,0,0.3614184641562495,0.5,1.6891141485841656,1.0,0.5,0.0,0.5509853432240501,0.5165517806528838,0.0,1
1.8,85.0,26.234567901234566,Female,33.5,1,Public_Transport,1,0,2.766875794059256,0.5,0.4047042434982205,0.3333333333333333,1.0,0.6666666666666666,0.5509853432240501,0.5165517806528838,0.25,2
1.75,120.0,39.183673469387756,Male,49.0,0,Public_Transport,1,0,0.3614184641562495,0.5,0.4047042434982205,0.3333333333333333,0.5,0.6666666666666666,0.5509853432240501,0.5165517806528838,0.5,5
1.56,60.0,24.654832347140037,Female,64.5,0,Automobile,1,0,0.3614184641562495,0.0,0.4047042434982205,1.0,0.5,0.0,2.1946944415165657,0.5165517806528838,0.75,1
1.59,48.0,18.986590720303784,Male,49.0,0,Public_Transport,1,0,0.3614184641562495,0.5,2.1641155666736696,0.6666666666666666,0.0,0.0,2.1946944415165657,0.5165517806528838,0.5,1
1.8,75.0,23.148148148148145,Male,33.5,0,Public_Transport,0,0,0.3614184641562495,1.0,1.6891141485841656,1.0,1.0,0.6666666666666666,1.0927237550684654,0.5165517806528838,0.25,1
1.66,58.0,21.04804761213529,Female,18.0,0,Walking,0,0,2.766875794059256,0.5,2.1641155666736696,0.3333333333333333,0.0,0.0,0.5509853432240501,1.4390326375720084,0.0,1
1.79,57.0,17.789706937985706,Female,18.0,0,Automobile,1,0,0.3614184641562495,0.5,1.6891141485841656,0.6666666666666666,0.5,0.6666666666666666,0.5509853432240501,1.4390326375720084,0.0,0
1.72,62.0,20.9572742022715,Female,18.0,0,Automobile,0,0,0.3614184641562495,0.5,0.4047042434982205,1.0,0.5,1.0,0.5509853432240501,1.4390326375720084,0.0,1
1.6,57.0,22.265624999999996,Female,18.0,0,Automobile,0,0,0.3614184641562495,1.0,0.4047042434982205,0.3333333333333333,0.0,1.0,1.0927237550684654,1.4390326375720084,0.0,1
1.66,56.0,20.322252866889244,Female,18.0,0,Public_Transport,1,0,0.3614184641562495,0.0,0.4047042434982205,1.0,0.5,0.3333333333333333,0.5509853432240501,0.5165517806528838,0.0,1
1.65,63.0,23.140495867768596,Female,64.5,0,Walking,0,0,0.3614184641562495,1.0,0.4047042434982205,0.3333333333333333,0.0,0.3333333333333333,1.0927237550684654,1.4390326375720084,0.75,1
1.7,72.0,24.913494809688583,Male,64.5,0,Automobile,0,0,0.3614184641562495,0.5,0.4047042434982205,1.0,0.5,0.0,1.0927237550684654,0.5165517806528838,0.75,1
1.75,75.0,24.489795918367346,Female,80.0,1,Public_Transport,1,0,2.766875794059256,1.0,0.4047042434982205,0.6666666666666666,0.0,0.6666666666666666,0.5509853432240501,1.4390326375720084,1.0,1
1.75,70.0,22.857142857142858,Male,18.0,0,Automobile,0,0,0.3614184641562495,1.0,1.6891141485841656,0.3333333333333333,0.5,0.3333333333333333,0.5509853432240501,1.4390326375720084,0.0,1
1.56,45.0,18.49112426035503,Male,64.5,0,Public_Transport,0,0,0.3614184641562495,0.5,0.4047042434982205,0.3333333333333333,0.0,0.0,1.0927237550684654,0.5165517806528838,0.75,1
1.55,63.0,26.22268470343392,Male,64.5,0,Automobile,0,0,0.3614184641562495,0.5,0.4047042434982205,0.3333333333333333,0.0,0.0,0.5509853432240501,0.5165517806528838,0.75,2
1.67,67.0,24.023808670084982,Male,33.5,0,Bike,1,0,0.3614184641562495,1.0,2.1641155666736696,1.0,0.5,0.3333333333333333,0.5509853432240501,1.4390326375720084,0.25,1
1.75,75.0,24.489795918367346,Female,80.0,0,Public_Transport,1,0,2.766875794059256,1.0,0.4047042434982205,0.6666666666666666,0.0,1.0,0.5509853432240501,1.4390326375720084,1.0,1
1.75,56.0,18.285714285714285,Female,49.0,0,Public_Transport,0,0,2.766875794059256,1.0,0.4047042434982205,0.6666666666666666,0.5,0.6666666666666666,1.0927237550684654,0.5165517806528838,0.5,0
1.8,72.0,22.22222222222222,Female,18.0,0,Public_Transport,1,0,0.3614184641562495,0.5,0.4047042434982205,0.3333333333333333,0.5,1.0,1.0927237550684654,0.5165517806528838,0.0,1
1.65,71.0,26.07897153351699,Male,80.0,0,Automobile,1,0,0.3614184641562495,0.5,0.4047042434982205,0.3333333333333333,0.0,0.0,1.0927237550684654,0.5165517806528838,1.0,2
1.55,58.0,24.141519250780433,Male,33.5,0,Bike,0,0,0.3614184641562495,0.5,2.1641155666736696,0.3333333333333333,0.0,0.3333333333333333,1.0927237550684654,0.5165517806528838,0.25,1
1.7,55.3,19.134948096885815,Male,18.0,0,Automobile,1,0,0.3614184641562495,1.0,0.4047042434982205,0.3333333333333333,0.5,1.0,1.0927237550684654,0.5165517806528838,0.0,1
1.72,76.0,25.689561925365066,Male,49.0,0,Automobile,1,0,2.766875794059256,1.0,1.6891141485841656,0.6666666666666666,0.0,0.0,1.0927237550684654,0.5165517806528838,0.5,2
1.74,74.0,24.441802087462015,Female,18.0,0,Walking,1,0,2.766875794059256,1.0,2.1641155666736696,0.3333333333333333,1.0,1.0,0.5509853432240501,0.5165517806528838,0.0,1
1.65,82.0,30.119375573921033,Female,18.0,0,Bike,1,0,0.3614184641562495,1.0,0.4047042434982205,0.3333333333333333,0.0,0.0,0.5509853432240501,0.5165517806528838,0.0,4
1.8,50.0,15.432098765432098,Female,18.0,1,Automobile,0,0,0.3614184641562495,1.0,1.6891141485841656,0.6666666666666666,0.0,0.6666666666666666,0.5509853432240501,0.5165517806528838,0.0,0
1.74,56.0,18.49649887699828,Male,18.0,0,Bike,1,0,0.3614184641562495,0.5,0.4047042434982205,0.3333333333333333,0.5,0.6666666666666666,0.5509853432240501,1.4390326375720084,0.0,1
1.85,75.0,21.913805697589478,Female,64.5,0,Walking,1,0,0.3614184641562495,0.5,2.1641155666736696,0.3333333333333333,0.5,0.3333333333333333,1.0927237550684654,1.4390326375720084,0.75,1
1.7,56.0,19.377162629757787,Female,49.0,0,Public_Transport,0,1,2.766875794059256,1.0,1.6891141485841656,1.0,1.0,1.0,1.0927237550684654,1.4390326375720084,0.5,1
1.45,53.0,25.20808561236623,Female,18.0,0,Automobile,0,1,0.3614184641562495,0.5,0.4047042434982205,0.6666666666666666,0.5,0.3333333333333333,2.1946944415165657,2.472136198877776,0.0,2
1.7,50.0,17.301038062283737,Female,18.0,0,Bike,0,0,0.3614184641562495,0.0,1.6891141485841656,0.6666666666666666,0.0,0.6666666666666666,0.5509853432240501,0.5165517806528838,0.0,0
1.7,65.0,22.49134948096886,Male,33.5,0,Automobile,0,0,0.3614184641562495,0.5,0.4047042434982205,0.3333333333333333,0.5,0.0,0.5509853432240501,1.4390326375720084,0.25,1
1.78,64.4,20.32571644994319,Male,18.0,1,Walking,1,0,0.3614184641562495,1.0,0.4047042434982205,0.6666666666666666,0.5,1.0,2.1946944415165657,1.4390326375720084,0.0,1
1.6,65.0,25.390624999999996,Male,18.0,0,Automobile,0,1,0.3614184641562495,1.0,2.1641155666736696,0.3333333333333333,0.5,0.3333333333333333,2.1946944415165657,0.5165517806528838,0.0,2
1.53,42.0,17.941817249775728,Female,18.0,0,Automobile,0,1,2.766875794059256,0.5,0.4047042434982205,0.3333333333333333,0.0,0.6666666666666666,1.0927237550684654,2.472136198877776,0.0,0
1.8,72.0,22.22222222222222,Male,33.5,0,Public_Transport,0,0,0.3614184641562495,1.0,0.4047042434982205,0.3333333333333333,0.5,0.3333333333333333,0.5509853432240501,1.4390326375720084,0.25,1
1.6,50.0,19.531249999999996,Male,33.5,0,Public_Transport,0,0,2.766875794059256,0.5,0.4047042434982205,0.3333333333333333,0.0,0.0,1.0927237550684654,0.5165517806528838,0.25,1
1.74,105.0,34.68093539437178,Male,49.0,0,Public_Transport,1,0,0.3614184641562495,1.0,0.4047042434982205,0.3333333333333333,0.5,0.3333333333333333,1.0927237550684654,0.5165517806528838,0.5,4
1.65,66.0,24.242424242424246,Male,49.0,0,Public_Transport,0,0,2.766875794059256,1.0,0.4047042434982205,0.3333333333333333,0.5,1.0,1.0927237550684654,1.4390326375720084,0.5,1
1.7,55.0,19.031141868512112,Female,18.0,0,Automobile,0,0,0.3614184641562495,1.0,0.4047042434982205,1.0,0.5,1.0,0.5509853432240501,0.5165517806528838,0.0,1
1.54,47.0,19.81784449316917,Female,33.5,0,Automobile,1,0,2.766875794059256,1.0,0.4047042434982205,1.0,0.0,0.6666666666666666,1.0927237550684654,1.4390326375720084,0.25,1
1.8,97.0,29.93827160493827,Male,18.0,0,Walking,1,0,0.3614184641562495,0.5,0.4047042434982205,0.3333333333333333,1.0,0.3333333333333333,0.5509853432240501,0.5165517806528838,0.0,3
1.82,80.0,24.151672503320853,Male,18.0,1,Walking,1,0,0.3614184641562495,0.5,0.4047042434982205,0.3333333333333333,0.5,1.0,2.1946944415165657,1.4390326375720084,0.0,1
1.98,125.0,31.88450158147128,Male,33.5,0,Bike,1,0,0.3614184641562495,0.5,0.4047042434982205,1.0,1.0,0.3333333333333333,0.5509853432240501,0.5165517806528838,0.25,4
1.75,70.0,22.857142857142858,Male,18.0,1,Walking,1,0,2.766875794059256,0.5,0.4047042434982205,0.3333333333333333,0.0,1.0,2.1946944415165657,0.5165517806528838,0.0,1
1.65,60.0,22.03856749311295,Male,64.5,0,Walking,0,0,2.766875794059256,1.0,1.6891141485841656,1.0,0.5,0.6666666666666666,1.0927237550684654,1.4390326375720084,0.75,1
1.6,53.0,20.703124999999996,Male,18.0,1,Walking,0,0,0.3614184641562495,0.0,0.4047042434982205,0.3333333333333333,0.0,0.6666666666666666,2.1946944415165657,0.5165517806528838,0.0,1
1.6,51.0,19.921874999999996,Male,64.5,0,Bike,1,0,0.3614184641562495,0.0,0.4047042434982205,0.3333333333333333,0.5,0.0,0.5509853432240501,0.5165517806528838,0.75,1
1.6,59.0,23.046874999999996,Female,18.0,1,Automobile,0,0,0.3614184641562495,0.5,0.4047042434982205,0.3333333333333333,0.5,0.3333333333333333,2.1946944415165657,1.4390326375720084,0.0,1
1.55,62.0,25.806451612903224,Female,64.5,1,Automobile,0,0,0.3614184641562495,1.0,2.1641155666736696,0.3333333333333333,0.0,0.3333333333333333,1.0927237550684654,0.5165517806528838,0.75,2
1.9,60.0,16.62049861495845,Male,18.0,0,Walking,0,0,2.766875794059256,1.0,0.4047042434982205,0.3333333333333333,0.5,1.0,0.5509853432240501,1.4390326375720084,0.0,0
1.7,56.0,19.377162629757787,Male,18.0,1,Bike,1,0,0.3614184641562495,0.0,0.4047042434982205,0.3333333333333333,0.0,0.3333333333333333,0.5509853432240501,1.4390326375720084,0.0,1
1.75,110.0,35.91836734693877,Female,80.0,0,Bike,1,0,2.766875794059256,0.5,2.1641155666736696,0.3333333333333333,0.0,0.3333333333333333,1.0927237550684654,2.472136198877776,1.0,5
1.56,48.0,19.72386587771203,Female,80.0,0,Automobile,1,0,2.766875794059256,0.5,0.4047042434982205,0.3333333333333333,0.5,0.3333333333333333,1.0927237550684654,0.5165517806528838,1.0,1
1.87,75.0,21.447567845806283,Female,33.5,0,Bike,0,0,0.3614184641562495,0.5,0.4047042434982205,0.6666666666666666,0.0,0.3333333333333333,0.5509853432240501,0.5165517806528838,0.25,1
1.56,80.0,32.87310979618672,Female,80.0,0,Bike,1,0,0.3614184641562495,0.5,2.1641155666736696,0.3333333333333333,0.5,0.6666666666666666,1.0927237550684654,1.4390326375720084,1.0,4
1.65,73.0,26.813590449954088,Male,80.0,0,Bike,1,0,2.766875794059256,1.0,0.4047042434982205,0.3333333333333333,0.5,0.3333333333333333,1.0927237550684654,0.5165517806528838,1.0,2
1.8,80.0,24.691358024691358,Male,18.0,0,Automobile,0,0,0.3614184641562495,0.5,2.1641155666736696,0.3333333333333333,0.5,0.6666666666666666,0.5509853432240501,0.5165517806528838,0.0,1
1.84,86.0,25.401701323251416,Female,64.5,0,Public_Transport,1,0,0.3614184641562495,0.5,2.1641155666736696,1.0,0.5,0.6666666666666666,0.5509853432240501,0.5165517806528838,0.75,2
1.7,68.0,23.529411764705884,Male,64.5,0,Automobile,0,0,0.3614184641562495,1.0,0.4047042434982205,0.3333333333333333,0.5,0.0,1.0927237550684654,0.5165517806528838,0.75,1
1.72,83.0,28.055705786911847,Female,80.0,1,Automobile,1,0,0.3614184641562495,0.5,2.1641155666736696,0.3333333333333333,0.5,1.0,1.0927237550684654,0.5165517806528838,1.0,3
1.58,63.0,25.236340330075304,Female,80.0,0,Public_Transport,0,0,0.3614184641562495,0.5,0.4047042434982205,0.6666666666666666,0.5,1.0,0.5509853432240501,0.5165517806528838,1.0,2
1.68,83.0,29.40759637188209,Female,80.0,0,Bike,1,0,0.3614184641562495,0.5,2.1641155666736696,0.3333333333333333,0.5,0.0,1.0927237550684654,1.4390326375720084,1.0,3
1.58,74.0,29.642685467072578,Male,33.5,0,Automobile,0,0,2.766875794059256,1.0,0.4047042434982205,0.6666666666666666,0.5,1.0,0.5509853432240501,0.5165517806528838,0.25,3
1.8,60.0,18.51851851851852,Female,18.0,0,Bike,0,0,0.3614184641562495,0.5,0.4047042434982205,0.3333333333333333,0.0,0.3333333333333333,0.5509853432240501,1.4390326375720084,0.0,1
1.62,69.0,26.291723822588015,Male,18.0,0,Bike,1,1,0.3614184641562495,1.0,2.1641155666736696,1.0,0.5,0.3333333333333333,2.1946944415165657,0.5165517806528838,0.0,2
1.62,58.0,22.10028959000152,Female,18.0,0,Public_Transport,0,0,0.3614184641562495,1.0,0.4047042434982205,0.3333333333333333,0.0,0.0,2.1946944415165657,1.4390326375720084,0.0,1
1.54,56.0,23.61275088547816,Female,33.5,0,Public_Transport,0,0,0.3614184641562495,0.5,2.1641155666736696,0.3333333333333333,0.5,0.0,2.1946944415165657,0.5165517806528838,0.25,1
1.76,70.0,22.59814049586777,Male,18.0,1,Bike,1,0,0.3614184641562495,0.5,1.6891141485841656,0.6666666666666666,0.5,0.6666666666666666,0.5509853432240501,0.5165517806528838,0.0,1
1.8,92.0,28.39506172839506,Female,80.0,0,Bike,1,0,0.3614184641562495,0.5,2.1641155666736696,0.6666666666666666,1.0,0.3333333333333333,1.0927237550684654,0.5165517806528838,1.0,3
1.58,60.0,24.034609838166958,Female,80.0,0,Automobile,1,0,2.766875794059256,1.0,0.4047042434982205,0.3333333333333333,0.0,0.6666666666666666,1.0927237550684654,0.5165517806528838,1.0,1
1.76,68.0,21.952479338842977,Male,18.0,0,Automobile,0,0,2.766875794059256,0.5,1.6891141485841656,0.6666666666666666,0.5,0.3333333333333333,0.5509853432240501,0.5165517806528838,0.0,1
1.73,70.0,23.38868655818771,Male,18.0,0,Automobile,0,0,0.3614184641562495,1.0,0.4047042434982205,0.6666666666666666,0.0,0.6666666666666666,0.5509853432240501,0.5165517806528838,0.0,1
1.7,70.0,24.221453287197235,Male,18.0,0,Walking,1,0,0.3614184641562495,1.0,0.4047042434982205,0.3333333333333333,0.5,0.0,2.1946944415165657,0.5165517806528838,0.0,1
1.7,83.0,28.719723183391007,Male,64.5,0,Bike,0,1,0.3614184641562495,1.0,0.4047042434982205,0.3333333333333333,1.0,1.0,1.0927237550684654,1.4390326375720084,0.75,3
1.8,75.0,23.148148148148145,Male,33.5,0,Bike,1,0,0.3614184641562495,1.0,0.4047042434982205,0.6666666666666666,0.0,0.6666666666666666,1.0927237550684654,0.5165517806528838,0.25,1
1.6,56.0,21.874999999999996,Female,80.0,0,Automobile,1,0,2.766875794059256,0.5,0.4047042434982205,0.6666666666666666,0.0,0.0,0.5509853432240501,0.5165517806528838,1.0,1
1.7,98.0,33.91003460207613,Male,18.0,1,Automobile,1,0,2.766875794059256,0.5,0.4047042434982205,0.3333333333333333,0.5,0.0,0.5509853432240501,0.5165517806528838,0.0,4
1.6,60.0,23.437499999999996,Male,18.0,1,Walking,1,1,0.3614184641562495,1.0,2.1641155666736696,0.3333333333333333,0.0,0.0,2.1946944415165657,1.4390326375720084,0.0,1
1.55,45.0,18.730489073881373,Female,18.0,0,Bike,0,0,0.3614184641562495,0.5,0.4047042434982205,0.6666666666666666,0.5,0.3333333333333333,0.5509853432240501,1.4390326375720084,0.0,1
1.59,53.0,20.964360587002094,Male,18.0,0,Automobile,0,0,2.766875794059256,0.0,0.4047042434982205,0.3333333333333333,0.0,0.3333333333333333,2.1946944415165657,1.4390326375720084,0.0,1
1.5,75.0,33.333333333333336,Female,80.0,0,Public_Transport,1,0,0.3614184641562495,0.5,0.4047042434982205,0.6666666666666666,0.0,0.0,1.0927237550684654,0.5165517806528838,1.0,4
1.78,108.0,34.086605226612804,Male,18.0,0,Automobile,1,0,2.766875794059256,0.5,0.4047042434982205,0.3333333333333333,1.0,0.3333333333333333,1.0927237550684654,1.4390326375720084,0.0,4
1.61,65.0,25.076193048107708,Male,18.0,0,Bike,1,0,0.3614184641562495,0.0,2.1641155666736696,0.3333333333333333,0.5,0.0,1.0927237550684654,1.4390326375720084,0.0,2
1.71,50.0,17.09927841045108,Female,49.0,0,Public_Transport,1,0,0.3614184641562495,0.5,0.4047042434982205,1.0,1.0,0.0,2.1946944415165657,1.4390326375720084,0.5,0
1.7,50.0,17.301038062283737,Female,18.0,0,Walking,0,0,2.766875794059256,0.5,0.4047042434982205,0.3333333333333333,0.5,0.0,0.5509853432240501,0.5165517806528838,0.0,0
1.76,69.5,22.43672520661157,Female,18.0,0,Automobile,0,0,2.766875794059256,1.0,0.4047042434982205,0.6666666666666666,1.0,0.6666666666666666,2.1946944415165657,1.4390326375720084,0.0,1
1.7,78.0,26.989619377162633,Female,18.0,0,Bike,0,0,0.3614184641562495,0.0,0.4047042434982205,0.3333333333333333,0.5,0.0,0.5509853432240501,0.5165517806528838,0.0,3
1.53,55.0,23.49523687470631,Female,18.0,1,Automobile,1,0,0.3614184641562495,0.5,0.4047042434982205,0.3333333333333333,0.0,0.0,0.5509853432240501,1.4390326375720084,0.0,1
1.54,39.0,16.444594366672288,Male,33.5,1,Bike,1,0,0.3614184641562495,0.0,0.4047042434982205,0.3333333333333333,0.5,1.0,2.1946944415165657,0.5165517806528838,0.25,0
1.55,59.0,24.55775234131113,Male,80.0,0,Bike,1,0,2.766875794059256,1.0,0.4047042434982205,0.3333333333333333,0.0,0.6666666666666666,0.5509853432240501,2.472136198877776,1.0,1
1.66,60.0,21.773842357381334,Female,33.5,0,Automobile,0,0,0.3614184641562495,0.5,1.6891141485841656,0.6666666666666666,1.0,0.0,1.0927237550684654,1.4390326375720084,0.25,1
1.85,125.0,36.523009495982464,Female,33.5,1,Bike,1,0,0.3614184641562495,1.0,2.1641155666736696,1.0,0.0,0.0,1.0927237550684654,0.5165517806528838,0.25,5
1.65,60.0,22.03856749311295,Female,33.5,0,Public_Transport,0,0,2.766875794059256,1.0,2.1641155666736696,0.6666666666666666,0.0,0.0,1.0927237550684654,0.5165517806528838,0.25,1
1.65,70.0,25.71166207529844,Male,18.0,0,Automobile,1,0,2.766875794059256,0.5,0.4047042434982205,0.3333333333333333,0.5,0.0,1.0927237550684654,1.4390326375720084,0.0,2
1.83,82.0,24.48565200513601,Male,64.5,0,Automobile,0,0,0.3614184641562495,0.5,0.4047042434982205,1.0,0.5,0.3333333333333333,0.5509853432240501,0.5165517806528838,0.75,1
1.83,99.0,29.56194571351787,Female,64.5,0,Walking,1,0,0.3614184641562495,1.0,2.1641155666736696,0.6666666666666666,0.5,0.6666666666666666,0.5509853432240501,0.5165517806528838,0.75,3
1.66,112.0,40.64450573377849,Male,64.5,0,Public_Transport,1,0,2.766875794059256,1.0,0.4047042434982205,0.3333333333333333,1.0,0.0,1.0927237550684654,1.4390326375720084,0.75,6
1.78,73.0,23.04002019946976,Female,80.0,1,Bike,0,0,0.3614184641562495,0.5,0.4047042434982205,0.3333333333333333,0.5,1.0,0.5509853432240501,0.5165517806528838,1.0,1
1.74,86.0,28.405337561104506,Female,18.0,1,Public_Transport,0,0,2.766875794059256,1.0,0.4047042434982205,0.3333333333333333,0.5,1.0,1.0927237550684654,1.4390326375720084,0.0,3
1.76,66.5,21.46823347107438,Male,80.0,0,Bike,0,0,2.766875794059256,0.5,0.4047042434982205,0.3333333333333333,0.5,1.0,0.5509853432240501,0.5165517806528838,1.0,1
1.51,59.0,25.876058067628612,Female,18.0,0,Walking,1,0,0.3614184641562495,1.0,0.4047042434982205,0.6666666666666666,0.0,0.3333333333333333,2.1946944415165657,0.5165517806528838,0.0,2
1.81,79.0,24.114038033027075,Female,33.5,1,Public_Transport,1,0,2.766875794059256,1.0,2.1641155666736696,0.3333333333333333,0.5,0.0,1.0927237550684654,0.5165517806528838,0.25,1
1.55,55.0,22.892819979188342,Male,80.0,0,Automobile,1,0,0.3614184641562495,1.0,2.1641155666736696,0.3333333333333333,1.0,0.6666666666666666,0.5509853432240501,0.5165517806528838,1.0,1
1.83,66.0,19.70796380901191,Female,33.5,1,Public_Transport,0,0,2.766875794059256,0.5,0.4047042434982205,0.3333333333333333,0.5,0.3333333333333333,0.5509853432240501,1.4390326375720084,0.25,1
1.6,65.0,25.390624999999996,Female,33.5,0,Public_Transport,0,1,2.766875794059256,1.0,0.4047042434982205,0.3333333333333333,0.5,0.0,1.0927237550684654,0.5165517806528838,0.25,2
1.85,85.0,24.835646457268076,Female,80.0,0,Bike,0,0,0.3614184641562495,0.5,0.4047042434982205,0.6666666666666666,0.5,0.3333333333333333,1.0927237550684654,0.5165517806528838,1.0,1
1.75,85.0,27.755102040816325,Male,80.0,0,Automobile,0,1,2.766875794059256,0.5,0.4047042434982205,0.3333333333333333,0.5,0.3333333333333333,1.0927237550684654,0.5165517806528838,1.0,3
1.83,113.0,33.74242288512645,Female,80.0,0,Automobile,1,0,0.3614184641562495,0.5,2.1641155666736696,1.0,0.5,0.3333333333333333,2.1946944415165657,2.472136198877776,1.0,4
1.71,72.0,24.622960911049557,Male,18.0,0,Walking,1,0,0.3614184641562495,1.0,0.4047042434982205,0.3333333333333333,1.0,0.6666666666666666,0.5509853432240501,1.4390326375720084,0.0,1
1.84,88.0,25.99243856332703,Male,80.0,0,Automobile,0,1,0.3614184641562495,1.0,0.4047042434982205,0.3333333333333333,0.0,0.6666666666666666,1.0927237550684654,1.4390326375720084,1.0,2
1.77,87.0,27.769797950780426,Female,18.0,0,Automobile,1,0,0.3614184641562495,1.0,0.4047042434982205,0.3333333333333333,0.5,0.3333333333333333,0.5509853432240501,2.472136198877776,0.0,3
1.7,90.0,31.14186851211073,Male,18.0,0,Automobile,0,0,0.3614184641562495,1.0,0.4047042434982205,0.3333333333333333,0.5,0.6666666666666666,1.0927237550684654,0.5165517806528838,0.0,4
1.62,89.0,33.91251333638164,Male,80.0,0,Bike,1,0,0.3614184641562495,0.0,0.4047042434982205,0.3333333333333333,0.0,0.0,1.0927237550684654,0.5165517806528838,1.0,4
1.85,60.0,17.531044558071585,Female,18.0,1,Bike,1,1,0.3614184641562495,1.0,1.6891141485841656,0.3333333333333333,0.5,0.6666666666666666,1.0927237550684654,0.5165517806528838,0.0,0
1.84,60.0,17.72211720226843,Female,18.0,1,Automobile,1,1,0.3614184641562495,1.0,1.6891141485841656,0.3333333333333333,0.5,0.6666666666666666,1.0927237550684654,0.5165517806528838,0.0,0
1.75,58.0,18.93877551020408,Female,18.0,0,Bike,0,0,0.3614184641562495,0.5,0.4047042434982205,0.3333333333333333,0.5,0.6666666666666666,1.0927237550684654,0.5165517806528838,0.0,1
1.85,93.0,27.173119065010955,Female,80.0,1,Walking,1,0,0.3614184641562495,0.5,0.4047042434982205,0.3333333333333333,0.0,0.3333333333333333,0.5509853432240501,0.5165517806528838,1.0,3
1.74,76.0,25.102391333069097,Male,80.0,0,Walking,0,0,2.766875794059256,0.5,0.4047042434982205,0.3333333333333333,0.0,0.0,2.1946944415165657,0.5165517806528838,1.0,2
1.61,53.8,20.755372092126073,Male,18.0,0,Automobile,1,0,0.3614184641562495,0.5,0.4047042434982205,1.0,0.5,0.6666666666666666,0.5509853432240501,0.5165517806528838,0.0,1
1.75,70.0,22.857142857142858,Male,49.0,1,Automobile,0,0,2.766875794059256,0.5,0.4047042434982205,0.3333333333333333,1.0,0.3333333333333333,0.5509853432240501,1.4390326375720084,0.5,1
1.67,60.0,21.513858510523864,Female,33.5,0,Automobile,0,0,0.3614184641562495,1.0,0.4047042434982205,0.0,0.5,1.0,1.0927237550684654,0.5165517806528838,0.25,1
1.7,69.0,23.87543252595156,Female,49.0,0,Bike,0,0,0.3614184641562495,1.0,2.1641155666736696,0.6666666666666666,0.0,0.6666666666666666,0.5509853432240501,0.5165517806528838,0.5,1
1.9,80.0,22.1606648199446,Female,64.5,1,Automobile,1,1,0.3614184641562495,0.5,0.4047042434982205,0.6666666666666666,0.0,0.3333333333333333,1.0927237550684654,0.5165517806528838,0.75,1
1.65,85.0,31.22130394857668,Female,18.0,0,Automobile,0,0,0.3614184641562495,0.5,0.4047042434982205,0.3333333333333333,0.0,0.3333333333333333,1.0927237550684654,0.5165517806528838,0.0,4
1.6,55.0,21.484374999999996,Male,18.0,1,Automobile,0,0,0.3614184641562495,0.5,1.6891141485841656,0.6666666666666666,0.5,0.6666666666666666,0.5509853432240501,0.5165517806528838,0.0,1
1.8,70.0,21.604938271604937,Male,18.0,1,Public_Transport,0,0,0.3614184641562495,1.0,0.4047042434982205,0.6666666666666666,0.0,0.6666666666666666,1.0927237550684654,1.4390326375720084,0.0,1
1.64,59.0,21.936347412254616,Male,18.0,0,Automobile,1,0,0.3614184641562495,0.5,0.4047042434982205,0.3333333333333333,0.0,0.3333333333333333,0.5509853432240501,0.5165517806528838,0.0,1
1.89,87.0,24.355421180818006,Female,18.0,1,Bike,0,0,0.3614184641562495,0.5,1.6891141485841656,0.6666666666666666,0.5,1.0,0.5509853432240501,2.472136198877776,0.0,1
1.76,80.0,25.826446280991735,Male,18.0,0,Bike,1,0,0.3614184641562495,0.5,2.1641155666736696,0.3333333333333333,1.0,1.0,0.5509853432240501,1.4390326375720084,0.0,2
1.56,55.0,22.600262984878366,Female,18.0,0,Public_Transport,0,0,0.3614184641562495,0.5,0.4047042434982205,0.3333333333333333,0.0,0.0,1.0927237550684654,2.472136198877776,0.0,1
1.6,56.0,21.874999999999996,Male,18.0,0,Walking,1,0,0.3614184641562495,0.5,2.1641155666736696,1.0,0.5,0.3333333333333333,1.0927237550684654,0.5165517806528838,0.0,1
1.67,64.0,22.948115744558788,Male,18.0,1,Public_Transport,0,0,0.3614184641562495,1.0,0.4047042434982205,0.3333333333333333,0.5,0.6666666666666666,0.5509853432240501,0.5165517806528838,0.0,1
1.6,60.0,23.437499999999996,Male,18.0,0,Automobile,0,0,0.3614184641562495,0.5,0.4047042434982205,0.6666666666666666,0.5,0.0,0.5509853432240501,0.5165517806528838,0.0,1
1.55,56.0,23.309053069719038,Female,18.0,0,Automobile,0,0,0.3614184641562495,0.5,0.4047042434982205,0.3333333333333333,0.0,0.0,1.0927237550684654,1.4390326375720084,0.0,1
1.55,50.0,20.811654526534856,Female,18.0,0,Public_Transport,1,0,0.3614184641562495,1.0,0.4047042434982205,0.6666666666666666,0.0,0.3333333333333333,2.1946944415165657,1.4390326375720084,0.0,1
1.72,65.0,21.971335857220122,Male,64.5,0,Walking,1,0,0.3614184641562495,0.5,0.4047042434982205,0.3333333333333333,0.5,0.0,0.5509853432240501,0.5165517806528838,0.75,1
1.72,53.0,17.915089237425637,Male,18.0,0,Bike,1,0,0.3614184641562495,0.5,0.4047042434982205,0.3333333333333333,0.5,0.0,2.1946944415165657,0.5165517806528838,0.0,0
1.7,60.0,20.761245674740486,Female,18.0,0,Bike,1,0,0.3614184641562495,0.5,2.1641155666736696,0.3333333333333333,0.5,0.6666666666666666,1.0927237550684654,0.5165517806528838,0.0,1
1.51,45.0,19.735976492259113,Male,18.0,0,Bike,0,0,0.3614184641562495,0.5,1.6891141485841656,0.3333333333333333,0.0,1.0,1.0927237550684654,0.5165517806528838,0.0,1
1.83,82.0,24.48565200513601,Female,18.0,0,Bike,1,0,0.3614184641562495,1.0,0.4047042434982205,0.6666666666666666,0.5,0.6666666666666666,1.0927237550684654,0.5165517806528838,0.0,1
1.8,87.0,26.85185185185185,Female,18.0,1,Public_Transport,1,0,0.3614184641562495,0.5,1.6891141485841656,0.3333333333333333,0.5,0.6666666666666666,0.5509853432240501,0.5165517806528838,0.0,2
1.6,100.5,39.25781249999999,Male,64.5,0,Public_Transport,1,0,0.3614184641562495,1.0,2.1641155666736696,0.3333333333333333,0.0,0.0,2.1946944415165657,0.5165517806528838,0.75,5
1.63,63.0,23.711844630960897,Male,18.0,0,Public_Transport,1,0,0.3614184641562495,0.0,0.4047042434982205,0.3333333333333333,0.5,0.6666666666666666,2.1946944415165657,0.5165517806528838,0.0,1
1.71,71.0,24.280975342840534,Female,18.0,1,Automobile,0,0,0.3614184641562495,1.0,0.4047042434982205,0.3333333333333333,0.5,0.3333333333333333,0.5509853432240501,0.5165517806528838,0.0,1
1.7,65.0,22.49134948096886,Male,18.0,0,Public_Transport,1,0,2.766875794059256,0.5,0.4047042434982205,0.6666666666666666,0.5,0.3333333333333333,1.0927237550684654,1.4390326375720084,0.0,1
1.75,69.0,22.53061224489796,Male,49.0,1,Automobile,0,0,2.766875794059256,1.0,0.4047042434982205,0.0,0.5,0.6666666666666666,0.5509853432240501,0.5165517806528838,0.5,1
1.62,50.0,19.05197378448407,Female,18.0,0,Automobile,0,0,0.3614184641562495,1.0,0.4047042434982205,0.3333333333333333,0.0,0.0,1.0927237550684654,0.5165517806528838,0.0,1
1.68,68.0,24.092970521541954,Female,33.5,1,Public_Transport,0,0,0.3614184641562495,1.0,2.1641155666736696,0.3333333333333333,0.0,0.3333333333333333,1.0927237550684654,1.4390326375720084,0.25,1
1.85,66.0,19.284149013878743,Female,18.0,0,Automobile,0,0,0.3614184641562495,0.5,0.4047042434982205,0.6666666666666666,0.0,0.3333333333333333,0.5509853432240501,0.5165517806528838,0.0,1
1.59,60.0,23.73323840037973,Female,80.0,0,Automobile,0,0,0.3614184641562495,1.0,2.1641155666736696,0.6666666666666666,0.5,0.0,1.0927237550684654,1.4390326375720084,1.0,1
1.5,45.0,20.0,Male,18.0,0,Automobile,0,0,0.3614184641562495,0.5,0.4047042434982205,0.3333333333333333,0.0,0.0,1.0927237550684654,0.5165517806528838,0.0,1
1.69,60.0,21.007667798746546,Male,18.0,1,Public_Transport,0,0,0.3614184641562495,0.5,0.4047042434982205,1.0,0.0,0.3333333333333333,0.5509853432240501,0.5165517806528838,0.0,1
1.76,79.0,25.50361570247934,Female,18.0,0,Bike,1,0,0.3614184641562495,0.5,0.4047042434982205,0.6666666666666666,1.0,0.3333333333333333,2.1946944415165657,2.472136198877776,0.0,2
1.62,55.0,20.957171162932475,Female,18.0,0,Bike,1,0,0.3614184641562495,0.5,0.4047042434982205,0.6666666666666666,0.0,0.3333333333333333,0.5509853432240501,1.4390326375720084,0.0,1
1.71,100.0,34.19855682090216,Male,33.5,0,Automobile,1,0,0.3614184641562495,0.5,2.1641155666736696,0.3333333333333333,0.5,0.0,2.1946944415165657,1.4390326375720084,0.25,4
1.72,88.0,29.745808545159548,Female,64.5,0,Public_Transport,1,0,0.3614184641562495,0.5,2.1641155666736696,1.0,0.5,0.0,1.0927237550684654,0.5165517806528838,0.75,3
1.8,68.0,20.98765432098765,Male,18.0,0,Public_Transport,1,0,2.766875794059256,0.5,0.4047042434982205,0.3333333333333333,0.0,0.6666666666666666,0.5509853432240501,0.5165517806528838,0.0,1
1.93,86.0,23.087868130688072,Male,18.0,0,Walking,0,0,2.766875794059256,1.0,1.6891141485841656,1.0,0.5,0.6666666666666666,1.0927237550684654,0.5165517806528838,0.0,1
1.6,51.0,19.921874999999996,Male,18.0,1,Automobile,1,0,0.3614184641562495,0.5,0.4047042434982205,0.6666666666666666,0.0,0.3333333333333333,0.5509853432240501,0.5165517806528838,0.0,1
1.74,75.0,24.772096710265558,Male,49.0,0,Automobile,1,0,0.3614184641562495,1.0,0.4047042434982205,0.6666666666666666,0.0,0.3333333333333333,1.0927237550684654,1.4390326375720084,0.5,1
1.74,75.0,24.772096710265558,Male,49.0,0,Automobile,1,0,0.3614184641562495,1.0,0.4047042434982205,0.6666666666666666,0.0,0.3333333333333333,1.0927237550684654,1.4390326375720084,0.5,1
1.62,45.0,17.146776406035663,Male,33.5,0,Public_Transport,0,0,0.3614184641562495,1.0,0.4047042434982205,0.6666666666666666,0.0,0.3333333333333333,1.0927237550684654,0.5165517806528838,0.25,0
1.54,42.0,17.70956316410862,Male,18.0,0,Bike,0,0,0.3614184641562495,1.0,2.1641155666736696,0.3333333333333333,0.5,0.0,0.5509853432240501,1.4390326375720084,0.0,0
1.56,51.5,21.1620644312952,Female,33.5,0,Public_Transport,0,0,0.3614184641562495,0.5,0.4047042434982205,0.6666666666666666,0.5,1.0,1.0927237550684654,0.5165517806528838,0.25,1
1.6,83.0,32.42187499999999,Female,18.0,0,Automobile,1,1,0.3614184641562495,0.5,0.4047042434982205,0.3333333333333333,0.5,0.3333333333333333,1.0927237550684654,1.4390326375720084,0.0,4
1.54,71.0,29.93759487265981,Female,18.0,0,Public_Transport,0,0,2.766875794059256,1.0,1.6891141485841656,0.6666666666666666,0.5,0.3333333333333333,0.5509853432240501,1.4390326375720084,0.0,3
1.63,51.0,19.195302796492154,Female,18.0,0,Public_Transport,1,0,0.3614184641562495,0.0,0.4047042434982205,0.6666666666666666,0.0,0.3333333333333333,1.0927237550684654,0.5165517806528838,0.0,1
1.78,64.0,20.199469763918696,Male,18.0,0,Bike,0,0,0.3614184641562495,0.5,0.4047042434982205,0.3333333333333333,0.0,0.3333333333333333,1.0927237550684654,1.4390326375720084,0.0,1
1.62,68.0,25.910684346898332,Male,18.0,1,Public_Transport,0,0,2.766875794059256,0.5,2.1641155666736696,0.3333333333333333,0.0,0.0,2.1946944415165657,1.4390326375720084,0.0,2
1.71,75.0,25.64891761567662,Female,18.0,1,Automobile,1,0,0.3614184641562495,1.0,0.4047042434982205,0.3333333333333333,0.5,0.3333333333333333,1.0927237550684654,1.4390326375720084,0.0,2
1.64,56.0,20.820939916716245,Male,18.0,0,Automobile,1,1,0.3614184641562495,1.0,0.4047042434982205,0.6666666666666666,0.0,0.3333333333333333,0.5509853432240501,1.4390326375720084,0.0,1
1.69,65.0,22.758306781975424,Female,18.0,1,Bike,0,0,0.3614184641562495,0.5,0.4047042434982205,0.6666666666666666,0.0,0.3333333333333333,0.5509853432240501,0.5165517806528838,0.0,1
1.58,50.0,20.028841531805796,Male,18.0,0,Public_Transport,0,0,0.3614184641562495,0.0,1.6891141485841656,0.6666666666666666,0.5,0.3333333333333333,2.1946944415165657,0.5165517806528838,0.0,1
1.57,50.0,20.28479857195018,Female,18.0,0,Bike,0,0,0.3614184641562495,0.5,0.4047042434982205,0.3333333333333333,0.0,0.0,0.5509853432240501,0.5165517806528838,0.0,1
1.74,64.0,21.13885585942661,Male,18.0,0,Automobile,1,1,0.3614184641562495,1.0,1.6891141485841656,0.3333333333333333,0.0,0.6666666666666666,1.0927237550684654,0.5165517806528838,0.0,1
1.58,53.5,21.4308604390322,Female,33.5,0,Bike,1,0,0.3614184641562495,0.5,2.1641155666736696,0.6666666666666666,0.5,0.3333333333333333,0.5509853432240501,0.5165517806528838,0.25,1
1.5,58.0,25.77777777777778,Female,18.0,0,Automobile,0,0,0.3614184641562495,0.5,0.4047042434982205,0.3333333333333333,0.0,0.0,1.0927237550684654,1.4390326375720084,0.0,2
1.65,80.0,29.384756657483933,Female,80.0,0,Automobile,1,0,0.3614184641562495,0.5,0.4047042434982205,0.3333333333333333,0.0,0.0,2.1946944415165657,1.4390326375720084,1.0,3
1.8,73.0,22.530864197530864,Male,33.5,0,Bike,1,0,0.3614184641562495,0.0,0.4047042434982205,1.0,0.5,1.0,0.5509853432240501,0.5165517806528838,0.25,1
1.75,75.0,24.489795918367346,Female,49.0,0,Public_Transport,0,0,0.3614184641562495,0.5,0.4047042434982205,0.3333333333333333,0.5,0.3333333333333333,1.0927237550684654,2.472136198877776,0.5,1
1.84,104.0,30.718336483931946,Female,33.5,0,Automobile,1,0,2.766875794059256,0.5,0.4047042434982205,0.3333333333333333,1.0,1.0,1.0927237550684654,1.4390326375720084,0.25,4
1.88,84.0,23.766410140334994,Female,33.5,0,Walking,1,0,0.3614184641562495,1.0,0.4047042434982205,0.3333333333333333,1.0,0.6666666666666666,0.5509853432240501,0.5165517806528838,0.25,1
1.56,50.0,20.5456936226167,Female,18.0,0,Automobile,0,0,0.3614184641562495,0.5,2.1641155666736696,0.3333333333333333,0.0,0.0,2.1946944415165657,1.4390326375720084,0.0,1
1.75,84.0,27.428571428571427,Female,64.5,0,Automobile,0,1,0.3614184641562495,1.0,0.4047042434982205,0.0,0.5,0.3333333333333333,1.0927237550684654,0.5165517806528838,0.75,3
1.66,68.0,24.677021338365513,Male,64.5,1,Automobile,0,0,0.3614184641562495,0.5,0.4047042434982205,0.3333333333333333,0.0,0.3333333333333333,0.5509853432240501,0.5165517806528838,0.75,1
1.8,65.0,20.061728395061728,Female,33.5,1,Public_Transport,0,0,0.3614184641562495,0.5,0.4047042434982205,0.6666666666666666,0.0,0.6666666666666666,1.0927237550684654,0.5165517806528838,0.25,1
1.67,66.0,23.66524436157625,Female,18.0,0,Public_Transport,0,0,0.3614184641562495,1.0,0.4047042434982205,0.3333333333333333,0.5,0.0,1.0927237550684654,0.5165517806528838,0.0,1
1.8,60.0,18.51851851851852,Female,18.0,1,Automobile,1,1,0.3614184641562495,1.0,2.1641155666736696,1.0,0.0,0.0,1.0927237550684654,1.4390326375720084,0.0,1
1.72,53.0,17.915089237425637,Male,18.0,0,Public_Transport,1,0,0.3614184641562495,0.5,0.4047042434982205,0.3333333333333333,0.5,0.0,2.1946944415165657,0.5165517806528838,0.0,0
1.56,45.0,18.49112426035503,Male,33.5,0,Public_Transport,0,0,2.766875794059256,0.5,0.4047042434982205,0.3333333333333333,0.5,0.3333333333333333,0.5509853432240501,0.5165517806528838,0.25,1
1.686306,104.572712,36.77440042603727,Female,64.5,0,Public_Transport,1,0,0.3614184641562495,1.0,0.4047042434982205,0.3333333333333333,0.0763679999999999,0.1063853333333333,0.5509853432240501,0.5165517806528838,0.75,6
1.683124,126.67378,44.71513073213511,Female,18.0,0,Automobile,1,0,0.3614184641562495,1.0,0.4047042434982205,0.3333333333333333,0.0579834999999999,0.5136906666666666,0.5509853432240501,0.5165517806528838,0.0,6
1.622397,110.79263,42.091713201900674,Male,64.5,1,Public_Transport,1,0,0.3614184641562495,1.0,0.4047042434982205,0.3333333333333333,0.8522535,0.0,0.6078460081631563,0.5165517806528838,0.75,6
1.755643,137.796884,44.70611989614442,Female,49.0,0,Automobile,1,0,0.3614184641562495,1.0,0.4047042434982205,0.3333333333333333,0.5923535,0.6595436666666666,0.2862774989077284,0.5165517806528838,0.5,6
1.843419,165.057269,48.57206150220591,Male,49.0,0,Automobile,1,0,0.3614184641562495,1.0,0.4047042434982205,0.3333333333333333,0.7032704999999999,0.03344,0.3050238372756278,0.5165517806528838,0.5,6
1.7456,133.03441,43.65907412304322,Male,18.0,0,Automobile,1,0,0.3614184641562495,1.0,0.4047042434982205,0.3333333333333333,0.9921615,0.5288416666666667,0.0648302704512409,0.5165517806528838,0.0,6
1.630927,111.485516,41.913063294573284,Male,64.5,0,Bike,1,0,0.3614184641562495,1.0,0.4047042434982205,0.3333333333333333,0.7220625,0.0,0.6558423138332977,0.5165517806528838,0.75,6
1.629191,104.826776,39.493736521200134,Male,64.5,1,Automobile,1,0,0.3614184641562495,1.0,0.4047042434982205,0.3333333333333333,0.827351,0.0,0.1796959496581185,0.5165517806528838,0.75,6
1.770612,133.963349,42.73061954191888,Female,49.0,0,Automobile,1,0,0.3614184641562495,1.0,0.4047042434982205,0.3333333333333333,0.9128145,0.4663943333333333,0.4342359733905293,0.5165517806528838,0.5,6
1.743702,54.927529,18.065314669089037,Male,33.5,0,Automobile,1,0,0.3614184641562495,0.5,0.7762326526433811,0.3333333333333333,0.923632,0.5602813333333333,2.1946944415165657,0.5165517806528838,0.25,0
1.771915,55.695036,17.739064781129436,Female,18.0,0,Public_Transport,1,0,0.3614184641562495,0.5,1.6891141485841656,0.3333333333333333,0.9420165,0.6666666666666666,1.1100223135170226,0.5165517806528838,0.0,0
1.75376,55.879263,18.168135016931124,Female,49.0,0,Public_Transport,1,0,0.3614184641562495,0.725109,1.6828809073147832,0.3333333333333333,0.5738730000000001,0.6666666666666666,0.1229682612578472,0.5165517806528838,0.5,0
1.675446,51.154201,18.223023517295385,Female,49.0,0,Automobile,1,0,0.3614184641562495,1.0,0.4047042434982205,0.6666666666666666,0.9076465,0.6595436666666666,0.5509853432240501,1.4390326375720084,0.5,0
1.666203,49.869791,17.96311804862242,Female,33.5,0,Public_Transport,1,0,0.3614184641562495,1.0,0.4047042434982205,0.6666666666666666,0.7967295000000001,0.6666666666666666,0.5509853432240501,1.4390326375720084,0.25,0
1.711467,51.965521,17.741005339164264,Male,49.0,0,Public_Transport,1,0,0.3614184641562495,0.9400805,0.4047042434982205,0.6666666666666666,0.015677,0.7355793333333334,1.166800956899341,1.4390326375720084,0.5,0
1.598019,44.845655,17.56129321605508,Female,33.5,0,Public_Transport,0,0,2.766875794059256,1.0,1.2313000290059513,0.6666666666666666,0.7220625,0.43939,1.0927237550684654,1.4390326375720084,0.25,0
1.59611,42.848033,16.819196817270793,Female,49.0,1,Automobile,0,0,2.766875794059256,1.0,0.1334442405842143,0.6666666666666666,0.827351,0.3006983333333333,1.0927237550684654,1.4390326375720084,0.5,0
1.57206,43.919835,17.771433666119584,Male,49.0,1,Bike,0,0,2.766875794059256,1.0,1.392426682779173,0.6666666666666666,0.825629,0.2002723333333333,1.0927237550684654,1.4390326375720084,0.5,0
1.586952,43.087508,17.10896725321399,Female,49.0,0,Public_Transport,0,0,2.766875794059256,0.50438,1.2167091324841748,0.6666666666666666,0.396011,0.039881,1.0927237550684654,1.4390326375720084,0.5,0
1.59559,44.581159,17.510911102943165,Female,49.0,0,Bike,0,0,2.766875794059256,0.7982895000000001,2.028636009885204,0.6666666666666666,0.2453064999999999,0.115228,1.0927237550684654,1.4390326375720084,0.5,0
1.6,45.0,17.578124999999996,Female,49.0,0,Automobile,0,0,2.766875794059256,0.7957194999999999,0.4047042434982205,0.6666666666666666,0.537024,0.5599783333333332,1.0927237550684654,1.4390326375720084,0.5,0
1.688025,45.0,15.792641075006339,Female,18.0,0,Bike,0,1,0.3614184641562495,1.0,0.4047042434982205,0.3333333333333333,1.0,0.8465873333333334,1.0172612342639828,1.4390326375720084,0.0,0
1.556211,42.339767,17.482820643764907,Female,18.0,0,Bike,0,1,0.3614184641562495,1.0,0.7710445836174535,0.3333333333333333,0.568775,0.065384,0.9900116609343628,1.4390326375720084,0.0,0
1.564199,42.096062,17.205110355115853,Male,18.0,0,Bike,0,1,0.3614184641562495,1.0,1.0153598981232816,0.3333333333333333,0.7282905,0.532192,0.5467116995684894,1.4390326375720084,0.0,0
1.56948,41.324558,16.77631783660484,Female,33.5,0,Automobile,0,0,0.3614184641562495,0.6963325,2.1641155666736696,0.6666666666666666,0.0,0.0,0.1207757172188516,0.5165517806528838,0.25,0
1.52,42.0,18.178670360110804,Female,33.5,0,Automobile,0,0,0.3614184641562495,1.0,2.1641155666736696,0.6666666666666666,0.0,0.0,1.0927237550684654,0.5165517806528838,0.25,0
1.550648,44.641796,18.565866011435933,Male,33.5,0,Public_Transport,0,0,0.3614184641562495,1.0,0.2220444576662331,0.6666666666666666,0.0,0.2515486666666666,1.0927237550684654,0.5165517806528838,0.25,0
1.520997,42.0,18.15484625757197,Male,33.5,0,Public_Transport,0,0,0.3614184641562495,1.0,2.1641155666736696,0.6666666666666666,0.263518,0.0,0.3216829928849492,0.5165517806528838,0.25,0
1.528011,42.0,17.98855709756791,Male,33.5,0,Automobile,0,0,0.3614184641562495,1.0,2.1641155666736696,0.6666666666666666,0.1613345,0.0,0.3059196587341973,0.5165517806528838,0.25,0
1.52,42.0,18.178670360110804,Female,33.5,0,Public_Transport,0,0,0.3614184641562495,1.0,2.1641155666736696,0.6666666666666666,0.0,0.0,1.0927237550684654,0.5165517806528838,0.25,0
1.733263,50.890363,16.93973516274657,Female,49.0,0,Automobile,0,0,2.766875794059256,1.0,1.3879534204990436,0.6666666666666666,0.328041,0.14259,0.1788757388180704,0.5165517806528838,0.5,0
1.722527,50.833029,17.132230656095224,Male,49.0,0,Bike,0,0,2.766875794059256,1.0,0.7709755629018642,0.6666666666666666,0.284541,0.181977,0.3206160617820306,0.5165517806528838,0.5,0
1.734832,50.0,16.61327123510909,Female,33.5,0,Public_Transport,0,0,2.766875794059256,0.0619695,1.6891141485841656,0.6666666666666666,0.0,0.4346586666666666,0.4813609493404489,0.5165517806528838,0.25,0
1.882779,64.106108,18.08425905159074,Male,49.0,0,Public_Transport,1,0,0.3614184641562495,1.0,0.4047042434982205,0.3333333333333333,0.9218885,0.4962809999999999,1.0775128710728663,0.5165517806528838,0.5,0
1.854592,63.611109,18.494227814135193,Female,49.0,0,Public_Transport,1,0,0.3614184641562495,1.0,1.292521764551158,0.3333333333333333,0.8254945,0.4093786666666666,0.2754996983502245,0.5165517806528838,0.5,0
1.835643,58.854416,17.466368142414424,Female,49.0,0,Automobile,1,0,0.3614184641562495,1.0,0.4047042434982205,0.3333333333333333,0.513992,0.553852,0.9041640221487413,0.5165517806528838,0.5,0
1.755507,52.0,16.87322946073548,Female,18.0,1,Public_Transport,1,0,0.3614184641562495,1.0,0.4047042434982205,0.6666666666666666,0.5,0.2196313333333333,0.5509853432240501,1.4390326375720084,0.0,0
1.71266,51.598593,17.591203391194185,Male,49.0,0,Automobile,1,0,0.3614184641562495,1.0,0.6052687034071064,0.6666666666666666,0.1269015,0.1815946666666666,0.6713063290300337,1.4390326375720084,0.5,0
1.694265,52.0,18.115097047652036,Male,18.0,0,Public_Transport,1,0,0.3614184641562495,1.0,0.4047042434982205,0.6666666666666666,0.5,0.2732273333333333,0.5509853432240501,1.4390326375720084,0.0,0
1.586895,41.452385,16.460883437039772,Male,18.0,0,Public_Transport,0,0,0.3614184641562495,0.5,2.061671032644014,0.3333333333333333,0.0,0.064915,1.4502355789725092,0.5165517806528838,0.0,0
1.579561,41.890204,16.78957375925266,Male,18.0,0,Bike,0,0,0.3614184641562495,0.513787,2.1641155666736696,0.3333333333333333,0.318163,0.0,2.0404175492599284,0.5165517806528838,0.0,0
1.564568,41.397378,16.911570800342314,Female,18.0,0,Automobile,0,0,0.3614184641562495,0.829056,2.1641155666736696,0.3333333333333333,0.1490825,0.0,1.601851306199011,0.5165517806528838,0.0,0
1.670635,49.742931,17.82248345525793,Female,33.5,0,Public_Transport,0,0,2.766875794059256,0.94313,1.123769569171441,0.6666666666666666,0.316002,0.6666666666666666,0.5509853432240501,0.5165517806528838,0.25,0
1.688426,49.660995,17.42012850253795,Female,33.5,0,Automobile,0,0,2.766875794059256,0.8572234999999999,0.4047042434982205,0.6666666666666666,0.5,0.6343939999999999,0.5509853432240501,0.5165517806528838,0.25,0
1.66084,49.039794,17.778415231221288,Female,33.5,1,Automobile,0,0,2.766875794059256,0.8753575,0.4047042434982205,0.6666666666666666,0.5,0.355939,0.5509853432240501,0.5165517806528838,0.25,0
1.710182,50.287967,17.194098743422185,Female,49.0,0,Public_Transport,1,0,0.3614184641562495,0.5,0.4047042434982205,0.6666666666666666,0.5499315,0.5452699999999999,2.1946944415165657,1.4390326375720084,0.5,0
1.755978,53.699561,17.4153655324191,Female,33.5,0,Bike,1,0,0.3614184641562495,0.5,1.550390172375453,0.6666666666666666,0.431965,0.956709,2.1946944415165657,1.4390326375720084,0.25,0
1.728834,51.442293,17.21130214480665,Female,49.0,1,Public_Transport,1,0,0.3614184641562495,0.5,0.4047042434982205,0.6666666666666666,0.1149575,0.206511,2.1946944415165657,1.4390326375720084,0.5,0
1.662017,49.838965,18.042557227370896,Female,33.5,0,Automobile,0,0,0.3614184641562495,0.2462499999999999,0.4047042434982205,0.3333333333333333,0.024567,0.6666666666666666,0.5509853432240501,0.5165517806528838,0.25,0
1.7,50.0,17.301038062283737,Male,18.0,1,Automobile,0,0,0.3614184641562495,0.0,0.7137050096439873,0.3333333333333333,0.0,0.6666666666666666,0.5509853432240501,0.5165517806528838,0.0,0
1.661403,49.932199,18.089672818885816,Male,33.5,0,Public_Transport,0,0,0.3614184641562495,0.6027195000000001,0.4047042434982205,0.3333333333333333,0.2652655,0.6666666666666666,0.5509853432240501,0.5165517806528838,0.25,0
1.610863,49.516027,19.08220593702959,Male,80.0,1,Bike,1,0,0.3614184641562495,0.529569,1.5669128213944783,0.6666666666666666,0.5,0.2739923333333333,1.0927237550684654,1.4390326375720084,1.0,0
1.640688,46.655622,17.332131697748757,Female,80.0,0,Automobile,1,0,0.3614184641562495,1.0,0.5480187007077103,0.6666666666666666,0.8608845,0.4809566666666667,1.0927237550684654,1.4390326375720084,1.0,0
1.64603,49.839685,18.395000174666684,Female,64.5,0,Public_Transport,1,0,0.3614184641562495,1.0,1.1625561794852264,0.6666666666666666,0.8652500000000001,0.0356926666666666,1.0927237550684654,1.4390326375720084,0.75,0
1.710564,51.588874,17.631018184497087,Male,18.0,0,Bike,0,0,0.3614184641562495,0.5,0.8052933737365702,0.3333333333333333,0.6855074999999999,0.0960106666666666,0.08191514671702,0.5165517806528838,0.0,0
1.752755,50.0,16.27524649994985,Female,18.0,0,Bike,0,0,0.3614184641562495,0.6552115000000001,1.1222231396457176,0.3333333333333333,0.3939215,0.6421973333333333,0.2691697746127,0.5165517806528838,0.0,0
1.691007,52.629374,18.40506661088191,Female,18.0,0,Bike,0,0,0.3614184641562495,0.5,0.8784392334213096,0.3333333333333333,0.8369175,0.3309833333333333,0.3122315016716405,0.5165517806528838,0.0,0
1.753349,51.457226,16.738233815390476,Male,18.0,0,Public_Transport,0,0,0.3614184641562495,0.9115895,0.4047042434982205,0.3333333333333333,0.386618,0.4174906666666667,0.5509853432240501,0.5165517806528838,0.0,0
1.781543,50.869704,16.027529774529064,Male,18.0,0,Public_Transport,0,0,0.3614184641562495,0.5264660000000001,0.4047042434982205,0.3333333333333333,0.5,0.1734693333333333,0.5509853432240501,0.5165517806528838,0.0,0
1.755823,52.331172,16.97457830019326,Female,18.0,0,Public_Transport,0,0,0.3614184641562495,0.798182,0.4047042434982205,0.3333333333333333,0.5,0.0939113333333333,1.3537268429753624,0.5165517806528838,0.0,0
1.836669,58.943347,17.473222259306745,Female,18.0,0,Automobile,1,0,0.3614184641562495,0.8838655,1.459420556437836,0.3333333333333333,0.5,0.6666666666666666,0.1784187876887451,1.4390326375720084,0.0,0
1.768493,57.790381,18.47774066119892,Female,33.5,0,Public_Transport,1,0,0.3614184641562495,0.5,1.55692011233291,0.3333333333333333,0.8113189999999999,0.6666666666666666,2.02063386655288,1.4390326375720084,0.25,0
1.777108,57.145917,18.09495728268534,Female,18.0,1,Bike,1,0,0.3614184641562495,0.5,0.5230189463151173,0.3333333333333333,0.7132324999999999,0.6666666666666666,1.9314741539341989,1.4390326375720084,0.0,0
1.640824,43.365005,16.10702754247296,Female,18.0,0,Bike,0,0,0.3614184641562495,0.9075785,0.4047042434982205,0.3333333333333333,0.9555935,0.8650426666666666,1.1759301172312575,0.5165517806528838,0.0,0
1.584951,44.411801,17.679366734104885,Female,18.0,1,Automobile,0,0,0.3614184641562495,0.868881,0.4047042434982205,0.3333333333333333,0.6554605,0.7469046666666667,1.524998043599246,0.5165517806528838,0.0,0
1.818268,47.124717,14.25387559306874,Female,18.0,0,Public_Transport,0,0,0.3614184641562495,1.0,0.7725990570218927,0.3333333333333333,0.574073,0.8194123333333333,1.0002652821876383,0.5165517806528838,0.0,0
1.793926,59.682591,18.545503142543524,Female,18.0,0,Public_Transport,1,0,0.3614184641562495,0.7840315,1.6891141485841656,0.3333333333333333,0.5,0.6666666666666666,0.7310600858802615,1.4390326375720084,0.0,0
1.809251,58.968994,18.014660261682458,Male,18.0,0,Automobile,1,0,0.3614184641562495,0.762214,1.6891141485841656,0.3333333333333333,0.5,0.6666666666666666,1.0296381998759987,1.4390326375720084,0.0,0
1.767335,55.700497,17.8328728823082,Male,33.5,0,Automobile,1,0,0.3614184641562495,0.5,1.6891141485841656,0.3333333333333333,0.5786975000000001,0.6666666666666666,1.6673087336203136,1.4390326375720084,0.25,0
1.699568,54.98774,19.036573483200915,Male,49.0,0,Public_Transport,1,0,0.3614184641562495,1.0,0.4047042434982205,0.6666666666666666,0.5,0.0466026666666666,0.3462843869590934,1.4390326375720084,0.5,0
1.759358,55.01045,17.77201852833317,Female,33.5,0,Automobile,1,0,0.3614184641562495,0.985787,1.1656079374197106,0.6666666666666666,0.947339,0.6666666666666666,0.5668175492588037,1.4390326375720084,0.25,0
1.740295,54.166453,17.88482325406944,Female,49.0,0,Public_Transport,1,0,0.3614184641562495,1.0,0.4047042434982205,0.6666666666666666,0.5126394999999999,0.6666666666666666,0.8412609186661849,1.4390326375720084,0.5,0
1.739354,49.649613,16.411183711596255,Female,33.5,1,Bike,0,0,0.3614184641562495,1.0,1.3739186734661692,0.3333333333333333,0.346056,0.6666666666666666,0.5509853432240501,0.5165517806528838,0.25,0
1.647811,49.603807,18.268387442922204,Male,18.0,0,Bike,0,0,0.3614184641562495,1.0,1.1317855713890828,0.3333333333333333,0.219199,0.6666666666666666,0.5509853432240501,0.5165517806528838,0.0,0
1.768435,49.597765,15.8592959374506,Male,33.5,0,Automobile,0,0,0.3614184641562495,1.0,1.3369250993798842,0.3333333333333333,0.0957004999999999,0.6666666666666666,0.5509853432240501,0.5165517806528838,0.25,0
1.7,50.0,17.301038062283737,Male,18.0,0,Automobile,0,0,0.3614184641562495,0.0407999999999999,1.0733102416402345,0.6666666666666666,0.008484,0.2171373333333333,0.5509853432240501,0.5165517806528838,0.0,0
1.699464,49.676046,17.19978752642145,Male,33.5,0,Public_Transport,0,0,0.3614184641562495,0.135224,1.343880179015925,0.6666666666666666,0.4384574999999999,0.6666666666666666,0.5509853432240501,0.5165517806528838,0.25,0
1.74379,50.0,16.44302203217087,Female,18.0,0,Automobile,0,0,0.3614184641562495,0.172427,1.6891141485841656,0.6666666666666666,0.0,0.6666666666666666,0.5509853432240501,0.5165517806528838,0.0,0
1.590317,42.367615,16.751998060774227,Male,33.5,0,Public_Transport,0,0,2.766875794059256,0.979829,0.4047042434982205,0.6666666666666666,0.0,0.5074663333333334,1.0927237550684654,0.5165517806528838,0.25,0
1.527133,42.0,18.00924749371343,Male,33.5,0,Automobile,0,0,2.766875794059256,0.862641,1.8304220201026256,0.6666666666666666,0.0,0.4582233333333333,1.0927237550684654,0.5165517806528838,0.25,0
1.530875,42.0,17.92131315435253,Female,18.0,0,Automobile,0,0,2.766875794059256,0.9223035,1.8133072581173555,0.6666666666666666,0.347755,0.0866929999999999,0.0475433818644985,0.5165517806528838,0.0,0
1.848294,59.409018,17.390427829018297,Male,18.0,0,Automobile,1,0,0.3614184641562495,0.7200200000000001,0.4047042434982205,0.3333333333333333,0.5,0.928157,0.5509853432240501,1.4390326375720084,0.0,0
1.824414,59.295172,17.814455010819305,Female,18.0,1,Bike,1,0,0.3614184641562495,0.716151,0.4047042434982205,0.3333333333333333,0.5,0.783165,0.5509853432240501,1.4390326375720084,0.0,0
1.856633,59.258372,17.190859275873304,Female,18.0,1,Public_Transport,1,0,0.3614184641562495,0.7961235,0.7953228370626736,0.3333333333333333,0.5183819999999999,0.679551,0.748028258800062,1.4390326375720084,0.0,0
1.715597,50.0,16.98789030845973,Male,49.0,0,Automobile,1,0,0.3614184641562495,0.7246334999999999,1.2359152512142102,0.6666666666666666,0.133009,0.2886816666666666,0.9328993446050908,1.4390326375720084,0.5,0
1.675054,49.945233,17.800672864824055,Female,49.0,0,Automobile,1,0,0.3614184641562495,0.9649445,0.4047042434982205,0.6666666666666666,0.896037,0.2103146666666666,1.1531663899290046,1.4390326375720084,0.5,0
1.717601,51.073918,17.312293504988723,Female,49.0,0,Automobile,1,0,0.3614184641562495,0.5,0.4047042434982205,0.6666666666666666,0.213437,0.7340266666666666,2.1946944415165657,1.4390326375720084,0.5,0
1.710756,50.0,17.084169069105297,Female,18.0,1,Bike,0,0,0.3614184641562495,0.5076290000000001,0.7908826320207915,0.3333333333333333,0.157804,0.0232673333333333,0.5509853432240501,0.5165517806528838,0.0,0
1.7,50.0,17.301038062283737,Male,18.0,0,Automobile,0,0,0.3614184641562495,0.0155745,0.4047042434982205,0.3333333333333333,0.4818139999999999,0.0094006666666666,0.5509853432240501,0.5165517806528838,0.0,0
1.7,50.0,17.301038062283737,Female,18.0,0,Public_Transport,0,0,0.3614184641562495,0.2960914999999999,1.0918840932776828,0.3333333333333333,0.0431955,0.2063043333333333,0.5509853432240501,0.5165517806528838,0.0,0
1.573816,39.850137,16.088735295769812,Male,18.0,0,Bike,0,0,0.3614184641562495,0.1074899999999999,1.2424127435047547,0.3333333333333333,0.089971,0.2282463333333333,2.1946944415165657,0.5165517806528838,0.0,0
1.530884,39.371523,16.799549924116445,Male,33.5,0,Bike,0,0,0.3614184641562495,0.2610004999999999,0.4047042434982205,0.3333333333333333,0.49063,0.768948,0.0914930396327706,0.5165517806528838,0.25,0
1.529724,40.343463,17.24038712804867,Male,33.5,0,Automobile,0,0,0.3614184641562495,0.851718,0.2563279268527868,0.3333333333333333,0.2199809999999999,0.048209,0.5629448067250996,0.5165517806528838,0.25,0
1.767563,56.307019,18.02240444578646,Female,33.5,0,Public_Transport,1,0,0.3614184641562495,0.681459,1.6891141485841656,0.3333333333333333,0.6790860000000001,0.6666666666666666,0.4520652859797081,1.4390326375720084,0.25,0
1.883364,60.0,16.915417482616117,Male,18.0,0,Automobile,1,0,0.3614184641562495,1.0,1.2097916381546674,0.3333333333333333,0.5,0.6705063333333332,0.3424330126436672,1.4390326375720084,0.0,0
1.824655,58.621349,17.607361673701302,Male,18.0,0,Automobile,1,0,0.3614184641562495,0.5704199999999999,1.6891141485841656,0.3333333333333333,0.965719,0.6666666666666666,0.8213048104019424,1.4390326375720084,0.0,0
1.840138,60.0,17.719459183718914,Female,18.0,0,Bike,1,0,0.3614184641562495,1.0,1.6891141485841656,0.3333333333333333,0.5,0.6666666666666666,1.0927237550684654,1.4390326375720084,0.0,0
1.819557,58.325122,17.61669055929319,Male,18.0,0,Bike,1,0,0.3614184641562495,0.7798,1.6891141485841656,0.3333333333333333,0.5,0.6666666666666666,0.5478621320391674,1.4390326375720084,0.0,0
1.798645,59.612717,18.42671873520805,Male,18.0,0,Automobile,1,0,0.3614184641562495,0.6680219999999999,1.6891141485841656,0.3333333333333333,0.5,0.6666666666666666,0.8741022264500693,1.4390326375720084,0.0,0
1.7108,50.92538,17.399461009890867,Male,18.0,0,Automobile,1,0,0.3614184641562495,0.5,0.4047042434982205,0.3333333333333333,0.5,0.0,1.5268620097167096,0.5165517806528838,0.0,0
1.70653,51.121749,17.554070932791323,Male,18.0,1,Public_Transport,1,0,0.3614184641562495,0.5,0.4047042434982205,0.3333333333333333,0.5,0.0,1.092155195618583,0.5165517806528838,0.0,0
1.716691,51.149283,17.356225723871688,Male,18.0,0,Automobile,1,0,0.3614184641562495,0.406617,0.4047042434982205,0.3333333333333333,0.1374075,0.1734689999999999,1.6581614924883157,0.5165517806528838,0.0,0
1.555431,44.188767,18.26460915102028,Male,18.0,0,Public_Transport,0,1,2.766875794059256,0.8621425,0.4047042434982205,0.6666666666666666,0.0,0.3567769999999999,1.0927237550684654,0.5165517806528838,0.0,0
1.603923,45.0,17.49224225906647,Female,33.5,0,Bike,0,1,2.766875794059256,1.0,0.4047042434982205,0.6666666666666666,0.1412299999999999,0.5339833333333333,1.0927237550684654,0.5165517806528838,0.25,0
1.602082,45.0,17.53246706757937,Male,33.5,0,Automobile,0,1,2.766875794059256,1.0,0.4047042434982205,0.6666666666666666,0.9377915,0.4195013333333333,1.0927237550684654,0.5165517806528838,0.25,0
1.53777,42.0,17.760963517595197,Male,33.5,0,Bike,0,0,0.3614184641562495,1.0,2.1641155666736696,0.6666666666666666,0.1937655,0.0,0.3264775284265417,0.5165517806528838,0.25,0
1.538398,42.0,17.74646582780741,Female,18.0,0,Automobile,0,0,0.3614184641562495,0.859485,1.55647665349637,0.6666666666666666,0.082322,0.4118916666666666,0.4374477809685929,0.5165517806528838,0.0,0
1.520862,42.0,18.15806944681936,Male,33.5,1,Public_Transport,0,0,0.3614184641562495,1.0,2.1641155666736696,0.6666666666666666,0.4243515,0.0,0.1311080726107184,0.5165517806528838,0.25,0
1.717826,51.7325,17.530936758504264,Female,18.0,0,Bike,1,0,0.3614184641562495,0.066922,0.4047042434982205,0.3333333333333333,0.162663,0.075995,1.7152392909265235,0.5165517806528838,0.0,0
1.753389,54.121925,17.604215642803354,Male,18.0,0,Automobile,1,0,0.3614184641562495,0.5,0.6184942721997764,0.3333333333333333,0.639289,0.6129603333333333,2.1946944415165657,0.5165517806528838,0.0,0
1.70165,50.157707,17.32196664638739,Male,18.0,0,Bike,1,0,0.3614184641562495,0.378733,0.4047042434982205,0.3333333333333333,0.0767795,0.277992,1.5635841146816627,0.5165517806528838,0.0,0
1.75336,54.997374,17.88956432896845,Male,33.5,0,Public_Transport,1,0,0.3614184641562495,0.5,1.0402932006200951,0.3333333333333333,0.988336,0.64969,2.1946944415165657,1.4390326375720084,0.25,0
1.672007,49.980968,17.87839303047231,Male,49.0,0,Automobile,1,0,0.3614184641562495,0.9896915,0.4047042434982205,0.6666666666666666,0.9879435,0.3150309999999999,0.948360236281757,1.4390326375720084,0.5,0
1.593847,44.050251,17.34024098343433,Male,49.0,0,Public_Transport,0,0,2.766875794059256,1.0,0.3959831002426869,0.6666666666666666,0.8513915000000001,0.6557446666666666,1.0927237550684654,1.4390326375720084,0.5,0
1.584785,44.376637,17.66906966441184,Male,49.0,0,Automobile,0,0,2.766875794059256,0.602457,0.7155619289474557,0.6666666666666666,0.560146,0.3319116666666666,1.0927237550684654,1.4390326375720084,0.5,0
1.600264,45.0,17.572325654127575,Male,33.5,0,Automobile,0,1,2.766875794059256,1.0,0.4047042434982205,0.6666666666666666,0.9747095,0.431899,1.0927237550684654,0.5165517806528838,0.25,0
1.549311,41.557468,17.312981718550116,Male,33.5,0,Automobile,0,0,0.3614184641562495,0.963609,2.1641155666736696,0.6666666666666666,0.0,0.0,0.6380869681535419,0.5165517806528838,0.25,0
1.534385,41.96525,17.824654732734817,Male,33.5,0,Automobile,0,0,0.3614184641562495,0.944265,2.1641155666736696,0.6666666666666666,0.0,0.0,0.7701885809651149,0.5165517806528838,0.25,0
1.725548,49.815599,16.730590420999565,Male,33.5,0,Automobile,1,0,2.766875794059256,0.9452675,1.5706787112361904,0.6666666666666666,0.0545575,0.5163176666666667,0.1796959496581185,1.4390326375720084,0.25,0
1.868931,63.199726,18.093753105237365,Male,33.5,0,Automobile,1,0,0.3614184641562495,1.0,1.303269706636917,0.3333333333333333,0.9128145,0.5665306666666666,0.9759743852349446,0.5165517806528838,0.25,0
1.686936,51.256059,18.011421853370344,Female,49.0,1,Public_Transport,1,0,0.3614184641562495,1.0,0.6358916043641651,0.6666666666666666,0.4551889999999999,0.1602046666666666,0.065275715616878,1.4390326375720084,0.5,0
1.589829,40.202773,15.905787660342869,Female,18.0,0,Public_Transport,0,0,0.3614184641562495,0.5,2.067074545114711,0.3333333333333333,0.0,0.042475,1.6677903403861136,0.5165517806528838,0.0,0
1.653209,49.026214,17.93795105982149,Male,33.5,0,Public_Transport,0,0,2.766875794059256,0.7650330000000001,0.4047042434982205,0.3333333333333333,0.4826184999999999,0.6666666666666666,0.5509853432240501,0.5165517806528838,0.25,0
1.740108,53.65727,17.720507899860916,Female,49.0,0,Automobile,1,0,0.3614184641562495,0.620803,0.4047042434982205,0.6666666666666666,0.423313,0.8200793333333333,0.2461068922545576,1.4390326375720084,0.5,0
1.7,50.0,17.301038062283737,Female,18.0,0,Automobile,0,0,0.3614184641562495,0.0017829999999999,0.7107251786641877,0.6666666666666666,0.007317,0.2612253333333333,0.5509853432240501,0.5165517806528838,0.0,0
1.689141,50.0,17.52419984648443,Male,80.0,0,Automobile,1,0,0.3614184641562495,0.8263895000000001,1.4385822901377214,0.6666666666666666,0.30057,0.0582306666666666,0.9333135592978606,1.4390326375720084,1.0,0
1.691206,50.0,17.481431100595408,Female,18.0,0,Public_Transport,0,0,0.3614184641562495,0.5,1.3538507156898214,0.3333333333333333,0.987764,0.182997,0.485974840779356,0.5165517806528838,0.0,0
1.788459,51.552595,16.11730981522832,Female,18.0,1,Public_Transport,0,0,0.3614184641562495,0.9489495,0.4047042434982205,0.3333333333333333,0.4177725,0.3875063333333333,0.5509853432240501,0.5165517806528838,0.0,0
1.811238,58.83071,17.93300408452241,Male,18.0,0,Automobile,1,0,0.3614184641562495,0.7419895000000001,1.3844238620798677,0.3333333333333333,0.5,0.6666666666666666,0.4360095355075868,1.4390326375720084,0.0,0
1.830068,43.534531,12.998684889724604,Male,18.0,0,Automobile,0,0,0.3614184641562495,0.9729835,0.4047042434982205,0.3333333333333333,0.976596,0.943637,1.3180501369969233,0.5165517806528838,0.0,0
1.782756,56.029418,17.629187536750678,Female,18.0,0,Bike,1,0,0.3614184641562495,0.5,1.6891141485841656,0.3333333333333333,0.642625,0.6666666666666666,0.8185828281351698,1.4390326375720084,0.0,0
1.751691,55.967655,18.239885740290408,Female,49.0,1,Automobile,1,0,0.3614184641562495,0.7394455,0.8822889473261376,0.6666666666666666,0.5020629999999999,0.6666666666666666,0.5546128453058549,1.4390326375720084,0.5,0
1.78656,50.0,15.665158448270383,Male,18.0,0,Automobile,0,0,0.3614184641562495,0.8922319999999999,1.6891141485841656,0.3333333333333333,0.0,0.6666666666666666,0.5509853432240501,0.5165517806528838,0.0,0
1.71367,50.0,17.026117119972472,Male,33.5,0,Bike,0,0,0.3614184641562495,0.002789,1.6891141485841656,0.6666666666666666,0.0,0.5613189999999999,0.0660549976275955,0.5165517806528838,0.25,0
1.540375,42.006282,17.703589081229534,Male,18.0,0,Public_Transport,0,1,2.766875794059256,0.9690155,0.0263748839056301,0.6666666666666666,0.1669034999999999,0.6257896666666667,0.4829520597475961,0.5165517806528838,0.0,0
1.896734,59.895052,16.648614136737812,Male,18.0,0,Automobile,1,0,0.3614184641562495,0.921051,0.8436513285613426,0.3333333333333333,0.5,0.8370523333333333,0.171669718131156,1.4390326375720084,0.0,0
1.710129,50.079991,17.12405045192035,Female,49.0,0,Automobile,1,0,0.3614184641562495,0.5,0.4047042434982205,0.6666666666666666,0.842921,0.1243953333333333,2.1946944415165657,1.4390326375720084,0.5,0
1.704193,50.631889,17.433579894188025,Male,18.0,0,Public_Transport,0,0,0.3614184641562495,0.5,0.4047042434982205,0.3333333333333333,0.5,0.0,1.4149139141593017,0.5165517806528838,0.0,0
1.556611,39.695295,16.382449713673054,Male,33.5,0,Automobile,0,0,0.3614184641562495,0.4445995,0.6001525613358634,0.3333333333333333,0.5068025,0.6917643333333332,1.6740676654324924,0.5165517806528838,0.25,0
1.845399,60.0,17.6185713079027,Female,18.0,0,Automobile,1,0,0.3614184641562495,1.0,1.6891141485841656,0.3333333333333333,0.5,0.6666666666666666,1.0927237550684654,1.4390326375720084,0.0,0
1.834637,59.990861,17.823163836260964,Male,18.0,0,Automobile,1,0,0.3614184641562495,0.9718745,1.6891141485841656,0.3333333333333333,0.5,0.6666666666666666,0.8808578708440516,1.4390326375720084,0.0,0
1.721854,52.514302,17.7127074495551,Male,18.0,0,Automobile,1,0,0.3614184641562495,0.6699900000000001,0.4047042434982205,0.3333333333333333,0.5,0.0091443333333333,2.0042510179701982,0.5165517806528838,0.0,0
1.605521,44.661461,17.326105121463698,Female,33.5,0,Automobile,0,1,2.766875794059256,1.0,0.2682716545601815,0.6666666666666666,0.0,0.2565753333333333,1.0927237550684654,0.5165517806528838,0.25,0
1.530266,42.0,17.935580283661157,Female,33.5,1,Public_Transport,0,0,0.3614184641562495,1.0,2.1641155666736696,0.6666666666666666,0.4774445,0.0,0.399547136580164,0.5165517806528838,0.25,0
1.71889,52.058335,17.61952125166821,Female,18.0,1,Automobile,1,0,0.3614184641562495,0.475371,0.4047042434982205,0.3333333333333333,0.3758614999999999,0.0670453333333333,1.7727855464577444,0.5165517806528838,0.0,0
1.756338,54.98234,17.824075926933478,Female,33.5,0,Automobile,1,0,0.3614184641562495,0.6387179999999999,1.0502537994340366,0.3333333333333333,0.9458565,0.5654313333333333,2.0219439027042188,1.4390326375720084,0.25,0
1.770324,55.695253,17.77103273987575,Male,18.0,1,Bike,1,0,0.3614184641562495,0.5,1.6891141485841656,0.3333333333333333,0.6848135,0.6666666666666666,1.557701279818874,1.4390326375720084,0.0,0
1.767479,56.265959,18.01097404591081,Male,33.5,0,Bike,1,0,0.3614184641562495,0.6856690000000001,1.6875291867612894,0.6666666666666666,0.6317330000000001,0.6666666666666666,0.2945732987268107,1.4390326375720084,0.25,0
1.704223,51.437985,17.71051144984057,Female,49.0,0,Public_Transport,1,0,0.3614184641562495,0.9922125,0.4047042434982205,0.6666666666666666,0.5223469999999999,0.6694186666666666,0.963344288421792,1.4390326375720084,0.5,0
1.667852,49.803921,17.90393594560278,Male,33.5,0,Public_Transport,1,0,0.3614184641562495,0.988509,0.6534571942261208,0.6666666666666666,0.7414665,0.6666666666666666,0.5509853432240501,1.4390326375720084,0.25,0
1.722461,51.881263,17.486856463481544,Male,49.0,0,Automobile,1,0,0.3614184641562495,0.8317105,0.4047042434982205,0.6666666666666666,0.0205549999999999,0.2648006666666667,1.195233836881605,1.4390326375720084,0.5,0
1.588046,44.236067,17.540838529421617,Male,49.0,0,Public_Transport,0,0,2.766875794059256,1.0,1.270063519941445,0.6666666666666666,0.7751535,0.3662873333333333,1.0927237550684654,1.4390326375720084,0.5,0
1.598612,42.993937,16.82368306998358,Male,49.0,0,Bike,0,0,2.766875794059256,0.876876,0.1637194038762804,0.6666666666666666,0.6733235,0.5374159999999999,1.0927237550684654,1.4390326375720084,0.5,0
1.592379,44.00945,17.35613653702205,Male,49.0,0,Public_Transport,0,0,2.766875794059256,1.0,1.377097250561972,0.6666666666666666,0.7833144999999999,0.3968216666666667,1.0927237550684654,1.4390326375720084,0.5,0
1.555778,42.3601,17.50095406313848,Male,33.5,0,Bike,0,0,2.766875794059256,0.6591775,2.058403493845476,0.6666666666666666,0.1101824999999999,0.0111093333333333,1.0927237550684654,1.4390326375720084,0.25,0
1.596466,44.594588,17.49696843526265,Male,49.0,0,Public_Transport,0,0,2.766875794059256,0.7973265,1.0310630936228624,0.6666666666666666,0.458406,0.1390396666666666,1.0927237550684654,1.4390326375720084,0.5,0
1.598393,44.918255,17.581492446660203,Male,49.0,0,Public_Transport,0,0,2.766875794059256,0.9430785,0.4606887650218211,0.6666666666666666,0.6534104999999999,0.4741233333333333,1.0927237550684654,1.4390326375720084,0.5,0
1.633316,45.0,16.868329698259153,Female,18.0,0,Automobile,0,1,0.3614184641562495,1.0,0.4047042434982205,0.3333333333333333,0.962297,0.4508526666666666,0.7309647507525605,0.5165517806528838,0.0,0
1.559567,42.12617,17.31984104420505,Female,18.0,0,Bike,0,0,0.3614184641562495,1.0,0.8933229754014457,0.3333333333333333,0.6208035000000001,0.068675,0.6251657709318645,1.4390326375720084,0.0,0
1.546551,42.069992,17.58911292546032,Female,33.5,1,Public_Transport,0,0,0.3614184641562495,1.0,1.2194410723522926,0.3333333333333333,0.659368,0.3978286666666666,0.1329572453462975,1.4390326375720084,0.25,0
1.566501,41.706283,16.99574212358315,Female,33.5,1,Public_Transport,0,0,0.3614184641562495,0.9839265,2.1641155666736696,0.6666666666666666,0.0655925,0.0,0.2640050767277382,0.5165517806528838,0.25,0
1.52,42.0,18.178670360110804,Male,33.5,0,Automobile,0,0,0.3614184641562495,1.0,2.1641155666736696,0.6666666666666666,0.0,0.0,1.0927237550684654,0.5165517806528838,0.25,0
1.599486,44.810751,17.515451479328508,Male,33.5,1,Public_Transport,0,1,2.766875794059256,1.0,0.3720391307920749,0.6666666666666666,0.0728805,0.2932233333333333,1.0927237550684654,0.5165517806528838,0.25,0
1.559186,41.952805,17.2569940862614,Female,33.5,0,Automobile,0,0,0.3614184641562495,0.8099175000000001,2.1641155666736696,0.6666666666666666,0.0994414999999999,0.0,0.1420502440780517,0.5165517806528838,0.25,0
1.523426,42.0,18.096999055516253,Female,33.5,1,Automobile,0,0,0.3614184641562495,1.0,2.1641155666736696,0.6666666666666666,0.092531,0.0,0.966726877847951,0.5165517806528838,0.25,0
1.52,42.0,18.178670360110804,Female,33.5,0,Automobile,0,0,0.3614184641562495,1.0,2.1641155666736696,0.6666666666666666,0.0,0.0,1.0927237550684654,0.5165517806528838,0.25,0
1.689441,51.107925,17.906148818447978,Male,49.0,0,Automobile,1,0,0.3614184641562495,1.0,1.3232088860034712,0.6666666666666666,0.3872879999999999,0.0343233333333333,0.0301923886229227,1.4390326375720084,0.5,0
1.737453,50.479039,16.721874043998426,Male,33.5,0,Public_Transport,1,0,0.3614184641562495,1.0,1.0339597753781165,0.6666666666666666,0.163347,0.2639763333333333,0.8816813691022962,1.4390326375720084,0.25,0
1.732096,50.0,16.665796971962276,Male,18.0,0,Automobile,0,0,0.3614184641562495,0.0267669999999999,0.8913144957291764,0.3333333333333333,0.0,0.6178083333333333,0.3238395392219091,0.5165517806528838,0.0,0
1.869098,61.411141,17.578548880751683,Male,49.0,0,Public_Transport,1,0,0.3614184641562495,1.0,0.7427622149267464,0.3333333333333333,0.6166370000000001,0.5192456666666666,1.0921402383385717,0.5165517806528838,0.5,0
1.851123,61.264785,17.878882077283855,Female,33.5,0,Automobile,1,0,0.3614184641562495,1.0,1.6821629221778402,0.3333333333333333,0.7742635,0.4286586666666666,0.6537285039328936,0.5165517806528838,0.25,0
1.787264,58.585146,18.340454811946948,Female,33.5,0,Automobile,1,0,0.3614184641562495,0.7651165,0.7249590092323502,0.3333333333333333,0.6939725000000001,0.6587803333333333,1.6563928614985532,1.4390326375720084,0.25,0
1.787787,52.0,16.269409622423677,Male,18.0,0,Automobile,1,0,0.3614184641562495,1.0,0.4047042434982205,0.3333333333333333,0.5,0.284779,0.5509853432240501,0.5165517806528838,0.0,0
1.712515,51.710723,17.632416731631306,Female,49.0,0,Automobile,1,0,0.3614184641562495,0.94065,0.5171466242290643,0.6666666666666666,0.12409,0.650809,0.3901022202032485,1.4390326375720084,0.5,0
1.698914,51.692272,17.909473985945926,Female,18.0,1,Automobile,1,0,0.3614184641562495,0.9122795,0.4047042434982205,0.3333333333333333,0.5,0.1777696666666666,0.7149683377061046,0.5165517806528838,0.0,0
1.533609,41.669346,17.71688585673703,Male,18.0,0,Automobile,0,0,0.3614184641562495,0.8811625000000001,1.953901335147873,0.3333333333333333,0.152455,0.0842966666666666,0.5532947545071513,0.5165517806528838,0.0,0
1.567981,41.934368,17.056444696319325,Male,33.5,0,Bike,0,0,0.3614184641562495,0.535482,2.1641155666736696,0.3333333333333333,0.3384875,0.0,1.7320116985655,0.5165517806528838,0.25,0
1.544263,41.535047,17.416952771213392,Male,18.0,0,Automobile,0,0,0.3614184641562495,0.843005,2.1641155666736696,0.3333333333333333,0.1550369999999999,0.0,0.6573333218835757,0.5165517806528838,0.0,0
1.670552,49.804245,17.846224975481757,Male,33.5,0,Automobile,0,0,0.3614184641562495,0.8970985,0.930494135473918,0.3333333333333333,0.2715105,0.6666666666666666,0.5509853432240501,0.5165517806528838,0.25,0
1.676346,49.105025,17.474252684815582,Male,33.5,0,Automobile,0,0,2.766875794059256,0.8603505,0.4047042434982205,0.3333333333333333,0.5,0.620745,0.5509853432240501,0.5165517806528838,0.25,0
1.667404,49.125955,17.669706185691584,Male,33.5,1,Public_Transport,0,0,2.766875794059256,0.940396,0.7661256311002599,0.3333333333333333,0.4800655,0.504343,0.5509853432240501,0.5165517806528838,0.25,0
1.70011,50.173425,17.35880020715607,Male,49.0,0,Public_Transport,1,0,0.3614184641562495,0.8372154999999999,0.4047042434982205,0.6666666666666666,0.7266919999999999,0.4405413333333333,2.179271519047287,1.4390326375720084,0.5,0
1.75633,54.567343,17.689704097545913,Male,33.5,0,Bike,1,0,0.3614184641562495,0.5,1.670169102484148,0.3333333333333333,0.8270390000000001,0.7043836666666665,2.1946944415165657,1.4390326375720084,0.25,0
1.703584,51.607091,17.782068310288892,Female,49.0,1,Automobile,1,0,0.3614184641562495,0.7799799999999999,0.4047042434982205,0.6666666666666666,0.495394,0.1620019999999999,1.4735532362408867,1.4390326375720084,0.5,0
1.690727,49.895716,17.454856501493396,Male,18.0,0,Automobile,0,0,0.3614184641562495,0.106454,0.6706682869542723,0.3333333333333333,0.0148515,0.6666666666666666,0.5509853432240501,0.5165517806528838,0.0,0
1.713564,50.0,17.02822363509025,Female,18.0,0,Public_Transport,0,0,0.3614184641562495,0.0703074999999999,1.0103497525028269,0.3333333333333333,0.0,0.6666666666666666,0.5509853432240501,0.5165517806528838,0.0,0
1.67231,49.713944,17.776434022057668,Male,33.5,0,Automobile,0,0,0.3614184641562495,0.7812045000000001,1.0319355453677008,0.3333333333333333,0.33531,0.6666666666666666,0.5509853432240501,0.5165517806528838,0.25,0
1.660446,49.558304,17.974918204245093,Female,64.5,0,Automobile,1,0,0.3614184641562495,0.502073,0.9742835223680132,0.6666666666666666,0.5103819999999999,0.359573,0.9903323481066566,1.4390326375720084,0.75,0
1.630379,46.062954,17.3290454221302,Male,64.5,0,Automobile,1,0,0.3614184641562495,0.845377,0.4532420938114187,0.6666666666666666,0.6061479999999999,0.5389606666666666,1.0927237550684654,1.4390326375720084,0.75,0
1.655413,50.424661,18.40052711780821,Male,49.0,0,Automobile,1,0,0.3614184641562495,1.0,1.2303254993072763,0.6666666666666666,0.4975885,0.0394236666666666,0.9850361534938312,1.4390326375720084,0.5,0
1.732862,51.216463,17.05617434080397,Female,18.0,0,Automobile,0,0,0.3614184641562495,0.5256415000000001,0.0501592491087261,0.3333333333333333,0.67876,0.097103,0.3832316800705125,0.5165517806528838,0.0,0
1.74402,50.0,16.43868533225836,Female,18.0,1,Public_Transport,0,0,0.3614184641562495,0.5950249999999999,0.9449501689556608,0.3333333333333333,0.1782025,0.4506653333333333,0.5258037198382087,0.5165517806528838,0.0,0
1.757958,52.09432,16.85673205201391,Female,18.0,0,Automobile,0,0,0.3614184641562495,0.6074900000000001,0.0556924869798363,0.3333333333333333,0.5606255,0.332797,0.3189264927271127,0.5165517806528838,0.0,0
1.786758,51.524444,16.139194052699192,Male,18.0,0,Bike,0,0,0.3614184641562495,0.95774,0.4047042434982205,0.3333333333333333,0.3887429999999999,0.3591563333333333,0.5509853432240501,0.5165517806528838,0.0,0
1.767058,51.132809,16.375630955073106,Male,18.0,0,Automobile,1,0,0.3614184641562495,0.8544825,0.4047042434982205,0.3333333333333333,0.4365019999999999,0.4057266666666666,0.5509853432240501,0.5165517806528838,0.0,0
1.699437,52.08657,18.034978144856712,Female,18.0,0,Automobile,1,0,0.3614184641562495,0.9267565,0.4047042434982205,0.3333333333333333,0.5,0.2268213333333333,0.9765103982991148,0.5165517806528838,0.0,0
1.82525,58.913579,17.683600408152383,Female,18.0,0,Public_Transport,1,0,0.3614184641562495,0.7904359999999999,1.5451395046834615,0.3333333333333333,0.5,0.6666666666666666,0.347056766337164,1.4390326375720084,0.0,0
1.793315,58.19515,18.095626751190977,Female,33.5,0,Automobile,1,0,0.3614184641562495,0.7544175,0.9645849431747094,0.3333333333333333,0.5384665,0.6755559999999999,1.2796876103518744,1.4390326375720084,0.25,0
1.776989,57.275946,18.13855942249867,Female,18.0,1,Public_Transport,1,0,0.3614184641562495,0.5,1.3643678014119505,0.3333333333333333,0.7877675,0.6666666666666666,1.9379963916362235,1.4390326375720084,0.0,0
1.609495,42.656563,16.466700861405943,Male,18.0,0,Bike,0,1,0.3614184641562495,0.948281,0.0763393762040932,0.3333333333333333,0.919779,0.6498889999999999,0.9673549386216256,1.4390326375720084,0.0,0
1.777929,44.762023,14.160574669617416,Female,18.0,0,Automobile,0,0,0.3614184641562495,0.9559385,0.5310888937487727,0.3333333333333333,0.5982025,0.776049,1.455206155285746,0.5165517806528838,0.0,0
1.710948,45.248627,15.457234117286061,Male,18.0,0,Public_Transport,0,0,0.3614184641562495,0.9553665,0.5658206219922017,0.3333333333333333,0.6021315,0.8026353333333334,1.2134609270725707,0.5165517806528838,0.0,0
1.854162,59.881316,17.41790765685395,Male,18.0,0,Automobile,1,0,0.3614184641562495,0.983063,1.6503378135496207,0.3333333333333333,0.5,0.666696,0.4703842599820515,1.4390326375720084,0.0,0
1.821514,59.605028,17.96461313765503,Male,18.0,0,Public_Transport,1,0,0.3614184641562495,0.8066245000000001,1.3194391429320442,0.3333333333333333,0.5,0.6676656666666667,0.8053245066502157,1.4390326375720084,0.0,0
1.762073,55.511075,17.87853152140289,Female,33.5,0,Automobile,1,0,0.3614184641562495,0.5,1.6891141485841656,0.3333333333333333,0.7712075,0.6666666666666666,1.878222910276816,1.4390326375720084,0.25,0
1.732307,54.835576,18.273119278206526,Male,49.0,0,Public_Transport,1,0,0.3614184641562495,1.0,0.4047042434982205,0.6666666666666666,0.5017849999999999,0.4198499999999999,0.4071063908250845,1.4390326375720084,0.5,0
1.759933,55.003417,17.758136944505654,Male,33.5,0,Automobile,1,0,0.3614184641562495,0.8135155000000001,1.4745033819532605,0.3333333333333333,0.996724,0.6666666666666666,1.251045979314127,1.4390326375720084,0.25,0
1.741377,54.877111,18.09696022470291,Female,49.0,1,Bike,1,0,0.3614184641562495,1.0,0.4047042434982205,0.6666666666666666,0.5048980000000001,0.6666666666666666,0.9754993533055382,1.4390326375720084,0.5,0
1.731195,49.650897,16.566666159182795,Male,33.5,1,Public_Transport,0,0,0.3614184641562495,0.9598755,1.1446566430479486,0.3333333333333333,0.474654,0.6467273333333333,0.5509853432240501,0.5165517806528838,0.25,0
1.74823,49.928447,16.336195445262593,Female,18.0,0,Public_Transport,0,0,0.3614184641562495,0.7472255000000001,1.1309609802300176,0.3333333333333333,0.245634,0.6503423333333334,0.4789974595552311,0.5165517806528838,0.0,0
1.756865,49.699672,16.101885742701402,Male,33.5,1,Public_Transport,0,0,0.3614184641562495,0.3471349999999999,0.7471844382299572,0.3333333333333333,0.0477085,0.6666666666666666,0.5509853432240501,0.5165517806528838,0.25,0
1.701378,50.088468,17.303586290660153,Male,18.0,0,Public_Transport,0,0,0.3614184641562495,0.300618,0.9620199765942532,0.3333333333333333,0.0275094999999999,0.2730896666666667,0.6016904814881776,0.5165517806528838,0.0,0
1.699956,49.98297,17.29604064158991,Female,33.5,1,Public_Transport,0,0,0.3614184641562495,0.1024275,1.0867747106752508,0.3333333333333333,0.0673289999999999,0.6666666666666666,0.5509853432240501,0.5165517806528838,0.25,0
1.723328,50.0,16.835813868611744,Male,18.0,0,Automobile,0,0,0.3614184641562495,0.0263495,1.6873390940953368,0.6666666666666666,0.0,0.6666666666666666,0.5509853432240501,0.5165517806528838,0.0,0
1.585886,42.541794,16.914994846787263,Male,33.5,1,Automobile,0,1,2.766875794059256,0.9551725,0.4047042434982205,0.6666666666666666,0.0,0.4870016666666666,1.0927237550684654,0.5165517806528838,0.25,0
1.524926,42.0,18.061414184263192,Male,33.5,1,Automobile,0,0,0.3614184641562495,0.9331915,1.8733996599367064,0.6666666666666666,0.0,0.0483166666666666,1.0927237550684654,0.5165517806528838,0.25,0
1.52337,42.0,18.09832959317197,Male,33.5,0,Automobile,0,0,0.3614184641562495,0.956743,2.0860285820840643,0.6666666666666666,0.298106,0.036316,0.1780063806032004,0.5165517806528838,0.25,0
1.844749,59.313525,17.4292687969112,Female,18.0,1,Automobile,1,0,0.3614184641562495,0.7164429999999999,0.4047042434982205,0.3333333333333333,0.5,0.8993163333333333,0.5509853432240501,1.4390326375720084,0.0,0
1.853325,59.619485,17.357415194302046,Male,18.0,0,Bike,1,0,0.3614184641562495,0.9418725,1.1699055729621282,0.3333333333333333,0.5,0.692551,0.0820367811902937,1.4390326375720084,0.0,0
1.854706,59.20945,17.212377922661492,Female,18.0,0,Automobile,1,0,0.3614184641562495,0.8538330000000001,1.3524882941998106,0.3333333333333333,0.5132734999999999,0.6697989999999999,0.0835340362807113,1.4390326375720084,0.0,0
1.72064,50.0,16.88845709010222,Male,33.5,0,Bike,1,0,0.3614184641562495,0.959792,1.3010052919742503,0.6666666666666666,0.0735605,0.3310193333333333,0.9460720293188072,1.4390326375720084,0.25,0
1.704167,50.165754,17.273607283642665,Female,49.0,0,Automobile,1,0,0.3614184641562495,0.9846025,0.6749826198254562,0.6666666666666666,0.882938,0.203679,1.045235519407823,1.4390326375720084,0.5,0
1.71746,51.491957,17.456860275033595,Female,49.0,0,Automobile,1,0,0.3614184641562495,0.7430945,0.4047042434982205,0.6666666666666666,0.032189,0.7353516666666666,2.125804949498028,1.4390326375720084,0.5,0
1.708406,50.0,17.13120169482621,Female,18.0,0,Bike,0,0,0.3614184641562495,0.3211205,0.9860153224410682,0.3333333333333333,0.0496155,0.139625,0.5509853432240501,0.5165517806528838,0.0,0
1.763465,50.279053,16.167892025823217,Male,18.0,1,Public_Transport,0,0,0.3614184641562495,0.2835505,0.4047042434982205,0.3333333333333333,0.4970695,0.0359936666666666,0.5509853432240501,0.5165517806528838,0.0,0
1.7,50.0,17.301038062283737,Male,18.0,0,Public_Transport,0,0,0.3614184641562495,0.0182069999999999,0.6687622226551247,0.3333333333333333,0.3729795,0.038658,0.5509853432240501,0.5165517806528838,0.0,0
1.574017,41.220175,16.637612076461625,Male,18.0,0,Bike,0,0,0.3614184641562495,0.324987,1.5041408030938328,0.3333333333333333,0.274987,0.075934,2.150192661389394,0.5165517806528838,0.0,0
1.537739,39.101805,16.536041268690497,Female,33.5,1,Automobile,0,0,0.3614184641562495,0.0592179999999999,0.4047042434982205,0.3333333333333333,0.498872,0.8108143333333333,1.5802661183202331,0.5165517806528838,0.25,0
1.534223,41.268597,17.532454734733875,Female,33.5,1,Bike,0,0,0.3614184641562495,0.836819,0.1213364458282543,0.6666666666666666,0.124537,0.0144706666666666,0.4291682543423666,0.5165517806528838,0.25,0
1.76033,55.3707,17.8686537402889,Female,33.5,1,Automobile,1,0,0.3614184641562495,0.5600925000000001,1.6891141485841656,0.3333333333333333,0.7910824999999999,0.6666666666666666,1.3902780021940933,1.4390326375720084,0.25,0
1.841879,60.0,17.685977072831747,Male,18.0,0,Automobile,1,0,0.3614184641562495,1.0,1.3450541296691731,0.3333333333333333,0.5,0.666978,0.4604513259010698,1.4390326375720084,0.0,0
1.856406,58.673963,17.025485134899714,Female,18.0,1,Automobile,1,0,0.3614184641562495,0.6711100000000001,1.6083234811443543,0.3333333333333333,0.6558955,0.6711256666666667,0.7619636245353859,1.4390326375720084,0.0,0
1.829142,59.933015,17.913121930048373,Female,18.0,0,Automobile,1,0,0.3614184641562495,0.930495,1.6891141485841656,0.3333333333333333,0.5,0.6666666666666666,1.0797844770467069,1.4390326375720084,0.0,0
1.822084,58.443049,17.603380487852682,Male,18.0,0,Automobile,1,0,0.3614184641562495,0.7797855,0.4663032581362375,0.3333333333333333,0.5,0.6705486666666666,0.1245889584287635,1.4390326375720084,0.0,0
1.80671,59.243506,18.149466151930554,Male,18.0,0,Public_Transport,1,0,0.3614184641562495,0.7124885000000001,1.6891141485841656,0.3333333333333333,0.5,0.6666666666666666,1.028273921324416,1.4390326375720084,0.0,0
1.707259,50.664459,17.38219380835543,Female,18.0,0,Public_Transport,1,0,0.3614184641562495,0.3934204999999999,0.4047042434982205,0.3333333333333333,0.273428,0.170698,1.550796057896947,0.5165517806528838,0.0,0
1.708107,51.314659,17.58779124888334,Female,18.0,0,Automobile,1,0,0.3614184641562495,0.151939,0.4047042434982205,0.3333333333333333,0.3777485,0.0209773333333333,1.656432310516912,0.5165517806528838,0.0,0
1.739344,50.951444,16.841684600792135,Female,18.0,0,Automobile,1,0,0.3614184641562495,0.4449415,0.4047042434982205,0.3333333333333333,0.4797654999999999,0.1734689999999999,0.7994582727765364,0.5165517806528838,0.0,0
1.573987,44.316254,17.887957761754453,Male,18.0,0,Automobile,0,1,2.766875794059256,0.992002,0.4047042434982205,0.6666666666666666,0.0076245,0.442611,1.0927237550684654,0.5165517806528838,0.0,0
1.58092,44.753943,17.906533396098776,Female,33.5,0,Automobile,0,1,2.766875794059256,1.0,0.3730589522567131,0.6666666666666666,0.123411,0.326567,1.0927237550684654,0.5165517806528838,0.25,0
1.603435,45.0,17.50289128843946,Male,33.5,0,Public_Transport,0,1,2.766875794059256,1.0,0.4047042434982205,0.6666666666666666,0.7439595000000001,0.4101469999999999,1.0927237550684654,0.5165517806528838,0.25,0
1.53535,42.0,17.816996871809412,Male,33.5,0,Automobile,0,0,0.3614184641562495,1.0,2.1641155666736696,0.6666666666666666,0.248405,0.0,0.2487991238594341,0.5165517806528838,0.25,0
1.53161,42.0,17.90411686470717,Male,18.0,0,Public_Transport,0,0,0.3614184641562495,0.8746339999999999,1.6573657671309658,0.6666666666666666,0.1610239999999999,0.1546496666666666,0.2238757267001513,0.5165517806528838,0.0,0
1.525691,42.0,18.04330630022941,Female,33.5,0,Automobile,0,0,0.3614184641562495,1.0,2.1641155666736696,0.6666666666666666,0.3820274999999999,0.0,0.1707886900544712,0.5165517806528838,0.25,0
1.719827,52.289828,17.678592602395533,Female,18.0,0,Public_Transport,1,0,0.3614184641562495,0.1010375,0.4047042434982205,0.3333333333333333,0.4639879999999999,0.007858,1.779256829177722,0.5165517806528838,0.0,0
1.722547,53.783977,18.126366275555824,Female,18.0,0,Automobile,1,0,0.3614184641562495,0.5,0.5730030421814418,0.3333333333333333,0.536097,0.4959956666666666,2.1946944415165657,0.5165517806528838,0.0,0
1.738702,50.248677,16.621657314943572,Male,18.0,1,Public_Transport,1,0,0.3614184641562495,0.4356065,0.4047042434982205,0.3333333333333333,0.141869,0.228293,1.3518382212214244,0.5165517806528838,0.0,0
1.816298,86.963765,26.361136160086645,Female,64.5,0,Automobile,0,0,0.3614184641562495,0.6705665000000001,1.4210574639734437,0.3333333333333333,0.5,0.6666666666666666,0.1819905675593347,1.4390326375720084,0.75,2
1.638085,70.0,26.087062160811257,Male,33.5,0,Bike,0,0,0.3614184641562495,0.5,2.1641155666736696,0.0,0.5579835,0.2568453333333333,1.0927237550684654,0.5165517806528838,0.25,2
1.813678,85.637789,26.0342503085834,Female,64.5,0,Automobile,0,0,0.3614184641562495,0.225109,1.6704157091859244,0.3333333333333333,0.5738730000000001,0.015612,0.5509853432240501,1.4390326375720084,0.75,2
1.697228,75.5771,26.236738550453666,Male,49.0,0,Automobile,1,0,0.3614184641562495,0.602457,1.2053591395722156,0.3333333333333333,0.4076465,0.3297719999999999,1.0927237550684654,0.5165517806528838,0.5,2
1.617469,68.869791,26.32430011094419,Male,33.5,1,Public_Transport,0,0,0.3614184641562495,0.1031379999999999,0.4047042434982205,0.0,0.7032704999999999,0.3166133333333333,0.3050238372756278,0.5165517806528838,0.25,2
1.855543,88.965521,25.839236699477247,Male,33.5,0,Public_Transport,1,0,0.3614184641562495,0.5,0.4047042434982205,0.3333333333333333,0.0078384999999999,0.0,0.4769081413931745,0.5165517806528838,0.25,2
1.721854,82.919584,27.96819680152675,Male,80.0,0,Public_Transport,0,0,0.3614184641562495,0.90823,0.8711120123320797,0.3333333333333333,0.8610315,1.0,0.6558423138332977,0.5165517806528838,1.0,2
1.855353,86.413388,25.10313323952578,Female,33.5,0,Bike,1,0,0.3614184641562495,0.5,0.4047042434982205,0.3333333333333333,0.172649,0.3659683333333333,0.5509853432240501,0.5165517806528838,0.25,2
1.696336,75.0,26.063786269971196,Female,49.0,0,Public_Transport,1,0,0.3614184641562495,0.5,0.4047042434982205,0.3333333333333333,0.4128145,0.2331973333333333,0.8592250154014239,0.5165517806528838,0.5,2
1.751631,80.0,26.07382472196018,Male,18.0,0,Automobile,1,0,0.3614184641562495,0.5,1.2167091324841748,0.3333333333333333,0.6039890000000001,0.8803573333333332,0.0694509006246679,2.472136198877776,0.0,2
1.698346,75.0,26.002129564490307,Female,49.0,0,Automobile,1,0,0.3614184641562495,0.5,0.4047042434982205,0.3333333333333333,0.5,0.115228,1.2340056470921286,0.5165517806528838,0.5,2
1.642971,74.803157,27.71150620625433,Male,80.0,0,Automobile,1,0,2.766875794059256,1.0,1.9765249312160569,0.3333333333333333,0.0370239999999999,0.2266449999999999,1.0927237550684654,0.5165517806528838,1.0,2
1.613668,68.126955,26.163184548620098,Female,49.0,0,Bike,1,0,0.3614184641562495,0.379197,1.665990917062903,0.3333333333333333,0.587124,0.3068253333333333,1.1397011249957922,0.5165517806528838,0.5,2
1.605404,68.226511,26.471861457305877,Female,33.5,0,Automobile,0,0,0.3614184641562495,0.5,0.9883667395579956,0.0,1.0,0.3333333333333333,1.0927237550684654,0.5165517806528838,0.25,2
1.529834,62.903938,26.87752145121935,Female,80.0,1,Automobile,0,0,0.3614184641562495,0.5,0.7440514250521674,0.3333333333333333,0.2282904999999999,0.0,0.5467116995684894,0.5165517806528838,1.0,2
1.55,62.337721,25.94702226847034,Male,80.0,1,Bike,1,0,0.3614184641562495,0.6963325,0.4047042434982205,0.3333333333333333,0.975528,0.0,0.485974840779356,0.5165517806528838,1.0,2
1.731261,78.175706,26.08235011774621,Female,49.0,0,Public_Transport,1,0,0.3614184641562495,0.7887135000000001,2.1641155666736696,0.3333333333333333,0.5,0.7624743333333333,1.0927237550684654,0.5165517806528838,0.5,2
1.629194,70.0,26.372568924171855,Female,49.0,0,Automobile,0,0,0.3614184641562495,0.5,2.1641155666736696,0.0,0.9016555,0.0817846666666666,1.0927237550684654,0.5165517806528838,0.5,2
1.62,70.0,26.672763298277697,Male,33.5,0,Automobile,0,0,0.3614184641562495,0.5,2.1641155666736696,0.0,1.0,0.3333333333333333,1.0927237550684654,0.5165517806528838,0.25,2
1.62,70.0,26.672763298277697,Male,33.5,0,Automobile,0,0,0.3614184641562495,0.5,2.1641155666736696,0.0,1.0,0.3333333333333333,1.0927237550684654,0.5165517806528838,0.25,2
1.633491,68.803694,25.78566069885033,Female,80.0,0,Automobile,1,0,0.3614184641562495,0.526076,0.4047042434982205,0.3333333333333333,0.486037,0.0761023333333333,1.0927237550684654,0.5165517806528838,1.0,2
1.752391,79.109637,25.761275588926406,Female,33.5,1,Automobile,1,0,0.3614184641562495,1.0,2.1641155666736696,0.3333333333333333,0.5,0.8574099999999999,1.0927237550684654,0.5165517806528838,0.25,2
1.818226,85.833029,25.963229444217983,Female,33.5,1,Bike,1,0,0.3614184641562495,0.977498,1.322842829180522,0.3333333333333333,0.7154590000000001,0.8486436666666666,0.3206160617820306,0.5165517806528838,0.25,2
1.809101,85.0,25.97127664395861,Female,33.5,0,Bike,1,0,0.3614184641562495,1.0,0.4047042434982205,0.3333333333333333,0.6145855,0.5359843333333333,0.0603774625039663,0.5165517806528838,0.25,2
1.709484,75.0,25.664403971709387,Female,49.0,0,Bike,1,0,0.3614184641562495,0.5,0.4047042434982205,0.3333333333333333,0.9218885,0.674105,1.0775128710728663,0.5165517806528838,0.5,2
1.607082,67.722222,26.221354705590574,Male,33.5,0,Automobile,1,0,0.3614184641562495,0.5,1.292521764551158,0.0,1.0,0.4093786666666666,0.5417524653208142,0.5165517806528838,0.25,2
1.718939,75.951472,25.704861308306967,Male,49.0,0,Public_Transport,1,0,0.3614184641562495,0.5,0.4047042434982205,0.6666666666666666,0.5,0.0,2.1946944415165657,0.5165517806528838,0.5,2
1.831357,89.652557,26.731089197596813,Male,33.5,0,Automobile,1,0,0.3614184641562495,0.7777004999999999,0.7802477180066797,0.3333333333333333,1.0,0.6666666666666666,0.5734464641540905,0.5165517806528838,0.25,2
1.6,66.401407,25.938049609374996,Female,49.0,0,Bike,1,0,0.3614184641562495,0.5543555,0.4047042434982205,0.3333333333333333,0.8730985,0.6368106666666666,1.0927237550684654,0.5165517806528838,0.5,2
1.754813,77.929204,25.306876986352822,Male,33.5,0,Public_Transport,1,0,0.3614184641562495,0.9576395,2.0297123453856663,0.3333333333333333,0.265023,0.453545,1.0927237550684654,0.5165517806528838,0.25,2
1.778447,80.273807,25.380022665048838,Female,18.0,0,Automobile,1,0,0.3614184641562495,0.2850445,0.4047042434982205,0.3333333333333333,0.5,0.9026273333333332,1.0927237550684654,1.4390326375720084,0.0,2
1.709561,75.0,25.66209213305381,Female,33.5,0,Automobile,1,0,0.3614184641562495,0.5,0.4047042434982205,0.3333333333333333,0.318163,0.3333333333333333,1.0927237550684654,0.5165517806528838,0.25,2
1.674568,71.602622,25.534264351815867,Female,80.0,1,Public_Transport,1,0,0.3614184641562495,0.5,0.4047042434982205,0.3333333333333333,0.3509175,0.560757,1.0927237550684654,0.5165517806528838,1.0,2
1.755317,82.228794,26.687801755437132,Male,64.5,0,Automobile,1,0,0.3614184641562495,0.471565,1.123769569171441,0.3333333333333333,0.6839980000000001,0.07851,0.3537024461196875,0.5165517806528838,0.75,2
1.708071,75.0,25.706883239150905,Female,49.0,0,Bike,1,0,0.3614184641562495,0.8572234999999999,0.4047042434982205,0.3333333333333333,1.0,0.365606,2.020264032005764,0.5165517806528838,0.5,2
1.806947,85.079589,26.05760848659594,Male,33.5,0,Automobile,1,0,0.3614184641562495,0.5,0.4047042434982205,0.3333333333333333,0.6460364999999999,0.355939,0.7694390496162935,0.5165517806528838,0.25,2
1.599697,64.808022,25.32522461433692,Female,64.5,0,Bike,0,0,0.3614184641562495,0.9517725,0.4047042434982205,0.3333333333333333,0.2749655,0.0,0.6425414198099146,0.5165517806528838,0.75,2
1.721903,72.748903,24.536300591108244,Male,80.0,0,Automobile,1,0,0.3614184641562495,0.5,0.4047042434982205,0.3333333333333333,0.0,0.0,1.1085840680560166,0.5165517806528838,1.0,2
1.712556,75.480764,25.73633636399637,Male,49.0,0,Automobile,1,0,0.3614184641562495,1.0,1.2447866704286388,0.3333333333333333,0.1149575,0.2644963333333333,1.5332790500364435,0.5165517806528838,0.5,2
1.551288,54.93242,22.826738618008303,Female,18.0,1,Bike,0,1,0.3614184641562495,0.3768749999999999,1.7837298668230364,0.3333333333333333,0.5,0.0367246666666666,2.103756235653532,0.5165517806528838,0.0,2
1.603842,65.0,25.269124328601528,Male,18.0,0,Automobile,1,1,0.3614184641562495,0.7717814999999999,2.1641155666736696,0.3333333333333333,0.5,0.231427,0.6445304717169753,0.5165517806528838,0.0,2
1.588597,62.339003,24.702014715821026,Male,49.0,1,Automobile,0,0,0.3614184641562495,0.6986399999999999,0.0363775308271537,0.3333333333333333,0.5305310000000001,0.6376603333333333,2.0095897851214524,0.5165517806528838,0.5,2
1.673482,73.193589,26.13550837194731,Female,80.0,0,Automobile,1,0,2.766875794059256,1.0,0.1603015891188464,0.3333333333333333,0.2957125,0.0593409999999999,1.0927237550684654,0.5165517806528838,1.0,2
1.858624,88.675503,25.66968734525319,Female,49.0,0,Automobile,1,0,0.3614184641562495,0.5,0.118075329079241,0.3333333333333333,0.1391154999999999,0.18571,0.5509853432240501,0.5165517806528838,0.5,2
1.593894,63.320629,24.924493908432453,Female,80.0,0,Automobile,1,0,0.3614184641562495,0.6873199999999999,0.4047042434982205,0.3333333333333333,0.5,0.9643073333333332,0.3024070523911462,0.5165517806528838,1.0,2
1.62,69.529625,26.493531854900162,Female,33.5,0,Automobile,0,0,0.3614184641562495,0.639322,2.1641155666736696,0.3333333333333333,0.8144925000000001,0.3333333333333333,1.0200555397310802,0.5165517806528838,0.25,2
1.616366,67.183128,25.71466123649575,Female,18.0,0,Public_Transport,1,1,0.3614184641562495,0.3104225,2.1641155666736696,0.3333333333333333,0.5,0.3088639999999999,1.6310633042938654,1.4390326375720084,0.0,2
1.637396,70.0,26.109021134042287,Male,18.0,0,Automobile,1,0,0.3614184641562495,0.5,0.8809720897541391,0.3333333333333333,0.6630825,0.0023499999999999,1.0927237550684654,1.4390326375720084,0.0,2
1.550723,60.628321,25.211987593410957,Male,18.0,0,Bike,0,1,0.3614184641562495,0.9115895,0.0516568710580563,0.3333333333333333,0.1133819999999999,0.2491759999999999,1.0780963878027603,0.5165517806528838,0.0,2
1.6,65.0,25.390624999999996,Male,18.0,1,Automobile,1,1,0.3614184641562495,1.0,0.3020769858427579,0.3333333333333333,0.5,0.159864,1.735511155235765,0.5165517806528838,0.0,2
1.820471,87.668828,26.453166816895745,Female,80.0,1,Automobile,0,0,0.3614184641562495,1.0,0.4047042434982205,0.3333333333333333,0.0873055,0.6666666666666666,1.0927237550684654,1.4390326375720084,1.0,2
1.657496,73.641633,26.805161760184564,Female,80.0,1,Public_Transport,1,0,0.3614184641562495,0.5,0.4047042434982205,0.3333333333333333,0.0,0.0,0.735884535981877,0.5165517806528838,1.0,2
1.752123,80.0,26.05918360298315,Male,18.0,0,Automobile,1,0,0.3614184641562495,0.5,0.1403161709957094,0.3333333333333333,0.6886810000000001,0.0337453333333333,0.9186631801047797,1.4390326375720084,0.0,2
1.857231,88.138777,25.552604428356002,Male,33.5,0,Public_Transport,1,0,0.3614184641562495,0.5309759999999999,1.6891141485841656,0.3333333333333333,0.7132324999999999,0.6666666666666666,0.8295034674860986,0.5165517806528838,0.25,2
1.76,79.544998,25.67955772210744,Female,18.0,0,Automobile,1,0,0.3614184641562495,0.5,1.9755718990664832,0.3333333333333333,1.0,0.6032483333333333,1.6853122793739117,2.472136198877776,0.0,2
1.644682,68.392133,25.28379555095861,Male,18.0,0,Public_Transport,1,0,0.3614184641562495,0.5,1.994965204223376,0.3333333333333333,0.1722694999999999,0.0,1.524998043599246,1.4390326375720084,0.0,2
1.737165,76.699774,25.416277458650733,Female,18.0,0,Bike,1,0,0.3614184641562495,0.9194845,0.4047042434982205,0.3333333333333333,0.7129635000000001,0.3333333333333333,1.2961362072984877,2.472136198877776,0.0,2
1.507853,64.259379,28.263016719957434,Female,33.5,0,Public_Transport,0,1,0.3614184641562495,0.7840315,0.4047042434982205,0.3333333333333333,0.4089914999999999,0.0,1.0927237550684654,0.5165517806528838,0.25,2
1.81006,87.286783,26.64173752898216,Female,80.0,0,Bike,0,0,0.3614184641562495,1.0,0.4047042434982205,0.3333333333333333,0.1028164999999999,0.6666666666666666,1.0927237550684654,1.4390326375720084,1.0,2
1.80179,86.981202,26.792735729738585,Male,64.5,0,Bike,0,0,0.3614184641562495,0.826479,0.2526708744337217,0.3333333333333333,0.5,0.6666666666666666,0.9339184442460324,1.4390326375720084,0.75,2
1.625891,70.0,26.479829590203295,Female,33.5,1,Automobile,0,0,0.3614184641562495,0.5,2.1641155666736696,0.0,0.50438,0.2103966666666666,1.0927237550684654,0.5165517806528838,0.25,2
1.64037,70.0,26.014435350937646,Female,49.0,0,Automobile,0,0,0.3614184641562495,0.5,2.1641155666736696,0.0,0.534592,0.2432993333333333,1.0927237550684654,0.5165517806528838,0.5,2
1.791047,83.26312,25.95605677019678,Female,64.5,0,Public_Transport,0,0,0.3614184641562495,0.1389249999999999,1.6885888249329857,0.3333333333333333,0.7479720000000001,0.00114,0.5509853432240501,1.4390326375720084,0.75,2
1.679306,75.0,26.595097329436076,Female,49.0,0,Automobile,1,0,0.3614184641562495,0.5,0.4047042434982205,0.3333333333333333,0.4789354999999999,0.3315306666666666,0.8999117467114583,0.5165517806528838,0.5,2
1.615145,68.653347,26.317139362770305,Female,33.5,1,Automobile,1,0,0.3614184641562495,0.364912,1.1919717351315051,0.0,0.5218514999999999,0.1873726666666666,0.3914467742456517,0.5165517806528838,0.25,2
1.616467,68.77185,26.319462834794745,Female,33.5,0,Public_Transport,1,0,0.3614184641562495,0.2262619999999999,1.6256039320073812,0.0,0.554929,0.1696156666666666,0.8709053761520174,0.5165517806528838,0.25,2
1.816783,86.522799,26.213465841655264,Male,33.5,0,Automobile,1,0,0.3614184641562495,0.5,0.4047042434982205,0.3333333333333333,0.5886929999999999,0.1122713333333333,1.0848125831783837,0.5165517806528838,0.25,2
1.812472,86.748295,26.40695561597472,Female,33.5,1,Public_Transport,1,0,0.3614184641562495,0.5,0.4047042434982205,0.3333333333333333,0.5843255,0.3259993333333333,0.8582683767062175,0.5165517806528838,0.25,2
1.768231,75.62931,24.188678252471178,Female,80.0,1,Public_Transport,1,0,0.3614184641562495,1.0,0.3428432092395659,0.3333333333333333,0.5560160000000001,0.1262276666666666,1.0927237550684654,0.5165517806528838,1.0,2
1.870931,89.251639,25.497679518825827,Male,49.0,0,Bike,1,0,0.3614184641562495,0.5,0.1477952898730247,0.3333333333333333,0.0406665,0.1481156666666666,0.5509853432240501,0.5165517806528838,0.5,2
1.863685,89.558854,25.784784621937103,Female,33.5,0,Public_Transport,1,0,0.3614184641562495,0.5,0.4047042434982205,0.3333333333333333,0.0028635,0.0,0.219316077661488,0.5165517806528838,0.25,2
1.670227,75.0,26.885013781380962,Female,49.0,0,Automobile,1,0,0.3614184641562495,0.5,0.4047042434982205,0.3333333333333333,0.5,0.0430543333333333,2.1678658216142352,0.5165517806528838,0.5,2
1.717288,75.948164,25.753188647418973,Female,49.0,0,Automobile,1,0,0.3614184641562495,0.5,0.4047042434982205,0.3333333333333333,0.5,0.0,2.1946944415165657,0.5165517806528838,0.5,2
1.750359,79.828725,26.05583101721643,Male,18.0,0,Bike,1,0,0.3614184641562495,0.5,0.5867150649088543,0.3333333333333333,0.522502,0.4312216666666666,0.4882055179238658,2.472136198877776,0.0,2
1.707557,75.306702,25.82754987298419,Male,49.0,1,Automobile,1,0,0.3614184641562495,0.6516835000000001,0.4596435927783669,0.3333333333333333,0.138818,0.314994,0.4909191177470198,0.5165517806528838,0.5,2
1.672446,74.812707,26.746758788740376,Female,80.0,0,Public_Transport,1,0,0.3614184641562495,0.9742125,1.9089765298976824,0.3333333333333333,0.0,0.0,0.8070536886216194,0.5165517806528838,1.0,2
1.675979,74.959747,26.68645994181491,Female,80.0,0,Public_Transport,1,0,0.3614184641562495,0.645923,1.450552653033837,0.3333333333333333,0.0,0.0,0.4545191797653322,0.5165517806528838,1.0,2
1.611239,67.939653,26.16998016914111,Male,49.0,0,Automobile,1,0,0.3614184641562495,0.4530969999999999,1.6733248976209438,0.3333333333333333,0.7988729999999999,0.6407446666666666,1.169223784110224,0.5165517806528838,0.5,2
1.611356,68.06609,26.21487568448966,Female,49.0,0,Automobile,1,0,0.3614184641562495,0.4170775,1.6839212793379037,0.3333333333333333,0.8164355000000001,0.4120379999999999,2.163258505011721,0.5165517806528838,0.5,2
1.62,70.0,26.672763298277697,Female,33.5,0,Public_Transport,0,0,0.3614184641562495,0.5,2.1641155666736696,0.0,1.0,0.3333333333333333,1.0927237550684654,0.5165517806528838,0.25,2
1.508908,63.183846,27.7511212953992,Female,80.0,0,Automobile,1,0,0.3614184641562495,0.5242910000000001,2.1034952723833285,0.3333333333333333,0.5,0.0504533333333333,0.7213112472182887,0.5165517806528838,1.0,2
1.561109,62.871794,25.79819955496728,Female,80.0,0,Bike,1,0,0.3614184641562495,0.974124,0.4047042434982205,0.3333333333333333,0.7149555000000001,0.03988,0.5006712438271894,0.5165517806528838,1.0,2
1.554728,63.011645,26.068256006653073,Male,80.0,0,Automobile,1,0,0.3614184641562495,0.934718,0.4047042434982205,0.3333333333333333,0.986213,0.7202633333333333,0.5898243816094771,0.5165517806528838,1.0,2
1.730182,78.55444,26.2414094658728,Male,49.0,0,Public_Transport,1,0,0.3614184641562495,0.6468525,2.1641155666736696,0.3333333333333333,0.5,0.687981,1.0927237550684654,0.5165517806528838,0.5,2
1.743841,78.88036,25.93911266169546,Male,33.5,0,Bike,1,0,0.3614184641562495,0.7552915,2.1641155666736696,0.3333333333333333,0.5,0.7065606666666666,1.0927237550684654,0.5165517806528838,0.25,2
1.62,70.0,26.672763298277697,Female,33.5,1,Public_Transport,0,0,0.3614184641562495,0.5,2.1641155666736696,0.0,1.0,0.3333333333333333,1.0927237550684654,0.5165517806528838,0.25,2
1.62,70.0,26.672763298277697,Male,33.5,0,Public_Transport,0,0,0.3614184641562495,0.5,2.1641155666736696,0.0,1.0,0.3333333333333333,1.0927237550684654,0.5165517806528838,0.25,2
1.62,70.0,26.672763298277697,Male,33.5,0,Automobile,0,0,0.3614184641562495,0.5,2.1641155666736696,0.0,1.0,0.3333333333333333,1.0927237550684654,0.5165517806528838,0.25,2
1.62,70.0,26.672763298277697,Male,33.5,0,Automobile,0,0,0.3614184641562495,0.5,2.1641155666736696,0.0,1.0,0.3333333333333333,1.0927237550684654,0.5165517806528838,0.25,2
1.62,70.0,26.672763298277697,Female,33.5,0,Public_Transport,0,0,0.3614184641562495,0.5,2.1641155666736696,0.0,1.0,0.3333333333333333,1.0927237550684654,0.5165517806528838,0.25,2
1.642506,69.906708,25.91223786691828,Female,80.0,0,Automobile,1,0,0.3614184641562495,0.6834745,0.4047042434982205,0.3333333333333333,0.4632885,0.5270806666666666,1.0927237550684654,0.5165517806528838,1.0,2
1.69308,71.927379,25.092230945703307,Male,80.0,0,Public_Transport,1,0,0.3614184641562495,0.8078939999999999,0.4047042434982205,0.3333333333333333,0.3858905,0.2531406666666667,0.0357302084731968,0.5165517806528838,1.0,2
1.752115,79.414603,25.868732731198474,Male,49.0,1,Public_Transport,1,0,0.3614184641562495,1.0,2.1641155666736696,0.3333333333333333,0.5,0.7719943333333333,1.0927237550684654,0.5165517806528838,0.5,2
1.745033,80.0,26.27136864159211,Female,64.5,0,Bike,1,0,0.3614184641562495,0.6086335,1.9154679375579864,0.3333333333333333,0.5,0.6666666666666666,1.0927237550684654,0.5165517806528838,0.75,2
1.820643,85.0,25.6430296383848,Male,33.5,0,Public_Transport,1,0,0.3614184641562495,1.0,0.4047042434982205,0.3333333333333333,0.879623,0.5877589999999999,0.347607408885092,0.5165517806528838,0.25,2
1.80733,85.073801,26.044793711550234,Male,33.5,0,Public_Transport,1,0,0.3614184641562495,0.900757,0.4047042434982205,0.3333333333333333,0.867391,0.7359603333333333,0.8565638503712882,0.5165517806528838,0.25,2
1.8,85.0,26.234567901234566,Male,33.5,1,Public_Transport,1,0,0.3614184641562495,0.5943609999999999,0.4047042434982205,0.3333333333333333,0.860678,0.509656,0.5509853432240501,0.5165517806528838,0.25,2
1.814255,85.255631,25.901589474752434,Male,33.5,0,Automobile,1,0,0.3614184641562495,0.9856755,0.9058077770981666,0.3333333333333333,0.5668835000000001,0.7728306666666667,0.0227268257966049,0.5165517806528838,0.25,2
1.700181,75.057177,25.965812037579965,Male,49.0,0,Automobile,1,0,0.3614184641562495,0.5430465,1.106444163961737,0.3333333333333333,0.5405605,0.6645553333333333,0.0148649651794716,0.5165517806528838,0.5,2
1.604697,68.016472,26.41362574501404,Male,49.0,0,Automobile,1,0,0.3614184641562495,0.4508054999999999,0.7470007676135298,0.0,0.9634975,0.3286239999999999,0.5864909395581399,0.5165517806528838,0.5,2
1.611,68.107866,26.24255959089454,Male,49.0,0,Bike,1,0,0.3614184641562495,0.488649,1.117518346163388,0.0,0.6089785000000001,0.32604,0.3370137037465968,0.5165517806528838,0.5,2
1.754497,77.956921,25.324997893224253,Female,33.5,1,Bike,1,0,0.3614184641562495,0.723436,0.4015057254152714,0.3333333333333333,0.405155,0.031631,1.620675062792657,0.5165517806528838,0.25,2
1.752944,77.965532,25.372692853634774,Male,33.5,0,Public_Transport,1,0,0.3614184641562495,0.919524,0.7435453675495636,0.3333333333333333,0.319601,0.3724369999999999,0.4982535116417278,0.5165517806528838,0.25,2
1.859927,87.105828,25.179982004199598,Female,33.5,0,Automobile,1,0,0.3614184641562495,0.60616,1.6891141485841656,0.3333333333333333,0.687022,0.6666666666666666,0.0692880095258101,0.5165517806528838,0.25,2
1.896073,90.52446,25.180006330555823,Female,49.0,1,Bike,1,0,0.3614184641562495,0.7138445,1.3234503550656276,0.3333333333333333,0.938048,0.605256,0.3917393544651478,0.5165517806528838,0.5,2
1.605314,66.621646,25.852072907957872,Male,49.0,1,Automobile,1,0,0.3614184641562495,0.6787479999999999,0.8885632897124828,0.3333333333333333,0.5924214999999999,0.4527283333333333,1.0682571451403813,0.5165517806528838,0.5,2
1.758628,78.370039,25.33973658262102,Female,33.5,1,Public_Transport,1,0,0.3614184641562495,1.0,2.1641155666736696,0.3333333333333333,0.5,0.9906106666666666,1.0927237550684654,0.5165517806528838,0.25,2
1.755427,78.300084,25.409532819247175,Male,33.5,0,Bike,1,0,0.3614184641562495,1.0,2.1641155666736696,0.3333333333333333,0.5,0.9591576666666668,1.0927237550684654,0.5165517806528838,0.25,2
1.779882,80.091886,25.281689805653112,Female,18.0,0,Automobile,1,0,0.3614184641562495,0.0392645,1.892326724298053,0.3333333333333333,0.7840315,1.0,0.2518023442801413,1.4390326375720084,0.0,2
1.712061,75.0,25.58720182284905,Male,33.5,0,Automobile,1,0,0.3614184641562495,0.5,0.4047042434982205,0.3333333333333333,0.1668535,0.3333333333333333,1.0927237550684654,0.5165517806528838,0.25,2
1.676014,75.0,26.69967526686093,Male,33.5,0,Public_Transport,1,0,0.3614184641562495,0.5,0.4047042434982205,0.3333333333333333,0.0820309999999999,0.3333333333333333,1.0927237550684654,0.5165517806528838,0.25,2
1.7,74.244004,25.689966782006923,Male,80.0,0,Bike,1,0,0.3614184641562495,0.5,0.4047042434982205,0.3333333333333333,0.5,0.5740176666666666,1.0927237550684654,0.5165517806528838,1.0,2
1.765874,82.045045,26.310732131668153,Female,80.0,0,Automobile,1,0,0.3614184641562495,0.032081,1.6756920650760174,0.3333333333333333,0.514213,0.2717233333333333,0.3778666135736857,0.5165517806528838,1.0,2
1.74595,80.018571,26.249871794010776,Female,64.5,0,Public_Transport,1,0,0.3614184641562495,0.4965505,0.6244436588801344,0.3333333333333333,0.6822490000000001,0.4082476666666666,1.0561594461769486,0.5165517806528838,0.75,2
1.690196,75.0,26.253494827279354,Female,49.0,0,Public_Transport,1,0,0.3614184641562495,0.8104815000000001,0.4047042434982205,0.3333333333333333,0.9122795,0.251533,2.1946944415165657,0.5165517806528838,0.5,2
1.81748,85.0,25.73236154909696,Male,33.5,0,Public_Transport,1,0,0.3614184641562495,0.97559,0.4047042434982205,0.3333333333333333,1.0,0.8113059999999999,0.169613438049192,0.5165517806528838,0.25,2
1.580964,65.363941,26.1513593097511,Female,49.0,0,Automobile,0,0,0.3614184641562495,0.510723,0.4047042434982205,0.3333333333333333,0.0389585,0.1746156666666666,0.2363777781017642,0.5165517806528838,0.5,2
1.652084,73.575981,26.957015660631804,Male,80.0,1,Bike,1,0,0.3614184641562495,0.5,0.4047042434982205,0.3333333333333333,0.0,0.0,1.0616954584199976,0.5165517806528838,1.0,2
1.645511,69.168978,25.545227759591075,Female,80.0,0,Public_Transport,1,0,0.3614184641562495,0.5002329999999999,0.4047042434982205,0.3333333333333333,0.065724,0.0204553333333333,1.0927237550684654,0.5165517806528838,1.0,2
1.707968,75.383716,25.84152163189582,Male,49.0,0,Bike,1,0,0.3614184641562495,0.78105,0.5395762744015805,0.3333333333333333,0.0862135,0.061639,0.4245545268015863,0.5165517806528838,0.5,2
1.456346,55.523481,26.178668363727645,Male,18.0,0,Public_Transport,0,1,0.3614184641562495,0.5,0.4047042434982205,0.3333333333333333,0.020171,0.165791,1.8385339103894447,0.5165517806528838,0.0,2
1.498561,55.376512,24.659072958177884,Male,18.0,0,Automobile,0,1,0.3614184641562495,0.5,0.4047042434982205,0.3333333333333333,0.137359,0.0433006666666666,0.5157672320840347,0.5165517806528838,0.0,2
1.603501,65.0,25.279872918862402,Male,18.0,0,Automobile,1,1,0.3614184641562495,0.98004,2.1641155666736696,0.3333333333333333,0.5,0.245344,1.1165396200917523,1.4390326375720084,0.0,2
1.558045,63.597633,26.198773383367175,Female,49.0,0,Automobile,0,0,0.3614184641562495,0.7695749999999999,1.4050524321461677,0.3333333333333333,0.4889004999999999,0.4215386666666666,1.0927237550684654,0.5165517806528838,0.5,2
1.55,62.877347,26.17163246618106,Male,64.5,0,Automobile,0,0,0.3614184641562495,0.622071,1.258827502091753,0.3333333333333333,0.0,0.2643096666666666,0.4426894053849209,0.5165517806528838,0.75,2
1.647514,73.91692,27.232382264890646,Female,80.0,0,Automobile,1,0,2.766875794059256,1.0,0.0515069325184466,0.3333333333333333,0.31122,0.300887,1.0927237550684654,0.5165517806528838,1.0,2
1.855779,86.098523,25.000183099422433,Male,64.5,0,Automobile,1,0,0.3614184641562495,0.5,0.4014697619379285,0.3333333333333333,0.3378664999999999,0.3554136666666666,0.5509853432240501,0.5165517806528838,0.75,2
1.853223,87.083266,25.355918406719958,Female,49.0,0,Public_Transport,1,0,0.3614184641562495,0.5,2.039127069989946,0.3333333333333333,0.1644175,0.421419,0.5509853432240501,0.5165517806528838,0.5,2
1.570811,62.211572,25.212929402282757,Male,80.0,1,Automobile,1,0,0.3614184641562495,0.6266855,0.4047042434982205,0.3333333333333333,0.878458,0.3386806666666666,0.7418954162562058,0.5165517806528838,1.0,2
1.617124,67.913561,25.969874912591617,Male,18.0,1,Bike,1,0,0.3614184641562495,0.925832,2.1641155666736696,0.3333333333333333,0.5,0.3259763333333333,1.808950434038376,1.4390326375720084,0.0,2
1.644053,67.439589,24.95073174575558,Female,18.0,0,Public_Transport,1,1,0.3614184641562495,0.1570749999999999,2.0765239487864284,0.3333333333333333,0.1824785,0.0,0.9975102618407732,1.4390326375720084,0.0,2
1.608914,65.0,25.11005680534825,Male,18.0,0,Bike,1,1,0.3614184641562495,0.160514,2.1641155666736696,0.3333333333333333,0.5,0.1238173333333333,0.4944483250791807,1.4390326375720084,0.0,2
1.647971,68.818893,25.340113305948663,Male,18.0,0,Automobile,1,0,0.3614184641562495,0.5,1.635343274898362,0.3333333333333333,0.4295445,0.0,1.05396032730156,1.4390326375720084,0.0,2
1.624831,69.975607,26.505150938561666,Female,18.0,1,Public_Transport,1,0,0.3614184641562495,0.6269990000000001,0.0865790293867233,0.3333333333333333,0.6641655,0.2718363333333333,1.0531300903087952,1.4390326375720084,0.0,2
1.508267,61.10403,26.860456922618667,Female,33.5,0,Bike,0,1,0.3614184641562495,0.8890395,0.4047042434982205,0.3333333333333333,0.3483455,0.3140799999999999,0.3536169732465762,0.5165517806528838,0.25,2
1.518917,60.267427,26.12248959321192,Male,18.0,0,Public_Transport,0,1,0.3614184641562495,0.9190185,0.067637836516421,0.3333333333333333,0.0722334999999999,0.2512606666666666,1.0224734358146683,0.5165517806528838,0.0,2
1.6,65.0,25.390624999999996,Male,18.0,1,Public_Transport,1,1,0.3614184641562495,1.0,0.3706725186530635,0.3333333333333333,0.5,0.0596586666666666,0.8197431228604376,0.5165517806528838,0.0,2
1.838791,87.85785,25.984587833247378,Female,80.0,0,Public_Transport,0,0,0.3614184641562495,0.9072265,0.0987137967506904,0.3333333333333333,0.4295799999999999,0.6666666666666666,0.2444317887852708,1.4390326375720084,1.0,2
1.730379,75.920519,25.355763751089377,Male,80.0,1,Bike,1,0,0.3614184641562495,0.506891,0.0757395567784175,0.3333333333333333,0.0227929999999999,0.184435,0.3033916341410234,0.5165517806528838,1.0,2
1.759117,80.0,25.852380287156763,Male,18.0,0,Automobile,1,0,0.3614184641562495,0.5,1.6351852924800367,0.3333333333333333,0.8255969999999999,0.9594713333333332,0.4751133749559659,1.4390326375720084,0.0,2
1.755254,80.0,25.966298432984583,Male,18.0,0,Bike,1,0,0.3614184641562495,0.5,2.0418102022816704,0.3333333333333333,0.737066,0.9588986666666666,0.2122168980659627,1.4390326375720084,0.0,2
1.804099,85.196279,26.175795890434827,Female,33.5,0,Automobile,1,0,0.3614184641562495,0.7299880000000001,0.8008933228210314,0.3333333333333333,0.5390055,0.5932153333333333,0.3402158129681973,0.5165517806528838,0.25,2
1.813567,86.144904,26.191621255173164,Female,33.5,1,Public_Transport,1,0,0.3614184641562495,0.8215915,1.4597968885400263,0.3333333333333333,0.6985619999999999,0.6813883333333333,0.3174469906405227,0.5165517806528838,0.25,2
1.75655,78.721696,25.513697917977286,Male,33.5,1,Automobile,1,0,0.3614184641562495,0.5,0.4047042434982205,0.3333333333333333,0.906617,0.076251,2.1946944415165657,2.472136198877776,0.25,2
1.756774,79.989789,25.918076091176143,Male,18.0,0,Automobile,1,0,0.3614184641562495,0.5,0.0337432061118227,0.3333333333333333,0.890814,0.6519973333333333,1.2235878188271507,2.472136198877776,0.0,2
1.62,69.3899,26.44029111415942,Male,18.0,0,Public_Transport,1,0,0.3614184641562495,0.6119950000000001,2.1641155666736696,0.3333333333333333,0.6015600000000001,0.034817,2.028799813353197,1.4390326375720084,0.0,2
1.709585,75.0,25.66137162382134,Female,33.5,0,Bike,1,0,0.3614184641562495,0.5520525000000001,0.4047042434982205,0.3333333333333333,0.4355165,0.3333333333333333,1.0927237550684654,0.5165517806528838,0.25,2
1.535618,57.259124,24.281656510147457,Male,18.0,1,Automobile,0,1,0.3614184641562495,0.4862725,0.4435020760818662,0.3333333333333333,0.355537,0.031839,0.8650208975801299,0.5165517806528838,0.0,2
1.818848,87.032398,26.30801834733097,Male,64.5,0,Bike,0,0,0.3614184641562495,0.6432405000000001,1.2473525839997153,0.3333333333333333,0.3985805,0.5528993333333333,0.4303058649365118,1.4390326375720084,0.75,2
1.817641,87.107317,26.365645982554877,Female,64.5,0,Public_Transport,0,0,0.3614184641562495,0.985794,0.0749666794348414,0.3333333333333333,0.1974415,0.6666666666666666,0.319781057560098,1.4390326375720084,0.75,2
1.636592,70.0,26.134680319986746,Male,33.5,0,Automobile,0,0,0.3614184641562495,0.5,2.1641155666736696,0.0,0.9408385,0.305233,1.0927237550684654,0.5165517806528838,0.25,2
1.621412,70.0,26.626327792800634,Female,33.5,0,Public_Transport,0,0,0.3614184641562495,0.5,2.1641155666736696,0.0,0.8978254999999999,0.2695766666666666,1.0927237550684654,0.5165517806528838,0.25,2
1.802871,85.770013,26.387981442083174,Male,64.5,0,Automobile,1,0,0.3614184641562495,0.9360605,0.4712418142212931,0.3333333333333333,0.5559565,0.2812363333333333,0.840317429643765,0.5165517806528838,0.75,2
1.696201,75.399191,26.20668305084285,Male,49.0,0,Public_Transport,1,0,0.3614184641562495,0.554581,0.7195747629102297,0.3333333333333333,0.4858869999999999,0.3297783333333333,1.0927237550684654,0.5165517806528838,0.5,2
1.694633,75.0522,26.134374409976218,Male,33.5,0,Public_Transport,1,0,0.3614184641562495,0.5894444999999999,1.1287826210309913,0.3333333333333333,0.4269955,0.332577,1.0927237550684654,0.5165517806528838,0.25,2
1.618148,68.981403,26.344838559905043,Female,33.5,1,Automobile,1,0,0.3614184641562495,0.071234,0.4047042434982205,0.0,0.5988659999999999,0.2758353333333333,0.151080617965944,0.5165517806528838,0.25,2
1.856811,88.633616,25.707690759641086,Female,33.5,0,Automobile,1,0,0.3614184641562495,0.5235345,1.4696097802148829,0.3333333333333333,0.320511,0.5182723333333332,0.6847255701084938,0.5165517806528838,0.25,2
1.738321,86.934846,28.769607415728178,Female,80.0,0,Automobile,0,0,0.3614184641562495,0.9218545,0.4798923149320468,0.3333333333333333,0.0650395,0.944791,1.0188324562638236,0.5165517806528838,1.0,2
1.739293,80.914382,26.747316904148068,Male,80.0,1,Public_Transport,0,0,0.3614184641562495,0.7080219999999999,0.6565038145209845,0.3333333333333333,0.1763245,0.0495426666666666,0.6868543372889093,0.5165517806528838,1.0,2
1.807538,85.316125,26.112968769292852,Female,33.5,0,Bike,1,0,0.3614184641562495,0.5,0.4047042434982205,0.3333333333333333,0.4840055,0.357554,0.1840404367030322,0.5165517806528838,0.25,2
1.849425,85.228116,24.91778534693435,Male,33.5,0,Bike,1,0,0.3614184641562495,0.573299,0.4047042434982205,0.3333333333333333,0.5500560000000001,0.3903866666666666,0.2777367864330005,0.5165517806528838,0.25,2
1.712473,75.0,25.574891370045624,Male,49.0,0,Automobile,1,0,0.3614184641562495,0.5,0.4047042434982205,0.3333333333333333,0.1813209999999999,0.3070893333333333,0.8642268221875279,0.5165517806528838,0.5,2
1.753471,80.0,26.019132439246118,Female,18.0,1,Automobile,1,0,0.3614184641562495,0.5,1.6609120228789085,0.3333333333333333,0.82274,0.8950289999999999,0.510780218679815,1.4390326375720084,0.0,2
1.717432,75.371244,25.553275784129657,Male,49.0,0,Automobile,1,0,0.3614184641562495,0.5,0.4047042434982205,0.3333333333333333,0.5,0.0405283333333333,2.1408777619293704,0.5165517806528838,0.5,2
1.677573,75.0,26.65007330928182,Male,49.0,1,Automobile,1,0,0.3614184641562495,0.5,0.4047042434982205,0.3333333333333333,0.5,0.1115263333333333,2.039899780893966,0.5165517806528838,0.5,2
1.679725,74.885222,26.54115079937787,Male,80.0,0,Bike,1,0,0.3614184641562495,1.0,1.987958748191132,0.3333333333333333,0.0003474999999999,0.0870913333333333,1.0927237550684654,0.5165517806528838,1.0,2
1.600914,68.058902,26.555160657045036,Male,49.0,0,Public_Transport,1,0,0.3614184641562495,0.3834244999999999,0.81895469490635,0.3333333333333333,0.8081425,0.3143526666666666,0.6703283221165497,0.5165517806528838,0.5,2
1.617749,68.908136,26.329840127222678,Male,33.5,0,Bike,1,0,0.3614184641562495,0.0940444999999999,0.7503235360379873,0.3333333333333333,0.5197674999999999,0.2598953333333333,0.6218423550332437,0.5165517806528838,0.25,2
1.610209,68.865008,26.56036890658145,Female,33.5,1,Automobile,0,0,0.3614184641562495,0.455088,0.3252442247200785,0.0,0.9715485,0.3324006666666667,0.750960471933289,0.5165517806528838,0.25,2
1.612556,69.463458,26.71325367566407,Male,33.5,0,Public_Transport,0,0,0.3614184641562495,0.5,1.830646791836016,0.0,1.0,0.3333333333333333,1.0927237550684654,0.5165517806528838,0.25,2
1.548178,62.341438,26.009681389594817,Female,80.0,1,Public_Transport,1,0,0.3614184641562495,0.9783355,0.360384395313325,0.3333333333333333,0.934066,0.0,0.1899165328313012,0.5165517806528838,1.0,2
1.568441,62.855073,25.550768206789446,Female,80.0,0,Public_Transport,1,0,0.3614184641562495,0.501398,0.4047042434982205,0.3333333333333333,0.7633875000000001,0.0903913333333333,0.2322191940830843,0.5165517806528838,1.0,2
1.532322,62.417228,26.583025234682253,Male,80.0,0,Bike,1,0,0.3614184641562495,0.6443019999999999,0.2060150220507605,0.3333333333333333,0.8190820000000001,0.0,0.5357662406829596,0.5165517806528838,1.0,2
1.730199,78.997062,26.388750457662795,Male,49.0,0,Automobile,1,0,0.3614184641562495,0.6385384999999999,2.1641155666736696,0.3333333333333333,0.5,0.3539143333333333,1.0927237550684654,0.5165517806528838,0.5,2
1.730167,78.429312,26.2000642681583,Male,49.0,1,Automobile,1,0,0.3614184641562495,0.569167,2.1641155666736696,0.3333333333333333,0.5,0.7563526666666666,1.0927237550684654,0.5165517806528838,0.5,2
1.627396,70.0,26.430875658774433,Female,49.0,0,Public_Transport,0,0,0.3614184641562495,0.5,2.1641155666736696,0.0,0.9880885,0.2600389999999999,1.0927237550684654,0.5165517806528838,0.5,2
1.62,70.0,26.672763298277697,Male,33.5,0,Automobile,0,0,0.3614184641562495,0.5,2.1641155666736696,0.0,1.0,0.3333333333333333,1.0927237550684654,0.5165517806528838,0.25,2
1.62,70.0,26.672763298277697,Female,33.5,0,Automobile,0,0,0.3614184641562495,0.5,2.1641155666736696,0.0,1.0,0.3333333333333333,1.0927237550684654,0.5165517806528838,0.25,2
1.62,70.0,26.672763298277697,Male,33.5,1,Bike,0,0,0.3614184641562495,0.5,2.1641155666736696,0.0,1.0,0.3333333333333333,1.0927237550684654,0.5165517806528838,0.25,2
1.638744,69.242354,25.78395857500722,Female,80.0,0,Bike,1,0,0.3614184641562495,0.5148170000000001,0.4047042434982205,0.3333333333333333,0.4137575,0.1600686666666666,1.0927237550684654,0.5165517806528838,1.0,2
1.680858,71.81338,25.41811363260722,Male,80.0,0,Bike,1,0,0.3614184641562495,0.524108,0.4047042434982205,0.3333333333333333,0.152908,0.0568173333333333,0.6377352144065074,0.5165517806528838,1.0,2
1.758372,79.469513,25.70271689024825,Male,33.5,0,Automobile,1,0,0.3614184641562495,0.92785,2.1641155666736696,0.3333333333333333,0.8319304999999999,0.9209036666666666,0.1948527551516005,0.5165517806528838,0.25,2
1.822573,85.084364,25.614146691212724,Female,33.5,0,Automobile,1,0,0.3614184641562495,0.9977995,0.5275747482484574,0.3333333333333333,0.7840784999999999,0.9081,0.5495485775740157,0.5165517806528838,0.25,2
1.815409,85.302146,25.88278404702499,Female,33.5,0,Bike,1,0,0.3614184641562495,0.993574,1.0256509277021153,0.3333333333333333,0.6796230000000001,0.6868049999999999,0.108143648900347,0.5165517806528838,0.25,2
1.698049,75.0,26.011226248803187,Male,49.0,1,Public_Transport,1,0,0.3614184641562495,0.5,0.4047042434982205,0.3333333333333333,0.8817865,0.5009036666666666,0.8825278792879169,0.5165517806528838,0.5,2
1.60681,67.773914,26.250254325515133,Female,33.5,1,Public_Transport,1,0,0.3614184641562495,0.5,0.6054690713522993,0.0,1.0,0.3931973333333333,0.9499380331179912,0.5165517806528838,0.25,2
1.610327,67.999778,26.222817076119078,Male,49.0,0,Public_Transport,1,0,0.3614184641562495,0.4439754999999999,1.340238876935006,0.0,0.8410534999999999,0.3746436666666666,0.2831510003046493,0.5165517806528838,0.5,2
1.710415,75.142858,25.685304341129612,Female,49.0,0,Public_Transport,1,0,0.3614184641562495,0.8930039999999999,0.4047042434982205,0.3333333333333333,0.7630965000000001,0.3083726666666666,2.1946944415165657,0.5165517806528838,0.5,2
1.716289,75.688433,25.69500319100182,Female,49.0,0,Bike,1,0,0.3614184641562495,0.5,0.4047042434982205,0.3333333333333333,0.5,0.0307813333333333,1.3177690627411154,0.5165517806528838,0.5,2
1.834715,89.429199,26.566975646199623,Male,33.5,0,Automobile,1,0,0.3614184641562495,0.6711615,1.186717214209798,0.3333333333333333,0.939433,0.6666666666666666,0.7503013445848736,0.5165517806528838,0.25,2
1.611822,67.140367,25.843394216724377,Male,49.0,0,Bike,1,0,0.3614184641562495,0.4374675,0.8804008647656615,0.3333333333333333,0.7793865,0.4020403333333333,0.6472391404128347,0.5165517806528838,0.5,2
1.6,66.126964,25.830845312499996,Male,49.0,0,Bike,1,0,0.3614184641562495,0.6065674999999999,0.4047042434982205,0.3333333333333333,0.5233829999999999,0.724182,1.0927237550684654,0.5165517806528838,0.5,2
1.753578,77.97917,25.358784423632493,Female,33.5,0,Bike,1,0,0.3614184641562495,0.636774,0.3786958899108497,0.3333333333333333,0.324202,0.2915476666666666,0.719787692782298,0.5165517806528838,0.25,2
1.742364,78.664618,25.912043224473003,Female,33.5,0,Bike,1,0,0.3614184641562495,0.8903494999999999,2.0338712646583343,0.3333333333333333,0.2896035,0.3845916666666666,1.0927237550684654,0.5165517806528838,0.25,2
1.775626,80.113493,25.409883644690453,Male,18.0,0,Bike,1,0,0.3614184641562495,0.3437845,0.0918284126688097,0.3333333333333333,0.5395654999999999,0.9771756666666668,0.027842048510491,1.4390326375720084,0.0,2
1.714253,75.0,25.52180740635497,Male,33.5,0,Automobile,1,0,0.3614184641562495,0.5,0.4047042434982205,0.3333333333333333,0.0407984999999999,0.3333333333333333,1.0927237550684654,0.5165517806528838,0.25,2
1.693628,75.0,26.14720147118278,Female,33.5,0,Bike,1,0,0.3614184641562495,0.5,0.4047042434982205,0.3333333333333333,0.4165275,0.3333333333333333,1.0927237550684654,0.5165517806528838,0.25,2
1.659172,71.170001,25.853190834279943,Female,80.0,0,Automobile,1,0,0.3614184641562495,0.5,0.4047042434982205,0.3333333333333333,0.1408414999999999,0.5366003333333333,1.0927237550684654,0.5165517806528838,1.0,2
1.776347,82.329047,26.091405505923596,Female,64.5,0,Public_Transport,1,0,0.3614184641562495,0.4949525,0.4752170628775336,0.3333333333333333,0.540484,0.369181,0.4519124210335669,1.4390326375720084,0.75,2
1.767806,82.694689,26.4611315022667,Male,64.5,0,Automobile,1,0,0.3614184641562495,0.4737025,0.5562813096271281,0.3333333333333333,0.5680795000000001,0.2613209999999999,0.3680076464021273,1.4390326375720084,0.75,2
1.702516,75.0,25.874910681404295,Male,49.0,0,Automobile,1,0,0.3614184641562495,0.5812595,0.4047042434982205,0.3333333333333333,0.576333,0.3593579999999999,1.3775063825003604,0.5165517806528838,0.5,2
1.814182,85.301029,25.917467516941684,Male,33.5,0,Automobile,1,0,0.3614184641562495,0.961958,0.8361067047788673,0.3333333333333333,0.6862220000000001,0.435211,0.5808135683326375,0.5165517806528838,0.25,2
1.59994,65.423942,25.558144168621507,Female,49.0,0,Bike,0,0,0.3614184641562495,0.99724,0.4047042434982205,0.3333333333333333,0.353284,0.2614053333333333,0.8445746362083426,0.5165517806528838,0.5,2
1.666023,72.906186,26.266511295663054,Male,80.0,0,Automobile,1,0,0.3614184641562495,0.5,0.4047042434982205,0.3333333333333333,0.0,0.0,1.0463746098129398,0.5165517806528838,1.0,2
1.701584,75.093569,25.93557967760087,Female,49.0,0,Automobile,1,0,0.3614184641562495,1.0,0.6680198337299851,0.3333333333333333,0.821734,0.3326796666666666,2.027264589055392,0.5165517806528838,0.5,2
1.713343,75.828119,25.831025838122198,Male,49.0,1,Bike,1,0,0.3614184641562495,0.7539205,1.2372510375155,0.3333333333333333,0.1398779999999999,0.0442096666666666,1.911203933334056,0.5165517806528838,0.5,2
1.489409,53.620604,24.171508461160748,Female,18.0,0,Automobile,0,1,0.3614184641562495,0.418277,1.0527953092169169,0.3333333333333333,0.5,0.1067363333333333,2.1445728199823315,0.5165517806528838,0.0,2
1.518067,55.822119,24.222805335527866,Female,18.0,0,Public_Transport,0,1,0.3614184641562495,0.3866325,0.7279487780721049,0.3333333333333333,0.0376195,0.0284626666666666,2.055293116599476,0.5165517806528838,0.0,2
1.616533,65.062945,24.898006027013242,Female,18.0,0,Public_Transport,1,1,0.3614184641562495,0.6940839999999999,2.1641155666736696,0.3333333333333333,0.219009,0.0369623333333333,0.8235402547756203,1.4390326375720084,0.0,2
1.589616,65.127324,25.773819519001115,Male,49.0,0,Bike,0,0,0.3614184641562495,0.643073,0.3547573955191435,0.3333333333333333,0.8286515000000001,0.6370266666666666,1.5671706879341372,0.5165517806528838,0.5,2
1.675612,73.501233,26.17867736087616,Male,80.0,0,Automobile,1,0,0.3614184641562495,1.0,0.3647305010128506,0.3333333333333333,0.2548669999999999,0.0557083333333333,1.0927237550684654,0.5165517806528838,1.0,2
1.874061,89.754302,25.555702751378064,Male,49.0,0,Public_Transport,1,0,0.3614184641562495,0.5,0.237737377886573,0.3333333333333333,0.0751549999999999,0.1392413333333333,0.5509853432240501,0.5165517806528838,0.5,2
1.580765,62.631382,25.064403398057227,Female,80.0,0,Automobile,1,0,0.3614184641562495,0.7435835,0.4047042434982205,0.3333333333333333,0.6984885000000001,0.1923543333333333,0.3775919502561441,0.5165517806528838,1.0,2
1.62,69.575315,26.510941548544427,Female,33.5,0,Bike,0,0,0.3614184641562495,0.5929690000000001,2.1641155666736696,0.0,0.906765,0.3333333333333333,0.7321582474560477,0.5165517806528838,0.25,2
1.613921,66.738769,25.622036566229546,Female,18.0,0,Automobile,1,1,0.3614184641562495,0.6031995000000001,2.1641155666736696,0.3333333333333333,0.5,0.31631,1.8206898044183808,1.4390326375720084,0.0,2
1.618683,67.193585,25.645088463250996,Female,18.0,0,Public_Transport,1,1,0.3614184641562495,0.4764935,2.1641155666736696,0.3333333333333333,0.167428,0.244092,2.014238194451424,1.4390326375720084,0.0,2
1.637537,70.0,26.104525097021114,Female,33.5,1,Automobile,1,0,0.3614184641562495,0.5,2.125048955000576,0.3333333333333333,0.559358,0.1764196666666666,1.0927237550684654,1.4390326375720084,0.25,2
1.566524,61.616,25.10842062464446,Male,33.5,0,Bike,0,1,0.3614184641562495,0.9543785,0.0143091372572529,0.3333333333333333,0.3114135,0.1799839999999999,1.0909222498967368,0.5165517806528838,0.25,2
1.542328,63.856193,26.84414259189417,Female,33.5,0,Public_Transport,0,1,0.3614184641562495,0.8143955,0.1001488200339565,0.3333333333333333,0.2560175,0.1012406666666666,1.0874162183900788,0.5165517806528838,0.25,2
1.6,65.0,25.390624999999996,Male,18.0,0,Bike,1,1,0.3614184641562495,1.0,0.3642193058706263,0.3333333333333333,0.5,0.2212986666666666,1.7899228575165422,0.5165517806528838,0.0,2
1.600184,65.0,25.3847861634686,Male,18.0,1,Automobile,1,1,0.3614184641562495,0.8748145,0.4961654510102004,0.3333333333333333,0.5,0.1825049999999999,1.5692187494706094,0.5165517806528838,0.0,2
1.773656,87.070234,27.677759215850124,Female,80.0,0,Public_Transport,0,0,0.3614184641562495,0.297873,1.1993969087928067,0.3333333333333333,0.1371945,0.5013343333333333,0.4844412601906491,1.4390326375720084,1.0,2
1.64602,74.147443,27.366922555682745,Male,80.0,0,Bike,1,0,0.3614184641562495,0.942589,0.1567177480643712,0.3333333333333333,0.008503,0.1962243333333333,0.4133920983150818,0.5165517806528838,1.0,2
1.65015,73.810728,27.106449842950454,Male,80.0,0,Bike,1,0,0.3614184641562495,0.686247,0.2118475274297559,0.3333333333333333,0.0142689999999999,0.2253276666666666,0.5946388055583759,0.5165517806528838,1.0,2
1.751029,80.0,26.09175605340493,Female,18.0,0,Automobile,1,0,0.3614184641562495,0.5,0.1548043147250785,0.3333333333333333,0.561442,0.0152169999999999,1.0644108658503768,2.472136198877776,0.0,2
1.838266,89.496905,26.48447127747377,Male,33.5,0,Bike,1,0,0.3614184641562495,0.5768195,1.3232474183006242,0.3333333333333333,0.8516684999999999,0.6666666666666666,0.7210860590718225,0.5165517806528838,0.25,2
1.824449,87.656029,26.334091292969763,Female,33.5,0,Automobile,1,0,0.3614184641562495,0.8967805,1.417592463468807,0.3333333333333333,0.7145295,0.6981806666666667,0.4461576315823181,0.5165517806528838,0.25,2
1.76,79.349221,25.61635491993802,Male,18.0,0,Automobile,1,0,0.3614184641562495,0.5,1.016095864998896,0.3333333333333333,1.0,0.4587429999999999,1.8681256052860051,1.4390326375720084,0.0,2
1.622241,68.250249,25.934238074597676,Male,18.0,0,Automobile,1,0,0.3614184641562495,0.5,2.150861740863088,0.3333333333333333,0.1597184999999999,0.0,1.580696770103986,1.4390326375720084,0.0,2
1.729996,75.816864,25.332358114013488,Male,18.0,0,Public_Transport,1,0,0.3614184641562495,0.9961645,0.4047042434982205,0.3333333333333333,0.502454,0.3333333333333333,1.2168288870149722,2.472136198877776,0.0,2
1.725233,75.970712,25.524114448199008,Male,18.0,0,Automobile,1,0,0.3614184641562495,0.9637045,0.4047042434982205,0.3333333333333333,0.6049955,0.3333333333333333,0.2176657937268023,2.472136198877776,0.0,2
1.541039,64.726948,27.25573324329442,Female,33.5,0,Automobile,0,1,0.3614184641562495,0.853067,0.0194515770979313,0.3333333333333333,0.489924,0.1484126666666666,0.4011382469873111,0.5165517806528838,0.25,2
1.773766,89.28282,28.377572837519548,Male,33.5,0,Bike,1,0,0.3614184641562495,0.505342,1.7504238335742528,0.3333333333333333,0.5,0.1801323333333333,0.507976050958128,0.5165517806528838,0.25,3
1.75463,89.068227,28.93021800588547,Female,49.0,0,Public_Transport,1,0,0.3614184641562495,0.5,0.8263281547521625,0.3333333333333333,0.6936249999999999,0.2713056666666666,1.0927237550684654,0.5165517806528838,0.5,3
1.674327,80.0,28.53707296327251,Male,33.5,1,Automobile,1,0,0.3614184641562495,0.5,0.4047042434982205,0.3333333333333333,0.5,0.5554633333333333,1.2794969400964724,1.4390326375720084,0.25,3
1.72,80.555875,27.229541306111415,Female,33.5,0,Bike,1,0,0.3614184641562495,0.5,0.2780610894374608,0.3333333333333333,0.5,0.6666666666666666,0.5509853432240501,1.4390326375720084,0.25,3
1.913241,101.482054,27.723617012041796,Female,80.0,0,Walking,1,0,0.3614184641562495,0.5,0.7372170799472052,0.3333333333333333,0.5878159999999999,0.3333333333333333,1.0927237550684654,0.5165517806528838,1.0,3
1.737984,82.523113,27.32021133039159,Female,80.0,0,Automobile,1,0,0.3614184641562495,0.650204,0.4959333102366652,0.3333333333333333,0.3694794999999999,0.030049,1.0927237550684654,0.5165517806528838,1.0,3
1.703688,82.207978,28.322646865178246,Male,80.0,1,Automobile,1,0,0.3614184641562495,0.5598215,0.780979831652579,0.3333333333333333,0.3616859999999999,0.0,0.5297847832742733,0.5165517806528838,1.0,3
1.716308,80.0,27.158109395864088,Male,49.0,0,Automobile,1,0,0.3614184641562495,0.5,0.4047042434982205,0.3333333333333333,0.5,0.9788503333333334,1.2234760466084669,1.4390326375720084,0.5,3
1.65,80.0,29.384756657483933,Male,49.0,0,Public_Transport,1,0,0.3614184641562495,0.5,0.4047042434982205,0.3333333333333333,0.5,0.1503593333333333,2.1946944415165657,1.4390326375720084,0.5,3
1.57856,65.522744,26.294801048626912,Female,80.0,0,Automobile,1,0,2.766875794059256,0.5,0.5153532505822794,0.3333333333333333,0.485311,0.621086,1.5071358568281013,0.5165517806528838,1.0,3
1.780846,85.687751,27.018797351692502,Male,80.0,0,Automobile,1,0,0.3614184641562495,0.950962,2.0035938699657434,0.3333333333333333,0.88191,0.2851333333333333,0.5496424328907452,0.5165517806528838,1.0,3
1.823168,91.630257,27.566747323948753,Male,80.0,0,Automobile,1,0,0.3614184641562495,0.5,0.3980253119917738,0.3333333333333333,0.1454895,0.2919966666666667,0.3110860003282574,0.5165517806528838,1.0,3
1.525234,65.220249,28.035576876610424,Female,33.5,0,Public_Transport,1,0,2.766875794059256,0.7255045,0.4047042434982205,0.3333333333333333,0.5,0.7257476666666666,1.0833449148517351,1.4390326375720084,0.25,3
1.481682,61.373868,27.955900433111218,Male,49.0,0,Automobile,1,0,2.766875794059256,0.5,0.3832507448535698,0.3333333333333333,0.226813,0.1096533333333333,0.2554249152346513,1.4390326375720084,0.5,3
1.768578,87.803311,28.071295531498784,Female,33.5,1,Automobile,1,0,0.3614184641562495,0.8773230000000001,0.4047042434982205,0.3333333333333333,0.9789105,0.7475846666666667,0.2002326150303119,0.5165517806528838,0.25,3
1.569878,69.743323,28.298983063503552,Male,33.5,0,Automobile,1,0,2.766875794059256,0.7088175000000001,0.4047042434982205,0.3333333333333333,0.4688369999999999,0.472345,0.5509853432240501,1.4390326375720084,0.25,3
1.568188,67.904023,27.6120882332731,Male,33.5,0,Automobile,1,0,2.766875794059256,0.7563595000000001,0.4047042434982205,0.3333333333333333,0.0655845,0.0317963333333333,0.5509853432240501,1.4390326375720084,0.25,3
1.792527,89.994415,28.00813211173453,Female,49.0,0,Bike,1,0,0.3614184641562495,0.3858465,1.0207171718373953,0.3333333333333333,0.5,0.0,1.152500687744196,0.5165517806528838,0.5,3
1.795311,89.868784,27.882356881326533,Male,49.0,0,Bike,1,0,0.3614184641562495,0.286115,1.0234735154937096,0.3333333333333333,0.5,0.0,0.1845777656800471,0.5165517806528838,0.5,3
1.700038,80.0,27.68042340807099,Female,49.0,0,Automobile,1,0,0.3614184641562495,0.5,0.4047042434982205,0.3333333333333333,0.5,0.3243713333333333,1.4390780816132995,1.4390326375720084,0.5,3
1.668649,80.458343,28.89622426303332,Male,49.0,0,Automobile,1,0,0.3614184641562495,0.5,0.5507438811070173,0.3333333333333333,0.0714365,0.2690253333333333,1.555737047446414,1.4390326375720084,0.5,3
1.7,84.687554,29.303651903114194,Male,64.5,0,Automobile,1,0,0.3614184641562495,0.5,0.4047042434982205,0.3333333333333333,0.5102120000000001,0.0,0.5509853432240501,0.5165517806528838,0.75,3
1.713825,83.952968,28.582690520614236,Female,64.5,1,Automobile,1,0,0.3614184641562495,0.5,0.0258299566865881,0.3333333333333333,0.405369,0.2699633333333333,0.5509853432240501,0.5165517806528838,0.75,3
1.7,78.055968,27.008985467128028,Female,64.5,1,Automobile,1,0,0.3614184641562495,0.830778,0.4047042434982205,0.3333333333333333,1.0,0.1839366666666666,0.0098761441680271,0.5165517806528838,0.75,3
1.835381,91.059595,27.03169329945654,Female,80.0,0,Public_Transport,1,0,0.3614184641562495,0.5,0.4047042434982205,0.3333333333333333,0.0921149999999999,0.0518596666666666,0.3474594750662457,0.5165517806528838,1.0,3
1.7,80.761409,27.94512422145329,Male,64.5,0,Public_Transport,1,0,0.3614184641562495,0.5,0.4047042434982205,0.3333333333333333,0.939701,0.0,0.5627837232334669,0.5165517806528838,0.75,3
1.7,78.0,26.989619377162633,Female,80.0,1,Public_Transport,1,0,0.3614184641562495,1.0,0.4047042434982205,0.3333333333333333,0.3499854999999999,0.5757046666666666,0.5509853432240501,2.472136198877776,1.0,3
1.7,83.199034,28.78859307958478,Male,18.0,0,Public_Transport,1,0,2.766875794059256,0.5486865000000001,0.1770229842538749,0.3333333333333333,0.269313,0.3333333333333333,0.1596149195024055,1.4390326375720084,0.0,3
1.659877,77.272652,28.046198476302376,Male,18.0,1,Bike,1,0,0.3614184641562495,0.5307305,0.163598669345202,0.3333333333333333,1.0,0.1208136666666666,0.1979001918198349,0.5165517806528838,0.0,3
1.836943,96.192662,28.506938744912027,Female,64.5,0,Public_Transport,1,0,0.3614184641562495,0.1588644999999999,0.5218022727157156,0.3333333333333333,0.5,0.6022466666666666,2.095693842526408,0.5165517806528838,0.75,3
1.819614,93.086419,28.11433298318184,Male,49.0,0,Automobile,1,0,0.3614184641562495,0.4411175,1.8557981065974087,0.3333333333333333,0.5,0.0,1.441042313985759,0.5165517806528838,0.5,3
1.717775,85.312639,28.912178773315276,Female,49.0,0,Bike,1,0,0.3614184641562495,0.9757955,0.4047042434982205,0.3333333333333333,0.9857785,0.0,0.464184353161419,0.5165517806528838,0.5,3
1.791867,90.0,28.030507881762865,Male,49.0,0,Bike,1,0,0.3614184641562495,0.5339084999999999,0.4047042434982205,0.3333333333333333,0.041042,0.0,2.067083441961528,0.5165517806528838,0.5,3
1.7,80.749657,27.94105778546713,Male,64.5,0,Bike,1,0,0.3614184641562495,0.772635,0.4047042434982205,0.3333333333333333,0.634782,0.1677073333333333,0.5509853432240501,2.472136198877776,0.75,3
1.68108,83.568035,29.570824086644407,Female,80.0,0,Public_Transport,1,0,0.3614184641562495,0.5,1.3154186025098398,0.3333333333333333,0.741147,0.2970683333333333,1.0927237550684654,1.4390326375720084,1.0,3
1.660756,78.574786,28.488628806252603,Female,64.5,0,Automobile,1,0,0.3614184641562495,0.5,0.1121320270291228,0.3333333333333333,0.5,0.0,0.3790285520080518,2.472136198877776,0.75,3
1.765188,85.0,27.279536869402385,Female,80.0,0,Automobile,1,0,0.3614184641562495,0.8471405000000001,0.4047042434982205,0.3333333333333333,0.8269154999999999,0.6552733333333333,0.3721317125297432,1.4390326375720084,1.0,3
1.65,80.0,29.384756657483933,Female,49.0,0,Public_Transport,1,0,0.3614184641562495,0.5,0.4047042434982205,0.3333333333333333,0.5,0.2755363333333333,2.1946944415165657,1.4390326375720084,0.5,3
1.654757,80.0,29.21605228946772,Female,18.0,1,Automobile,1,0,0.3614184641562495,0.9109885,0.8231466714172648,0.3333333333333333,0.477484,0.3333333333333333,0.3118848429500275,1.4390326375720084,0.0,3
1.647768,79.165306,29.156995228295663,Female,80.0,0,Bike,1,0,0.3614184641562495,0.5,0.4047042434982205,0.3333333333333333,0.0,0.0,1.3430723206002302,1.4390326375720084,1.0,3
1.691303,80.539,28.155509747775493,Female,49.0,1,Public_Transport,1,0,0.3614184641562495,0.5,0.8304190002998615,0.3333333333333333,0.5,0.90275,1.3836489234006792,0.5165517806528838,0.5,3
1.532897,65.031879,27.675810861676226,Male,80.0,0,Bike,1,0,2.766875794059256,0.5,2.1641155666736696,0.3333333333333333,0.0,0.0873903333333333,1.0927237550684654,1.4390326375720084,1.0,3
1.565288,64.848627,26.46746051386758,Male,64.5,0,Bike,1,0,2.766875794059256,0.5,2.1641155666736696,0.3333333333333333,0.0,0.2468776666666666,1.0927237550684654,1.4390326375720084,0.75,3
1.5,63.65233,28.289924444444445,Male,49.0,1,Automobile,1,0,2.766875794059256,0.5,1.5542315049822797,0.3333333333333333,0.5,0.0916126666666666,0.0836474522084936,1.4390326375720084,0.5,3
1.507106,64.814109,28.53526811520985,Female,49.0,0,Automobile,1,0,2.766875794059256,0.626236,1.6719698451710785,0.3333333333333333,0.5,0.3114286666666666,0.3712063043074045,1.4390326375720084,0.5,3
1.70074,81.32297,28.114954110625884,Female,49.0,0,Public_Transport,1,0,0.3614184641562495,0.5,0.0458940612332208,0.3333333333333333,0.25985,0.0931249999999999,0.6223798479083853,0.5165517806528838,0.5,3
1.715118,81.650778,27.756986714960163,Male,49.0,0,Bike,1,0,0.3614184641562495,0.5,0.9095758983404032,0.3333333333333333,0.3144985,0.293528,0.760845902348547,0.5165517806528838,0.5,3
1.696423,78.967919,27.43989148122946,Female,80.0,0,Bike,1,0,0.3614184641562495,1.0,0.4047042434982205,0.3333333333333333,0.990802,0.0,1.0927237550684654,1.4390326375720084,1.0,3
1.653088,80.0,29.27507662059477,Female,80.0,0,Automobile,1,0,0.3614184641562495,0.5168725000000001,0.4047042434982205,0.3333333333333333,0.2586125,0.0,1.402257354102449,1.4390326375720084,1.0,3
1.681842,77.426465,27.372788637861113,Male,80.0,1,Automobile,1,0,0.3614184641562495,1.0,0.0066614232630852,0.3333333333333333,0.4998685,0.582449,0.0279127280017176,1.4390326375720084,1.0,3
1.652202,77.13322,28.256292311136352,Female,80.0,0,Public_Transport,1,0,0.3614184641562495,0.7975639999999999,1.368043445141021,0.3333333333333333,0.3211254999999999,0.2209436666666666,0.5497821481641,1.4390326375720084,1.0,3
1.848683,99.0,28.967452229142477,Female,80.0,0,Automobile,1,0,0.3614184641562495,0.879643,0.1186028841309462,0.3333333333333333,0.7748085,0.4757443333333333,0.2389894679608242,0.5165517806528838,1.0,3
1.835678,96.01851,28.494560068742068,Male,80.0,0,Bike,1,0,0.3614184641562495,0.5,1.4619736259098617,0.3333333333333333,1.0,0.3333333333333333,1.0927237550684654,0.5165517806528838,1.0,3
1.560029,71.728069,29.472962796490553,Female,18.0,0,Automobile,1,0,2.766875794059256,1.0,0.8412931519756043,0.3333333333333333,0.5,0.3333333333333333,0.5509853432240501,0.5165517806528838,0.0,3
1.621048,72.105856,27.43966389854694,Male,18.0,0,Bike,1,0,2.766875794059256,1.0,1.5412284765224749,0.3333333333333333,0.5,0.3333333333333333,0.5509853432240501,0.5165517806528838,0.0,3
1.699474,78.0,27.006328943487706,Female,33.5,0,Public_Transport,1,0,2.766875794059256,0.462532,0.4195041614152405,0.3333333333333333,0.8870214999999999,0.0,0.8731801056459274,1.4390326375720084,0.25,3
1.720379,85.0,28.71908906003529,Female,18.0,0,Bike,1,0,0.3614184641562495,0.5,0.4047042434982205,0.3333333333333333,0.901249,0.3333333333333333,0.4063437098034768,0.5165517806528838,0.0,3
1.758787,85.050558,27.494806873576323,Female,18.0,0,Automobile,1,0,0.3614184641562495,0.9234905,0.4047042434982205,0.3333333333333333,0.938905,0.3333333333333333,0.3874394114640146,0.5165517806528838,0.0,3
1.704908,81.384224,27.99872980952506,Male,18.0,0,Bike,1,0,0.3614184641562495,0.8253145,2.1641155666736696,0.3333333333333333,0.3540415,0.6253503333333332,0.4503755530266635,0.5165517806528838,0.0,3
1.691322,77.561602,27.114036391436706,Female,80.0,0,Public_Transport,1,0,0.3614184641562495,1.0,1.1336270777736903,0.3333333333333333,0.5,0.1302923333333333,1.0927237550684654,1.4390326375720084,1.0,3
1.78629,95.277392,29.859733471384406,Female,18.0,0,Automobile,1,0,0.3614184641562495,0.5,0.4047042434982205,0.3333333333333333,1.0,0.3574393333333333,0.0211832190551813,0.5165517806528838,0.0,3
1.705617,83.016968,28.536705657429163,Male,80.0,0,Public_Transport,1,0,0.3614184641562495,0.5,0.1447396787088254,0.3333333333333333,0.9958355,0.7162459999999999,1.0927237550684654,1.4390326375720084,1.0,3
1.733439,84.75383,28.20604576456827,Female,80.0,1,Bike,1,0,0.3614184641562495,0.8157825000000001,0.074158448185257,0.3333333333333333,0.626711,0.8969186666666666,0.2974826638307886,1.4390326375720084,1.0,3
1.701397,83.0,28.672579593005104,Male,80.0,0,Public_Transport,1,0,0.3614184641562495,0.5,2.1641155666736696,0.3333333333333333,0.5,0.490724,1.0927237550684654,1.4390326375720084,1.0,3
1.625236,74.433362,28.179596375891656,Female,33.5,0,Bike,1,0,2.766875794059256,0.7611995,2.121875178125108,0.3333333333333333,0.6988265,0.786233,0.3693487491282071,0.5165517806528838,0.25,3
1.545196,72.467862,30.351369939708,Male,18.0,0,Automobile,1,0,2.766875794059256,1.0,0.4237237853727331,0.3333333333333333,0.5,0.665843,0.5509853432240501,0.5165517806528838,0.0,3
1.843172,92.69551,27.285189197095583,Male,80.0,0,Automobile,1,0,0.3614184641562495,0.5,0.5306878204391003,0.3333333333333333,0.8145214999999999,0.3333333333333333,0.968092800108632,0.5165517806528838,1.0,3
1.705813,82.011962,28.184761366437318,Male,49.0,0,Automobile,1,0,0.3614184641562495,0.8922355,0.7223076497689672,0.3333333333333333,0.9920765,0.7214906666666666,0.7574432606169547,0.5165517806528838,0.5,3
1.704141,78.790936,27.130963003792186,Female,33.5,0,Public_Transport,1,0,2.766875794059256,0.3252525,0.4047042434982205,0.3333333333333333,0.5,0.5774466666666667,0.5509853432240501,0.5165517806528838,0.25,3
1.706082,78.073528,26.8227932966895,Male,33.5,0,Public_Transport,1,0,2.766875794059256,0.4806735,0.4047042434982205,0.3333333333333333,0.5,0.5518293333333333,0.5509853432240501,0.5165517806528838,0.25,3
1.842943,93.798055,27.616588352437866,Female,80.0,0,Bike,1,0,0.3614184641562495,0.5669774999999999,0.279815930787094,0.3333333333333333,0.3767319999999999,0.5766623333333333,0.5509853432240501,0.5165517806528838,1.0,3
1.880992,99.623778,28.15717696752521,Male,64.5,0,Automobile,1,0,0.3614184641562495,0.8422639999999999,2.1641155666736696,0.3333333333333333,0.02834,0.5053823333333333,0.9546423285573044,0.5165517806528838,0.75,3
1.726774,82.853749,27.786968106330058,Male,33.5,0,Automobile,1,0,0.3614184641562495,0.6329864999999999,0.0033287169786726,0.3333333333333333,0.5,0.7390733333333334,0.0267422432256066,0.5165517806528838,0.25,3
1.73196,84.315608,28.10814988488492,Female,80.0,0,Public_Transport,1,0,0.3614184641562495,0.5,0.4047042434982205,0.3333333333333333,0.6029555,0.4311319999999999,1.0927237550684654,1.4390326375720084,1.0,3
1.751278,86.963628,28.354857277343264,Female,18.0,0,Bike,1,0,2.766875794059256,1.0,0.4047042434982205,0.3333333333333333,0.5,0.423889,0.8374918937038002,0.5165517806528838,0.0,3
1.780448,88.431954,27.89655874808513,Male,80.0,1,Automobile,1,0,0.3614184641562495,0.5,1.9345812413555703,0.3333333333333333,0.3956429999999999,0.2977873333333333,0.6384617338279527,0.5165517806528838,1.0,3
1.85,97.92035,28.61076698319941,Female,80.0,1,Bike,1,0,0.3614184641562495,0.5,0.4047042434982205,0.3333333333333333,0.058732,0.3333333333333333,0.0018778556957357,0.5165517806528838,1.0,3
1.785241,88.03748,27.62319429040498,Female,64.5,1,Automobile,1,0,0.3614184641562495,0.1534219999999999,0.5206540102605691,0.3333333333333333,0.5,0.0,0.1229782874105636,0.5165517806528838,0.75,3
1.718845,86.319887,29.217121921460002,Female,64.5,1,Automobile,1,0,0.3614184641562495,0.5,0.0092700597803149,0.3333333333333333,0.846989,0.0,0.038169472775063,0.5165517806528838,0.75,3
1.530248,68.85097,29.40264646557727,Male,33.5,1,Bike,1,0,2.766875794059256,0.6293975,1.0855570900852292,0.3333333333333333,0.0860929999999999,0.2263143333333333,0.5509853432240501,1.4390326375720084,0.25,3
1.664927,80.386078,28.99949583201345,Male,80.0,0,Automobile,1,0,0.3614184641562495,0.5,0.4047042434982205,0.3333333333333333,0.820821,0.0952963333333333,1.3777874567561683,1.4390326375720084,1.0,3
1.673333,77.205685,27.573032246837997,Female,80.0,0,Public_Transport,1,0,0.3614184641562495,0.8449644999999999,1.090935861348444,0.3333333333333333,0.3592845,0.2247826666666666,0.069782929862523,1.4390326375720084,1.0,3
1.725587,82.480214,27.699763337046242,Male,49.0,0,Automobile,1,0,0.3614184641562495,0.8563734999999999,0.2167642485464248,0.3333333333333333,0.2631565,0.3333333333333333,0.8072690145134956,0.5165517806528838,0.5,3
1.733875,86.94538,28.92084250712019,Female,80.0,0,Automobile,1,0,0.3614184641562495,0.6768015000000001,0.4468145692270827,0.3333333333333333,0.415307,0.235429,1.0927237550684654,1.4390326375720084,1.0,3
1.786238,89.802492,28.145550016494674,Female,49.0,0,Automobile,1,0,0.3614184641562495,0.359078,1.3534165851419024,0.3333333333333333,0.5,0.0,0.5895449510627674,0.5165517806528838,0.5,3
1.718534,80.0,27.087799703051385,Female,49.0,0,Public_Transport,1,0,0.3614184641562495,0.5,0.4047042434982205,0.3333333333333333,0.5,0.9072153333333332,0.99475721299926,1.4390326375720084,0.5,3
1.919543,101.544589,27.558850292850366,Female,80.0,0,Automobile,1,0,0.3614184641562495,0.5,2.1571913128753515,0.3333333333333333,0.5009680000000001,0.3333333333333333,1.0927237550684654,0.5165517806528838,1.0,3
1.707613,82.586893,28.32254157715789,Female,80.0,0,Bike,1,0,0.3614184641562495,0.897543,0.726406539195382,0.3333333333333333,0.183938,0.0076526666666666,1.0927237550684654,1.4390326375720084,1.0,3
1.658393,80.0,29.088081280405014,Male,49.0,1,Automobile,1,0,0.3614184641562495,0.5,0.4047042434982205,0.3333333333333333,0.5,0.979911,1.6889037837536809,1.4390326375720084,0.5,3
1.536819,65.912688,27.907670116702235,Female,80.0,0,Automobile,1,0,2.766875794059256,0.515128,0.3388409879753183,0.3333333333333333,0.4921615,0.3288046666666666,0.5442624091139069,1.4390326375720084,1.0,3
1.805459,90.13868,27.652597538854735,Male,80.0,0,Automobile,1,0,0.3614184641562495,0.5,1.12383345224741,0.3333333333333333,0.5874174999999999,0.1136383333333333,1.0595980856105764,0.5165517806528838,1.0,3
1.521008,67.083121,28.99681268366505,Male,33.5,0,Public_Transport,1,0,2.766875794059256,0.7467239999999999,0.4047042434982205,0.3333333333333333,0.4249984999999999,0.3181529999999999,1.2816666361062186,1.4390326375720084,0.25,3
1.744733,87.27989,28.671884558648383,Female,33.5,0,Public_Transport,1,0,0.3614184641562495,0.721268,0.4047042434982205,0.3333333333333333,0.9128145,1.0,1.0927237550684654,0.5165517806528838,0.25,3
1.529223,65.140408,27.855363600543857,Female,33.5,1,Automobile,1,0,2.766875794059256,0.5019754999999999,0.4047042434982205,0.3333333333333333,0.103989,0.638917,0.9273865081875448,1.4390326375720084,0.25,3
1.799742,89.98168,27.780086510863462,Female,49.0,0,Bike,1,0,0.3614184641562495,0.17069,0.9481518654297546,0.3333333333333333,0.5,0.0,0.5107210451522767,0.5165517806528838,0.5,3
1.681314,80.037202,28.313544388792945,Female,49.0,0,Public_Transport,1,0,0.3614184641562495,0.5,0.3785022814344673,0.3333333333333333,0.4822174999999999,0.0633189999999999,1.754443396629898,1.4390326375720084,0.5,3
1.706912,85.743727,29.429310948798786,Male,64.5,0,Automobile,1,0,0.3614184641562495,0.5,0.3972520972289118,0.3333333333333333,0.873651,0.0,0.2218424585455636,0.5165517806528838,0.75,3
1.663509,80.0,28.909439878889835,Male,49.0,0,Public_Transport,1,0,0.3614184641562495,0.5,0.4047042434982205,0.3333333333333333,0.568775,0.0,0.8872979230911617,1.4390326375720084,0.5,3
1.752265,88.096062,28.6917423729777,Female,80.0,0,Automobile,1,0,0.3614184641562495,0.5,1.0153598981232816,0.3333333333333333,0.5,0.0,1.0927237550684654,0.5165517806528838,1.0,3
1.735343,83.337721,27.67393797688525,Male,64.5,0,Public_Transport,1,0,0.3614184641562495,0.8036675,0.4047042434982205,0.3333333333333333,0.5,0.1503363333333333,0.0557635710650592,0.5165517806528838,0.75,3
1.7,78.0,26.989619377162633,Male,80.0,0,Public_Transport,1,0,0.3614184641562495,1.0,0.4047042434982205,0.3333333333333333,0.253819,0.6081133333333333,0.5509853432240501,2.472136198877776,1.0,3
1.7,83.414072,28.863000692041528,Male,18.0,0,Public_Transport,1,0,2.766875794059256,0.5306919999999999,0.1356585632605823,0.3333333333333333,0.4546265,0.3333333333333333,0.4892936533469353,0.5165517806528838,0.0,3
1.633794,77.858532,29.168333529725388,Male,33.5,0,Bike,1,0,2.766875794059256,0.8481905000000001,0.4047042434982205,0.3333333333333333,0.7364820000000001,0.6187063333333334,0.5509853432240501,0.5165517806528838,0.25,3
1.856759,95.887056,27.813068756212733,Male,64.5,1,Automobile,1,0,0.3614184641562495,0.058034,0.3029195587404945,0.3333333333333333,0.5,0.3087833333333333,2.147306308212793,0.5165517806528838,0.75,3
1.77433,90.0,28.58733811572376,Male,49.0,0,Public_Transport,1,0,0.3614184641562495,0.558216,0.4047042434982205,0.3333333333333333,0.0011459999999999,0.0,0.6606338897529472,0.5165517806528838,0.5,3
1.7,78.0,26.989619377162633,Male,80.0,1,Automobile,1,0,0.3614184641562495,1.0,0.4047042434982205,0.3333333333333333,0.573537,0.4720253333333333,0.5509853432240501,2.472136198877776,1.0,3
1.719509,84.416515,28.55081516555847,Male,80.0,0,Automobile,1,0,0.3614184641562495,0.5156229999999999,0.4047042434982205,0.3333333333333333,0.901501,0.6614933333333333,0.4046293212139576,1.4390326375720084,1.0,3
1.658202,78.0,28.367413120517668,Female,80.0,0,Public_Transport,1,0,0.3614184641562495,0.9690155,1.4797395837170102,0.3333333333333333,0.4656209999999999,0.1750006666666666,0.4813609493404489,2.472136198877776,1.0,3
1.713348,84.722222,28.860654351048073,Male,80.0,0,Public_Transport,1,0,0.3614184641562495,0.942106,0.4047042434982205,0.3333333333333333,1.0,0.6666666666666666,0.2754996983502245,1.4390326375720084,1.0,3
1.677178,80.379575,28.57507582912824,Male,33.5,0,Public_Transport,1,0,0.3614184641562495,0.5,0.3555190505928593,0.3333333333333333,0.5,0.553852,0.7395450761437743,1.4390326375720084,0.25,3
1.67805,77.224574,27.42494258094039,Female,80.0,0,Automobile,1,0,0.3614184641562495,0.7222995000000001,0.4047042434982205,0.3333333333333333,0.0148989999999999,0.0,1.0927237550684654,1.4390326375720084,1.0,3
1.717722,81.92991,27.76749624552283,Male,49.0,0,Public_Transport,1,0,0.3614184641562495,0.5,1.968216083540056,0.3333333333333333,0.3615795,0.4633866666666666,0.7070407287250396,0.5165517806528838,0.5,3
1.486484,60.117993,27.207209174785646,Female,33.5,0,Public_Transport,1,0,2.766875794059256,0.5,2.0297123453856663,0.3333333333333333,0.0,0.0,0.5001898009595165,1.4390326375720084,0.25,3
1.503379,64.342459,28.46824504877277,Female,64.5,1,Automobile,1,0,2.766875794059256,0.5,2.1641155666736696,0.3333333333333333,0.3199035,0.0240389999999999,1.0927237550684654,1.4390326375720084,0.75,3
1.718981,81.66995,27.63886068739323,Male,49.0,0,Automobile,1,0,0.3614184641562495,0.5,1.227070467188503,0.3333333333333333,0.2001235,0.2959743333333333,0.5706819093488894,0.5165517806528838,0.5,3
1.688354,79.278896,27.811894389898765,Male,80.0,0,Automobile,1,0,0.3614184641562495,1.0,0.4047042434982205,0.3333333333333333,0.9972575,0.0,1.0927237550684654,1.4390326375720084,1.0,3
1.665807,77.098973,27.78428515656845,Female,80.0,0,Automobile,1,0,0.3614184641562495,0.9884875,1.7184420269376128,0.3333333333333333,0.4341745,0.2341793333333333,0.3526438974603871,1.4390326375720084,1.0,3
1.838441,97.029249,28.708022387493138,Female,80.0,0,Public_Transport,1,0,0.3614184641562495,0.5,0.9089632348156772,0.3333333333333333,1.0,0.3333333333333333,1.0927237550684654,0.5165517806528838,1.0,3
1.653431,75.090439,27.46707994301588,Male,33.5,0,Bike,1,0,2.766875794059256,0.8830180000000001,0.3096691327917212,0.3333333333333333,0.8539635000000001,0.2342796666666666,0.2673452575135954,0.5165517806528838,0.25,3
1.699818,78.0,26.99539925912316,Female,33.5,0,Public_Transport,1,0,2.766875794059256,0.0482274999999999,0.2486558090704231,0.3333333333333333,0.7250345,0.0,0.1008030079654994,0.5165517806528838,0.25,3
1.731389,84.064875,28.04305111259598,Male,18.0,0,Public_Transport,1,0,2.766875794059256,0.5098370000000001,0.2034616151594498,0.3333333333333333,0.916002,0.3333333333333333,0.0923508918839524,0.5165517806528838,0.0,3
1.699667,79.67793,27.581022205851035,Female,18.0,0,Automobile,1,0,2.766875794059256,0.8676485,0.6778426632647971,0.3333333333333333,0.043583,0.0367246666666666,1.0866502499502746,1.4390326375720084,0.0,3
1.698626,78.637307,27.254178604934648,Male,80.0,0,Public_Transport,1,0,0.3614184641562495,1.0,0.4047042434982205,0.3333333333333333,0.7515989999999999,0.0,1.0927237550684654,1.4390326375720084,1.0,3
1.823765,96.945262,29.146662687486856,Female,49.0,0,Automobile,1,0,0.3614184641562495,0.2943909999999999,0.1069083319451382,0.3333333333333333,0.7347345000000001,0.578846,2.008716975590259,0.5165517806528838,0.5,3
1.708742,83.001642,28.42717449835908,Female,80.0,1,Public_Transport,1,0,0.3614184641562495,0.5,1.9444467938365355,0.3333333333333333,0.7025859999999999,0.7667606666666666,1.0927237550684654,1.4390326375720084,1.0,3
1.667469,80.993373,29.129561587445394,Female,80.0,1,Automobile,1,0,0.3614184641562495,0.5052700000000001,0.118075329079241,0.3333333333333333,0.325774,0.0,0.2073958992806706,1.4390326375720084,1.0,3
1.588147,73.939268,29.315259952034076,Female,18.0,0,Public_Transport,1,0,2.766875794059256,1.0,0.8706342118473877,0.3333333333333333,0.5,0.9643073333333332,0.5509853432240501,0.5165517806528838,0.0,3
1.835024,92.368359,27.430879395449566,Male,80.0,0,Automobile,1,0,0.3614184641562495,0.5,1.3000853170629236,0.3333333333333333,0.883337,0.3333333333333333,1.0481907444684262,0.5165517806528838,1.0,3
1.7088,83.520113,28.602803501087994,Male,64.5,0,Automobile,1,0,0.3614184641562495,0.8447884999999999,0.0375107177827252,0.3333333333333333,0.639607,0.3235536666666666,0.2691697746127,0.5165517806528838,0.75,3
1.680991,79.752916,28.223820059113713,Male,18.0,0,Public_Transport,1,0,0.3614184641562495,0.7065779999999999,0.2098268132297704,0.3333333333333333,0.492656,0.0023499999999999,0.4942182058054197,0.5165517806528838,0.0,3
1.835271,97.58826,28.97324709510424,Male,64.5,0,Automobile,1,0,0.3614184641562495,0.9617165,1.7299426332277523,0.3333333333333333,0.4720474999999999,0.6439429999999999,0.5509853432240501,0.5165517806528838,0.75,3
1.742819,86.565148,28.49958290144437,Female,18.0,0,Bike,1,0,0.3614184641562495,1.0,0.4047042434982205,0.3333333333333333,0.5,0.680272,0.3213937000836498,0.5165517806528838,0.0,3
1.741192,84.773349,27.96185725070372,Male,80.0,0,Automobile,1,0,0.3614184641562495,0.5,0.4047042434982205,0.3333333333333333,0.5179769999999999,0.4035786666666666,1.0927237550684654,1.4390326375720084,1.0,3
1.759721,86.0805,27.79823021761689,Male,18.0,0,Public_Transport,1,0,0.3614184641562495,0.941261,0.4047042434982205,0.3333333333333333,0.726493,0.3333333333333333,0.1345532868807395,0.5165517806528838,0.0,3
1.810616,92.860254,28.325472273312137,Female,80.0,0,Automobile,1,0,0.3614184641562495,0.5,0.4047042434982205,0.3333333333333333,0.311319,0.0112483333333333,0.9186631801047797,0.5165517806528838,1.0,3
1.763101,88.532032,28.48039765513913,Female,64.5,1,Automobile,1,0,0.3614184641562495,0.4867494999999999,2.0590444143881137,0.3333333333333333,0.5,0.0,0.3300065718605758,0.5165517806528838,0.75,3
1.543338,71.799982,30.144094067413512,Female,18.0,0,Automobile,1,0,2.766875794059256,1.0,0.516600750019403,0.3333333333333333,0.5,0.4679573333333333,0.5509853432240501,1.4390326375720084,0.0,3
1.651812,79.437921,29.114318981045507,Female,80.0,0,Bike,1,0,0.3614184641562495,0.5780325,0.2879732180942948,0.3333333333333333,0.1106405,0.1677596666666666,1.85960132990226,1.4390326375720084,1.0,3
1.732492,84.557797,28.1715786317037,Male,64.5,1,Automobile,1,0,0.3614184641562495,0.9961025,0.4047042434982205,0.3333333333333333,0.7069065000000001,0.1527456666666666,0.038629711322585,0.5165517806528838,0.75,3
1.706349,85.720788,29.440855801768485,Male,80.0,1,Automobile,1,0,0.3614184641562495,0.9721435,1.5650757778109203,0.3333333333333333,0.7213875000000001,0.2250873333333333,0.1882746313402338,1.4390326375720084,1.0,3
1.780679,89.667406,28.27895339759256,Female,49.0,0,Automobile,1,0,0.3614184641562495,0.3903729999999999,1.5590904276532198,0.3333333333333333,0.5,0.155854,0.1579989895606573,0.5165517806528838,0.5,3
1.758687,89.673648,28.992637858839615,Female,49.0,0,Automobile,1,0,0.3614184641562495,0.582031,0.383127441502682,0.3333333333333333,0.584452,0.2509753333333333,1.0927237550684654,0.5165517806528838,0.5,3
1.704573,80.0,27.53333233773086,Male,33.5,0,Bike,1,0,0.3614184641562495,0.5,0.4047042434982205,0.3333333333333333,0.5,0.9492536666666668,1.2304535917307189,1.4390326375720084,0.25,3
1.716545,80.005809,27.152582053532942,Female,49.0,1,Public_Transport,1,0,0.3614184641562495,0.5,0.1264188558226791,0.3333333333333333,0.5,0.8455383333333333,0.8904688018398946,1.4390326375720084,0.5,3
1.903832,99.812443,27.537685835013196,Male,80.0,1,Automobile,1,0,0.3614184641562495,0.5,1.055654405665638,0.3333333333333333,0.5982354999999999,0.3333333333333333,1.0927237550684654,0.5165517806528838,1.0,3
1.742538,83.390983,27.463417427004597,Male,80.0,0,Bike,1,0,0.3614184641562495,0.6238520000000001,0.4735460455910171,0.3333333333333333,0.4598145,0.1360076666666666,1.0927237550684654,1.4390326375720084,1.0,3
1.747739,83.314157,27.27505590907768,Female,80.0,0,Bike,1,0,0.3614184641562495,0.5058279999999999,0.6177069289279582,0.3333333333333333,0.4223225,0.2966543333333333,0.4418494700356933,1.4390326375720084,1.0,3
1.717037,80.0,27.135053330223776,Female,33.5,0,Automobile,1,0,0.3614184641562495,0.5,0.4047042434982205,0.3333333333333333,0.5,0.7568516666666666,1.1148498871387076,1.4390326375720084,0.25,3
1.65,80.0,29.384756657483933,Female,49.0,0,Public_Transport,1,0,0.3614184641562495,0.5,0.4047042434982205,0.3333333333333333,0.5,0.0489729999999999,2.1946944415165657,1.4390326375720084,0.5,3
1.577921,65.293179,26.223901315902722,Male,64.5,0,Automobile,1,0,2.766875794059256,0.5170699999999999,0.0725725393717614,0.3333333333333333,0.4981919999999999,0.4255173333333333,0.5829587726040362,1.4390326375720084,0.75,3
1.746055,83.282232,27.317221025540046,Female,80.0,1,Bike,1,0,0.3614184641562495,0.8732040000000001,2.0894618097603592,0.3333333333333333,0.6328635,0.295211,0.0141631013945008,1.4390326375720084,1.0,3
1.841151,91.798103,27.080388487702226,Male,80.0,0,Automobile,1,0,0.3614184641562495,0.5,0.4013827594836683,0.3333333333333333,0.129727,0.311739,0.5470404413881481,0.5165517806528838,1.0,3
1.517998,64.696248,28.076094541363865,Male,33.5,1,Bike,1,0,2.766875794059256,0.56195,1.2997616457668422,0.3333333333333333,0.5,0.527476,1.0660629573922875,1.4390326375720084,0.25,3
1.483284,62.894283,28.586602734349743,Female,49.0,1,Bike,1,0,2.766875794059256,0.5,1.2896404957147647,0.3333333333333333,0.4168174999999999,0.0939586666666666,0.1461971582349169,1.4390326375720084,0.5,3
1.758972,87.861431,28.397520377483204,Female,33.5,0,Automobile,1,0,0.3614184641562495,0.666037,0.4047042434982205,0.3333333333333333,0.9997475,0.8019876666666665,0.3670229007541232,0.5165517806528838,0.25,3
1.562434,70.442775,28.855798326357583,Female,33.5,0,Automobile,1,0,2.766875794059256,0.8741215,0.4951087190775999,0.3333333333333333,0.4811609999999999,0.3819173333333333,0.5509853432240501,1.4390326375720084,0.25,3
1.547066,67.473282,28.191238255239004,Female,33.5,0,Public_Transport,1,0,2.766875794059256,0.6518280000000001,0.4047042434982205,0.3333333333333333,0.0815555,0.6421269999999999,0.748028258800062,1.4390326375720084,0.25,3
1.792435,89.998729,28.01235006686302,Female,49.0,0,Automobile,1,0,0.3614184641562495,0.452366,0.098250124774954,0.3333333333333333,0.1020875,0.0,2.0226178234345187,0.5165517806528838,0.5,3
1.784555,89.836692,28.209401809356734,Female,49.0,0,Bike,1,0,0.3614184641562495,0.4899719999999999,1.3941580673312286,0.3333333333333333,0.5,0.0568266666666666,0.2542547582547936,0.5165517806528838,0.5,3
1.700216,80.473587,27.83845714126104,Male,49.0,0,Public_Transport,1,0,0.3614184641562495,0.5,0.1674159355831177,0.3333333333333333,0.311107,0.1546303333333333,1.3114703694764585,1.4390326375720084,0.5,3
1.672101,80.939733,28.949212501524535,Male,49.0,0,Public_Transport,1,0,0.3614184641562495,0.5,0.3713554873032836,0.3333333333333333,0.200385,0.2628863333333333,1.445749896843269,1.4390326375720084,0.5,3
1.7,84.849349,29.359636332179935,Male,64.5,0,Bike,1,0,0.3614184641562495,0.5,0.4047042434982205,0.3333333333333333,0.5280265,0.0,0.5509853432240501,0.5165517806528838,0.75,3
1.721348,83.986714,28.344789178533883,Male,64.5,0,Public_Transport,1,0,0.3614184641562495,0.7039085,0.204513546871715,0.3333333333333333,0.4918245,0.2895736666666666,0.945851772299636,0.5165517806528838,0.75,3
1.7,78.008388,26.992521799307962,Female,64.5,0,Public_Transport,1,0,0.3614184641562495,0.867157,0.4047042434982205,0.3333333333333333,1.0,0.299234,0.400209551346776,2.472136198877776,0.75,3
1.803129,91.052215,28.00508651718751,Male,80.0,0,Bike,1,0,0.3614184641562495,0.5,0.4047042434982205,0.3333333333333333,0.0997584999999999,0.0159126666666666,0.8242583917534471,0.5165517806528838,1.0,3
1.70002,80.420434,27.826485047711472,Male,49.0,0,Bike,1,0,0.3614184641562495,0.5,0.4047042434982205,0.3333333333333333,0.693452,0.3087336666666667,1.1164705843096243,0.5165517806528838,0.5,3
1.7,78.041338,27.003923183391006,Male,64.5,0,Automobile,1,0,0.3614184641562495,0.8921915,0.4047042434982205,0.3333333333333333,0.5828024999999999,0.2853243333333333,0.2874313826947299,2.472136198877776,0.75,3
1.713599,83.285753,28.36300989815832,Female,18.0,0,Public_Transport,1,0,0.3614184641562495,0.5049760000000001,0.0400679779037511,0.3333333333333333,0.330307,0.3333333333333333,0.0987235520580325,0.5165517806528838,0.0,3
1.662728,77.473204,28.02264316218745,Male,33.5,0,Bike,1,0,2.766875794059256,0.5043280000000001,1.6467925047922984,0.3333333333333333,1.0,0.0374609999999999,0.5535378595555716,0.5165517806528838,0.25,3
1.837399,95.952027,28.42151357389915,Female,64.5,0,Automobile,1,0,0.3614184641562495,0.0610635,0.2321527636192596,0.3333333333333333,0.5,0.4292499999999999,2.1029376685225825,0.5165517806528838,0.75,3
1.80827,91.363293,27.94120875085603,Male,49.0,0,Public_Transport,1,0,0.3614184641562495,0.4819825,1.09005860938327,0.3333333333333333,0.427685,0.0,1.648563875063386,0.5165517806528838,0.5,3
1.714508,85.137113,28.96275612300397,Male,49.0,0,Bike,1,0,0.3614184641562495,0.659888,0.2568018741077636,0.3333333333333333,0.5774490000000001,0.1085113333333333,0.4757297658678254,0.5165517806528838,0.5,3
1.793451,89.909259,27.952804512738368,Female,49.0,1,Automobile,1,0,0.3614184641562495,0.449558,0.3980185525229627,0.3333333333333333,0.1992699999999999,0.0,1.1522426254157645,0.5165517806528838,0.5,3
1.700499,81.108599,28.048790462949373,Female,49.0,0,Bike,1,0,0.3614184641562495,0.5213810000000001,0.375676579643278,0.3333333333333333,0.261213,0.1671389999999999,0.5988748078028023,0.5165517806528838,0.5,3
1.694997,84.451423,29.394704864692763,Male,80.0,0,Automobile,1,0,0.3614184641562495,0.5648340000000001,0.0112201314355212,0.3333333333333333,0.803345,0.3902743333333333,0.6145720657933693,1.4390326375720084,1.0,3
1.688911,78.434492,27.49752208232982,Female,64.5,0,Public_Transport,1,0,0.3614184641562495,0.5912005,0.1889464988220735,0.3333333333333333,0.7284695000000001,0.0129363333333333,0.2313955319267129,2.472136198877776,0.75,3
1.769499,85.0,27.146777452780274,Female,80.0,0,Automobile,1,0,0.3614184641562495,0.901348,0.4047042434982205,0.3333333333333333,0.9892325,0.6582186666666666,0.4473083918492497,1.4390326375720084,1.0,3
1.65,80.0,29.384756657483933,Male,49.0,0,Public_Transport,1,0,0.3614184641562495,0.5,0.4047042434982205,0.3333333333333333,0.5,0.1757803333333333,2.1946944415165657,1.4390326375720084,0.5,3
1.662669,79.863546,28.88929809253194,Female,18.0,0,Bike,1,0,2.766875794059256,0.7463789999999999,0.5327056283999901,0.3333333333333333,0.496293,0.4841556666666666,0.3283991882605724,1.4390326375720084,0.0,3
1.67861,79.849252,28.338133385081555,Female,80.0,0,Automobile,1,0,0.3614184641562495,0.8665645,0.4047042434982205,0.3333333333333333,0.151297,0.0,0.7208610348234831,1.4390326375720084,1.0,3
1.694423,80.311273,27.972599936221762,Female,49.0,0,Public_Transport,1,0,0.3614184641562495,0.5,0.049055941000257,0.3333333333333333,0.5,0.8758383333333333,1.140767892200584,1.4390326375720084,0.5,3
1.505437,63.892071,28.191734331702655,Female,80.0,0,Bike,1,0,2.766875794059256,0.5,2.1641155666736696,0.3333333333333333,0.139289,0.0070399999999999,1.0927237550684654,1.4390326375720084,1.0,3
1.505387,63.715219,28.1155677344721,Female,64.5,0,Automobile,1,0,2.766875794059256,0.5,1.9152881201712744,0.3333333333333333,0.4232205,0.182134,0.7052834398008383,1.4390326375720084,0.75,3
1.491441,62.269912,27.994073366456362,Female,49.0,0,Bike,1,0,2.766875794059256,0.5,1.5507057997928189,0.3333333333333333,0.4975174999999999,0.1082253333333333,0.2422193563389692,1.4390326375720084,0.5,3
1.509408,64.852953,28.465345602123772,Female,33.5,1,Public_Transport,1,0,2.766875794059256,0.6470335,0.6737983938929668,0.3333333333333333,0.5,0.367696,0.9800640973696232,1.4390326375720084,0.25,3
1.685045,81.022119,28.535178290705556,Female,49.0,0,Automobile,1,0,0.3614184641562495,0.5,0.0921071296182136,0.3333333333333333,0.303038,0.1443243333333333,1.7830866713767437,1.4390326375720084,0.5,3
1.723072,82.338464,27.732939915042515,Female,49.0,0,Automobile,1,0,0.3614184641562495,0.657966,0.0339499961065414,0.3333333333333333,0.284238,0.3166586666666666,0.197068311117972,0.5165517806528838,0.5,3
1.696954,78.156035,27.140783388841374,Female,80.0,0,Automobile,1,0,0.3614184641562495,1.0,0.4047042434982205,0.3333333333333333,0.5830120000000001,0.0,1.0927237550684654,1.4390326375720084,1.0,3
1.676095,79.079738,28.14932341016998,Female,80.0,0,Automobile,1,0,0.3614184641562495,0.901064,0.4047042434982205,0.3333333333333333,0.372314,0.0,0.0926650042198531,1.4390326375720084,1.0,3
1.681021,77.392179,27.38739949441692,Male,80.0,0,Public_Transport,1,0,0.3614184641562495,0.8980300000000001,0.9163473073600163,0.3333333333333333,0.4608004999999999,0.311739,0.0654944928250777,1.4390326375720084,1.0,3
1.654067,79.697278,29.12978600848356,Female,80.0,0,Bike,1,0,0.3614184641562495,0.5434490000000001,1.1134348696558345,0.3333333333333333,0.5444644999999999,0.1018073333333333,0.6180273062161068,1.4390326375720084,1.0,3
1.840708,98.259423,29.000428162682297,Female,80.0,0,Automobile,1,0,0.3614184641562495,0.6667514999999999,1.1098988891871326,0.3333333333333333,0.7796325,0.4423976666666667,0.3015128746416751,0.5165517806528838,1.0,3
1.836007,97.416417,28.899044698364776,Male,80.0,0,Automobile,1,0,0.3614184641562495,0.5,1.233063523805634,0.3333333333333333,1.0,0.3333333333333333,1.0927237550684654,0.5165517806528838,1.0,3
1.556789,71.788181,29.620571977780664,Female,18.0,0,Automobile,1,0,2.766875794059256,1.0,0.5705922047895957,0.3333333333333333,0.5,0.5447113333333333,0.5509853432240501,1.4390326375720084,0.0,3
1.5891,72.713611,28.79474634717815,Male,33.5,0,Public_Transport,1,0,2.766875794059256,1.0,1.504716556150597,0.3333333333333333,0.5,0.44139,0.5509853432240501,0.5165517806528838,0.25,3
1.700627,78.048207,26.986389897883463,Male,33.5,1,Automobile,1,0,2.766875794059256,0.3265405,0.0879918802823179,0.3333333333333333,0.5960315,0.4916456666666666,0.2403915518216679,0.5165517806528838,0.25,3
1.742654,85.0,27.989593474399044,Female,18.0,0,Public_Transport,1,0,2.766875794059256,0.5,0.4047042434982205,0.3333333333333333,0.9881145,0.3333333333333333,0.8922043947495649,0.5165517806528838,0.0,3
1.754441,85.002884,27.61570437513153,Male,18.0,0,Bike,1,0,0.3614184641562495,0.8828845000000001,0.4047042434982205,0.3333333333333333,0.922567,0.3333333333333333,0.391139400644271,0.5165517806528838,0.0,3
1.719342,80.790813,27.329861700821663,Female,33.5,0,Automobile,1,0,0.3614184641562495,0.6077319999999999,0.7304636526662633,0.3333333333333333,0.40498,0.636859,0.5045439863608934,1.4390326375720084,0.25,3
1.682253,77.431678,27.361257160009412,Female,80.0,0,Public_Transport,1,0,0.3614184641562495,1.0,0.8156033320446954,0.3333333333333333,0.4999409999999999,0.5457893333333332,0.916452391367576,1.4390326375720084,1.0,3
1.799902,95.419668,29.453721910560652,Female,18.0,0,Bike,1,0,0.3614184641562495,0.5,0.4047042434982205,0.3333333333333333,1.0,0.3490966666666666,0.4421750883352822,0.5165517806528838,0.0,3
1.709428,83.014033,28.408603588058735,Male,80.0,0,Public_Transport,1,0,0.3614184641562495,0.5,2.1067949214294943,0.3333333333333333,0.505255,0.935267,1.0927237550684654,1.4390326375720084,1.0,3
1.752456,84.783756,27.606948619207206,Male,80.0,0,Public_Transport,1,0,0.3614184641562495,0.815825,0.381738994395284,0.3333333333333333,0.8892935,0.8892463333333334,0.3951304902330521,1.4390326375720084,1.0,3
1.685947,83.3258,29.31511864450576,Female,80.0,0,Automobile,1,0,0.3614184641562495,0.5,2.1520087189083297,0.3333333333333333,0.5681989999999999,0.3534496666666666,1.0927237550684654,1.4390326375720084,1.0,3
1.599999,73.513873,28.716392536104454,Female,18.0,0,Automobile,1,0,2.766875794059256,0.971077,0.0220910394528828,0.3333333333333333,0.592384,0.508135,0.2304752187297958,0.5165517806528838,0.0,3
1.550053,72.9518,30.36287670928922,Female,18.0,0,Public_Transport,1,0,2.766875794059256,1.0,0.405955258745774,0.3333333333333333,0.5,0.7580826666666667,0.5509853432240501,0.5165517806528838,0.0,3
1.828092,91.495718,27.378186231612208,Male,80.0,1,Automobile,1,0,0.3614184641562495,0.5,0.0179465861084559,0.3333333333333333,0.517552,0.1994793333333333,1.06475440105192,0.5165517806528838,1.0,3
1.71338,82.085549,27.96142630347243,Female,49.0,0,Automobile,1,0,0.3614184641562495,0.8584544999999999,0.1115270699638278,0.3333333333333333,0.952725,0.533477,0.8019647652533057,0.5165517806528838,0.5,3
1.680764,79.621463,28.184911689652775,Female,33.5,0,Automobile,1,0,2.766875794059256,0.41873,0.4047042434982205,0.3333333333333333,0.5,0.398173,0.9007041783949621,1.4390326375720084,0.25,3
1.705584,78.025625,26.821992058662506,Female,33.5,0,Automobile,1,0,2.766875794059256,0.4682395,0.1958437800123846,0.3333333333333333,0.5799935,0.491924,0.030042811094978,0.5165517806528838,0.25,3
1.841852,93.614246,27.595132499147937,Male,80.0,0,Public_Transport,1,0,0.3614184641562495,0.5225135000000001,0.3354270264476001,0.3333333333333333,0.1537815,0.4808283333333333,0.4433108913222023,0.5165517806528838,1.0,3
1.834986,99.083478,29.426305019054062,Female,64.5,0,Automobile,1,0,0.3614184641562495,0.8803034999999999,2.1641155666736696,0.3333333333333333,0.168189,0.6329629999999999,0.2916210332881507,0.5165517806528838,0.75,3
1.724839,82.27635,27.655269196361395,Female,49.0,0,Bike,1,0,0.3614184641562495,0.547245,1.042204065139578,0.3333333333333333,0.5,0.6932363333333332,0.3544207469956413,0.5165517806528838,0.5,3
1.685127,83.986895,29.5764640323046,Female,80.0,0,Bike,1,0,0.3614184641562495,0.5,0.2710096790585389,0.3333333333333333,0.7263945,0.3109306666666666,1.0927237550684654,1.4390326375720084,1.0,3
1.750097,86.372141,28.200021821145373,Male,18.0,0,Automobile,1,0,0.3614184641562495,0.953531,0.4047042434982205,0.3333333333333333,0.8704240000000001,0.406609,1.030864406863325,0.5165517806528838,0.0,3
1.757961,87.906019,28.444620268936507,Female,80.0,0,Automobile,1,0,0.3614184641562495,0.5,1.142264734385393,0.3333333333333333,0.427527,0.3611906666666666,0.7334516826182772,0.5165517806528838,1.0,3
1.848965,98.912261,28.932952153855812,Female,80.0,0,Public_Transport,1,0,0.3614184641562495,0.6997655,0.0794168223366787,0.3333333333333333,0.7675635000000001,0.3435839999999999,0.0962021023012517,0.5165517806528838,1.0,3
1.789193,89.393589,27.92492356468126,Male,64.5,0,Automobile,1,0,0.3614184641562495,0.260802,0.6549750293146471,0.3333333333333333,0.5,0.0,0.053131992798693,0.5165517806528838,0.75,3
1.716677,85.261339,28.93176785969343,Female,64.5,0,Public_Transport,1,0,0.3614184641562495,0.5,0.0112544730836729,0.3333333333333333,0.5419695,0.2107213333333333,0.5407713348872603,0.5165517806528838,0.75,3
1.550122,69.936073,29.10512591391411,Female,33.5,0,Public_Transport,1,0,2.766875794059256,0.7508414999999999,0.9117738611072908,0.3333333333333333,0.1686889999999999,0.3109626666666666,0.5509853432240501,1.4390326375720084,0.25,3
1.663178,80.135167,28.96981241184649,Male,80.0,0,Automobile,1,0,0.3614184641562495,0.5,0.4047042434982205,0.3333333333333333,0.496274,0.0130689999999999,1.420037355418679,1.4390326375720084,1.0,3
1.679299,77.355417,27.430559936312005,Male,80.0,1,Bike,1,0,0.3614184641562495,0.88401,0.7036541647174039,0.3333333333333333,0.4367955,0.3223243333333333,0.0446308932404509,1.4390326375720084,1.0,3
1.729177,82.52724,27.600593472310305,Female,64.5,1,Bike,1,0,0.3614184641562495,0.8713979999999999,0.324566056290193,0.3333333333333333,0.4973349999999999,0.3333333333333333,1.0539913938763006,0.5165517806528838,0.75,3
1.719153,86.464843,29.2557002976408,Male,80.0,1,Automobile,1,0,0.3614184641562495,0.6628115000000001,1.761577649190019,0.3333333333333333,0.473045,0.2014196666666666,1.0927237550684654,1.4390326375720084,1.0,3
1.772449,105.0,33.42272099368293,Female,64.5,0,Public_Transport,1,0,0.3614184641562495,1.0,0.4047042434982205,0.3333333333333333,0.5225344999999999,0.5753103333333334,1.5694209256896996,0.5165517806528838,0.75,4
1.837117,105.712219,31.322149434407628,Male,64.5,0,Public_Transport,1,0,0.3614184641562495,1.0,0.4047042434982205,0.3333333333333333,0.7545735,0.6666666666666666,1.47934566710327,0.5165517806528838,0.75,4
1.784377,102.872505,32.30919086202455,Female,80.0,0,Automobile,1,0,0.3614184641562495,0.635653,0.4047042434982205,0.3333333333333333,0.385599,0.6666666666666666,0.4126358282317405,0.5165517806528838,1.0,4
1.792507,101.780099,31.67678874885374,Male,80.0,0,Bike,1,0,0.3614184641562495,0.6668050000000001,0.7338288066175883,0.3333333333333333,0.752068,0.9996603333333334,0.5509853432240501,0.5165517806528838,1.0,4
1.556579,78.233341,32.28862442348924,Female,80.0,0,Public_Transport,1,0,0.3614184641562495,0.5684149999999999,0.7613100409468074,0.3333333333333333,0.2526905,0.0,1.0927237550684654,0.5165517806528838,1.0,4
1.585547,80.351263,31.962038265656233,Female,64.5,1,Public_Transport,1,0,0.3614184641562495,0.5,2.1641155666736696,0.3333333333333333,0.5,0.0,1.0927237550684654,0.5165517806528838,0.75,4
1.583943,81.936398,32.65861553351169,Female,80.0,1,Bike,1,0,0.3614184641562495,0.7452535,0.3715716055866233,0.3333333333333333,0.423377,0.0,1.0927237550684654,1.4390326375720084,1.0,4
1.621233,82.0,31.197729057563272,Female,49.0,0,Bike,1,0,0.3614184641562495,0.0317245,2.1641155666736696,0.3333333333333333,0.5,0.0,1.3432794279466151,0.5165517806528838,0.5,4
1.6084,82.603984,31.931025384574802,Male,49.0,0,Automobile,1,0,0.3614184641562495,0.8496410000000001,2.1641155666736696,0.3333333333333333,0.7993159999999999,0.0973643333333333,2.1946944415165657,0.5165517806528838,0.5,4
1.733439,97.911865,32.585035332140514,Female,64.5,0,Public_Transport,1,0,0.3614184641562495,0.5,0.4047042434982205,0.3333333333333333,0.9218375,0.4364346666666666,1.107635647906302,1.4390326375720084,0.75,4
1.65,88.472359,32.49673425160698,Male,33.5,1,Automobile,1,0,0.3614184641562495,0.7138500000000001,2.162018125298664,0.3333333333333333,1.0,0.3908803333333333,0.5509853432240501,1.4390326375720084,0.25,4
1.650052,87.272552,32.05401338645687,Male,49.0,1,Bike,1,0,0.3614184641562495,0.937995,1.7891963153790822,0.3333333333333333,0.8888560000000001,0.1442709999999999,0.5509853432240501,1.4390326375720084,0.5,4
1.644161,84.340406,31.199454626120502,Male,49.0,0,Automobile,1,0,0.3614184641562495,0.5886214999999999,0.4047042434982205,0.3333333333333333,0.8577859999999999,0.7433696666666667,0.976189711126821,1.4390326375720084,0.5,4
1.559499,77.26813,31.77094996415506,Male,80.0,0,Automobile,1,0,0.3614184641562495,0.5,0.4047042434982205,0.3333333333333333,0.315264,0.0,1.0927237550684654,0.5165517806528838,1.0,4
1.734237,95.0,31.586878504595532,Female,49.0,1,Automobile,1,0,0.3614184641562495,0.5,0.4047042434982205,0.3333333333333333,0.643624,0.8897263333333334,0.941969495307596,1.4390326375720084,0.5,4
1.775815,97.813023,31.017103642150904,Female,49.0,0,Public_Transport,1,0,0.3614184641562495,0.5,0.4047042434982205,0.3333333333333333,1.0,1.0,2.1946944415165657,1.4390326375720084,0.5,4
1.640426,87.344156,32.45791096067855,Male,49.0,0,Automobile,1,0,0.3614184641562495,1.0,2.1641155666736696,0.3333333333333333,1.0,0.4269746666666666,1.8297088362407123,1.4390326375720084,0.5,4
1.65,82.13682,30.169630853994494,Male,18.0,1,Bike,1,0,0.3614184641562495,1.0,0.4047042434982205,0.3333333333333333,0.0,0.3432499999999999,1.1264462548271614,0.5165517806528838,0.0,4
1.753321,107.998815,35.13145374080004,Female,64.5,0,Automobile,1,0,0.3614184641562495,1.0,0.4047042434982205,0.3333333333333333,0.3884955,0.585908,1.0927237550684654,0.5165517806528838,0.75,4
1.553026,77.74518,32.23413499095675,Male,80.0,0,Automobile,1,0,0.3614184641562495,0.5,0.4047042434982205,0.3333333333333333,0.2030575,0.0,1.0927237550684654,0.5165517806528838,1.0,4
1.706525,90.500055,31.075886979944404,Male,49.0,0,Automobile,1,0,0.3614184641562495,0.5,0.4047042434982205,0.3333333333333333,0.2652465,0.3225423333333333,0.5509853432240501,1.4390326375720084,0.5,4
1.560648,80.0,32.845816834839795,Male,80.0,0,Bike,1,0,0.3614184641562495,0.923226,1.9851754319268111,0.3333333333333333,0.2297555,0.5726899999999999,1.0927237550684654,0.5165517806528838,1.0,4
1.673352,90.0,32.14162983878206,Female,80.0,1,Automobile,1,0,0.3614184641562495,0.5950549999999999,0.8413557506416685,0.3333333333333333,0.6744905000000001,0.6489689999999999,1.0927237550684654,0.5165517806528838,1.0,4
1.660324,94.189167,34.16766219420324,Female,49.0,0,Automobile,1,0,0.3614184641562495,0.5,0.4047042434982205,0.3333333333333333,0.5,0.0,0.9185957880317496,1.4390326375720084,0.5,4
1.786318,98.447311,30.852212171469326,Male,80.0,1,Automobile,1,0,0.3614184641562495,0.5,0.4047042434982205,0.3333333333333333,0.8401460000000001,0.5165643333333333,0.2342818851033145,0.5165517806528838,1.0,4
1.757691,95.361795,30.86664017598137,Male,49.0,0,Automobile,1,0,0.3614184641562495,0.5,0.4047042434982205,0.3333333333333333,1.0,1.0,2.1946944415165657,1.4390326375720084,0.5,4
1.712163,98.699971,33.668735799790326,Female,49.0,0,Public_Transport,1,0,0.3614184641562495,0.5,0.3758602502597052,0.3333333333333333,0.6029884999999999,0.8996246666666666,2.1946944415165657,1.4390326375720084,0.5,4
1.78,100.84763,31.82919770231031,Female,80.0,0,Public_Transport,1,0,0.3614184641562495,0.5346335,1.552474432232122,0.3333333333333333,1.0,0.6841733333333333,0.9402927481292106,2.472136198877776,1.0,4
1.6,82.040318,32.046999218749995,Male,49.0,0,Automobile,1,0,0.3614184641562495,0.1812205,0.147103939924803,0.3333333333333333,0.5831139999999999,0.7442836666666667,1.0130993628271063,1.4390326375720084,0.5,4
1.61082,82.532994,31.80779572878973,Female,49.0,0,Bike,1,0,0.3614184641562495,0.5483150000000001,0.2499855107414728,0.3333333333333333,0.7164835,0.6290039999999999,1.0927237550684654,1.4390326375720084,0.5,4
1.665199,83.15115,29.98720421028693,Male,49.0,0,Public_Transport,1,0,0.3614184641562495,0.964117,1.5752046343224282,0.3333333333333333,0.8886894999999999,0.1181803333333333,1.7131172624806277,1.4390326375720084,0.5,4
1.542122,80.0,33.63973153668532,Male,80.0,0,Automobile,1,0,0.3614184641562495,0.5,2.028460045728208,0.3333333333333333,0.1864055,0.543144,1.0927237550684654,0.5165517806528838,1.0,4
1.507867,79.58958,35.005004638522536,Female,80.0,0,Public_Transport,1,0,0.3614184641562495,0.5,0.4047042434982205,0.3333333333333333,0.0,0.0,1.0927237550684654,0.5165517806528838,1.0,4
1.660955,90.0,32.623216387332484,Male,64.5,0,Public_Transport,1,0,0.3614184641562495,0.5,0.4047042434982205,0.3333333333333333,1.0,0.2230926666666666,0.2622134338105993,0.5165517806528838,0.75,4
1.553127,78.0,32.33558060388002,Female,64.5,0,Automobile,1,0,0.3614184641562495,0.5,2.1641155666736696,0.3333333333333333,0.5,0.2758339999999999,1.0927237550684654,1.4390326375720084,0.75,4
1.781952,102.910613,32.40918891814259,Male,33.5,0,Automobile,1,0,0.3614184641562495,0.5,0.4047042434982205,0.3333333333333333,0.3448965,0.488068,1.0927237550684654,1.4390326375720084,0.25,4
1.75,96.940255,31.653960816326528,Male,49.0,0,Public_Transport,1,0,0.3614184641562495,0.5,0.4047042434982205,0.3333333333333333,0.8857345000000001,0.7864463333333332,0.8900019884559797,1.4390326375720084,0.5,4
1.615854,80.615325,30.875455533163162,Female,49.0,0,Bike,1,0,0.3614184641562495,0.5,2.1641155666736696,0.3333333333333333,0.5,0.008714,1.0927237550684654,1.4390326375720084,0.5,4
1.793378,105.655037,32.85084391969891,Male,33.5,0,Automobile,1,0,0.3614184641562495,0.5,0.4047042434982205,0.3333333333333333,0.0776919999999999,0.0013126666666666,0.226490703977408,0.5165517806528838,0.25,4
1.85478,114.77484,33.36275355880804,Female,18.0,0,Automobile,1,0,0.3614184641562495,0.5,1.0665410640211463,0.3333333333333333,0.5800844999999999,0.3333333333333333,2.1946944415165657,0.5165517806528838,0.0,4
1.685633,90.032671,31.686486408756412,Male,18.0,0,Automobile,1,0,0.3614184641562495,0.7482275,0.4047042434982205,0.3333333333333333,0.425172,0.355367,0.1109068877927035,0.5165517806528838,0.0,4
1.706343,93.348843,32.0609413144515,Male,18.0,1,Bike,1,0,0.3614184641562495,0.354125,0.4047042434982205,0.3333333333333333,0.0,0.2999546666666666,0.5509853432240501,0.5165517806528838,0.0,4
1.791415,105.138073,32.7617883375509,Male,49.0,0,Public_Transport,1,0,0.3614184641562495,0.6310855,0.4047042434982205,0.3333333333333333,0.517075,0.1057876666666666,0.2566297540036996,0.5165517806528838,0.5,4
1.753716,106.49141,34.62549963108079,Female,49.0,0,Public_Transport,1,0,0.3614184641562495,0.8703164999999999,0.4047042434982205,0.3333333333333333,0.5405025000000001,0.216745,0.1713871640643764,0.5165517806528838,0.5,4
1.780503,103.189532,32.54994231595295,Male,33.5,0,Automobile,1,0,0.3614184641562495,0.5,0.4047042434982205,0.3333333333333333,0.304064,0.159378,1.0927237550684654,1.4390326375720084,0.25,4
1.819867,106.038468,32.017258673142,Female,49.0,0,Bike,1,0,0.3614184641562495,0.5,0.4047042434982205,0.3333333333333333,0.857626,0.0,0.0709859610243463,1.4390326375720084,0.5,4
1.791174,108.9606,33.96205280731961,Male,18.0,0,Bike,1,0,0.3614184641562495,0.5,2.0525388782188534,0.3333333333333333,0.639562,0.3333333333333333,1.553274771217172,1.4390326375720084,0.0,4
1.82093,108.742005,32.79524157216082,Female,18.0,0,Automobile,1,0,0.3614184641562495,0.5,1.8361414974099732,0.3333333333333333,0.7485325,0.3333333333333333,1.2768554995755164,1.4390326375720084,0.0,4
1.627812,82.0,30.94605983735133,Male,33.5,0,Automobile,1,0,0.3614184641562495,0.0407925,0.2385799507843096,0.3333333333333333,0.05878,0.0,1.5648678514874297,0.5165517806528838,0.25,4
1.632118,82.0,30.78298590190357,Female,49.0,1,Public_Transport,1,0,0.3614184641562495,0.7938945,1.5448976982020202,0.3333333333333333,0.455832,0.0,0.8812096245910862,0.5165517806528838,0.5,4
1.773594,105.000789,33.37983154667606,Female,49.0,0,Public_Transport,1,0,0.3614184641562495,0.6263265,0.4047042434982205,0.3333333333333333,0.9811855,0.3333333333333333,1.0927237550684654,0.5165517806528838,0.5,4
1.930416,118.560509,31.815462293594674,Female,33.5,0,Bike,1,0,0.3614184641562495,0.5,0.4047042434982205,0.3333333333333333,1.0,0.244062,0.5509853432240501,0.5165517806528838,0.25,4
1.947406,116.893105,30.82306962861916,Female,49.0,0,Bike,1,0,0.3614184641562495,0.5,0.4047042434982205,0.3333333333333333,1.0,0.3250623333333333,0.5509853432240501,0.5165517806528838,0.5,4
1.610867,80.0,30.829793625834757,Female,80.0,0,Automobile,1,0,0.3614184641562495,0.5183065,1.114778362416554,0.3333333333333333,0.465295,0.6171346666666666,1.0927237550684654,0.5165517806528838,1.0,4
1.513202,75.410647,32.93357325023278,Female,80.0,0,Bike,1,0,0.3614184641562495,0.5,0.1314200105737988,0.3333333333333333,0.267567,0.6281733333333333,1.0927237550684654,0.5165517806528838,1.0,4
1.738465,97.185474,32.1565504336896,Male,18.0,0,Bike,1,0,0.3614184641562495,0.5,0.4047042434982205,0.3333333333333333,0.5,0.0,0.7092234105094454,1.4390326375720084,0.0,4
1.567915,76.129784,30.967743964953304,Male,80.0,0,Bike,1,0,0.3614184641562495,0.5,0.4047042434982205,0.3333333333333333,0.551488,0.0,1.0927237550684654,0.5165517806528838,1.0,4
1.820385,108.395005,32.71016789103154,Female,18.0,1,Public_Transport,1,0,0.3614184641562495,0.5,0.6679848172432622,0.3333333333333333,0.5472395000000001,0.3333333333333333,0.0193391413450239,0.5165517806528838,0.0,4
1.792239,108.244379,33.69872783850782,Female,18.0,0,Bike,1,0,0.3614184641562495,0.5,0.6975262450602391,0.3333333333333333,0.9699235,0.3333333333333333,0.923329670234832,0.5165517806528838,0.0,4
1.82697,108.751502,32.581601815337464,Female,80.0,1,Automobile,1,0,0.3614184641562495,0.5,0.2474706361473144,0.3333333333333333,0.679019,0.2924316666666666,1.8941356580573856,0.5165517806528838,1.0,4
1.670058,86.242679,30.921398688596383,Male,18.0,0,Public_Transport,1,0,0.3614184641562495,0.8045614999999999,0.4047042434982205,0.3333333333333333,0.4775264999999999,0.3953376666666666,1.0927237550684654,1.4390326375720084,0.0,4
1.639383,91.267087,33.95887815715644,Male,64.5,0,Automobile,1,0,0.3614184641562495,0.0180795,0.4047042434982205,0.3333333333333333,0.0,0.114671,0.5513402204911544,0.5165517806528838,0.75,4
1.682916,89.991671,31.77440576058094,Male,80.0,0,Automobile,1,0,0.3614184641562495,0.425631,0.4047042434982205,0.3333333333333333,0.556335,0.1294229999999999,1.0927237550684654,0.5165517806528838,1.0,4
1.609321,84.493156,32.62392239901584,Female,18.0,1,Automobile,1,0,0.3614184641562495,0.5,0.4047042434982205,0.3333333333333333,0.0258675,0.3333333333333333,1.0927237550684654,1.4390326375720084,0.0,4
1.690437,96.366777,33.72324474074049,Male,33.5,0,Automobile,1,0,0.3614184641562495,0.5,0.3511828827532894,0.3333333333333333,0.5,0.0,1.5294952316921742,1.4390326375720084,0.25,4
1.700164,99.204695,34.32026197191927,Male,33.5,0,Public_Transport,1,0,0.3614184641562495,0.5,0.7257999603008958,0.3333333333333333,0.5,0.0,2.001622727122028,1.4390326375720084,0.25,4
1.60074,82.249831,32.099141662130506,Male,18.0,0,Bike,1,0,0.3614184641562495,0.750618,0.4047042434982205,0.3333333333333333,0.1101655,0.0816676666666666,0.2097199400475295,1.4390326375720084,0.0,4
1.801848,104.741914,32.26147367027119,Male,18.0,0,Public_Transport,1,0,0.3614184641562495,0.5,0.4047042434982205,0.3333333333333333,1.0,0.5946193333333333,1.0927237550684654,1.4390326375720084,0.0,4
1.844751,105.025808,30.861748127389685,Female,64.5,0,Bike,1,0,0.3614184641562495,1.0,0.4047042434982205,0.3333333333333333,0.9625145,0.6666666666666666,1.7983386480997996,0.5165517806528838,0.75,4
1.811602,106.042142,32.311186700674334,Male,64.5,0,Automobile,1,0,0.3614184641562495,1.0,0.4047042434982205,0.3333333333333333,0.9290855,0.6044393333333333,0.025351829226578,0.5165517806528838,0.75,4
1.787521,100.624553,31.492102684024605,Female,80.0,0,Public_Transport,1,0,0.3614184641562495,0.5155924999999999,0.3952073166600149,0.3333333333333333,0.926127,0.6670766666666667,0.5003803073167916,2.472136198877776,1.0,4
1.789109,100.066268,31.26180876820843,Male,80.0,0,Automobile,1,0,0.3614184641562495,0.5070969999999999,0.815329752734912,0.3333333333333333,0.5923535,0.6668536666666666,0.3108246505816288,2.472136198877776,1.0,4
1.533364,78.030383,33.18739871950972,Male,80.0,0,Automobile,1,0,0.3614184641562495,0.5141125,0.977825587466955,0.3333333333333333,0.3994585,0.0,1.0927237550684654,1.4390326375720084,1.0,4
1.580858,79.713492,31.896726310954175,Male,80.0,0,Bike,1,0,0.3614184641562495,0.5,2.1641155666736696,0.3333333333333333,0.5,0.0018016666666666,1.0927237550684654,1.4390326375720084,1.0,4
1.64639,86.639861,31.963351277937143,Male,80.0,0,Automobile,1,0,0.3614184641562495,0.90823,0.5281112941694978,0.3333333333333333,0.3610314999999999,0.0,1.0927237550684654,1.4390326375720084,1.0,4
1.634342,82.414477,30.854436831427332,Male,49.0,1,Automobile,1,0,0.3614184641562495,0.4266569999999999,1.7521179702390612,0.3333333333333333,0.5677760000000001,0.082678,1.747322848816095,0.5165517806528838,0.5,4
1.604893,82.0,31.83623389787128,Male,49.0,0,Bike,1,0,0.3614184641562495,0.00438,2.1641155666736696,0.3333333333333333,0.5,0.0,0.1296548698697011,0.5165517806528838,0.5,4
1.654961,94.790579,34.60904760975733,Female,49.0,0,Bike,1,0,0.3614184641562495,0.5,0.4047042434982205,0.3333333333333333,0.2453064999999999,0.2181053333333333,0.5509853432240501,1.4390326375720084,0.5,4
1.701986,95.0,32.795302300914585,Male,49.0,0,Automobile,1,0,0.3614184641562495,0.5,0.4047042434982205,0.3333333333333333,0.510635,0.6049563333333333,0.6604613002976264,1.4390326375720084,0.5,4
1.65,89.139209,32.74167456382002,Female,49.0,0,Public_Transport,1,0,0.3614184641562495,0.5516675,0.3584963127528489,0.3333333333333333,1.0,0.2109823333333333,0.5509853432240501,1.4390326375720084,0.5,4
1.657995,90.0,32.73980409533679,Female,64.5,0,Bike,1,0,0.3614184641562495,0.5,0.4047042434982205,0.3333333333333333,1.0,0.2012126666666666,0.500170076450337,1.4390326375720084,0.75,4
1.634688,82.628,30.92128201657673,Female,49.0,1,Public_Transport,1,0,0.3614184641562495,0.5304610000000001,0.3191741035086426,0.3333333333333333,0.6176410000000001,0.1268776666666666,1.0884501114129048,1.4390326375720084,0.5,4
1.628168,84.49798,31.874831463122238,Male,49.0,0,Automobile,1,0,0.3614184641562495,0.5293435,0.3559018047445748,0.3333333333333333,0.505298,0.2836863333333333,0.0557635710650592,1.4390326375720084,0.5,4
1.557808,79.661693,32.826280209398114,Male,80.0,0,Bike,1,0,0.3614184641562495,0.5,0.4047042434982205,0.3333333333333333,0.137387,0.0,1.0927237550684654,0.5165517806528838,1.0,4
1.560199,80.0,32.86472454320746,Male,80.0,0,Public_Transport,1,0,0.3614184641562495,0.7668025,1.8152390106146048,0.3333333333333333,0.4468455,0.4321783333333333,1.0927237550684654,0.5165517806528838,1.0,4
1.750384,95.324282,31.112640660638878,Male,49.0,0,Bike,1,0,0.3614184641562495,0.5,0.4047042434982205,0.3333333333333333,1.0,1.0,2.1946944415165657,1.4390326375720084,0.5,4
1.753081,95.269089,30.999025875698074,Female,49.0,0,Public_Transport,1,0,0.3614184641562495,0.5,0.4047042434982205,0.3333333333333333,1.0,1.0,2.1946944415165657,1.4390326375720084,0.5,4
1.65,88.126544,32.369713131313134,Male,33.5,1,Automobile,1,0,0.3614184641562495,0.7287735,2.163332076631567,0.3333333333333333,1.0,0.4538443333333333,0.5509853432240501,1.4390326375720084,0.25,4
1.650012,87.676154,32.20381220363613,Male,49.0,0,Automobile,1,0,0.3614184641562495,0.9919255,2.076206699539872,0.3333333333333333,0.9270805,0.3677363333333333,0.5509853432240501,1.4390326375720084,0.5,4
1.65,85.583485,31.435623507805328,Female,18.0,0,Bike,1,0,0.3614184641562495,0.977498,0.4047042434982205,0.3333333333333333,0.0,0.6972873333333333,0.650479054943696,1.4390326375720084,0.0,4
1.634832,85.803809,32.10408581188486,Female,18.0,0,Automobile,1,0,0.3614184641562495,0.5309845,0.4047042434982205,0.3333333333333333,0.1145855,0.7973489999999999,0.9719704737696307,1.4390326375720084,0.0,4
1.770126,108.602715,34.6603002232505,Female,80.0,0,Public_Transport,1,0,0.3614184641562495,1.0,0.4047042434982205,0.3333333333333333,0.081632,0.6220076666666666,1.5447850137244914,0.5165517806528838,1.0,4
1.758189,108.721893,35.17109488979771,Male,80.0,0,Automobile,1,0,0.3614184641562495,1.0,0.4047042434982205,0.3333333333333333,0.1355889999999999,0.6482426666666666,1.0927237550684654,0.5165517806528838,1.0,4
1.567756,79.493626,32.3426323582815,Male,80.0,0,Public_Transport,1,0,0.3614184641562495,0.5,0.4047042434982205,0.3333333333333333,0.976253,0.0,1.0927237550684654,1.4390326375720084,1.0,4
1.702825,93.638318,32.293384884701624,Female,49.0,0,Public_Transport,1,0,0.3614184641562495,0.5,0.4047042434982205,0.3333333333333333,0.3730985,0.1517386666666666,0.5418215011029425,1.4390326375720084,0.5,4
1.735659,93.429205,31.013718752003395,Male,49.0,0,Automobile,1,0,0.3614184641562495,0.5,0.4047042434982205,0.3333333333333333,0.1246534999999999,0.3244883333333333,0.5509853432240501,1.4390326375720084,0.5,4
1.62901,80.0,30.146887921680744,Male,80.0,0,Automobile,1,0,0.3614184641562495,0.725392,0.3441070685861709,0.3333333333333333,0.1675959999999999,0.0600919999999999,1.0927237550684654,0.5165517806528838,1.0,4
1.615385,80.0,30.657581773031882,Male,80.0,1,Public_Transport,1,0,0.3614184641562495,0.986213,0.4047042434982205,0.3333333333333333,0.318163,0.0,1.0927237550684654,0.5165517806528838,1.0,4
1.671705,90.0,32.20499429819875,Male,80.0,0,Public_Transport,1,0,0.3614184641562495,0.733501,1.0709697093738826,0.3333333333333333,0.552027,0.663855,1.0927237550684654,0.5165517806528838,1.0,4
1.676595,89.993812,32.01520705632761,Male,80.0,0,Automobile,1,0,0.3614184641562495,0.9673355,0.7259849153272283,0.3333333333333333,0.520731,0.1926913333333333,1.0927237550684654,0.5165517806528838,1.0,4
1.699998,95.564428,33.06735393006037,Male,49.0,0,Automobile,1,0,0.3614184641562495,0.5,0.3670389230315751,0.3333333333333333,0.5,0.0,0.8144536669821323,1.4390326375720084,0.5,4
1.722785,94.094184,31.70301869387474,Female,49.0,0,Bike,1,0,0.3614184641562495,0.5,0.3620656878790825,0.3333333333333333,0.5,0.0,1.0137568464664233,1.4390326375720084,0.5,4
1.670667,90.575934,32.45136973368614,Female,80.0,0,Bike,1,0,0.3614184641562495,0.9517725,1.5107555141050255,0.3333333333333333,0.7250345,0.48491,1.0927237550684654,0.5165517806528838,1.0,4
1.789992,98.021766,30.59287855500261,Female,80.0,0,Automobile,1,0,0.3614184641562495,0.5216795000000001,0.610860686714565,0.3333333333333333,0.8929020000000001,0.419871,0.0079301564937756,0.5165517806528838,1.0,4
1.768834,97.449743,31.146305784564362,Male,64.5,0,Public_Transport,1,0,0.3614184641562495,0.5,0.4047042434982205,0.3333333333333333,0.9868645,0.8305473333333333,1.152500687744196,1.4390326375720084,0.75,4
1.761008,97.829344,31.546158680494596,Male,49.0,0,Automobile,1,0,0.3614184641562495,0.5,0.4047042434982205,0.3333333333333333,0.9943855,0.8099743333333334,2.158603520845357,1.4390326375720084,0.5,4
1.78,102.265955,32.27684477969953,Male,80.0,0,Automobile,1,0,0.3614184641562495,0.8937945,2.016968430307404,0.3333333333333333,1.0,0.903446,0.1522180646619623,0.5165517806528838,1.0,4
1.810215,105.254354,32.1203117354827,Female,80.0,0,Automobile,1,0,0.3614184641562495,0.6986399999999999,0.8324470835399922,0.3333333333333333,0.8297095000000001,0.3540036666666666,1.8185069587358489,0.5165517806528838,1.0,4
1.608469,82.954796,32.06388257130799,Female,49.0,1,Automobile,1,0,0.3614184641562495,0.575027,0.3899836215760303,0.3333333333333333,0.8841625,0.69505,1.0927237550684654,1.4390326375720084,0.5,4
1.630357,83.1011,31.26377003824678,Male,49.0,0,Automobile,1,0,0.3614184641562495,0.9887925,1.3542874150575506,0.3333333333333333,0.9196595,0.3638246666666667,0.3693834309173981,1.4390326375720084,0.5,4
1.62826,82.967937,31.294122863655172,Female,49.0,0,Bike,1,0,0.3614184641562495,0.6372454999999999,2.1641155666736696,0.3333333333333333,0.6347499999999999,0.3154869999999999,1.7526517537127595,0.5165517806528838,0.5,4
1.605662,82.470375,31.988193216687318,Male,49.0,0,Automobile,1,0,0.3614184641562495,0.2786435,2.1641155666736696,0.3333333333333333,0.6855074999999999,0.0960106666666666,2.1946944415165657,0.5165517806528838,0.5,4
1.567973,81.056851,32.969515700976906,Female,80.0,0,Automobile,1,0,0.3614184641562495,0.5761320000000001,0.3764459411764247,0.3333333333333333,0.2565995,0.0,1.0927237550684654,0.5165517806528838,1.0,4
1.548403,80.0,33.367370130640865,Female,80.0,0,Automobile,1,0,0.3614184641562495,0.5,0.4047042434982205,0.3333333333333333,0.1630825,0.0,1.0927237550684654,0.5165517806528838,1.0,4
1.681855,90.0,31.817452769178654,Female,80.0,1,Public_Transport,1,0,0.3614184641562495,0.544205,0.0516568710580563,0.3333333333333333,0.8866179999999999,0.4174906666666667,1.0927237550684654,0.5165517806528838,1.0,4
1.688436,90.0,31.569907008786604,Female,80.0,1,Automobile,1,0,0.3614184641562495,0.5900235,0.0618656984029651,0.3333333333333333,0.88981,0.4847096666666666,1.0927237550684654,0.5165517806528838,1.0,4
1.577115,78.0,31.35940962279483,Female,49.0,0,Automobile,1,0,0.3614184641562495,0.5,2.1641155666736696,0.3333333333333333,0.5,0.2920336666666666,1.0927237550684654,1.4390326375720084,0.5,4
1.586751,79.109029,31.4201672564958,Male,64.5,1,Bike,1,0,0.3614184641562495,0.5,2.1641155666736696,0.3333333333333333,0.5,0.2841486666666666,1.0927237550684654,1.4390326375720084,0.75,4
1.710616,99.860254,34.12617446610824,Female,18.0,1,Public_Transport,1,0,0.3614184641562495,0.5,0.4047042434982205,0.3333333333333333,0.5,0.0224969999999999,0.3769247682603642,1.4390326375720084,0.0,4
1.721384,99.430612,33.55556754020774,Male,18.0,1,Automobile,1,0,0.3614184641562495,0.5,0.4047042434982205,0.3333333333333333,0.5,0.526477,0.2877650556416832,1.4390326375720084,0.0,4
1.624367,82.0,31.077461455216778,Female,49.0,1,Bike,1,0,0.3614184641562495,0.4134425,2.1641155666736696,0.3333333333333333,0.5,0.0,0.3378109026592686,1.4390326375720084,0.5,4
1.622787,82.0,31.138007038793607,Female,49.0,0,Public_Transport,1,0,0.3614184641562495,0.3772005,2.1641155666736696,0.3333333333333333,0.5,0.0,0.5964731849120704,1.4390326375720084,0.5,4
1.855433,112.875283,32.78749966350724,Female,18.0,0,Bike,1,0,0.3614184641562495,0.5,0.331086667959029,0.3333333333333333,0.7870364999999999,0.3333333333333333,2.1946944415165657,0.5165517806528838,0.0,4
1.856315,118.183797,34.2968781767827,Male,33.5,0,Automobile,1,0,0.3614184641562495,0.5,0.4047042434982205,0.3333333333333333,1.0,0.2628616666666666,0.912649012412254,0.5165517806528838,0.25,4
1.681719,90.671871,32.060162236401446,Female,18.0,0,Bike,1,0,0.3614184641562495,0.2622139999999999,0.4047042434982205,0.3333333333333333,0.1919155,0.0434723333333333,0.5509853432240501,0.5165517806528838,0.0,4
1.722884,92.949254,31.313660080077753,Female,33.5,1,Automobile,1,0,0.3614184641562495,0.0820309999999999,0.4047042434982205,0.3333333333333333,0.0786974999999999,0.0,0.5653380471722136,0.5165517806528838,0.25,4
1.799406,106.528811,32.90097371405623,Female,49.0,0,Bike,1,0,0.3614184641562495,0.5615794999999999,0.4047042434982205,0.3333333333333333,0.7076715,0.0983926666666666,0.1560528379882788,0.5165517806528838,0.5,4
1.819875,106.048516,32.02001105081375,Male,49.0,0,Public_Transport,1,0,0.3614184641562495,0.5,0.4047042434982205,0.3333333333333333,0.8726210000000001,0.0,0.2370040312682138,0.5165517806528838,0.5,4
1.790172,105.042194,32.777382113387155,Male,33.5,1,Automobile,1,0,0.3614184641562495,0.6298395000000001,0.4047042434982205,0.3333333333333333,0.0130715,0.0896003333333333,0.9648136004575384,0.5165517806528838,0.25,4
1.783782,105.000276,32.99946403470774,Male,49.0,1,Public_Transport,1,0,0.3614184641562495,0.5221629999999999,0.4047042434982205,0.3333333333333333,0.67909,0.1164569999999999,1.0927237550684654,0.5165517806528838,0.5,4
1.783906,109.207614,34.316974041597014,Male,18.0,1,Automobile,1,0,0.3614184641562495,0.5,1.0494584122835031,0.3333333333333333,0.7191989999999999,0.3333333333333333,0.2260322730371113,1.4390326375720084,0.0,4
1.844218,109.195529,32.10556695340507,Female,18.0,0,Public_Transport,1,0,0.3614184641562495,0.5,1.4597361838552014,0.3333333333333333,0.5957005,0.3333333333333333,1.6636843550585787,1.4390326375720084,0.0,4
1.631662,82.0,30.800194126443678,Male,33.5,0,Bike,1,0,0.3614184641562495,0.921728,0.3250567008739359,0.3333333333333333,0.0009974999999999,0.0,1.4622642421538137,1.4390326375720084,0.25,4
1.649553,82.323954,30.254757299290866,Female,18.0,0,Automobile,1,0,0.3614184641562495,0.932388,0.4047042434982205,0.3333333333333333,0.4384574999999999,0.2105216666666666,0.7863133672193645,1.4390326375720084,0.0,4
1.754711,105.000706,34.10209201966965,Male,49.0,0,Automobile,1,0,0.3614184641562495,0.9355685,0.4047042434982205,0.3333333333333333,0.8137844999999999,0.3333333333333333,1.0927237550684654,0.5165517806528838,0.5,4
1.762515,105.000097,33.800572538482974,Male,49.0,0,Public_Transport,1,0,0.3614184641562495,0.6414015,0.4047042434982205,0.3333333333333333,0.5521320000000001,0.3333333333333333,1.0927237550684654,0.5165517806528838,0.5,4
1.942725,121.657979,32.23427745372125,Female,33.5,0,Automobile,1,0,0.3614184641562495,0.5,0.4047042434982205,0.3333333333333333,1.0,0.3333333333333333,0.5753253875515655,0.5165517806528838,0.25,4
1.975663,120.702935,30.9237460034376,Female,33.5,0,Automobile,1,0,0.3614184641562495,0.5,0.4047042434982205,0.3333333333333333,1.0,0.255671,0.5509853432240501,0.5165517806528838,0.25,4
1.586301,80.0,31.792068899846832,Male,80.0,0,Automobile,1,0,0.3614184641562495,0.510251,1.8591272970713917,0.3333333333333333,0.4657099999999999,0.655991,1.0927237550684654,0.5165517806528838,1.0,4
1.598448,80.0,31.310713323597607,Female,80.0,0,Bike,1,0,0.3614184641562495,0.5103925,1.946828089800565,0.3333333333333333,0.4862754999999999,0.634446,1.0927237550684654,0.5165517806528838,1.0,4
1.703098,98.296651,33.88905382854484,Female,18.0,0,Bike,1,0,0.3614184641562495,0.5,0.3765342280405902,0.3333333333333333,0.5,0.0,0.748028258800062,1.4390326375720084,0.0,4
1.706996,99.544696,34.16277320008148,Male,18.0,0,Automobile,1,0,0.3614184641562495,0.5,0.4047042434982205,0.3333333333333333,0.5,0.5773633333333332,1.0128115498367782,1.4390326375720084,0.0,4
1.526472,75.150345,32.251750672444466,Female,80.0,0,Automobile,1,0,0.3614184641562495,0.5,0.4047042434982205,0.3333333333333333,0.0422209999999999,0.0,1.0927237550684654,0.5165517806528838,1.0,4
1.501993,76.642944,33.97319259479558,Female,80.0,0,Automobile,1,0,0.3614184641562495,0.5,0.4047042434982205,0.3333333333333333,0.0,0.0,1.0927237550684654,0.5165517806528838,1.0,4
1.784402,108.413119,34.04837867566261,Female,18.0,0,Automobile,1,0,0.3614184641562495,0.5,0.2690406786740424,0.3333333333333333,0.8278975,0.3333333333333333,0.8134920971596312,1.4390326375720084,0.0,4
1.792687,108.204547,33.66949270279692,Male,18.0,0,Automobile,1,0,0.3614184641562495,0.5,0.2647379054920043,0.3333333333333333,0.983532,0.3333333333333333,0.3783677809505382,1.4390326375720084,0.0,4
1.814052,109.411622,33.24788260167994,Female,80.0,0,Public_Transport,1,0,0.3614184641562495,0.7039085,0.7897545827048404,0.3333333333333333,0.3981285,0.4114943333333333,0.7989797895308066,0.5165517806528838,1.0,4
1.789421,109.599453,34.22814216252949,Male,80.0,1,Automobile,1,0,0.3614184641562495,0.6074900000000001,0.5169985796706941,0.3333333333333333,0.089971,0.5905846666666666,0.2089687649896098,0.5165517806528838,1.0,4
1.686904,90.004046,31.62869671802177,Male,18.0,0,Automobile,1,0,0.3614184641562495,0.8685745,0.4047042434982205,0.3333333333333333,0.4985975,0.4508876666666666,0.3226739855730929,0.5165517806528838,0.0,4
1.703259,91.499683,31.53974695283988,Male,18.0,0,Automobile,1,0,0.3614184641562495,0.4498965,0.4047042434982205,0.3333333333333333,0.2199809999999999,0.3176333333333333,0.2860966909069163,0.5165517806528838,0.0,4
1.665798,89.738596,32.33959657043172,Male,80.0,0,Public_Transport,1,0,0.3614184641562495,0.6370819999999999,2.1004936064351423,0.3333333333333333,0.1790859999999999,0.4941369999999999,1.0927237550684654,0.5165517806528838,1.0,4
1.66671,89.048151,32.05566744362331,Female,80.0,1,Public_Transport,1,0,0.3614184641562495,0.448898,0.4047042434982205,0.3333333333333333,0.0965194999999999,0.0038396666666666,1.0927237550684654,0.5165517806528838,1.0,4
1.65,84.210535,30.93132598714417,Female,18.0,0,Public_Transport,1,0,0.3614184641562495,0.92958,0.4047042434982205,0.3333333333333333,0.0,0.3401749999999999,0.1993400809899391,1.4390326375720084,0.0,4
1.649439,84.897738,31.20495791284793,Female,18.0,0,Automobile,1,0,0.3614184641562495,0.5,0.4047042434982205,0.3333333333333333,0.0196564999999999,0.3333333333333333,1.0927237550684654,1.4390326375720084,0.0,4
1.702002,97.971598,33.82050278509756,Male,33.5,1,Automobile,1,0,0.3614184641562495,0.5,1.3120637238377553,0.3333333333333333,0.5,0.0,1.9741925096897228,1.4390326375720084,0.25,4
1.69382,99.530971,34.69155188044493,Male,33.5,0,Automobile,1,0,0.3614184641562495,0.5,1.3000275186171948,0.3333333333333333,0.5,0.0,2.106218511882774,1.4390326375720084,0.25,4
1.622999,82.403076,31.282893717142066,Male,18.0,0,Automobile,1,0,0.3614184641562495,0.6702025,0.4047042434982205,0.3333333333333333,0.3276225,0.3356279999999999,0.1910852100001872,1.4390326375720084,0.0,4
1.633675,82.459577,30.896534978986423,Female,18.0,0,Bike,1,0,0.3614184641562495,0.960788,0.4047042434982205,0.3333333333333333,0.0018179999999999,0.3334089999999999,0.3958126295088434,1.4390326375720084,0.0,4
1.836669,105.257543,31.202646895968375,Male,33.5,0,Public_Transport,1,0,0.3614184641562495,0.5,0.4047042434982205,0.3333333333333333,0.8967525000000001,0.7397966666666667,0.7592118916067174,1.4390326375720084,0.25,4
1.798354,103.705418,32.06646424764234,Female,33.5,0,Public_Transport,1,0,0.3614184641562495,0.5,0.4047042434982205,0.3333333333333333,0.7006574999999999,0.9639953333333332,1.0927237550684654,1.4390326375720084,0.25,4
1.824432,105.131956,31.58489100573893,Female,64.5,0,Public_Transport,1,0,0.3614184641562495,1.0,0.4047042434982205,0.3333333333333333,0.5553055,0.6303023333333333,1.512275735178462,0.5165517806528838,0.75,4
1.830384,105.479313,31.483490161294213,Male,64.5,1,Automobile,1,0,0.3614184641562495,1.0,0.4047042434982205,0.3333333333333333,0.7401385,0.5989263333333332,1.5315597303196298,0.5165517806528838,0.75,4
1.829907,105.436173,31.487022688181597,Female,64.5,1,Bike,1,0,0.3614184641562495,1.0,0.4047042434982205,0.3333333333333333,0.612457,0.593863,1.5274307330647188,0.5165517806528838,0.75,4
1.823755,105.800158,31.809242362765577,Male,64.5,0,Automobile,1,0,0.3614184641562495,0.963555,0.4047042434982205,0.3333333333333333,0.5757479999999999,0.388688,1.3889991965156214,0.5165517806528838,0.75,4
1.834842,105.19936,31.247534220353423,Female,80.0,0,Automobile,1,0,0.3614184641562495,0.9027665,0.4047042434982205,0.3333333333333333,0.4414234999999999,0.6666666666666666,0.0706606705210111,0.5165517806528838,1.0,4
1.783901,103.771371,32.60889307073005,Female,80.0,0,Public_Transport,1,0,0.3614184641562495,0.9512345,1.2203799759929104,0.3333333333333333,0.800119,0.704664,0.1315566412964254,0.5165517806528838,1.0,4
1.782067,103.586342,32.617783118119576,Male,80.0,1,Automobile,1,0,0.3614184641562495,0.9229805,0.9719006045747935,0.3333333333333333,0.8211364999999999,0.9999726666666666,0.5509853432240501,2.472136198877776,1.0,4
1.781032,96.303855,30.35989232747326,Male,80.0,1,Automobile,1,0,0.3614184641562495,0.626349,0.269318111213541,0.3333333333333333,0.961928,0.7218096666666667,0.0801249836108527,2.472136198877776,1.0,4
1.557943,77.647716,31.990833617043908,Female,80.0,0,Automobile,1,0,0.3614184641562495,0.5104550000000001,0.7591881957836049,0.3333333333333333,0.253259,0.0,1.0927237550684654,0.5165517806528838,1.0,4
1.560258,78.435904,32.219742871097765,Female,64.5,1,Bike,1,0,0.3614184641562495,0.5540814999999999,1.8662416435356624,0.3333333333333333,0.4040635,0.0,1.0927237550684654,0.5165517806528838,0.75,4
1.596586,80.726195,31.66867179480991,Male,49.0,0,Public_Transport,1,0,0.3614184641562495,0.259483,2.1641155666736696,0.3333333333333333,0.5,0.0,0.7055696090820681,1.4390326375720084,0.5,4
1.62093,81.718232,31.102152147118925,Female,64.5,0,Automobile,1,0,0.3614184641562495,0.6302715000000001,1.682730293936603,0.3333333333333333,0.4739675,0.0,0.9635167139789856,1.4390326375720084,0.75,4
1.571417,81.918809,33.174221134251276,Female,80.0,0,Public_Transport,1,0,0.3614184641562495,0.7610915,1.7441366470888569,0.3333333333333333,0.4363365,0.3495023333333333,1.0927237550684654,1.4390326375720084,1.0,4
1.572791,80.086524,32.37556928600289,Female,80.0,0,Automobile,1,0,0.3614184641562495,0.535811,0.3763303442849668,0.3333333333333333,0.2341484999999999,0.0,1.0927237550684654,1.4390326375720084,1.0,4
1.627908,82.0,30.942410080549802,Male,49.0,0,Automobile,1,0,0.3614184641562495,0.4591254999999999,1.7071841741195344,0.3333333333333333,0.499054,0.0,1.180371419214844,0.5165517806528838,0.5,4
1.620938,82.283185,31.31686546786432,Female,49.0,0,Public_Transport,1,0,0.3614184641562495,0.4835305,2.1641155666736696,0.3333333333333333,0.7743255,0.083088,1.40034078929384,0.5165517806528838,0.5,4
1.613119,82.636162,31.756843243466747,Female,49.0,0,Bike,1,0,0.3614184641562495,0.9822095,2.1641155666736696,0.3333333333333333,0.988758,0.247371,2.1946944415165657,0.5165517806528838,0.5,4
1.62686,82.410189,31.13727109065238,Male,49.0,1,Public_Transport,1,0,0.3614184641562495,0.8204005000000001,2.1442226260636983,0.3333333333333333,0.5111775000000001,0.0815829999999999,0.6173334970785007,0.5165517806528838,0.5,4
1.728183,97.959899,32.79962446037308,Male,49.0,0,Automobile,1,0,0.3614184641562495,0.5,0.3869434233306918,0.3333333333333333,0.682104,0.8308006666666665,1.590641210148656,1.4390326375720084,0.5,4
1.732694,98.44113,32.7893530014501,Female,49.0,0,Bike,1,0,0.3614184641562495,0.5,0.3965135615334874,0.3333333333333333,0.6633175,0.7455286666666666,1.4212027451693685,1.4390326375720084,0.5,4
1.65,88.129437,32.37077575757576,Male,33.5,0,Bike,1,0,0.3614184641562495,0.935076,2.162339227774936,0.3333333333333333,1.0,0.4408526666666666,0.5509853432240501,1.4390326375720084,0.25,4
1.65,88.026943,32.33312874196511,Female,33.5,0,Public_Transport,1,0,0.3614184641562495,0.7412875000000001,2.162135006600027,0.3333333333333333,1.0,0.5838853333333334,0.5509853432240501,1.4390326375720084,0.25,4
1.66913,86.002736,30.869666790673577,Male,49.0,0,Automobile,1,0,0.3614184641562495,0.6450475,0.1215403295838777,0.3333333333333333,0.7531479999999999,0.1040846666666666,0.5509853432240501,1.4390326375720084,0.5,4
1.669136,85.568385,30.713540815378117,Male,49.0,0,Public_Transport,1,0,0.3614184641562495,0.5374215,1.1700901905691752,0.3333333333333333,0.7141355,0.0116969999999999,0.5509853432240501,1.4390326375720084,0.5,4
1.611058,84.191125,32.437245006796154,Female,49.0,0,Bike,1,0,0.3614184641562495,0.57064,0.3907195884516448,0.3333333333333333,0.7599205,0.7037899999999999,1.0705616252961874,1.4390326375720084,0.5,4
1.649736,84.134712,30.91336696814127,Male,49.0,0,Automobile,1,0,0.3614184641562495,0.6672370000000001,1.526051551664694,0.3333333333333333,0.8883620000000001,0.2608053333333333,0.8170277154300584,1.4390326375720084,0.5,4
1.532643,77.550345,33.014271782777236,Female,80.0,0,Bike,1,0,0.3614184641562495,0.5,0.4047042434982205,0.3333333333333333,0.0934979999999999,0.0,1.0927237550684654,0.5165517806528838,1.0,4
1.524293,76.202761,32.796975593565485,Male,80.0,0,Automobile,1,0,0.3614184641562495,0.5,0.3970568669233388,0.3333333333333333,0.3017744999999999,0.4452856666666667,1.0927237550684654,0.5165517806528838,1.0,4
1.701634,95.0,32.808871776372015,Female,49.0,0,Bike,1,0,0.3614184641562495,0.5,0.4047042434982205,0.3333333333333333,0.5667344999999999,0.3433996666666666,0.6871469175084054,1.4390326375720084,0.5,4
1.723921,94.743892,31.879867013855637,Male,49.0,0,Public_Transport,1,0,0.3614184641562495,0.5,0.4047042434982205,0.3333333333333333,0.5915744999999999,0.6441286666666666,0.7429967013520618,1.4390326375720084,0.5,4
1.769484,96.078462,30.685468777968786,Male,49.0,0,Bike,1,0,0.3614184641562495,0.5,0.4047042434982205,0.3333333333333333,1.0,1.0,2.1946944415165657,1.4390326375720084,0.5,4
1.777416,97.842406,30.970552505747072,Female,49.0,1,Bike,1,0,0.3614184641562495,0.5,0.4047042434982205,0.3333333333333333,1.0,1.0,2.1946944415165657,1.4390326375720084,0.5,4
1.64456,88.119139,32.581479343954285,Male,49.0,0,Bike,1,0,0.3614184641562495,0.8469294999999999,2.16375207867053,0.3333333333333333,1.0,0.4004676666666666,1.557645393709532,1.4390326375720084,0.5,4
1.641149,88.079177,32.70221903612875,Female,49.0,0,Automobile,1,0,0.3614184641562495,0.8038734999999999,2.163583820972964,0.3333333333333333,1.0,0.4230563333333333,1.308018580370044,1.4390326375720084,0.5,4
1.642892,82.144405,30.434064629242936,Male,18.0,0,Automobile,1,0,0.3614184641562495,0.8344450000000001,0.4047042434982205,0.3333333333333333,0.0862965,0.2954826666666666,0.966312827053308,1.4390326375720084,0.0,4
1.65,82.01831,30.126101010101014,Female,18.0,0,Bike,1,0,0.3614184641562495,1.0,0.4047042434982205,0.3333333333333333,0.0,0.0717289999999999,0.8730356231434043,1.4390326375720084,0.0,4
1.777251,106.452367,33.7021640319662,Male,64.5,0,Automobile,1,0,0.3614184641562495,1.0,0.4047042434982205,0.3333333333333333,0.4556894999999999,0.6370319999999999,0.6042283683359412,0.5165517806528838,0.75,4
1.814696,107.55963,32.66190683664583,Female,64.5,1,Automobile,1,0,0.3614184641562495,0.9606125,0.4047042434982205,0.3333333333333333,0.9347195,0.0605843333333333,0.8732507851371538,0.5165517806528838,0.75,4
1.559005,77.601483,31.928241873896972,Male,80.0,1,Bike,1,0,0.3614184641562495,0.5,0.4047042434982205,0.3333333333333333,0.2861855,0.0,1.0927237550684654,0.5165517806528838,1.0,4
1.556028,77.684229,32.08470455275114,Male,80.0,1,Automobile,1,0,0.3614184641562495,0.5,0.4047042434982205,0.3333333333333333,0.2203144999999999,0.0,1.0927237550684654,0.5165517806528838,1.0,4
1.653751,91.204753,33.34857122730817,Male,64.5,0,Automobile,1,0,0.3614184641562495,0.246417,0.4047042434982205,0.3333333333333333,0.0026834999999999,0.3075796666666666,0.1124782736906711,1.4390326375720084,0.75,4
1.680171,91.068054,32.259608126506386,Male,49.0,0,Bike,1,0,0.3614184641562495,0.110012,0.4047042434982205,0.3333333333333333,0.023127,0.173663,0.0802153876112587,1.4390326375720084,0.5,4
1.552648,80.0,33.185164176118896,Female,80.0,0,Automobile,1,0,0.3614184641562495,0.8338380000000001,1.990363163533453,0.3333333333333333,0.1998145,0.5496276666666666,1.0927237550684654,0.5165517806528838,1.0,4
1.560215,80.0,32.86405049136656,Male,80.0,0,Public_Transport,1,0,0.3614184641562495,0.7845375000000001,0.2848787372136573,0.3333333333333333,0.283683,0.1197113333333333,1.0927237550684654,0.5165517806528838,1.0,4
1.672959,90.0,32.15673259288178,Female,80.0,0,Public_Transport,1,0,0.3614184641562495,0.974621,1.1595670202168062,0.3333333333333333,0.6054984999999999,0.6642396666666666,1.0927237550684654,0.5165517806528838,1.0,4
1.680058,89.994351,31.883552092585003,Male,80.0,0,Public_Transport,1,0,0.3614184641562495,0.552386,0.3962871679709067,0.3333333333333333,0.6093455000000001,0.50728,1.0927237550684654,0.5165517806528838,1.0,4
1.664752,94.256547,34.01045445515001,Male,49.0,1,Automobile,1,0,0.3614184641562495,0.5,0.3740042779468562,0.3333333333333333,0.5,0.0,1.197324634854633,1.4390326375720084,0.5,4
1.668553,94.454394,33.92674180806275,Female,49.0,0,Public_Transport,1,0,0.3614184641562495,0.5,0.3637289987061686,0.3333333333333333,0.5,0.0,1.0317308054562515,1.4390326375720084,0.5,4
1.785286,100.431625,31.51047073001586,Female,80.0,0,Public_Transport,1,0,0.3614184641562495,0.935884,1.1459702569615664,0.3333333333333333,0.845661,0.848569,0.3930298300054342,2.472136198877776,1.0,4
1.780725,98.790167,31.154444200216044,Male,80.0,0,Public_Transport,1,0,0.3614184641562495,0.7704745,2.0146089693117606,0.3333333333333333,0.9645615,0.9291063333333334,0.1119194125972516,2.472136198877776,1.0,4
1.751046,95.285898,31.076601652226646,Male,49.0,0,Automobile,1,0,0.3614184641562495,0.5,0.4047042434982205,0.3333333333333333,0.7651505000000001,0.9637266666666666,1.0229221683985024,1.4390326375720084,0.5,4
1.751365,95.290429,31.06675907727221,Male,49.0,0,Bike,1,0,0.3614184641562495,0.5,0.4047042434982205,0.3333333333333333,1.0,1.0,2.1946944415165657,1.4390326375720084,0.5,4
1.717262,98.579156,33.428121795765115,Female,49.0,0,Public_Transport,1,0,0.3614184641562495,0.5,0.3848254313972051,0.3333333333333333,0.6317755,0.939887,2.1946944415165657,1.4390326375720084,0.5,4
1.741393,98.182498,32.37728951307497,Female,49.0,0,Bike,1,0,0.3614184641562495,0.5,0.3765795198065536,0.3333333333333333,0.8341305000000001,0.8207563333333333,1.2124368963043344,1.4390326375720084,0.5,4
1.7921,101.285765,31.53725814237297,Male,80.0,0,Bike,1,0,0.3614184641562495,0.6111409999999999,1.4207620496952738,0.3333333333333333,0.895802,0.7840303333333334,0.5702773930125825,0.5165517806528838,1.0,4
1.785957,99.199287,31.100441484629595,Female,80.0,1,Bike,1,0,0.3614184641562495,0.52258,1.0408580035590478,0.3333333333333333,0.9282605,0.6684286666666666,0.919463666435648,0.5165517806528838,1.0,4
1.609068,83.785312,32.36078851564733,Female,49.0,1,Bike,1,0,0.3614184641562495,0.5470919999999999,0.0652424120434357,0.3333333333333333,0.6289610000000001,0.7435156666666667,0.7716432635171037,1.4390326375720084,0.5,4
1.603963,82.012637,31.87807474623875,Female,49.0,0,Automobile,1,0,0.3614184641562495,0.061836,2.144957308529408,0.3333333333333333,0.521039,0.6155553333333332,1.2513747211337856,1.4390326375720084,0.5,4
1.605495,82.528575,32.01742726249984,Female,49.0,0,Bike,1,0,0.3614184641562495,0.524556,0.0807320580794869,0.3333333333333333,0.6402775,0.6842986666666666,0.3803436831848126,1.4390326375720084,0.5,4
1.607182,82.368441,31.88825296218426,Male,49.0,1,Automobile,1,0,0.3614184641562495,0.4402669999999999,0.156255697917826,0.3333333333333333,0.6566225000000001,0.7155926666666665,0.7704187002388757,1.4390326375720084,0.5,4
1.661715,82.595793,29.911958308167144,Male,49.0,1,Automobile,1,0,0.3614184641562495,0.101877,1.707695369261759,0.3333333333333333,0.8827965,0.0427806666666666,1.634972044529605,0.5165517806528838,0.5,4
1.655742,82.46376,30.079997941782576,Male,49.0,0,Automobile,1,0,0.3614184641562495,0.868455,1.549738639134289,0.3333333333333333,0.8387045,0.0217546666666666,0.4237505891543945,0.5165517806528838,0.5,4
1.549257,80.0,33.330593946687344,Male,80.0,0,Bike,1,0,0.3614184641562495,0.868314,1.996177687173777,0.3333333333333333,0.1925875,0.555655,1.0927237550684654,0.5165517806528838,1.0,4
1.549748,80.0,33.30947731462774,Female,80.0,0,Automobile,1,0,0.3614184641562495,0.5,2.036765040174493,0.3333333333333333,0.3438055,0.6248873333333334,1.0927237550684654,0.5165517806528838,1.0,4
1.52906,79.760922,34.114664991526176,Female,80.0,1,Bike,1,0,0.3614184641562495,0.5,0.4047042434982205,0.3333333333333333,0.0,0.0,1.0927237550684654,0.5165517806528838,1.0,4
1.517248,79.843221,34.68365849412578,Male,80.0,1,Public_Transport,1,0,0.3614184641562495,0.5,0.4047042434982205,0.3333333333333333,0.047567,0.0,1.0927237550684654,0.5165517806528838,1.0,4
1.65731,90.0,32.76687374497988,Male,64.5,0,Automobile,1,0,0.3614184641562495,0.5,0.4047042434982205,0.3333333333333333,1.0,0.1378809999999999,0.4208989177669837,0.5165517806528838,0.75,4
1.673287,90.0,32.14412701531884,Male,64.5,1,Automobile,1,0,0.3614184641562495,0.5,0.4047042434982205,0.3333333333333333,1.0,0.2949783333333333,0.8917310065292567,0.5165517806528838,0.75,4
1.581527,78.089575,31.220498840247412,Female,64.5,0,Automobile,1,0,0.3614184641562495,0.5,2.1641155666736696,0.3333333333333333,0.5,0.0192526666666666,1.0927237550684654,1.4390326375720084,0.75,4
1.562724,80.535698,32.97796578068525,Male,49.0,1,Public_Transport,1,0,0.3614184641562495,0.5,2.1641155666736696,0.3333333333333333,0.5,0.1299056666666666,1.0927237550684654,1.4390326375720084,0.5,4
1.781251,102.950929,32.44740933450832,Female,33.5,0,Bike,1,0,0.3614184641562495,0.5,0.4047042434982205,0.3333333333333333,0.3090945,0.1905493333333333,1.0927237550684654,1.4390326375720084,0.25,4
1.775584,103.605896,32.86260790582822,Male,49.0,1,Bike,1,0,0.3614184641562495,0.5609545,0.4047042434982205,0.3333333333333333,0.750278,0.4025266666666667,1.0927237550684654,1.4390326375720084,0.5,4
1.746645,96.875502,31.754455924815474,Male,49.0,0,Automobile,1,0,0.3614184641562495,0.5,0.4047042434982205,0.3333333333333333,0.8570454999999999,0.88034,0.920387594847015,1.4390326375720084,0.5,4
1.741353,96.738014,31.90241280308411,Female,49.0,0,Bike,1,0,0.3614184641562495,0.5,0.4047042434982205,0.3333333333333333,0.8488305,0.8716363333333332,0.9281738448456268,1.4390326375720084,0.5,4
1.571812,78.997166,31.974982189326592,Female,49.0,0,Public_Transport,1,0,0.3614184641562495,0.5,2.1641155666736696,0.3333333333333333,0.5,0.1342046666666666,1.0927237550684654,1.4390326375720084,0.5,4
1.589027,80.553067,31.902118752840842,Male,64.5,1,Public_Transport,1,0,0.3614184641562495,0.5,2.1641155666736696,0.3333333333333333,0.5,0.0038256666666666,1.0927237550684654,1.4390326375720084,0.75,4
1.803245,105.686091,32.50187095616554,Female,33.5,1,Bike,1,0,0.3614184641562495,0.5,0.4047042434982205,0.3333333333333333,0.645184,0.0003619999999999,0.1983356108327556,0.5165517806528838,0.25,4
1.792646,105.619143,32.86650821639116,Female,33.5,1,Automobile,1,0,0.3614184641562495,0.5,0.4047042434982205,0.3333333333333333,0.0126374999999999,0.0006766666666666,0.8041098056265775,0.5165517806528838,0.25,4
1.87199,115.627554,32.99546777608104,Female,49.0,1,Automobile,1,0,0.3614184641562495,0.5,0.4193025090601418,0.3333333333333333,0.7578825,0.3274399999999999,0.8098136400957795,0.5165517806528838,0.5,4
1.859056,111.235188,32.18527682722562,Male,18.0,0,Automobile,1,0,0.3614184641562495,0.5,1.25661446382529,0.3333333333333333,0.519757,0.3333333333333333,2.1946944415165657,0.5165517806528838,0.0,4
1.692242,90.019501,31.43486950977427,Female,18.0,0,Automobile,1,0,0.3614184641562495,0.821372,0.4047042434982205,0.3333333333333333,0.4520269999999999,0.5485513333333333,0.4951549560933196,0.5165517806528838,0.0,4
1.683,90.924208,32.10046287911444,Male,18.0,0,Automobile,1,0,0.3614184641562495,0.693713,0.4047042434982205,0.3333333333333333,0.38981,0.2476683333333333,0.4197548962345723,0.5165517806528838,0.0,4
1.738397,93.890682,31.068806195186767,Female,33.5,0,Automobile,1,0,0.3614184641562495,0.4983189999999999,0.4047042434982205,0.3333333333333333,0.0165994999999999,0.194931,0.2407942605507495,0.5165517806528838,0.25,4
1.694969,92.508122,32.20003510959544,Male,18.0,0,Automobile,1,0,0.3614184641562495,0.5539270000000001,0.4047042434982205,0.3333333333333333,0.1919469999999999,0.3435086666666667,0.2738757137611115,0.5165517806528838,0.0,4
1.785718,105.055686,32.94532607690098,Male,49.0,0,Public_Transport,1,0,0.3614184641562495,0.6268535,0.4047042434982205,0.3333333333333333,0.762216,0.1940533333333333,0.8039339287530601,0.5165517806528838,0.5,4
1.7425,105.028665,34.590932650486096,Male,49.0,0,Bike,1,0,0.3614184641562495,0.6969185,0.4047042434982205,0.3333333333333333,0.507495,0.3262716666666666,0.4135102814720322,0.5165517806528838,0.5,4
1.803132,106.329569,32.703859763693075,Female,49.0,0,Public_Transport,1,0,0.3614184641562495,0.6743725,0.4047042434982205,0.3333333333333333,0.5483754999999999,0.1815213333333333,0.0198700593837725,0.5165517806528838,0.5,4
1.774644,105.966894,33.64710587521697,Male,49.0,0,Public_Transport,1,0,0.3614184641562495,0.6564125000000001,0.4047042434982205,0.3333333333333333,0.5367485000000001,0.2048219999999999,0.1401269405349227,0.5165517806528838,0.5,4
1.782269,104.97003,33.04599363315372,Female,33.5,0,Automobile,1,0,0.3614184641562495,0.5,0.4047042434982205,0.3333333333333333,0.1174714999999999,0.0027893333333333,1.0927237550684654,0.5165517806528838,0.25,4
1.780791,102.921218,32.45480566187764,Female,33.5,1,Public_Transport,1,0,0.3614184641562495,0.5,0.4047042434982205,0.3333333333333333,0.3069145,0.4172216666666666,1.0927237550684654,0.5165517806528838,0.25,4
1.790151,106.320686,33.17710132832709,Male,49.0,0,Automobile,1,0,0.3614184641562495,0.7453879999999999,0.4047042434982205,0.3333333333333333,0.8272584999999999,0.0374846666666666,0.1504775406249974,0.5165517806528838,0.5,4
1.818641,105.496975,31.896721868863196,Female,49.0,1,Bike,1,0,0.3614184641562495,0.5390410000000001,0.4047042434982205,0.3333333333333333,0.947807,0.0209166666666666,0.6624122190991729,0.5165517806528838,0.5,4
1.806827,108.829395,33.33596806335821,Male,18.0,0,Automobile,1,0,0.3614184641562495,0.5,1.844503005892083,0.3333333333333333,0.7081065,0.3333333333333333,1.4496635682063033,1.4390326375720084,0.0,4
1.811189,108.800964,33.16692429992654,Female,18.0,0,Public_Transport,1,0,0.3614184641562495,0.5,1.842309233774196,0.3333333333333333,0.5605880000000001,0.3333333333333333,0.1253781026940707,1.4390326375720084,0.0,4
1.811738,108.897324,33.17618321762965,Male,18.0,0,Automobile,1,0,0.3614184641562495,0.5,1.904434856473298,0.3333333333333333,0.681465,0.3333333333333333,1.3329635096457315,1.4390326375720084,0.0,4
1.799779,108.934574,33.63003963487924,Female,18.0,0,Automobile,1,0,0.3614184641562495,0.5,1.9138932510143511,0.3333333333333333,0.717416,0.3333333333333333,1.4409798530400242,1.4390326375720084,0.0,4
1.632605,82.0,30.76462374056313,Female,33.5,0,Public_Transport,1,0,0.3614184641562495,0.902756,0.2516244177803623,0.3333333333333333,0.0006534999999999,0.0,1.1700012585137167,0.5165517806528838,0.25,4
1.623377,82.851318,31.438415135581682,Female,33.5,0,Automobile,1,0,0.3614184641562495,0.138429,0.2995418981094039,0.3333333333333333,0.2018919999999999,0.1841703333333333,1.4721232093253724,0.5165517806528838,0.25,4
1.618686,81.281578,31.02179369818396,Female,49.0,0,Bike,1,0,0.3614184641562495,0.6981325,2.0698129070323543,0.3333333333333333,0.4899165,0.0075326666666666,0.9919939741069034,1.4390326375720084,0.5,4
1.616085,82.582954,31.620010875985493,Male,49.0,0,Public_Transport,1,0,0.3614184641562495,0.831933,1.6294041634972447,0.3333333333333333,0.6896374999999999,0.085441,0.1093846492695577,1.4390326375720084,0.5,4
1.769328,105.000576,33.54092076959277,Female,49.0,0,Public_Transport,1,0,0.3614184641562495,0.8427420000000001,0.4047042434982205,0.3333333333333333,0.8247294999999999,0.3333333333333333,1.0927237550684654,0.5165517806528838,0.5,4
1.807029,105.696358,32.369036941284406,Female,49.0,0,Public_Transport,1,0,0.3614184641562495,0.5276045,0.4047042434982205,0.3333333333333333,0.942926,0.301123,0.8551913532742139,0.5165517806528838,0.5,4
1.882533,117.468516,33.14639384988942,Female,33.5,0,Public_Transport,1,0,0.3614184641562495,0.5,0.646431134626015,0.3333333333333333,0.6625455,0.2971479999999999,0.9186189638572526,0.5165517806528838,0.25,4
1.879144,112.932984,31.98163631203945,Male,33.5,0,Automobile,1,0,0.3614184641562495,0.5,0.6835338835542328,0.3333333333333333,0.766845,0.3058543333333333,1.020819864461786,0.5165517806528838,0.25,4
1.931263,118.20313,31.691743802722378,Female,49.0,1,Public_Transport,1,0,0.3614184641562495,0.5,0.4047042434982205,0.3333333333333333,1.0,0.2478643333333333,0.5509853432240501,0.5165517806528838,0.5,4
1.861358,115.39792,33.30720273487335,Female,33.5,0,Bike,1,0,0.3614184641562495,0.5,0.4047042434982205,0.3333333333333333,1.0,0.3291969999999999,2.0542082685946026,0.5165517806528838,0.25,4
1.567131,80.0,32.57462191834695,Female,80.0,0,Bike,1,0,0.3614184641562495,0.5127394999999999,2.104847756013384,0.3333333333333333,0.470612,0.6610883333333333,1.0927237550684654,0.5165517806528838,1.0,4
1.565366,80.0,32.648121177894765,Male,80.0,1,Automobile,1,0,0.3614184641562495,0.501282,0.912801051612074,0.3333333333333333,0.467699,0.5497663333333334,1.0927237550684654,0.5165517806528838,1.0,4
1.516007,77.033049,33.517735891010865,Female,80.0,0,Bike,1,0,0.3614184641562495,0.5,0.2515948763525452,0.3333333333333333,0.309185,0.0400549999999999,1.0927237550684654,0.5165517806528838,1.0,4
1.549812,76.082517,31.675744642843007,Male,80.0,0,Public_Transport,1,0,0.3614184641562495,0.5,0.1031414951128069,0.3333333333333333,0.275633,0.4500003333333333,1.0927237550684654,0.5165517806528838,1.0,4
1.714143,96.568814,32.86569334071905,Female,18.0,0,Public_Transport,1,0,0.3614184641562495,0.5,0.3624330291119371,0.3333333333333333,0.5,0.0,0.3250327081291426,1.4390326375720084,0.0,4
1.723191,97.350366,32.78466522081322,Male,18.0,0,Automobile,1,0,0.3614184641562495,0.5,0.4047042434982205,0.3333333333333333,0.5,0.0,0.4387545297017354,1.4390326375720084,0.0,4
1.562889,76.65949,31.38409838851003,Female,80.0,0,Automobile,1,0,0.3614184641562495,0.5,0.4047042434982205,0.3333333333333333,0.220263,0.0,1.0927237550684654,0.5165517806528838,1.0,4
1.502609,75.279605,33.34151732983048,Female,80.0,1,Automobile,1,0,0.3614184641562495,0.5,0.4047042434982205,0.3333333333333333,0.3799015,0.0,1.0927237550684654,0.5165517806528838,1.0,4
1.544937,77.053948,32.282959916915814,Male,80.0,0,Public_Transport,1,0,0.3614184641562495,0.5,0.4047042434982205,0.3333333333333333,0.5452064999999999,0.0,1.0927237550684654,0.5165517806528838,1.0,4
1.787733,108.019211,33.79836462531271,Female,18.0,0,Public_Transport,1,0,0.3614184641562495,0.5,0.3918225591408285,0.3333333333333333,0.8080689999999999,0.3333333333333333,0.0202282240690734,1.4390326375720084,0.0,4
1.782722,108.044313,33.9965357277863,Male,18.0,0,Bike,1,0,0.3614184641562495,0.5,0.0380768051315827,0.3333333333333333,0.6489480000000001,0.3333333333333333,0.1843032662606324,1.4390326375720084,0.0,4
1.797523,108.316462,33.52320662206292,Female,18.0,0,Automobile,1,0,0.3614184641562495,0.5,0.955091532146934,0.3333333333333333,0.8540840000000001,0.3333333333333333,1.2509621501501142,1.4390326375720084,0.0,4
1.803527,108.251044,33.28026660535827,Female,18.0,0,Automobile,1,0,0.3614184641562495,0.5,1.2527676561595575,0.3333333333333333,0.7650785,0.3333333333333333,0.0318739030304759,1.4390326375720084,0.0,4
1.801224,108.15619,33.33618749381211,Female,80.0,0,Bike,1,0,0.3614184641562495,0.6927509999999999,0.2556921439497694,0.3333333333333333,0.5702719999999999,0.3816253333333333,1.8124794774724104,0.5165517806528838,1.0,4
1.829239,107.10819,32.009712692190334,Female,80.0,0,Public_Transport,1,0,0.3614184641562495,0.7327874999999999,0.3217069598414719,0.3333333333333333,0.7402774999999999,0.3339433333333333,1.6527849200278009,0.5165517806528838,1.0,4
1.692913,89.93889,31.3818284050849,Female,18.0,0,Bike,1,0,0.3614184641562495,0.909251,0.4047042434982205,0.3333333333333333,0.4956255,0.4976556666666666,1.0927237550684654,1.4390326375720084,0.0,4
1.668555,85.607466,30.748971119327617,Male,18.0,0,Automobile,1,0,0.3614184641562495,0.540619,0.4047042434982205,0.3333333333333333,0.0918149999999999,0.39059,1.0927237550684654,1.4390326375720084,0.0,4
1.652971,93.310284,34.15065538549087,Male,49.0,0,Bike,1,0,0.3614184641562495,0.184489,0.4047042434982205,0.3333333333333333,0.476576,0.0349023333333333,0.7280997657942367,1.4390326375720084,0.5,4
1.661277,90.744965,32.88050148479377,Female,64.5,1,Automobile,1,0,0.3614184641562495,0.3564239999999999,0.4047042434982205,0.3333333333333333,0.0810765,0.1529936666666666,0.3628332501607024,1.4390326375720084,0.75,4
1.641784,89.424947,33.17620099936535,Female,80.0,0,Public_Transport,1,0,0.3614184641562495,0.16535,0.4047042434982205,0.3333333333333333,0.4404835,0.1073376666666666,1.0927237550684654,0.5165517806528838,1.0,4
1.673767,89.995034,32.12392056045549,Female,80.0,0,Automobile,1,0,0.3614184641562495,0.4805345,0.4047042434982205,0.3333333333333333,0.8261635,0.18977,0.5683674030403666,0.5165517806528838,1.0,4
1.617192,83.121811,31.782776082651626,Female,18.0,0,Bike,1,0,0.3614184641562495,0.9882545,0.4047042434982205,0.3333333333333333,0.0113524999999999,0.3418966666666666,0.5782165079573354,1.4390326375720084,0.0,4
1.602129,82.412665,32.10694580872476,Male,18.0,0,Automobile,1,0,0.3614184641562495,0.659824,0.4047042434982205,0.3333333333333333,0.053582,0.2307076666666666,0.5930033150055748,1.4390326375720084,0.0,4
1.701413,96.710735,33.40836257523011,Female,49.0,0,Bike,1,0,0.3614184641562495,0.5,0.3548588639016453,0.3333333333333333,0.811672,0.3272286666666666,1.1351102454842612,1.4390326375720084,0.5,4
1.709731,95.032177,32.509860493488866,Male,49.0,0,Bike,1,0,0.3614184641562495,0.5,0.3706365551757207,0.3333333333333333,0.5,0.0,1.095919289453673,1.4390326375720084,0.5,4
1.698829,98.572753,34.1552567141846,Female,33.5,0,Public_Transport,1,0,0.3614184641562495,0.5,0.3751753223610093,0.3333333333333333,0.5,0.0,1.8812555535631657,1.4390326375720084,0.25,4
1.705304,99.873716,34.34373998554203,Male,33.5,1,Automobile,1,0,0.3614184641562495,0.5,1.7873441962959482,0.3333333333333333,0.5,0.0,2.0593826648360274,1.4390326375720084,0.25,4
1.61291,82.193405,31.594879484454992,Male,33.5,0,Automobile,1,0,0.3614184641562495,0.1306439999999999,0.3148520641780283,0.3333333333333333,0.0833275,0.0444659999999999,0.4716599421404533,1.4390326375720084,0.25,4
1.605469,82.039,31.82852475159891,Male,18.0,0,Automobile,1,0,0.3614184641562495,0.882665,0.4047042434982205,0.3333333333333333,0.0242919999999999,0.0641863333333333,0.0914223601415439,1.4390326375720084,0.0,4
1.80416,104.40682,32.07589392591837,Male,18.0,1,Bike,1,0,0.3614184641562495,0.5,0.4047042434982205,0.3333333333333333,1.0,0.7468333333333332,1.0927237550684654,1.4390326375720084,0.0,4
1.785062,104.187314,32.697024445832234,Female,33.5,1,Automobile,1,0,0.3614184641562495,0.5,0.4047042434982205,0.3333333333333333,0.575785,0.5353276666666666,1.0927237550684654,1.4390326375720084,0.25,4
1.755926,112.289883,36.41901624169865,Male,80.0,1,Bike,1,0,0.3614184641562495,0.6588670000000001,0.4047042434982205,0.3333333333333333,0.576368,0.0,0.7287442636588941,1.4390326375720084,1.0,5
1.787802,115.127662,36.01976271990862,Male,64.5,0,Public_Transport,1,0,0.3614184641562495,0.294057,0.4047042434982205,0.3333333333333333,0.5579835,0.5136906666666666,1.0927237550684654,1.4390326375720084,0.75,5
1.704877,107.94747,37.13867149787683,Male,80.0,0,Public_Transport,1,0,0.3614184641562495,0.774891,1.6704157091859244,0.3333333333333333,0.0,0.6588606666666667,1.0927237550684654,1.4390326375720084,1.0,5
1.695347,102.810704,35.770180265329,Male,80.0,0,Automobile,1,0,0.3614184641562495,0.897543,0.7128492552279144,0.3333333333333333,0.0,0.6631053333333333,1.0927237550684654,1.4390326375720084,1.0,5
1.908608,128.828122,35.3652877579262,Male,80.0,0,Bike,1,0,0.3614184641562495,0.603138,0.4047042434982205,0.3333333333333333,0.406541,0.6499466666666667,1.0927237550684654,0.5165517806528838,1.0,5
1.819296,122.137917,36.9014795817393,Male,80.0,0,Automobile,1,0,0.3614184641562495,0.5,0.4047042434982205,0.3333333333333333,0.4921615,0.2644206666666666,1.0927237550684654,0.5165517806528838,1.0,5
1.773259,118.154345,37.5755504618512,Female,64.5,0,Bike,1,0,2.766875794059256,0.5917699999999999,0.4047042434982205,0.3333333333333333,0.6389685,0.2272766666666666,1.0927237550684654,0.5165517806528838,0.75,5
1.774647,120.151967,38.15108788948853,Female,80.0,1,Public_Transport,1,0,2.766875794059256,0.9812075,0.4047042434982205,0.3333333333333333,0.5863244999999999,0.3659683333333333,1.0927237550684654,0.5165517806528838,1.0,5
1.773664,116.160329,36.92454316742395,Female,64.5,0,Automobile,1,0,0.3614184641562495,0.721268,0.4047042434982205,0.3333333333333333,0.5871854999999999,0.0,2.0779450716830445,0.5165517806528838,0.75,5
1.793476,112.725005,35.04524693569268,Male,80.0,1,Automobile,1,0,0.3614184641562495,0.4956199999999999,0.4047042434982205,0.3333333333333333,0.5,0.0,0.6111893124690833,0.5165517806528838,1.0,5
1.82559,120.860386,36.26414818039963,Male,80.0,0,Public_Transport,1,0,0.3614184641562495,1.0,0.4047042434982205,0.3333333333333333,1.0,0.2304563333333333,1.2340056470921286,0.5165517806528838,1.0,5
1.885543,121.253083,34.10514559577042,Female,64.5,0,Public_Transport,1,0,0.3614184641562495,0.7042805000000001,0.4047042434982205,0.3333333333333333,0.925952,0.4400216666666666,1.0927237550684654,0.5165517806528838,0.75,5
1.75,120.0,39.183673469387756,Female,80.0,0,Automobile,1,0,0.3614184641562495,0.879197,0.4047042434982205,0.3333333333333333,0.587124,0.3598413333333333,1.1397011249957922,0.5165517806528838,1.0,5
1.87407,128.867444,36.69201797055886,Male,80.0,0,Bike,1,0,0.3614184641562495,0.9781485,0.4047042434982205,0.3333333333333333,0.1375499999999999,0.3006413333333333,1.989268609539262,0.5165517806528838,1.0,5
1.755967,112.256165,36.40638030955559,Male,64.5,0,Automobile,1,0,0.3614184641562495,0.1847645,0.4047042434982205,0.3333333333333333,0.5,0.532192,1.0884501114129048,0.5165517806528838,0.75,5
1.757069,117.298233,37.99389662780581,Male,64.5,0,Automobile,1,0,0.3614184641562495,0.1963325,0.4047042434982205,0.3333333333333333,0.5,0.3659943333333333,0.0557635710650592,0.5165517806528838,0.75,5
1.75,116.594351,38.07162481632653,Male,80.0,1,Public_Transport,1,0,0.3614184641562495,0.5,0.1886292495755168,0.3333333333333333,0.3626129999999999,0.1187626666666666,1.0927237550684654,0.5165517806528838,1.0,5
1.704028,101.634313,35.00151982477402,Male,80.0,0,Public_Transport,1,0,0.3614184641562495,0.8152005,2.1641155666736696,0.3333333333333333,0.0,0.0817846666666666,0.5745263810316686,0.5165517806528838,1.0,5
1.849003,121.414744,35.51372250401323,Female,49.0,0,Public_Transport,1,0,0.3614184641562495,1.0,0.1153199324135463,0.3333333333333333,0.5270360000000001,0.2784236666666666,1.0927237550684654,0.5165517806528838,0.5,5
1.841989,122.024954,35.96454646230526,Female,49.0,0,Automobile,1,0,0.3614184641562495,1.0,0.2021665925558377,0.3333333333333333,0.322669,0.3418126666666666,1.0927237550684654,0.5165517806528838,0.5,5
1.613491,98.490766,37.83227175325641,Female,64.5,0,Public_Transport,1,0,0.3614184641562495,1.0,0.7243742653062507,0.3333333333333333,0.0,0.514462,0.3705274524498097,1.4390326375720084,0.75,5
1.647821,106.509947,39.22564576898316,Female,33.5,0,Automobile,1,0,0.3614184641562495,0.934889,1.561794110503426,0.3333333333333333,0.328041,0.0,1.2808464252661704,1.4390326375720084,0.25,5
1.75834,112.010504,36.22872412478491,Female,80.0,0,Automobile,1,0,0.3614184641562495,0.434106,0.4047042434982205,0.3333333333333333,0.5116639999999999,0.0,0.0834995183896472,0.5165517806528838,1.0,5
1.758398,112.089022,36.25172840585258,Female,64.5,0,Bike,1,0,0.3614184641562495,0.0543314999999999,0.4047042434982205,0.3333333333333333,0.5,0.4100729999999999,1.0899031502557954,0.5165517806528838,0.75,5
1.670774,101.626189,36.40577017797108,Female,80.0,0,Automobile,1,0,0.3614184641562495,0.953872,1.6774581286955104,0.3333333333333333,0.0,0.6665833333333333,1.0927237550684654,1.4390326375720084,1.0,5
1.665585,98.66176,35.56438118702784,Male,80.0,0,Public_Transport,1,0,0.3614184641562495,0.979005,0.1918171549599403,0.3333333333333333,0.0,0.6666286666666666,1.0927237550684654,1.4390326375720084,1.0,5
1.914186,129.852531,35.43905624245736,Male,80.0,0,Bike,1,0,0.3614184641562495,0.5986305000000001,0.4047042434982205,0.3333333333333333,0.0559199999999999,0.3022809999999999,0.5123137992685222,0.5165517806528838,1.0,5
1.899588,124.269251,34.43854907110489,Male,80.0,0,Automobile,1,0,0.3614184641562495,0.524481,0.4047042434982205,0.3333333333333333,0.9114355,0.3553896666666666,1.0927237550684654,0.5165517806528838,1.0,5
1.75,118.102897,38.56421126530612,Female,80.0,0,Automobile,1,0,0.3614184641562495,0.569598,0.4047042434982205,0.3333333333333333,0.5242150000000001,0.1226753333333333,0.4993677825122434,0.5165517806528838,1.0,5
1.75,119.434645,38.99906775510204,Female,80.0,0,Automobile,1,0,0.3614184641562495,0.8649450000000001,0.4047042434982205,0.3333333333333333,0.515042,0.1975356666666666,0.1473183317380792,0.5165517806528838,1.0,5
1.773664,116.160329,36.92454316742395,Male,49.0,0,Automobile,1,0,0.3614184641562495,0.5,0.4047042434982205,0.3333333333333333,0.5,0.4663943333333333,0.5509853432240501,0.5165517806528838,0.5,5
1.792998,116.102615,36.114565260613354,Female,64.5,0,Bike,1,0,0.3614184641562495,0.4973395,0.4047042434982205,0.3333333333333333,0.5,0.3222056666666666,0.1219871308242933,0.5165517806528838,0.75,5
1.82559,120.860386,36.26414818039963,Male,64.5,1,Public_Transport,1,0,0.3614184641562495,0.7017104999999999,0.4047042434982205,0.3333333333333333,0.7453065000000001,0.6666666666666666,0.0706409460118316,0.5165517806528838,0.75,5
1.827279,120.996074,36.23777737551195,Female,64.5,0,Automobile,1,0,0.3614184641562495,1.0,0.4047042434982205,0.3333333333333333,1.0,0.3700716666666666,0.4412363665420303,0.5165517806528838,0.75,5
1.775416,121.204668,38.45201362013382,Male,80.0,1,Automobile,1,0,0.3614184641562495,0.879197,0.4047042434982205,0.3333333333333333,0.5806515000000001,0.1427243333333333,0.0847094521841174,0.5165517806528838,1.0,5
1.766975,118.363376,37.91024000212994,Male,80.0,1,Bike,1,0,0.3614184641562495,0.9821595,0.4047042434982205,0.3333333333333333,0.6886285000000001,0.2049863333333333,1.989268609539262,0.5165517806528838,1.0,5
1.754218,117.384745,38.14560742176085,Male,49.0,0,Public_Transport,1,0,0.3614184641562495,0.3085464999999999,0.4047042434982205,0.3333333333333333,0.5,0.6060173333333333,0.0541872540397968,0.5165517806528838,0.5,5
1.754996,119.087557,38.664653647654994,Male,49.0,0,Automobile,1,0,0.3614184641562495,0.3155719999999999,0.4047042434982205,0.3333333333333333,0.5,0.531061,0.3270135414907118,0.5165517806528838,0.5,5
1.748103,108.308112,35.44271227549053,Male,80.0,0,Automobile,1,0,0.3614184641562495,0.6587295,1.3478759782306469,0.3333333333333333,0.0,0.5428789999999999,1.0927237550684654,1.4390326375720084,1.0,5
1.73325,103.669116,34.50857115858827,Male,80.0,0,Bike,1,0,0.3614184641562495,0.7506120000000001,0.8160438846421398,0.3333333333333333,0.0,0.5821943333333333,1.0927237550684654,1.4390326375720084,1.0,5
1.84995,121.786485,35.58599512640859,Female,49.0,0,Automobile,1,0,0.3614184641562495,1.0,0.530071303684659,0.3333333333333333,0.277767,0.1162796666666666,1.0927237550684654,0.5165517806528838,0.5,5
1.849601,122.333425,35.759301903428316,Female,49.0,0,Automobile,1,0,0.3614184641562495,1.0,0.5993382454560392,0.3333333333333333,0.1700585,0.142753,1.0927237550684654,0.5165517806528838,0.5,5
1.606066,99.961731,38.753148402765426,Male,64.5,0,Public_Transport,1,0,0.3614184641562495,1.0,1.626162312896808,0.3333333333333333,0.0,0.3970066666666666,1.1824753668606582,1.4390326375720084,0.75,5
1.611434,103.175516,39.73302259079821,Female,33.5,1,Bike,1,0,0.3614184641562495,0.991521,2.02288699115004,0.3333333333333333,0.215222,0.0,1.6866256029434472,1.4390326375720084,0.25,5
1.762887,113.90198,36.65070418155507,Female,80.0,0,Bike,1,0,0.3614184641562495,0.6616755000000001,0.4047042434982205,0.3333333333333333,0.582524,0.0,1.3625108243966375,0.5165517806528838,1.0,5
1.755938,112.287678,36.417803332984896,Male,64.5,0,Public_Transport,1,0,0.3614184641562495,0.2141444999999999,0.4047042434982205,0.3333333333333333,0.5588664999999999,0.1617739999999999,0.0528560135683066,0.5165517806528838,0.75,5
1.787052,115.428276,36.14413448216006,Male,64.5,0,Bike,1,0,0.3614184641562495,0.4964444999999999,0.4047042434982205,0.3333333333333333,0.5706355000000001,0.3736793333333333,1.0927237550684654,0.5165517806528838,0.75,5
1.765258,114.330023,36.68967917225204,Male,64.5,0,Automobile,1,0,0.3614184641562495,0.281402,0.4047042434982205,0.3333333333333333,0.5377464999999999,0.5179113333333333,1.09200709790161,0.5165517806528838,0.75,5
1.726279,110.714711,37.15209904823956,Male,80.0,0,Automobile,1,0,0.3614184641562495,0.3974124999999999,1.5792380188436834,0.3333333333333333,0.486008,0.2229876666666666,1.0927237550684654,1.4390326375720084,1.0,5
1.735851,109.889334,36.46957089252192,Female,80.0,1,Automobile,1,0,0.3614184641562495,0.6526745,0.621883829939298,0.3333333333333333,0.0108049999999999,0.3029936666666666,1.0927237550684654,1.4390326375720084,1.0,5
1.699793,103.841672,35.940126339418406,Male,80.0,0,Automobile,1,0,0.3614184641562495,0.7882245000000001,0.3406953384589773,0.3333333333333333,0.0,0.660793,1.0927237550684654,1.4390326375720084,1.0,5
1.703202,103.0344,35.51811668063408,Female,80.0,0,Bike,1,0,0.3614184641562495,0.8773225,0.6543790631186872,0.3333333333333333,0.2708665,0.1195696666666666,0.6724554455878671,1.4390326375720084,1.0,5
1.906821,128.856677,35.43945830221833,Female,80.0,0,Public_Transport,1,0,0.3614184641562495,0.8169275,0.4047042434982205,0.3333333333333333,0.3096525,0.615934,0.3947851474242838,0.5165517806528838,1.0,5
1.910987,129.935666,35.58057084209372,Male,80.0,1,Public_Transport,1,0,0.3614184641562495,0.6002940000000001,0.4047042434982205,0.3333333333333333,0.1478485,0.3527926666666666,1.0927237550684654,0.5165517806528838,1.0,5
1.784049,120.644178,37.90467802939483,Female,80.0,0,Bike,1,0,0.3614184641562495,0.749554,0.4047042434982205,0.3333333333333333,0.5204759999999999,0.2795796666666666,0.2875462784334835,0.5165517806528838,1.0,5
1.783914,120.549592,37.88069314898179,Male,80.0,0,Automobile,1,0,0.3614184641562495,0.528435,0.4047042434982205,0.3333333333333333,0.679044,0.0311393333333333,1.8001286473078404,0.5165517806528838,1.0,5
1.863883,120.202596,34.6000361582605,Female,64.5,0,Automobile,1,0,0.3614184641562495,0.6238975,0.4047042434982205,0.3333333333333333,0.9080075,0.2375753333333333,1.0927237550684654,0.5165517806528838,0.75,5
1.812259,118.277657,36.01323893625478,Male,64.5,0,Public_Transport,1,0,0.3614184641562495,0.6198170000000001,0.4047042434982205,0.3333333333333333,0.8421320000000001,0.3264353333333333,1.0927237550684654,0.5165517806528838,0.75,5
1.75015,118.206565,38.59144608081633,Female,80.0,0,Bike,1,0,0.3614184641562495,0.5464150000000001,0.4047042434982205,0.3333333333333333,0.5388520000000001,0.1995516666666666,1.0927237550684654,0.5165517806528838,1.0,5
1.815347,120.399758,36.53476433649179,Female,80.0,0,Bike,1,0,0.3614184641562495,0.98365,0.4047042434982205,0.3333333333333333,0.7650174999999999,0.348369,0.465292213093668,0.5165517806528838,1.0,5
1.767077,114.133149,36.551133659279856,Male,64.5,0,Public_Transport,1,0,0.3614184641562495,0.6128655000000001,0.4047042434982205,0.3333333333333333,0.5771630000000001,0.4222886666666666,0.4513846265148882,0.5165517806528838,0.75,5
1.762461,115.531622,37.19305388936582,Female,64.5,0,Public_Transport,1,0,0.3614184641562495,0.589154,0.4047042434982205,0.3333333333333333,0.582902,0.4735583333333333,1.9903534575441348,0.5165517806528838,0.75,5
1.779049,112.438508,35.52542271205946,Female,80.0,1,Public_Transport,1,0,0.3614184641562495,0.5328759999999999,0.4047042434982205,0.3333333333333333,0.5391485,0.0,0.0206491774963631,0.5165517806528838,1.0,5
1.780731,112.957922,35.62214408598405,Female,64.5,0,Automobile,1,0,0.3614184641562495,0.6316225,0.4047042434982205,0.3333333333333333,0.5462545000000001,0.0,1.9265282332574367,0.5165517806528838,0.75,5
1.872517,120.898397,34.48013869836382,Female,64.5,0,Public_Transport,1,0,0.3614184641562495,0.7217690000000001,0.4047042434982205,0.3333333333333333,0.969746,0.402714,0.1218704274783145,0.5165517806528838,0.75,5
1.801224,119.050381,36.69402391324775,Female,80.0,0,Public_Transport,1,0,0.3614184641562495,0.8724970000000001,0.4047042434982205,0.3333333333333333,0.739419,0.2281623333333333,0.0215614360459154,0.5165517806528838,1.0,5
1.876898,121.277832,34.42707151595096,Male,49.0,0,Automobile,1,0,0.3614184641562495,0.8150685,0.1559114760632627,0.3333333333333333,0.4852539999999999,0.4347636666666666,1.0927237550684654,0.5165517806528838,0.5,5
1.77558,120.589419,38.24975992924784,Male,64.5,1,Bike,1,0,0.3614184641562495,0.5569215000000001,0.4047042434982205,0.3333333333333333,0.6580345000000001,0.6013856666666666,0.5054034823211735,0.5165517806528838,0.75,5
1.76569,120.082941,38.51699534271273,Female,80.0,0,Automobile,1,0,0.3614184641562495,0.9108635,0.4047042434982205,0.3333333333333333,0.5866395,0.3655186666666666,0.7099729418582669,0.5165517806528838,1.0,5
1.759772,118.382361,38.22734980457406,Male,80.0,0,Public_Transport,1,0,0.3614184641562495,0.656264,0.4047042434982205,0.3333333333333333,0.604034,0.3589066666666666,0.6096838388331741,0.5165517806528838,1.0,5
1.823545,126.460936,38.02974575713483,Female,80.0,0,Automobile,1,0,0.3614184641562495,0.9694005,0.4047042434982205,0.3333333333333333,0.2394969999999999,0.3155876666666666,1.143481655921865,0.5165517806528838,1.0,5
1.868923,125.064264,35.80555535730679,Female,80.0,0,Bike,1,0,0.3614184641562495,0.5253095000000001,0.4047042434982205,0.3333333333333333,0.2575915,0.2832703333333333,0.6622346985165574,0.5165517806528838,1.0,5
1.77151,113.207124,36.073355432670205,Male,64.5,0,Automobile,1,0,0.3614184641562495,0.228879,0.4047042434982205,0.3333333333333333,0.5101245000000001,0.5189029999999999,1.0905376219677363,0.5165517806528838,0.75,5
1.77219,114.097656,36.32922716807124,Male,64.5,0,Public_Transport,1,0,0.3614184641562495,0.5966549999999999,0.4047042434982205,0.3333333333333333,0.5449915000000001,0.4536646666666666,0.3166548867532725,0.5165517806528838,0.75,5
1.858265,117.57457,34.0485094797693,Female,64.5,0,Automobile,1,0,0.3614184641562495,0.5142855,0.4047042434982205,0.3333333333333333,0.7652140000000001,0.4375233333333333,0.982915768757034,0.5165517806528838,0.75,5
1.830596,118.424156,35.339083336070416,Male,64.5,1,Automobile,1,0,0.3614184641562495,0.227801,0.4047042434982205,0.3333333333333333,0.6816534999999999,0.3815609999999999,0.9266663997043656,0.5165517806528838,0.75,5
1.765836,118.533246,38.0136388681488,Female,80.0,0,Bike,1,0,0.3614184641562495,0.588948,0.3888443499902195,0.3333333333333333,0.3725475,0.2188493333333333,1.0927237550684654,0.5165517806528838,1.0,5
1.770278,117.29188,37.42699877093472,Male,80.0,0,Public_Transport,1,0,0.3614184641562495,0.6261909999999999,0.2028566580941541,0.3333333333333333,0.4396905,0.3064626666666666,1.0927237550684654,0.5165517806528838,1.0,5
1.673491,103.706181,37.030355332462584,Female,64.5,1,Automobile,1,0,0.3614184641562495,0.8344745,1.9915923438126204,0.3333333333333333,0.1397215,0.0374766666666666,0.7737128571699807,1.4390326375720084,0.75,5
1.703346,102.686239,35.39211346723196,Male,80.0,0,Automobile,1,0,0.3614184641562495,0.8619764999999999,0.9771050335102016,0.3333333333333333,0.0,0.540685,0.9787045860472086,1.4390326375720084,1.0,5
1.842906,121.142535,35.66894707233117,Female,49.0,0,Public_Transport,1,0,0.3614184641562495,1.0,0.0215506403021272,0.3333333333333333,0.8692424999999999,0.330751,1.0927237550684654,0.5165517806528838,0.5,5
1.779547,118.740035,37.49542211303345,Male,64.5,0,Bike,1,0,0.3614184641562495,0.8681490000000001,0.3955887864018257,0.3333333333333333,0.5227805000000001,0.2849856666666666,0.3884733044868406,0.5165517806528838,0.75,5
1.873368,121.82962,34.71416269287719,Female,64.5,0,Public_Transport,1,0,0.3614184641562495,0.8610804999999999,0.0334888929506155,0.3333333333333333,0.6878534999999999,0.4331563333333333,1.0927237550684654,0.5165517806528838,0.75,5
1.755902,120.021161,38.92756840228947,Male,49.0,0,Automobile,1,0,0.3614184641562495,0.985787,0.1573525839767693,0.3333333333333333,0.4813229999999999,0.527944,0.2629531029048308,0.5165517806528838,0.5,5
1.617655,100.941357,38.57423571384702,Female,64.5,0,Bike,1,0,0.3614184641562495,0.935508,1.0923114643567906,0.3333333333333333,0.0082925,0.0787226666666666,0.5097923495117413,1.4390326375720084,0.75,5
1.644517,100.004418,36.97791774769778,Female,80.0,1,Automobile,1,0,0.3614184641562495,0.982025,0.7215459946952514,0.3333333333333333,0.0,0.5663936666666667,0.0728597893963997,1.4390326375720084,1.0,5
1.701284,104.578255,36.131646752346626,Male,33.5,0,Automobile,1,0,0.3614184641562495,0.8268605,1.8231522600398395,0.3333333333333333,0.1842285,0.0727853333333333,0.1697615357661651,1.4390326375720084,0.25,5
1.65891,104.548794,37.99035722469927,Male,64.5,0,Bike,1,0,0.3614184641562495,0.9295485,1.7269525269687125,0.3333333333333333,0.265254,0.0581583333333333,0.9811522327926928,1.4390326375720084,0.75,5
1.759324,112.000381,36.184939065908246,Male,80.0,0,Bike,1,0,0.3614184641562495,0.286018,0.4047042434982205,0.3333333333333333,0.5017815000000001,0.0,0.5335404946657448,0.5165517806528838,1.0,5
1.758382,112.10074,36.25617803144194,Female,80.0,0,Public_Transport,1,0,0.3614184641562495,0.1937445,0.4047042434982205,0.3333333333333333,0.508856,0.0,0.1092500290216246,0.5165517806528838,1.0,5
1.622297,99.982541,37.98948794132215,Female,64.5,0,Automobile,1,0,0.3614184641562495,0.9709645,1.6756175693015225,0.3333333333333333,0.0070675,0.652898,0.0370665439701087,1.4390326375720084,0.75,5
1.623278,97.582959,37.03293880381905,Female,64.5,0,Automobile,1,0,0.3614184641562495,0.9867845,0.0447261952102123,0.3333333333333333,0.0015315,0.6603846666666666,0.8346499206728524,1.4390326375720084,0.75,5
1.918859,129.991623,35.30443285919494,Male,80.0,1,Automobile,1,0,0.3614184641562495,0.520688,0.4047042434982205,0.3333333333333333,0.0601064999999999,0.3518166666666666,1.0927237550684654,0.5165517806528838,1.0,5
1.913252,129.232216,35.304205259671896,Male,80.0,0,Public_Transport,1,0,0.3614184641562495,0.5123599999999999,0.4047042434982205,0.3333333333333333,0.4001675,0.3987893333333333,1.0927237550684654,0.5165517806528838,1.0,5
1.75,118.07381,38.55471346938776,Female,80.0,0,Automobile,1,0,0.3614184641562495,0.5669820000000001,0.4047042434982205,0.3333333333333333,0.5041804999999999,0.0673429999999999,0.7631337815152434,0.5165517806528838,1.0,5
1.75,119.029103,38.86664587755102,Male,80.0,0,Automobile,1,0,0.3614184641562495,0.8512284999999999,0.4047042434982205,0.3333333333333333,0.502597,0.1084376666666666,0.4039192388834953,0.5165517806528838,1.0,5
1.784994,113.714521,35.68965954106272,Female,49.0,0,Automobile,1,0,0.3614184641562495,0.380019,0.4047042434982205,0.3333333333333333,0.5017655000000001,0.3630203333333333,0.9739427607894552,0.5165517806528838,0.5,5
1.792533,116.157766,36.15046863230004,Male,49.0,0,Bike,1,0,0.3614184641562495,0.4983229999999999,0.4047042434982205,0.3333333333333333,0.5,0.533512,0.1231015655929356,0.5165517806528838,0.5,5
1.829757,120.980508,36.13504244686711,Female,64.5,0,Automobile,1,0,0.3614184641562495,0.822047,0.4047042434982205,0.3333333333333333,0.8702624999999999,0.6666666666666666,0.2693306942062058,0.5165517806528838,0.75,5
1.796415,120.988454,37.4913070872078,Male,64.5,0,Public_Transport,1,0,0.3614184641562495,0.737946,0.4047042434982205,0.3333333333333333,0.974678,0.6222796666666666,0.9282739472024958,0.5165517806528838,0.75,5
1.75,120.0,39.183673469387756,Male,80.0,0,Automobile,1,0,0.3614184641562495,0.9708135,0.4047042434982205,0.3333333333333333,0.6590670000000001,0.1942286666666666,1.5175619036385708,0.5165517806528838,1.0,5
1.762389,118.548733,38.16746972694122,Female,80.0,0,Public_Transport,1,0,0.3614184641562495,0.9992205,0.4047042434982205,0.3333333333333333,0.7314579999999999,0.184882,2.1818570734589007,0.5165517806528838,1.0,5
1.825718,121.236915,36.3720250953442,Female,49.0,0,Automobile,1,0,0.3614184641562495,0.698642,0.2671696308616177,0.3333333333333333,0.4919865,0.6198889999999999,1.0884501114129048,0.5165517806528838,0.5,5
1.839699,120.431551,35.58334201689476,Female,49.0,0,Bike,1,0,0.3614184641562495,0.6913525,0.3262293671172797,0.3333333333333333,0.499639,0.5620763333333333,0.0557635710650592,0.5165517806528838,0.5,5
1.749405,109.908779,35.9129975847743,Male,80.0,1,Public_Transport,1,0,0.3614184641562495,0.5881585,0.387540673936557,0.3333333333333333,0.0078359999999999,0.3138033333333333,1.0927237550684654,1.4390326375720084,1.0,5
1.75,115.806977,37.814523102040816,Male,80.0,0,Automobile,1,0,0.3614184641562495,0.5,0.0213348594380728,0.3333333333333333,0.071322,0.1714083333333333,1.0927237550684654,1.4390326375720084,1.0,5
1.849998,122.119682,35.68150359181413,Female,49.0,0,Public_Transport,1,0,0.3614184641562495,1.0,0.8608620838702087,0.3333333333333333,0.146393,0.0485623333333333,1.0927237550684654,0.5165517806528838,0.5,5
1.84998,122.609911,35.82543814991758,Female,49.0,0,Bike,1,0,0.3614184641562495,1.0,0.9161071227077652,0.3333333333333333,0.089627,0.0596186666666666,1.0927237550684654,0.5165517806528838,0.5,5
1.607939,100.618239,38.91684047319648,Male,64.5,0,Public_Transport,1,0,0.3614184641562495,0.9388715,1.763640411497587,0.3333333333333333,0.0002315,0.0607496666666666,1.2597527064077827,1.4390326375720084,0.75,5
1.603226,99.605527,38.75198407155824,Male,64.5,0,Bike,1,0,0.3614184641562495,1.0,1.8265328269100252,0.3333333333333333,0.0,0.2943903333333333,1.180517709324592,1.4390326375720084,0.75,5
1.770663,112.471118,35.87312307892319,Male,80.0,0,Automobile,1,0,0.3614184641562495,0.6515205,0.4047042434982205,0.3333333333333333,0.5329085,0.0,0.0993302446134293,0.5165517806528838,1.0,5
1.758038,112.395309,36.36567636269642,Female,80.0,0,Automobile,1,0,0.3614184641562495,0.6615015,0.4047042434982205,0.3333333333333333,0.577779,0.0,0.9644669417359256,0.5165517806528838,1.0,5
1.786997,115.025361,36.02018658292116,Male,64.5,1,Automobile,1,0,0.3614184641562495,0.499765,0.4047042434982205,0.3333333333333333,0.5559540000000001,0.4843473333333333,0.3036120550583214,0.5165517806528838,0.75,5
1.771837,114.906095,36.60121756228499,Male,64.5,0,Automobile,1,0,0.3614184641562495,0.2925915,0.4047042434982205,0.3333333333333333,0.5509204999999999,0.5146536666666666,1.09260376430429,0.5165517806528838,0.75,5
1.722396,109.349025,36.85945407311948,Male,80.0,0,Automobile,1,0,0.3614184641562495,0.6409815000000001,1.394186661768426,0.3333333333333333,0.0,0.4435063333333333,1.0927237550684654,1.4390326375720084,1.0,5
1.701387,107.025415,36.972660277441506,Male,80.0,0,Automobile,1,0,0.3614184641562495,0.7808189999999999,0.2473254978280399,0.3333333333333333,0.0,0.6601336666666666,1.0927237550684654,1.4390326375720084,1.0,5
1.697421,103.017623,35.75463782162272,Male,80.0,1,Automobile,1,0,0.3614184641562495,0.8001084999999999,0.654737413482206,0.3333333333333333,0.0,0.6618453333333333,1.0927237550684654,1.4390326375720084,1.0,5
1.696365,102.815983,35.729095777902266,Female,80.0,0,Public_Transport,1,0,0.3614184641562495,0.8958299999999999,0.7097910752439051,0.3333333333333333,0.1272944999999999,0.2175786666666666,0.6179056717428333,1.4390326375720084,1.0,5
1.909198,129.679131,35.57690385200799,Male,80.0,0,Automobile,1,0,0.3614184641562495,0.54434,0.4047042434982205,0.3333333333333333,0.2601075,0.6191169999999999,1.0927237550684654,0.5165517806528838,1.0,5
1.909105,129.874864,35.63407384427021,Female,80.0,0,Automobile,1,0,0.3614184641562495,0.6030595000000001,0.4047042434982205,0.3333333333333333,0.241928,0.3710563333333333,1.0927237550684654,0.5165517806528838,1.0,5
1.801368,121.094257,37.31802572501866,Male,80.0,0,Bike,1,0,0.3614184641562495,0.6642345000000001,0.4047042434982205,0.3333333333333333,0.500604,0.266829,0.8023165190003404,0.5165517806528838,1.0,5
1.860292,123.721352,35.75052471436048,Female,80.0,0,Automobile,1,0,0.3614184641562495,0.5013920000000001,0.4047042434982205,0.3333333333333333,0.6464529999999999,0.3446769999999999,1.0927237550684654,0.5165517806528838,1.0,5
1.819535,118.332689,35.74241603821471,Female,64.5,1,Automobile,1,0,0.3614184641562495,0.4878375,0.4047042434982205,0.3333333333333333,0.6789845000000001,0.2347453333333333,1.0751015498256713,0.5165517806528838,0.75,5
1.793174,118.165082,36.748895795533244,Female,64.5,0,Automobile,1,0,0.3614184641562495,0.5010380000000001,0.4047042434982205,0.3333333333333333,0.6691864999999999,0.2991873333333333,0.959326899487438,0.5165517806528838,0.75,5
1.75015,118.299585,38.6218147520863,Female,80.0,1,Public_Transport,1,0,0.3614184641562495,0.6092995000000001,0.4047042434982205,0.3333333333333333,0.5521685000000001,0.2553356666666666,0.6618780136422278,0.5165517806528838,1.0,5
1.754956,120.098812,38.994759547461676,Male,80.0,0,Public_Transport,1,0,0.3614184641562495,0.98365,0.4047042434982205,0.3333333333333333,0.7650174999999999,0.3184389999999999,1.1085840680560166,0.5165517806528838,1.0,5
1.773115,115.089316,36.6067523628157,Male,64.5,0,Automobile,1,0,0.3614184641562495,0.6960895,0.4047042434982205,0.3333333333333333,0.582335,0.3599779999999999,0.6710188438359593,0.5165517806528838,0.75,5
1.772731,115.828167,36.85772326479563,Female,64.5,0,Bike,1,0,0.3614184641562495,0.690582,0.4047042434982205,0.3333333333333333,0.5851124999999999,0.4036826666666666,2.029222246591458,0.5165517806528838,0.75,5
1.787933,112.536367,35.20387013586207,Female,80.0,0,Bike,1,0,0.3614184641562495,0.5041225,0.4047042434982205,0.3333333333333333,0.5200685,0.0,0.3132506013125818,0.5165517806528838,1.0,5
1.785277,112.740797,35.372836018193205,Female,80.0,1,Bike,1,0,0.3614184641562495,0.577591,0.4047042434982205,0.3333333333333333,0.5245394999999999,0.0,1.7836356702155731,0.5165517806528838,1.0,5
1.817572,120.8158,36.57130741899473,Female,80.0,1,Bike,1,0,0.3614184641562495,0.9846165,0.4047042434982205,0.3333333333333333,0.903992,0.3273779999999999,0.8665742026780163,0.5165517806528838,1.0,5
1.84342,120.420406,35.43655517811505,Female,80.0,1,Bike,1,0,0.3614184641562495,0.8825315,0.4047042434982205,0.3333333333333333,0.933603,0.2355923333333333,0.0215614360459154,0.5165517806528838,1.0,5
1.874519,121.244969,34.505159025050546,Male,64.5,0,Automobile,1,0,0.3614184641562495,0.8150685,0.4047042434982205,0.3333333333333333,0.980044,0.452156,1.0927237550684654,0.5165517806528838,0.75,5
1.796332,120.901591,37.46785259229294,Male,64.5,0,Automobile,1,0,0.3614184641562495,0.597982,0.4047042434982205,0.3333333333333333,0.757436,0.5549073333333333,0.882866483362165,0.5165517806528838,0.75,5
1.756221,119.117122,38.62031929436984,Female,80.0,0,Bike,1,0,0.3614184641562495,0.8099935,0.4047042434982205,0.3333333333333333,0.5973729999999999,0.3589753333333333,0.7005546526231774,0.5165517806528838,1.0,5
1.757132,118.565568,38.40164338350626,Female,80.0,1,Public_Transport,1,0,0.3614184641562495,0.9590565,0.4047042434982205,0.3333333333333333,0.6202315,0.3587493333333333,1.3414039558654631,0.5165517806528838,1.0,5
1.889104,129.157346,36.19156614775234,Male,80.0,0,Bike,1,0,0.3614184641562495,0.9447425,0.4047042434982205,0.3333333333333333,0.1398855,0.313808,1.079010290061411,0.5165517806528838,1.0,5
1.869323,127.507411,36.489400528525195,Female,80.0,0,Public_Transport,1,0,0.3614184641562495,0.9698635,0.4047042434982205,0.3333333333333333,0.172061,0.3078093333333333,1.2616199599434432,0.5165517806528838,1.0,5
1.757154,112.200812,36.33928256965772,Male,64.5,0,Public_Transport,1,0,0.3614184641562495,0.132117,0.4047042434982205,0.3333333333333333,0.5,0.4444783333333333,1.0891601937433673,0.5165517806528838,0.75,5
1.764484,113.234349,36.36995287918279,Female,64.5,0,Automobile,1,0,0.3614184641562495,0.2589559999999999,0.4047042434982205,0.3333333333333333,0.519479,0.5300849999999999,1.0900280721472655,0.5165517806528838,0.75,5
1.774775,117.398976,37.271571444020665,Male,64.5,1,Bike,1,0,0.3614184641562495,0.61686,0.3965276900424436,0.3333333333333333,0.514184,0.2877193333333333,0.3532420436740388,0.5165517806528838,0.75,5
1.769933,117.708705,37.57464865986675,Male,64.5,0,Bike,1,0,0.3614184641562495,0.2379529999999999,0.4038642394202944,0.3333333333333333,0.5097149999999999,0.3489593333333333,0.3351941177747869,0.5165517806528838,0.75,5
1.760175,117.651046,37.97380325873092,Female,80.0,0,Public_Transport,1,0,0.3614184641562495,0.5164415,0.3741494162661312,0.3333333333333333,0.3630544999999999,0.1592849999999999,1.0927237550684654,0.5165517806528838,1.0,5
1.763029,116.974504,37.63329980220266,Male,80.0,0,Public_Transport,1,0,0.3614184641562495,0.5233255000000001,0.2018124328413193,0.3333333333333333,0.366036,0.1947573333333333,1.0927237550684654,0.5165517806528838,1.0,5
1.679515,102.872802,36.46975075369582,Female,64.5,0,Bike,1,0,0.3614184641562495,0.8336144999999999,2.038898445026841,0.3333333333333333,0.112979,0.0689846666666666,0.555934551319009,1.4390326375720084,0.75,5
1.699354,100.176866,34.68963454559738,Female,80.0,0,Automobile,1,0,0.3614184641562495,0.909967,0.9842180955645676,0.3333333333333333,0.0,0.46434,0.1832414301831353,1.4390326375720084,1.0,5
1.849307,121.658729,35.57338952344553,Female,49.0,0,Public_Transport,1,0,0.3614184641562495,1.0,0.2244832146567059,0.3333333333333333,0.346681,0.2565696666666666,1.0927237550684654,0.5165517806528838,0.5,5
1.86741,121.684311,34.89435918236296,Male,64.5,1,Automobile,1,0,0.3614184641562495,0.9772085,0.0349235788145968,0.3333333333333333,0.5523480000000001,0.2900186666666666,1.0927237550684654,0.5165517806528838,0.75,5
1.86714,121.835883,34.94792935785994,Male,49.0,1,Public_Transport,1,0,0.3614184641562495,0.9131255,0.1026402378305377,0.3333333333333333,0.4210865,0.428266,1.0927237550684654,0.5165517806528838,0.5,5
1.848553,121.421121,35.532881254604085,Male,49.0,0,Public_Transport,1,0,0.3614184641562495,1.0,0.15071698498781,0.3333333333333333,0.5055114999999999,0.3054926666666666,1.0927237550684654,0.5165517806528838,0.5,5
1.61981,98.54302,37.55758996210626,Female,64.5,0,Automobile,1,0,0.3614184641562495,0.979205,0.3218260725433597,0.3333333333333333,0.0,0.6433443333333333,0.146670710353352,1.4390326375720084,0.75,5
1.647807,99.592225,36.678599802531316,Female,64.5,1,Bike,1,0,0.3614184641562495,0.9675785,1.0776871731774822,0.3333333333333333,0.0,0.363297,0.0841604533452876,1.4390326375720084,0.75,5
1.619128,104.303711,39.78665187420884,Female,33.5,0,Automobile,1,0,0.3614184641562495,0.9354475,1.3580777086874591,0.3333333333333333,0.187864,0.0700603333333333,0.8191022402102303,1.4390326375720084,0.25,5
1.64187,104.270062,38.67961090119166,Female,49.0,0,Automobile,1,0,0.3614184641562495,0.9349165,1.4330602745364718,0.3333333333333333,0.266841,0.055981,1.1563009431794486,1.4390326375720084,0.5,5
1.787379,112.173731,35.11218555887231,Female,80.0,0,Automobile,1,0,0.3614184641562495,0.4391254999999999,0.4047042434982205,0.3333333333333333,0.5114665,0.0,0.5577868475746577,0.5165517806528838,1.0,5
1.758355,112.007101,36.22700536566606,Female,80.0,0,Public_Transport,1,0,0.3614184641562495,0.3754045,0.4047042434982205,0.3333333333333333,0.5014354999999999,0.0,0.9045897428051988,0.5165517806528838,1.0,5
1.76414,113.089716,36.33766517943794,Male,64.5,0,Public_Transport,1,0,0.3614184641562495,0.0844279999999999,0.4047042434982205,0.3333333333333333,0.5066025000000001,0.4154076666666667,1.0901102576021804,0.5165517806528838,0.75,5
1.767186,112.226032,35.93594609497362,Female,64.5,1,Public_Transport,1,0,0.3614184641562495,0.2218369999999999,0.4047042434982205,0.3333333333333333,0.5010969999999999,0.4620503333333333,1.0905261160040485,0.5165517806528838,0.75,5
1.67782,102.022057,36.24126444899761,Male,80.0,0,Automobile,1,0,0.3614184641562495,0.913018,0.4023444450832922,0.3333333333333333,0.0,0.6654956666666666,1.0927237550684654,1.4390326375720084,1.0,5
1.668478,100.543983,36.11728668629471,Female,80.0,0,Public_Transport,1,0,0.3614184641562495,0.97765,0.3939277069752643,0.3333333333333333,0.0,0.5794223333333333,0.4442262733918243,1.4390326375720084,1.0,5
1.685462,99.540122,35.03968858693487,Female,80.0,0,Public_Transport,1,0,0.3614184641562495,0.887281,0.4929325912790989,0.3333333333333333,0.0,0.5405776666666666,0.8653757748472344,1.4390326375720084,1.0,5
1.694642,99.709329,34.7200116430155,Female,80.0,0,Automobile,1,0,0.3614184641562495,0.8860135,0.296028699599708,0.3333333333333333,0.0,0.2861846666666666,1.0084540770172048,1.4390326375720084,1.0,5
1.886109,129.349471,36.36060343576947,Male,80.0,0,Automobile,1,0,0.3614184641562495,0.7498130000000001,0.4047042434982205,0.3333333333333333,0.0626689999999999,0.3150733333333333,0.5879770164811231,0.5165517806528838,1.0,5
1.915,129.966428,35.439992910170496,Male,80.0,0,Automobile,1,0,0.3614184641562495,0.554319,0.4047042434982205,0.3333333333333333,0.0074379999999999,0.3291736666666666,1.0146919530452247,0.5165517806528838,1.0,5
1.841908,124.070717,36.570712665671614,Male,80.0,0,Public_Transport,1,0,0.3614184641562495,0.7337739999999999,0.4047042434982205,0.3333333333333333,0.8301449999999999,0.331474,0.5825263132130584,0.5165517806528838,1.0,5
1.868127,123.172214,35.29392457086478,Male,80.0,0,Bike,1,0,0.3614184641562495,0.7929710000000001,0.4047042434982205,0.3333333333333333,0.6512530000000001,0.1992876666666666,0.9087516142420756,0.5165517806528838,1.0,5
1.751688,119.205308,38.849200401401625,Male,80.0,1,Public_Transport,1,0,0.3614184641562495,0.574805,0.4047042434982205,0.3333333333333333,0.5669379999999999,0.1311506666666666,0.5241861461873621,0.5165517806528838,1.0,5
1.755333,118.237782,38.37401483591309,Female,80.0,1,Automobile,1,0,0.3614184641562495,0.969308,0.4047042434982205,0.3333333333333333,0.530195,0.123836,1.0992593063414031,0.5165517806528838,1.0,5
1.754217,117.8972,38.31217961666869,Female,80.0,0,Public_Transport,1,0,0.3614184641562495,0.767577,0.2967123430884993,0.3333333333333333,0.4462,0.231244,0.981921324752567,0.5165517806528838,1.0,5
1.76071,118.668332,38.278875948104705,Male,80.0,0,Automobile,1,0,0.3614184641562495,0.8056110000000001,0.3945355702796552,0.3333333333333333,0.398188,0.2139846666666666,0.7593631128437603,0.5165517806528838,1.0,5
1.755938,116.311962,37.72298290280445,Male,49.0,0,Automobile,1,0,0.3614184641562495,0.400061,0.4047042434982205,0.3333333333333333,0.5,0.563175,0.1638129525394446,0.5165517806528838,0.5,5
1.765137,116.669906,37.445704942601026,Male,49.0,0,Bike,1,0,0.3614184641562495,0.241361,0.4047042434982205,0.3333333333333333,0.5,0.3708346666666666,0.0420157520650675,0.5165517806528838,0.5,5
1.788239,115.382519,36.0818578848991,Female,64.5,0,Automobile,1,0,0.3614184641562495,0.367832,0.4047042434982205,0.3333333333333333,0.5207679999999999,0.4641353333333333,0.4488171529033554,0.5165517806528838,0.75,5
1.767121,116.164351,37.199773407090895,Female,64.5,0,Public_Transport,1,0,0.3614184641562495,0.3278419999999999,0.4047042434982205,0.3333333333333333,0.5,0.3254749999999999,0.0415703068994302,0.5165517806528838,0.75,5
1.840039,120.975489,35.7308485510011,Female,64.5,0,Automobile,1,0,0.3614184641562495,0.7991035,0.2112040380673075,0.3333333333333333,0.5030835,0.50667,0.606703630339843,0.5165517806528838,0.75,5
1.824901,120.805715,36.27512033303055,Male,64.5,1,Bike,1,0,0.3614184641562495,0.6125745,0.4047042434982205,0.3333333333333333,0.6789890000000001,0.6479143333333333,0.0284962447316115,0.5165517806528838,0.75,5
1.828391,120.998266,36.19436792921904,Female,64.5,1,Automobile,1,0,0.3614184641562495,1.0,0.4047042434982205,0.3333333333333333,1.0,0.5617896666666666,0.6571917990029958,0.5165517806528838,0.75,5
1.829529,120.996581,36.148851425758146,Female,64.5,1,Bike,1,0,0.3614184641562495,1.0,0.4047042434982205,0.3333333333333333,1.0,0.4892876666666666,0.5278877790767168,0.5165517806528838,0.75,5
1.779325,120.751656,38.140162047654705,Male,80.0,0,Automobile,1,0,0.3614184641562495,0.7597959999999999,0.4047042434982205,0.3333333333333333,0.6145725,0.1169056666666666,0.7816766277512079,0.5165517806528838,1.0,5
1.781139,120.794535,38.07602998161723,Female,80.0,0,Automobile,1,0,0.3614184641562495,0.5559434999999999,0.4047042434982205,0.3333333333333333,0.6786865,0.1418736666666666,1.2353485574254337,0.5165517806528838,1.0,5
1.764166,119.373019,38.35546761000493,Male,80.0,0,Public_Transport,1,0,0.3614184641562495,0.9854915,0.4047042434982205,0.3333333333333333,0.9144305,0.151648,2.056323722204105,0.5165517806528838,1.0,5
1.754796,118.805937,38.58201204804437,Female,80.0,0,Automobile,1,0,0.3614184641562495,0.953771,0.4047042434982205,0.3333333333333333,0.642247,0.2158773333333333,1.6495057203767074,0.5165517806528838,1.0,5
1.756509,117.368716,38.040971079979876,Male,64.5,0,Public_Transport,1,0,0.3614184641562495,0.2256685,0.4047042434982205,0.3333333333333333,0.5,0.4615356666666666,0.0551866291715586,0.5165517806528838,0.75,5
1.756772,117.326523,38.01591068599663,Female,64.5,0,Public_Transport,1,0,0.3614184641562495,0.2687524999999999,0.4047042434982205,0.3333333333333333,0.5,0.5439706666666666,0.0548496688064086,0.5165517806528838,0.75,5
1.754439,119.441207,38.804102022830456,Female,49.0,0,Automobile,1,0,0.3614184641562495,0.446714,0.4047042434982205,0.3333333333333333,0.5,0.6391276666666666,0.4465769413005094,0.5165517806528838,0.5,5
1.755142,119.192922,38.69242494504585,Female,49.0,1,Automobile,1,0,0.3614184641562495,0.5039225,0.3461942346819353,0.3333333333333333,0.484398,0.5291353333333333,0.2862610618167456,0.5165517806528838,0.5,5
1.706741,108.012603,37.07995423656283,Female,80.0,0,Bike,1,0,0.3614184641562495,0.7438905,1.3756873059054728,0.3333333333333333,0.0,0.620255,1.0927237550684654,1.4390326375720084,1.0,5
1.74285,106.421042,35.035432687048434,Male,80.0,0,Public_Transport,1,0,0.3614184641562495,0.7708925,0.2796528107291481,0.3333333333333333,0.0,0.5563203333333333,1.0927237550684654,1.4390326375720084,1.0,5
1.6811,102.523111,36.27727688815064,Male,80.0,0,Public_Transport,1,0,0.3614184641562495,0.9068875,0.4009996679126675,0.3333333333333333,0.0,0.659785,1.0927237550684654,1.4390326375720084,1.0,5
1.705682,103.067766,35.42637618642961,Male,80.0,0,Bike,1,0,0.3614184641562495,0.7813435,0.750085582786261,0.3333333333333333,0.2292725,0.3892853333333333,0.4149748262786108,1.4390326375720084,1.0,5
1.849507,121.560938,35.53710813782194,Male,49.0,0,Public_Transport,1,0,0.3614184641562495,1.0,0.5293173550703738,0.3333333333333333,0.2800319999999999,0.26559,1.0927237550684654,0.5165517806528838,0.5,5
1.853373,121.737836,35.4405059839478,Female,49.0,0,Automobile,1,0,0.3614184641562495,0.9612555,0.010247833137371,0.3333333333333333,0.4047655,0.1595316666666666,1.0927237550684654,0.5165517806528838,0.5,5
1.84753,122.06261,35.76017650366873,Male,49.0,0,Public_Transport,1,0,0.3614184641562495,1.0,0.519370884765388,0.3333333333333333,0.2957984999999999,0.3109276666666666,1.0927237550684654,0.5165517806528838,0.5,5
1.87034,121.458232,34.7204888366001,Female,49.0,0,Public_Transport,1,0,0.3614184641562495,0.9180275,0.0122010831837212,0.3333333333333333,0.3558329999999999,0.31244,1.0927237550684654,0.5165517806528838,0.5,5
1.607787,100.783434,38.98810494903576,Female,64.5,0,Automobile,1,0,0.3614184641562495,0.9403795,1.5377422506207865,0.3333333333333333,0.0068899999999999,0.3336966666666666,0.7126934443140676,1.4390326375720084,0.75,5
1.603091,100.209405,38.993492193451,Female,64.5,0,Automobile,1,0,0.3614184641562495,1.0,2.137464061143136,0.3333333333333333,0.0,0.0776853333333333,1.7137796772472398,1.4390326375720084,0.75,5
1.620109,103.393354,39.39164836817944,Male,33.5,0,Automobile,1,0,0.3614184641562495,0.8832205,1.8553125996532864,0.3333333333333333,0.206609,0.0550896666666666,0.3251183449003806,1.4390326375720084,0.25,5
1.610647,100.642257,38.79534619165311,Female,49.0,1,Automobile,1,0,0.3614184641562495,0.998762,1.9659079989406167,0.3333333333333333,0.1190284999999999,0.3764333333333333,1.6450726369386126,1.4390326375720084,0.5,5
1.758618,113.501549,36.69938281009856,Female,80.0,0,Public_Transport,1,0,0.3614184641562495,0.6601005,0.4047042434982205,0.3333333333333333,0.582392,0.0,1.3160974105881518,0.5165517806528838,1.0,5
1.763259,113.215814,36.41454391883929,Male,80.0,0,Automobile,1,0,0.3614184641562495,0.5905285,0.4047042434982205,0.3333333333333333,0.54277,0.0,1.2725802122108574,0.5165517806528838,1.0,5
1.764138,112.323213,36.091456453914304,Female,64.5,0,Automobile,1,0,0.3614184641562495,0.4623159999999999,0.4047042434982205,0.3333333333333333,0.5032975,0.0589333333333333,0.251647671726775,0.5165517806528838,0.75,5
1.75596,112.277567,36.41361162181951,Female,64.5,1,Automobile,1,0,0.3614184641562495,0.1987339999999999,0.4047042434982205,0.3333333333333333,0.509485,0.2218129999999999,0.9905392915549146,0.5165517806528838,0.75,5
1.783381,115.347176,36.267589840829714,Male,64.5,1,Public_Transport,1,0,0.3614184641562495,0.5957144999999999,0.4047042434982205,0.3333333333333333,0.5513545,0.4417799999999999,0.4665051065100811,0.5165517806528838,0.75,5
1.786532,114.534678,35.88520239224693,Female,64.5,0,Bike,1,0,0.3614184641562495,0.5500885,0.4047042434982205,0.3333333333333333,0.5498434999999999,0.427055,0.6861818963695809,0.5165517806528838,0.75,5
1.766626,114.187096,36.58708358390632,Male,64.5,0,Automobile,1,0,0.3614184641562495,0.5376605000000001,0.4047042434982205,0.3333333333333333,0.572419,0.5005846666666667,0.6385357007373759,0.5165517806528838,0.75,5
1.765464,114.144378,36.621556046977354,Male,64.5,1,Automobile,1,0,0.3614184641562495,0.3131845,0.4047042434982205,0.3333333333333333,0.5548485000000001,0.450991,0.9666627731931176,0.5165517806528838,0.75,5
1.75853,111.635463,36.099618691661966,Male,80.0,0,Public_Transport,1,0,0.3614184641562495,0.1316079999999999,0.6864357029491073,0.3333333333333333,0.4908909999999999,0.160875,1.0927237550684654,0.5165517806528838,1.0,5
1.758539,111.950413,36.20109369077696,Male,80.0,0,Public_Transport,1,0,0.3614184641562495,0.0339545,1.2477921896065396,0.3333333333333333,0.492295,0.0180793333333333,1.0927237550684654,0.5165517806528838,1.0,5
1.748015,109.758736,35.92103047257663,Male,80.0,0,Automobile,1,0,0.3614184641562495,0.6553755000000001,0.6875069008099493,0.3333333333333333,0.0033214999999999,0.3860133333333333,1.0927237550684654,1.4390326375720084,1.0,5
1.744974,111.169678,36.5097136695882,Male,80.0,1,Automobile,1,0,0.3614184641562495,0.6471294999999999,0.21326037832535,0.3333333333333333,0.435145,0.3056713333333333,1.0927237550684654,1.4390326375720084,1.0,5
1.701566,103.743534,35.83137216980573,Female,80.0,1,Automobile,1,0,0.3614184641562495,0.7882450000000001,0.6393347699004152,0.3333333333333333,0.190535,0.6427583333333333,0.4127821183414886,1.4390326375720084,1.0,5
1.696412,103.250355,35.878054212478794,Female,80.0,0,Automobile,1,0,0.3614184641562495,0.8398319999999999,0.3460050890066022,0.3333333333333333,0.0,0.6624319999999999,1.0927237550684654,1.4390326375720084,1.0,5
1.680489,102.004554,36.12003921970683,Female,80.0,0,Bike,1,0,0.3614184641562495,0.9693435,0.7019754409714569,0.3333333333333333,0.1258574999999999,0.393937,0.1866983143149714,1.4390326375720084,1.0,5
1.703317,102.592171,35.36089578948043,Male,80.0,0,Public_Transport,1,0,0.3614184641562495,0.827396,2.0647908643034683,0.3333333333333333,0.1727035,0.1091393333333333,0.4568368095939246,1.4390326375720084,1.0,5
1.877732,127.161381,36.06517308235856,Male,80.0,0,Bike,1,0,0.3614184641562495,0.8656839999999999,0.4047042434982205,0.3333333333333333,0.2434119999999999,0.495326,0.7982632962620778,0.5165517806528838,1.0,5
1.909639,129.013178,35.37785701101878,Female,80.0,1,Public_Transport,1,0,0.3614184641562495,0.6112949999999999,0.4047042434982205,0.3333333333333333,0.2959545,0.4640086666666666,0.4157524645802299,0.5165517806528838,1.0,5
1.909188,129.19449,35.44431600755675,Male,80.0,0,Automobile,1,0,0.3614184641562495,0.7161774999999999,0.4047042434982205,0.3333333333333333,0.168263,0.54604,0.9442294314196212,0.5165517806528838,1.0,5
1.910672,129.232708,35.39974766201641,Male,80.0,0,Public_Transport,1,0,0.3614184641562495,0.748774,0.4047042434982205,0.3333333333333333,0.1812915,0.3813586666666667,0.8079807405530564,0.5165517806528838,1.0,5
1.779136,120.60094,38.100651137738865,Female,80.0,0,Public_Transport,1,0,0.3614184641562495,0.8356189999999999,0.4047042434982205,0.3333333333333333,0.572684,0.2942363333333333,0.1164969785378694,0.5165517806528838,1.0,5
1.767485,120.158049,38.462844093685554,Male,80.0,0,Automobile,1,0,0.3614184641562495,0.7884549999999999,0.4047042434982205,0.3333333333333333,0.5400935,0.34756,0.4735664807963458,0.5165517806528838,1.0,5
1.783953,120.613561,37.899137214325116,Female,80.0,0,Automobile,1,0,0.3614184641562495,0.6709995,0.4047042434982205,0.3333333333333333,0.649939,0.188414,0.4227612401753492,0.5165517806528838,1.0,5
1.76714,120.344402,38.537539097700524,Female,80.0,0,Bike,1,0,0.3614184641562495,0.5585605,0.4047042434982205,0.3333333333333333,0.5965039999999999,0.330943,1.4649730747477998,0.5165517806528838,1.0,5
1.816197,119.622764,36.26502031183218,Male,64.5,0,Automobile,1,0,0.3614184641562495,0.6235185000000001,0.4047042434982205,0.3333333333333333,0.8592040000000001,0.2545316666666666,1.0927237550684654,0.5165517806528838,0.75,5
1.839941,119.956651,35.433702812562004,Male,64.5,0,Automobile,1,0,0.3614184641562495,0.6223270000000001,0.4047042434982205,0.3333333333333333,0.8978759999999999,0.279827,1.0927237550684654,0.5165517806528838,0.75,5
1.84842,117.631707,34.428894775914415,Female,64.5,0,Bike,1,0,0.3614184641562495,0.564287,0.4047042434982205,0.3333333333333333,0.765992,0.3344313333333333,1.049042185781342,0.5165517806528838,0.75,5
1.830317,117.75701,35.15071334083062,Male,64.5,0,Public_Transport,1,0,0.3614184641562495,0.5344169999999999,0.4047042434982205,0.3333333333333333,0.7719205,0.4059976666666667,1.0298469509314818,0.5165517806528838,0.75,5
1.750085,118.114184,38.564150493584386,Male,80.0,0,Bike,1,0,0.3614184641562495,0.5366120000000001,0.4047042434982205,0.3333333333333333,0.5120175,0.0437903333333333,1.0927237550684654,0.5165517806528838,1.0,5
1.763582,117.86159,37.89491877328083,Female,80.0,1,Public_Transport,1,0,0.3614184641562495,0.572557,0.261098225240276,0.3333333333333333,0.519064,0.2841146666666666,1.0927237550684654,0.5165517806528838,1.0,5
1.816547,120.699119,36.57723075995545,Male,80.0,1,Automobile,1,0,0.3614184641562495,0.9989755,0.4047042434982205,0.3333333333333333,0.857928,0.2466269999999999,0.5050502487631674,0.5165517806528838,1.0,5
1.805445,119.484614,36.655863883391646,Female,80.0,1,Public_Transport,1,0,0.3614184641562495,0.955656,0.4047042434982205,0.3333333333333333,0.750904,0.3155866666666667,0.1987401271690622,0.5165517806528838,1.0,5
1.770124,114.163921,36.43522832900655,Female,64.5,0,Bike,1,0,0.3614184641562495,0.5795165,0.4047042434982205,0.3333333333333333,0.5581995,0.4438419999999999,1.005702507986663,0.5165517806528838,0.75,5
1.77274,114.254278,36.35652631335632,Male,64.5,1,Public_Transport,1,0,0.3614184641562495,0.5876380000000001,0.4047042434982205,0.3333333333333333,0.5640879999999999,0.435492,0.962321737464527,0.5165517806528838,0.75,5
1.763215,115.10813,37.02503306004447,Male,64.5,0,Automobile,1,0,0.3614184641562495,0.6098250000000001,0.4047042434982205,0.3333333333333333,0.5827040000000001,0.4383483333333333,0.0397671580186033,0.5165517806528838,0.75,5
1.766547,115.45845,36.997751387498134,Male,64.5,0,Bike,1,0,0.3614184641562495,0.6019810000000001,0.4047042434982205,0.3333333333333333,0.578435,0.4298069999999999,0.9138620697267936,0.5165517806528838,0.75,5
1.773181,112.348722,35.73238448125317,Male,80.0,0,Bike,1,0,0.3614184641562495,0.4737475,0.4047042434982205,0.3333333333333333,0.5210364999999999,0.0,0.0767685296321393,0.5165517806528838,1.0,5
1.76003,112.409191,36.28788706303818,Male,80.0,0,Automobile,1,0,0.3614184641562495,0.631146,0.4047042434982205,0.3333333333333333,0.557677,0.0,0.3004627084259929,0.5165517806528838,1.0,5
1.780089,113.15464,35.70992468899231,Female,64.5,0,Automobile,1,0,0.3614184641562495,0.609593,0.4047042434982205,0.3333333333333333,0.546163,0.181973,1.772063958163594,0.5165517806528838,0.75,5
1.766946,113.235538,36.269051114383686,Male,80.0,0,Automobile,1,0,0.3614184641562495,0.6570875,0.4047042434982205,0.3333333333333333,0.5759045,0.0,1.501898999640941,0.5165517806528838,1.0,5
1.885119,121.065052,34.06757742059983,Female,64.5,0,Automobile,1,0,0.3614184641562495,0.7116454999999999,0.4047042434982205,0.3333333333333333,0.951341,0.4145223333333333,0.1794937734390285,0.5165517806528838,0.75,5
1.828276,120.872294,36.16123447286363,Female,64.5,0,Public_Transport,1,0,0.3614184641562495,0.8186009999999999,0.4047042434982205,0.3333333333333333,0.9833235,0.3865326666666666,0.1546821484984298,0.5165517806528838,0.75,5
1.806227,120.423567,36.9119362539363,Female,80.0,0,Automobile,1,0,0.3614184641562495,0.987003,0.4047042434982205,0.3333333333333333,0.7829140000000001,0.2300896666666666,1.1093385305321328,0.5165517806528838,1.0,5
1.812919,119.841446,36.4628188186233,Female,64.5,0,Automobile,1,0,0.3614184641562495,0.6739710000000001,0.4047042434982205,0.3333333333333333,0.8653314999999999,0.2297903333333333,0.7825673541843557,0.5165517806528838,0.75,5
1.859717,121.284533,35.068056549499204,Male,49.0,0,Public_Transport,1,0,0.3614184641562495,0.8270379999999999,0.1423156597986429,0.3333333333333333,0.392355,0.3901789999999999,1.0927237550684654,0.5165517806528838,0.5,5
1.86516,121.527369,34.93348469464656,Female,49.0,1,Automobile,1,0,0.3614184641562495,0.8694999999999999,0.0713895978491773,0.3333333333333333,0.4122805,0.3649463333333332,1.0927237550684654,0.5165517806528838,0.5,5
1.783609,120.921535,38.01056641810793,Female,64.5,1,Bike,1,0,0.3614184641562495,0.7956460000000001,0.3487322286543851,0.3333333333333333,0.6554150000000001,0.4950799999999999,0.6295018755331602,0.5165517806528838,0.75,5
1.794827,120.919703,37.536336486860556,Male,64.5,0,Automobile,1,0,0.3614184641562495,0.8059235,0.0827463502299472,0.3333333333333333,0.6824245,0.3805693333333333,0.9891618633305456,0.5165517806528838,0.75,5
1.759647,120.009392,38.758247229484454,Male,80.0,0,Public_Transport,1,0,0.3614184641562495,0.8833059999999999,0.4047042434982205,0.3333333333333333,0.5867085000000001,0.3631146666666667,0.8771613329801186,0.5165517806528838,1.0,5
1.773521,120.209711,38.21790552752661,Female,80.0,0,Public_Transport,1,0,0.3614184641562495,0.8885825,0.4047042434982205,0.3333333333333333,0.5534304999999999,0.308647,0.6134181820063679,0.5165517806528838,1.0,5
1.753327,118.26569,38.47095156644997,Male,80.0,1,Public_Transport,1,0,0.3614184641562495,0.6164179999999999,0.4047042434982205,0.3333333333333333,0.573199,0.2956056666666666,0.307244488267421,0.5165517806528838,1.0,5
1.761068,118.370628,38.16732301071855,Male,80.0,0,Automobile,1,0,0.3614184641562495,0.7856369999999999,0.4047042434982205,0.3333333333333333,0.612082,0.3393859999999999,0.8023068206438773,0.5165517806528838,1.0,5
1.848845,125.077863,36.59143540842316,Male,80.0,0,Public_Transport,1,0,0.3614184641562495,0.748095,0.4047042434982205,0.3333333333333333,0.3310585,0.3307903333333333,0.7350000565888687,0.5165517806528838,1.0,5
1.842812,125.973927,37.09527582273026,Male,80.0,0,Automobile,1,0,0.3614184641562495,0.5756675,0.4047042434982205,0.3333333333333333,0.2455844999999999,0.294514,0.2252299790990177,0.5165517806528838,1.0,5
1.825449,124.95278,37.49786273388686,Female,80.0,0,Automobile,1,0,0.3614184641562495,0.508475,0.4047042434982205,0.3333333333333333,0.41706,0.2657363333333333,0.7878173610443021,0.5165517806528838,1.0,5
1.86198,126.418413,36.46366437782082,Female,80.0,0,Automobile,1,0,0.3614184641562495,0.9635935,0.4047042434982205,0.3333333333333333,0.254398,0.3009253333333333,0.5764085918473403,0.5165517806528838,1.0,5
1.763987,113.069667,36.33752576670109,Female,64.5,1,Bike,1,0,0.3614184641562495,0.206283,0.4047042434982205,0.3333333333333333,0.5012475000000001,0.5309316666666666,1.0896549501819537,0.5165517806528838,0.75,5
1.761519,112.835195,36.36385521864256,Male,64.5,0,Bike,1,0,0.3614184641562495,0.1446575,0.4047042434982205,0.3333333333333333,0.503674,0.458739,1.0902286046572571,0.5165517806528838,0.75,5
1.772045,114.067936,36.325708252809015,Male,64.5,0,Bike,1,0,0.3614184641562495,0.312183,0.4047042434982205,0.3333333333333333,0.5408595,0.5129739999999999,0.506136576579012,0.5165517806528838,0.75,5
1.771817,114.004832,36.314956675457644,Male,64.5,1,Automobile,1,0,0.3614184641562495,0.2641655,0.4047042434982205,0.3333333333333333,0.5396764999999999,0.5074763333333333,0.716975142616993,0.5165517806528838,0.75,5
1.79858,117.93329,36.456661401812966,Male,64.5,1,Automobile,1,0,0.3614184641562495,0.518521,0.4047042434982205,0.3333333333333333,0.7184950000000001,0.3387513333333333,1.0597772499022904,0.5165517806528838,0.75,5
1.788586,117.849351,36.838975268495474,Male,64.5,0,Public_Transport,1,0,0.3614184641562495,0.5955539999999999,0.3968128290413726,0.3333333333333333,0.7224584999999999,0.3519513333333333,0.8539191224321356,0.5165517806528838,0.75,5
1.803207,118.332966,36.392725435990926,Female,64.5,0,Automobile,1,0,0.3614184641562495,0.215673,0.4047042434982205,0.3333333333333333,0.5494794999999999,0.3702893333333333,0.7689919607415578,0.5165517806528838,0.75,5
1.836592,118.377601,35.094912017005655,Male,64.5,0,Public_Transport,1,0,0.3614184641562495,0.420995,0.4047042434982205,0.3333333333333333,0.751622,0.4086729999999999,0.9641741976183026,0.5165517806528838,0.75,5
1.762921,118.40174,38.09714075173541,Female,80.0,1,Automobile,1,0,0.3614184641562495,0.5684149999999999,0.3958212645946463,0.3333333333333333,0.442963,0.2050993333333333,1.0927237550684654,0.5165517806528838,1.0,5
1.752863,119.201465,38.795883379494384,Male,80.0,0,Public_Transport,1,0,0.3614184641562495,0.7496940000000001,0.3915917027771979,0.3333333333333333,0.4798885,0.2027,0.029638458656798,0.5165517806528838,1.0,5
1.768235,117.792268,37.673573651848336,Male,80.0,1,Bike,1,0,0.3614184641562495,0.6153709999999999,0.3024305359859421,0.3333333333333333,0.4155934999999999,0.2520923333333333,1.0927237550684654,0.5165517806528838,1.0,5
1.766888,118.134898,37.8407877079368,Male,80.0,0,Automobile,1,0,0.3614184641562495,0.6203784999999999,0.2911213067716602,0.3333333333333333,0.4479379999999999,0.274062,1.0927237550684654,0.5165517806528838,1.0,5
1.603501,101.038263,39.295914593578416,Female,64.5,0,Automobile,1,0,0.3614184641562495,0.998093,1.9919506941761396,0.3333333333333333,0.1350829999999999,0.024355,1.4582042806810311,1.4390326375720084,0.75,5
1.690262,103.180918,36.11530872452178,Female,64.5,0,Bike,1,0,0.3614184641562495,0.824703,2.0098553682530373,0.3333333333333333,0.076643,0.0723026666666666,0.0752480987162188,1.4390326375720084,0.75,5
1.712905,103.276087,35.19923464882163,Female,80.0,0,Public_Transport,1,0,0.3614184641562495,0.762942,0.8275817388195265,0.3333333333333333,0.0,0.5567866666666667,1.0533421287824751,1.4390326375720084,1.0,5
1.695735,102.784864,35.74482682607695,Male,80.0,0,Automobile,1,0,0.3614184641562495,0.8683235,0.8595725363255025,0.3333333333333333,0.0,0.659306,1.0000991036705835,1.4390326375720084,1.0,5
1.829971,121.04172,36.144870371209464,Male,64.5,0,Automobile,1,0,0.3614184641562495,0.8421675,0.0338154704857926,0.3333333333333333,0.8661654999999999,0.3853413333333333,0.3654548022743522,0.5165517806528838,0.75,5
1.84629,121.248035,35.569263609251415,Female,49.0,0,Public_Transport,1,0,0.3614184641562495,1.0,0.0134678487694215,0.3333333333333333,0.814408,0.325128,1.0927237550684654,0.5165517806528838,0.5,5
1.774983,119.081804,37.796972040893266,Male,64.5,1,Bike,1,0,0.3614184641562495,0.7127515,0.4006378017387187,0.3333333333333333,0.5088010000000001,0.5267543333333333,0.2186502115785526,0.5165517806528838,0.75,5
1.78968,118.436166,36.9771615273507,Female,64.5,0,Automobile,1,0,0.3614184641562495,0.234692,0.4001368818757348,0.3333333333333333,0.5338704999999999,0.3607453333333333,0.8452732125751169,0.5165517806528838,0.75,5
1.852664,121.310257,35.34306403516971,Male,64.5,0,Bike,1,0,0.3614184641562495,0.9531345,0.2687391797656326,0.3333333333333333,0.7177445,0.4222463333333333,0.497438068030848,0.5165517806528838,0.75,5
1.872561,121.471077,34.641838603860705,Male,64.5,0,Automobile,1,0,0.3614184641562495,0.9040135,0.0023753474098138,0.3333333333333333,0.8202415000000001,0.4267303333333333,1.0927237550684654,0.5165517806528838,0.75,5
1.81955,120.775439,36.47964777077644,Male,49.0,0,Bike,1,0,0.3614184641562495,0.8183594999999999,0.1559667056891817,0.3333333333333333,0.4837955,0.5084613333333333,0.573977382192839,0.5165517806528838,0.5,5
1.815514,120.337664,36.50920466882468,Male,49.0,0,Automobile,1,0,0.3614184641562495,0.9983585,0.1367326673605195,0.3333333333333333,0.8131545,0.3982993333333333,1.0353632386653515,0.5165517806528838,0.5,5
1.614075,100.245302,38.47836471590033,Female,64.5,0,Public_Transport,1,0,0.3614184641562495,0.9402415,1.2607913648366296,0.3333333333333333,0.0031889999999999,0.3589096666666667,0.6463319768887039,1.4390326375720084,0.75,5
1.609418,100.078367,38.63692027576923,Male,64.5,1,Bike,1,0,0.3614184641562495,0.9428465,1.2841226707625155,0.3333333333333333,0.0059244999999999,0.1677016666666666,0.9091972233058396,1.4390326375720084,0.75,5
1.650189,101.141277,37.141638359382476,Male,80.0,0,Bike,1,0,0.3614184641562495,0.956726,0.5331731536054417,0.3333333333333333,0.0,0.629979,0.4700571618714913,1.4390326375720084,1.0,5
1.653876,102.583895,37.503629072594066,Male,80.0,0,Bike,1,0,0.3614184641562495,0.959763,0.6968981686166521,0.3333333333333333,0.0878569999999999,0.3195183333333333,0.046849736625019,1.4390326375720084,1.0,5
1.657132,105.580491,38.447620761168636,Male,33.5,0,Public_Transport,1,0,0.3614184641562495,0.8620604999999999,1.601596689052134,0.3333333333333333,0.295209,0.0098676666666666,0.7517118108893354,1.4390326375720084,0.25,5
1.644751,101.067988,37.36055351397437,Female,33.5,0,Public_Transport,1,0,0.3614184641562495,0.900996,1.7234126932702951,0.3333333333333333,0.0644709999999999,0.0779956666666666,0.2550848313494315,1.4390326375720084,0.25,5
1.660761,104.321463,37.82329793041324,Female,64.5,0,Bike,1,0,0.3614184641562495,0.8744855,1.8899826762212717,0.3333333333333333,0.2244374999999999,0.0428493333333333,0.9438942786616964,1.4390326375720084,0.75,5
1.69151,102.59518,35.85731930096215,Female,64.5,1,Public_Transport,1,0,0.3614184641562495,0.8401875000000001,2.0497414334455764,0.3333333333333333,0.183119,0.0604413333333333,0.6194902073135872,1.4390326375720084,0.75,5
1.611462,102.093223,39.3148639098582,Female,64.5,1,Bike,1,0,0.3614184641562495,1.0,0.4047042434982205,0.3333333333333333,0.011664,0.0169766666666666,0.5509853432240501,0.5165517806528838,0.75,6
1.584782,105.055597,41.829255555314724,Male,64.5,0,Bike,1,0,0.3614184641562495,1.0,0.4047042434982205,0.3333333333333333,0.0988335,0.0,0.2137190842836751,0.5165517806528838,0.75,6
1.792378,137.859737,42.91194863465988,Female,18.0,0,Automobile,1,0,0.3614184641562495,1.0,0.4047042434982205,0.3333333333333333,0.9194465,0.6634389999999999,0.1168291716738513,0.5165517806528838,0.0,6
1.802257,149.935848,46.16066303580928,Male,18.0,0,Bike,1,0,0.3614184641562495,1.0,0.4047042434982205,0.3333333333333333,0.5909055000000001,0.665194,0.4518121547785711,0.5165517806528838,0.0,6
1.65632,111.93301,40.80089507680683,Male,64.5,0,Automobile,1,0,0.3614184641562495,1.0,0.4047042434982205,0.3333333333333333,0.8870070000000001,0.0,0.8652048291010119,0.5165517806528838,0.75,6
1.600762,105.448264,41.151521966582955,Female,64.5,0,Public_Transport,1,0,0.3614184641562495,1.0,0.4047042434982205,0.3333333333333333,0.015677,0.0,0.4769081413931745,0.5165517806528838,0.75,6
1.678658,104.954834,37.24585918726152,Male,64.5,0,Automobile,1,0,0.3614184641562495,1.0,0.4047042434982205,0.3333333333333333,0.33308,0.070117,0.1141039019888824,0.5165517806528838,0.75,6
1.678201,109.900472,39.02218706823798,Female,64.5,0,Public_Transport,1,0,0.3614184641562495,1.0,0.4047042434982205,0.3333333333333333,0.235832,0.047985,0.3620424621862969,0.5165517806528838,0.75,6
1.65563,121.205171,44.21753967728279,Male,49.0,0,Bike,1,0,0.3614184641562495,1.0,0.4047042434982205,0.3333333333333333,0.1737794999999999,0.1543169999999999,0.570122884357343,0.5165517806528838,0.5,6
1.694952,133.76473,46.5614835851868,Female,33.5,0,Bike,1,0,0.3614184641562495,1.0,0.4047042434982205,0.3333333333333333,0.1691205,0.6420933333333333,0.3638244067469728,0.5165517806528838,0.25,6
1.622771,109.959714,41.75602276186781,Female,64.5,0,Bike,1,0,0.3614184641562495,1.0,0.4047042434982205,0.3333333333333333,0.8395684999999999,0.0,0.3048150862201447,0.5165517806528838,0.75,6
1.583889,110.545378,44.06472901796858,Female,64.5,0,Automobile,1,0,0.3614184641562495,1.0,0.4047042434982205,0.3333333333333333,0.7891459999999999,0.0,0.2833712573238205,0.5165517806528838,0.75,6
1.729045,131.529267,43.995656962866576,Female,49.0,0,Automobile,1,0,0.3614184641562495,1.0,0.4047042434982205,0.3333333333333333,0.1510964999999999,0.5808176666666667,0.4561762024345379,0.5165517806528838,0.5,6
1.664622,114.465425,41.308846213676674,Female,49.0,1,Automobile,1,0,0.3614184641562495,1.0,0.4047042434982205,0.3333333333333333,0.704221,0.0646853333333333,0.2274064138432837,0.5165517806528838,0.5,6
1.747773,127.902844,41.87069304752408,Male,33.5,0,Bike,1,0,0.3614184641562495,1.0,0.4047042434982205,0.3333333333333333,0.3526089999999999,0.1303123333333333,0.548759761104962,0.5165517806528838,0.25,6
1.730113,152.094362,50.81175280566433,Female,33.5,0,Automobile,1,0,0.3614184641562495,1.0,0.4047042434982205,0.3333333333333333,0.687479,0.2500369999999999,0.0109578686528304,0.5165517806528838,0.25,6
1.746652,133.800129,43.85748880019839,Male,18.0,0,Public_Transport,1,0,0.3614184641562495,1.0,0.4047042434982205,0.3333333333333333,0.934617,0.4886436666666667,0.0606618241779709,0.5165517806528838,0.0,6
1.719365,114.511537,38.73584909731795,Female,64.5,1,Automobile,1,0,0.3614184641562495,1.0,0.4047042434982205,0.3333333333333333,0.993703,0.1297533333333333,0.2268572511063272,0.5165517806528838,0.75,6
1.632377,111.946655,42.01169339311818,Female,64.5,0,Automobile,1,0,0.3614184641562495,1.0,0.4047042434982205,0.3333333333333333,0.8685455,0.0,1.0317783091219757,0.5165517806528838,0.75,6
1.642572,111.868169,41.46271142508883,Female,64.5,0,Automobile,1,0,0.3614184641562495,1.0,0.4047042434982205,0.3333333333333333,0.8117445000000001,0.0,0.8649664912817596,0.5165517806528838,0.75,6
1.654875,104.758713,38.25249472786791,Male,64.5,0,Public_Transport,1,0,0.3614184641562495,1.0,0.4047042434982205,0.3333333333333333,0.806379,0.0820966666666666,0.2257544861994997,0.5165517806528838,0.75,6
1.627567,107.482662,40.575199388580685,Male,64.5,0,Public_Transport,1,0,0.3614184641562495,1.0,0.4047042434982205,0.3333333333333333,0.8436889999999999,0.0,0.4177329701455456,0.5165517806528838,0.75,6
1.736276,130.927138,43.430232085883006,Female,33.5,1,Automobile,1,0,0.3614184641562495,1.0,0.4047042434982205,0.3333333333333333,0.426346,0.48787,0.4890766837459607,0.5165517806528838,0.25,6
1.737056,132.527011,43.921459555574955,Male,64.5,0,Bike,1,0,0.3614184641562495,1.0,0.4047042434982205,0.3333333333333333,0.932795,0.3246213333333333,0.1337016816696972,0.5165517806528838,0.75,6
1.580968,102.003378,40.81016918345623,Male,64.5,1,Automobile,1,0,0.3614184641562495,1.0,0.4047042434982205,0.3333333333333333,0.0017814999999999,0.002709,0.5509853432240501,0.5165517806528838,0.75,6
1.607128,103.026858,39.88866671445868,Male,64.5,1,Public_Transport,1,0,0.3614184641562495,1.0,0.4047042434982205,0.3333333333333333,0.0386265,0.0540276666666666,0.2626902733472309,0.5165517806528838,0.75,6
1.821566,142.102468,42.82642255990604,Female,18.0,1,Bike,1,0,0.3614184641562495,1.0,0.4047042434982205,0.3333333333333333,0.8574744999999999,0.6665909999999999,0.2449004097764109,0.5165517806528838,0.0,6
1.82773,152.720545,45.7165432266296,Female,18.0,0,Automobile,1,0,0.3614184641562495,1.0,0.4047042434982205,0.3333333333333333,0.5774744999999999,0.6666323333333333,0.4810668893099812,0.5165517806528838,0.0,6
1.656504,111.993054,40.81371335360645,Male,64.5,0,Bike,1,0,0.3614184641562495,1.0,0.4047042434982205,0.3333333333333333,0.9465585,0.0,1.0609837323804368,0.5165517806528838,0.75,6
1.637725,111.208963,41.46272429102737,Male,64.5,0,Automobile,1,0,0.3614184641562495,1.0,0.4047042434982205,0.3333333333333333,0.85457,0.0,0.9110643129433732,0.5165517806528838,0.75,6
1.669701,104.585783,37.514160973213095,Male,64.5,0,Public_Transport,1,0,0.3614184641562495,1.0,0.4047042434982205,0.3333333333333333,0.2850939999999999,0.070117,0.3567778258425927,0.5165517806528838,0.75,6
1.668709,104.754958,37.61953044510411,Female,64.5,0,Automobile,1,0,0.3614184641562495,1.0,0.4047042434982205,0.3333333333333333,0.2060245,0.047985,0.1451157615463672,0.5165517806528838,0.75,6
1.668642,124.704781,44.78749397134055,Female,33.5,0,Bike,1,0,0.3614184641562495,1.0,0.4047042434982205,0.3333333333333333,0.078175,0.2622759999999999,0.4904933970905621,0.5165517806528838,0.25,6
1.690614,129.769141,45.40278651742437,Male,33.5,0,Automobile,1,0,0.3614184641562495,1.0,0.4047042434982205,0.3333333333333333,0.077349,0.5727866666666667,0.4839515987774847,0.5165517806528838,0.25,6
1.622418,110.676343,42.04644560900542,Male,64.5,0,Public_Transport,1,0,0.3614184641562495,1.0,0.4047042434982205,0.3333333333333333,0.8457920000000001,0.0,0.393369913890654,0.5165517806528838,0.75,6
1.643332,110.824698,41.03797590350559,Male,64.5,1,Public_Transport,1,0,0.3614184641562495,1.0,0.4047042434982205,0.3333333333333333,0.854827,0.0,0.6799062150323002,0.5165517806528838,0.75,6
1.733383,135.524857,45.10554054929648,Female,49.0,0,Bike,1,0,0.3614184641562495,1.0,0.4047042434982205,0.3333333333333333,0.2428679999999999,0.6501246666666667,0.336050654113124,0.5165517806528838,0.5,6
1.748313,133.573787,43.7001437156947,Female,33.5,1,Bike,1,0,0.3614184641562495,1.0,0.4047042434982205,0.3333333333333333,0.937168,0.5416603333333333,0.2643372698637201,0.5165517806528838,0.25,6
1.812963,138.730619,42.20796778052687,Male,33.5,0,Public_Transport,1,0,0.3614184641562495,1.0,0.4047042434982205,0.3333333333333333,0.8207445,0.1605183333333333,0.1157328177052902,0.5165517806528838,0.25,6
1.80734,155.872093,47.718704652597346,Male,33.5,1,Automobile,1,0,0.3614184641562495,1.0,0.4047042434982205,0.3333333333333333,0.708561,0.317575,0.1493037684306898,0.5165517806528838,0.25,6
1.745644,133.665587,43.864001718316715,Male,18.0,0,Automobile,1,0,0.3614184641562495,1.0,0.4047042434982205,0.3333333333333333,0.9504285,0.5029656666666666,0.0647957525601767,0.5165517806528838,0.0,6
1.753266,133.852432,43.54423294611752,Female,33.5,0,Automobile,1,0,0.3614184641562495,1.0,0.4047042434982205,0.3333333333333333,0.976555,0.481716,0.0138376469930388,0.5165517806528838,0.25,6
1.632193,111.886611,41.99862744956643,Male,64.5,1,Public_Transport,1,0,0.3614184641562495,1.0,0.4047042434982205,0.3333333333333333,0.808994,0.0,0.8359977621334523,0.5165517806528838,0.75,6
1.641098,111.818345,41.5187268520311,Female,64.5,0,Automobile,1,0,0.3614184641562495,1.0,0.4047042434982205,0.3333333333333333,0.775285,0.0,0.7560592575561924,0.5165517806528838,0.75,6
1.640741,104.808542,38.93288779653455,Female,64.5,1,Public_Transport,1,0,0.3614184641562495,1.0,0.4047042434982205,0.3333333333333333,0.8267655,0.0633536666666666,0.0452867331706697,0.5165517806528838,0.75,6
1.618573,104.928643,40.05248563719549,Male,64.5,0,Bike,1,0,0.3614184641562495,1.0,0.4047042434982205,0.3333333333333333,0.3493834999999999,0.0,0.1986117539612686,0.5165517806528838,0.75,6
1.757442,133.365094,43.17975493327934,Male,49.0,0,Automobile,1,0,0.3614184641562495,1.0,0.4047042434982205,0.3333333333333333,0.924185,0.4020196666666666,0.1674554119012608,0.5165517806528838,0.5,6
1.763343,133.952675,43.08020830022258,Male,33.5,0,Automobile,1,0,0.3614184641562495,1.0,0.4047042434982205,0.3333333333333333,0.917811,0.4731576666666666,0.2501635663091436,0.5165517806528838,0.25,6
1.610086,102.38745,39.49558758912676,Female,64.5,0,Automobile,1,0,0.3614184641562495,1.0,0.4047042434982205,0.3333333333333333,0.025282,0.0086776666666666,0.2066429166155258,0.5165517806528838,0.75,6
1.664463,102.781971,37.09955075410316,Female,64.5,0,Automobile,1,0,0.3614184641562495,1.0,0.4047042434982205,0.3333333333333333,0.0342464999999999,0.037374,0.5509853432240501,0.5165517806528838,0.75,6
1.602025,104.899348,40.87278310995751,Female,64.5,0,Automobile,1,0,0.3614184641562495,1.0,0.4047042434982205,0.3333333333333333,0.806964,0.0,0.1835997587665632,0.5165517806528838,0.75,6
1.632896,104.988925,39.37553236426866,Female,64.5,0,Automobile,1,0,0.3614184641562495,1.0,0.4047042434982205,0.3333333333333333,0.1199164999999999,0.054093,0.0748815515872996,0.5165517806528838,0.75,6
1.771043,137.044959,43.69229464880232,Male,18.0,0,Public_Transport,1,0,0.3614184641562495,1.0,0.4047042434982205,0.3333333333333333,0.9307665,0.5682133333333332,0.0151557377917427,0.5165517806528838,0.0,6
1.789555,137.767787,43.0187296337179,Female,49.0,1,Public_Transport,1,0,0.3614184641562495,1.0,0.4047042434982205,0.3333333333333333,0.9163295,0.501925,0.4244279612010178,0.5165517806528838,0.5,6
1.801746,141.166265,43.48543222258821,Female,18.0,1,Automobile,1,0,0.3614184641562495,1.0,0.4047042434982205,0.3333333333333333,0.709244,0.6650233333333333,0.3759533361832733,0.5165517806528838,0.0,6
1.787195,151.975864,47.58069041822948,Male,33.5,0,Automobile,1,0,0.3614184641562495,1.0,0.4047042434982205,0.3333333333333333,0.652358,0.2755533333333333,0.4104350656472536,0.5165517806528838,0.25,6
1.644141,111.942544,41.4111273342214,Female,64.5,0,Automobile,1,0,0.3614184641562495,1.0,0.4047042434982205,0.3333333333333333,0.8815025000000001,0.0,0.9252840403527016,0.5165517806528838,0.75,6
1.643355,111.600553,41.324115392363304,Female,64.5,0,Bike,1,0,0.3614184641562495,1.0,0.4047042434982205,0.3333333333333333,0.826308,0.0,0.6809713385279937,0.5165517806528838,0.75,6
1.623707,105.037463,39.84087771662129,Female,64.5,0,Public_Transport,1,0,0.3614184641562495,1.0,0.4047042434982205,0.3333333333333333,0.776599,0.0,0.4453686512151377,0.5165517806528838,0.75,6
1.610636,105.423532,40.63897619288289,Female,64.5,1,Automobile,1,0,0.3614184641562495,1.0,0.4047042434982205,0.3333333333333333,0.5902829999999999,0.0,0.2381511763206952,0.5165517806528838,0.75,6
1.629491,104.839068,39.48382508216453,Female,64.5,1,Automobile,1,0,0.3614184641562495,1.0,0.4047042434982205,0.3333333333333333,0.604895,0.0382326666666666,0.0992298144603066,0.5165517806528838,0.75,6
1.684768,104.821175,36.929107649394574,Female,64.5,0,Public_Transport,1,0,0.3614184641562495,1.0,0.4047042434982205,0.3333333333333333,0.2221895,0.0748273333333333,0.4066463161756893,0.5165517806528838,0.75,6
1.66494,110.92217,40.01484901939078,Male,64.5,0,Bike,1,0,0.3614184641562495,1.0,0.4047042434982205,0.3333333333333333,0.3020374999999999,0.0099093333333333,0.7637814028999705,0.5165517806528838,0.75,6
1.655646,110.21734,40.208230144038275,Male,64.5,0,Automobile,1,0,0.3614184641562495,1.0,0.4047042434982205,0.3333333333333333,0.2641289999999999,0.0052866666666666,0.3759548159942447,0.5165517806528838,0.75,6
1.666194,124.805868,44.95560768494614,Female,33.5,1,Bike,1,0,0.3614184641562495,1.0,0.4047042434982205,0.3333333333333333,0.114419,0.2641843333333333,0.0414715204554058,0.5165517806528838,0.25,6
1.707508,121.864326,41.79757605004097,Male,33.5,0,Automobile,1,0,0.3614184641562495,1.0,0.4047042434982205,0.3333333333333333,0.307774,0.4588446666666666,0.4294363428235151,0.5165517806528838,0.25,6
1.754174,133.783955,43.476912105888246,Male,49.0,0,Automobile,1,0,0.3614184641562495,1.0,0.4047042434982205,0.3333333333333333,0.472975,0.4976726666666666,0.3974809942436103,0.5165517806528838,0.5,6
1.714193,131.866734,44.87617318313619,Male,33.5,0,Public_Transport,1,0,0.3614184641562495,1.0,0.4047042434982205,0.3333333333333333,0.354778,0.5308313333333333,0.4290928076219719,0.5165517806528838,0.25,6
1.62439,110.008636,41.69136989442156,Male,64.5,0,Public_Transport,1,0,0.3614184641562495,1.0,0.4047042434982205,0.3333333333333333,0.7537305000000001,0.0,0.4870629762024256,0.5165517806528838,0.75,6
1.638836,110.970479,41.31773156322898,Female,64.5,0,Automobile,1,0,0.3614184641562495,1.0,0.4047042434982205,0.3333333333333333,0.8220675,0.0,0.5049646119919294,0.5165517806528838,0.75,6
1.621245,111.267334,42.33215551561567,Female,64.5,1,Public_Transport,1,0,0.3614184641562495,1.0,0.4047042434982205,0.3333333333333333,0.8028424999999999,0.0,0.7652525225429424,0.5165517806528838,0.75,6
1.623514,109.980145,41.72556363412006,Male,64.5,0,Automobile,1,0,0.3614184641562495,1.0,0.4047042434982205,0.3333333333333333,0.6086739999999999,0.0003383333333333,0.3020487238077184,0.5165517806528838,0.75,6
1.736215,132.145549,43.83747503903697,Male,33.5,0,Public_Transport,1,0,0.3614184641562495,1.0,0.4047042434982205,0.3333333333333333,0.3287704999999999,0.5575463333333333,0.0583622751494598,0.5165517806528838,0.25,6
1.732951,132.904884,44.255614428635795,Male,49.0,0,Bike,1,0,0.3614184641562495,1.0,0.4047042434982205,0.3333333333333333,0.4089494999999999,0.5259413333333333,0.4372998471497465,0.5165517806528838,0.5,6
1.69135,114.480696,40.018912771455945,Female,64.5,0,Public_Transport,1,0,0.3614184641562495,1.0,0.4047042434982205,0.3333333333333333,0.7547675,0.1114213333333333,0.0055566405558412,0.5165517806528838,0.75,6
1.635062,113.277388,42.37159140015642,Female,64.5,0,Public_Transport,1,0,0.3614184641562495,1.0,0.4047042434982205,0.3333333333333333,0.7890189999999999,0.0551406666666666,0.3313642755757654,0.5165517806528838,0.75,6
1.746061,128.261402,42.07045012482593,Male,18.0,0,Automobile,1,0,0.3614184641562495,1.0,0.4047042434982205,0.3333333333333333,0.7508189999999999,0.515393,0.0001455502042623,0.5165517806528838,0.0,6
1.746529,129.363771,42.40929612850956,Female,33.5,0,Public_Transport,1,0,0.3614184641562495,1.0,0.4047042434982205,0.3333333333333333,0.6253555,0.2141166666666666,0.0334290157355874,0.5165517806528838,0.25,6
1.746516,144.302261,47.30728221106271,Female,49.0,0,Public_Transport,1,0,0.3614184641562495,1.0,0.4047042434982205,0.3333333333333333,0.683255,0.415835,0.0962795205269982,0.5165517806528838,0.5,6
1.751118,149.291106,48.68588971750968,Female,33.5,0,Public_Transport,1,0,0.3614184641562495,1.0,0.4047042434982205,0.3333333333333333,0.6547045,0.56097,0.0670445105047676,0.5165517806528838,0.25,6
1.741014,132.57927,43.73922629966783,Female,33.5,0,Automobile,1,0,0.3614184641562495,1.0,0.4047042434982205,0.3333333333333333,0.7181305,0.4882246666666666,0.3388153728164522,0.5165517806528838,0.25,6
1.748533,133.94608,43.810916854725996,Male,49.0,1,Public_Transport,1,0,0.3614184641562495,1.0,0.4047042434982205,0.3333333333333333,0.916783,0.4710796666666666,0.3253435330468467,0.5165517806528838,0.5,6
1.694726,112.776612,39.26630709933085,Female,64.5,0,Public_Transport,1,0,0.3614184641562495,1.0,0.4047042434982205,0.3333333333333333,0.8620494999999999,0.112265,0.8404768694262994,0.5165517806528838,0.75,6
1.674515,112.879662,40.256648525844405,Male,64.5,0,Automobile,1,0,0.3614184641562495,1.0,0.4047042434982205,0.3333333333333333,0.9946945,0.12003,0.8149106181114576,0.5165517806528838,0.75,6
1.631332,111.829957,42.02168348356967,Female,64.5,0,Public_Transport,1,0,0.3614184641562495,1.0,0.4047042434982205,0.3333333333333333,0.7798750000000001,0.0,0.7026600800799635,0.5165517806528838,0.75,6
1.641918,111.86899,41.496052951559236,Female,64.5,0,Automobile,1,0,0.3614184641562495,1.0,0.4047042434982205,0.3333333333333333,0.8177270000000001,0.0,0.9475694483073516,0.5165517806528838,0.75,6
1.640125,111.539494,41.464341527399405,Female,64.5,0,Automobile,1,0,0.3614184641562495,1.0,0.4047042434982205,0.3333333333333333,0.8127685,0.0,0.8256308888505214,0.5165517806528838,0.75,6
1.649178,111.914361,41.14819165528352,Female,64.5,0,Bike,1,0,0.3614184641562495,1.0,0.4047042434982205,0.3333333333333333,0.9420385,0.0,0.9339809051917676,0.5165517806528838,0.75,6
1.603404,105.031908,40.854070078326686,Male,64.5,0,Bike,1,0,0.3614184641562495,1.0,0.4047042434982205,0.3333333333333333,0.4597365,0.0090336666666666,0.1950333992542859,0.5165517806528838,0.75,6
1.644199,105.036075,38.85346226000829,Female,64.5,0,Bike,1,0,0.3614184641562495,1.0,0.4047042434982205,0.3333333333333333,0.655038,0.0237166666666666,0.1122547292533032,0.5165517806528838,0.75,6
1.628909,106.875927,40.279702006388675,Female,64.5,0,Automobile,1,0,0.3614184641562495,1.0,0.4047042434982205,0.3333333333333333,0.843412,0.0,0.2037861502026935,0.5165517806528838,0.75,6
1.628019,108.265922,40.84819216864177,Female,64.5,1,Public_Transport,1,0,0.3614184641562495,1.0,0.4047042434982205,0.3333333333333333,0.31065,0.0303056666666666,0.3724241288511125,0.5165517806528838,0.75,6
1.71818,133.466763,45.210135499690246,Male,33.5,1,Automobile,1,0,0.3614184641562495,1.0,0.4047042434982205,0.3333333333333333,0.2586075,0.4954296666666666,0.4482403749079815,0.5165517806528838,0.25,6
1.708581,131.274851,44.96870581810777,Male,33.5,0,Automobile,1,0,0.3614184641562495,1.0,0.4047042434982205,0.3333333333333333,0.398478,0.5615273333333333,0.3658839742471332,0.5165517806528838,0.25,6
1.724983,132.94066,44.6774308988567,Male,49.0,0,Automobile,1,0,0.3614184641562495,1.0,0.4047042434982205,0.3333333333333333,0.5427765,0.4238836666666666,0.1263345774911501,0.5165517806528838,0.5,6
1.739991,133.485478,44.08999170794325,Female,49.0,1,Bike,1,0,0.3614184641562495,1.0,0.4047042434982205,0.3333333333333333,0.9188985,0.4479583333333333,0.2274310694797581,0.5165517806528838,0.5,6
1.568543,102.000122,41.45795094626575,Female,64.5,1,Public_Transport,1,0,0.3614184641562495,1.0,0.4047042434982205,0.3333333333333333,0.000272,0.0004323333333333,0.5509853432240501,0.5165517806528838,0.75,6
1.579893,102.134646,40.918314706014506,Male,64.5,0,Bike,1,0,0.3614184641562495,1.0,0.4047042434982205,0.3333333333333333,0.002932,0.0066866666666666,0.0510314964692019,0.5165517806528838,0.75,6
1.782714,154.618446,48.65169258051864,Female,33.5,0,Public_Transport,1,0,0.3614184641562495,1.0,0.4047042434982205,0.3333333333333333,0.6597795,0.65691,0.1702612233320462,0.5165517806528838,0.25,6
1.793824,160.935351,50.014023179654735,Female,33.5,0,Automobile,1,0,0.3614184641562495,1.0,0.4047042434982205,0.3333333333333333,0.5346285,0.6622153333333333,0.4640183385424914,0.5165517806528838,0.25,6
1.659557,111.999096,40.66587957918845,Female,64.5,0,Bike,1,0,0.3614184641562495,1.0,0.4047042434982205,0.3333333333333333,0.978274,0.0,1.076194616376036,0.5165517806528838,0.75,6
1.65782,111.95611,40.735499950301325,Female,64.5,0,Bike,1,0,0.3614184641562495,1.0,0.4047042434982205,0.3333333333333333,0.8887784999999999,0.0,1.007484288649212,0.5165517806528838,0.75,6
1.684082,104.592372,36.878525139664994,Female,64.5,0,Bike,1,0,0.3614184641562495,1.0,0.4047042434982205,0.3333333333333333,0.147718,0.094021,0.4348671576842735,0.5165517806528838,0.75,6
1.68395,104.846817,36.97403652911728,Female,64.5,0,Automobile,1,0,0.3614184641562495,1.0,0.4047042434982205,0.3333333333333333,0.120689,0.0864756666666666,0.3083114193703395,0.5165517806528838,0.75,6
1.716521,127.642324,43.32079928274944,Male,33.5,0,Bike,1,0,0.3614184641562495,1.0,0.4047042434982205,0.3333333333333333,0.1569169999999999,0.3041113333333333,0.0701905697188994,0.5165517806528838,0.25,6
1.680762,125.418548,44.396560664400205,Female,33.5,0,Bike,1,0,0.3614184641562495,1.0,0.4047042434982205,0.3333333333333333,0.0621829999999999,0.2923556666666667,0.1853864705564071,0.5165517806528838,0.25,6
1.623303,110.81746,42.05416449619929,Female,64.5,0,Public_Transport,1,0,0.3614184641562495,1.0,0.4047042434982205,0.3333333333333333,0.8368770000000001,0.0,0.5350296951087978,0.5165517806528838,0.75,6
1.631856,110.804337,41.609557207123046,Female,64.5,0,Bike,1,0,0.3614184641562495,1.0,0.4047042434982205,0.3333333333333333,0.852425,0.0,0.6927468705081613,0.5165517806528838,0.75,6
1.747479,136.516648,44.70557502615472,Female,49.0,0,Automobile,1,0,0.3614184641562495,1.0,0.4047042434982205,0.3333333333333333,0.3037655,0.6544596666666667,0.3182229852330436,0.5165517806528838,0.5,6
1.782453,137.852618,43.38892038962557,Female,33.5,0,Bike,1,0,0.3614184641562495,1.0,0.4047042434982205,0.3333333333333333,0.8744544999999999,0.663057,0.2756887248965281,0.5165517806528838,0.25,6
1.809871,152.394739,46.5237519878824,Male,49.0,1,Automobile,1,0,0.3614184641562495,1.0,0.4047042434982205,0.3333333333333333,0.6756035,0.0822769999999999,0.4085743869479864,0.5165517806528838,0.5,6
1.803677,160.639405,49.378120166451424,Male,49.0,0,Public_Transport,1,0,0.3614184641562495,1.0,0.4047042434982205,0.3333333333333333,0.7020245,0.1426349999999999,0.0409241653256745,0.5165517806528838,0.5,6
1.745602,133.554686,43.829717245866924,Male,18.0,0,Bike,1,0,0.3614184641562495,1.0,0.4047042434982205,0.3333333333333333,0.961896,0.5121849999999999,0.0648302704512409,0.5165517806528838,0.0,6
1.751038,133.843033,43.65204835124973,Male,33.5,0,Automobile,1,0,0.3614184641562495,1.0,0.4047042434982205,0.3333333333333333,0.9775375,0.48682,0.0151771060100205,0.5165517806528838,0.25,6
1.631547,111.588625,41.919949245499,Female,64.5,0,Public_Transport,1,0,0.3614184641562495,1.0,0.4047042434982205,0.3333333333333333,0.7770035,0.0,0.6774653070213358,0.5165517806528838,0.75,6
1.635905,111.571076,41.690342391609654,Female,64.5,1,Bike,1,0,0.3614184641562495,1.0,0.4047042434982205,0.3333333333333333,0.7556995,0.0,0.6678709770146024,0.5165517806528838,0.75,6
1.616975,104.846218,40.100164904227576,Male,64.5,0,Automobile,1,0,0.3614184641562495,1.0,0.4047042434982205,0.3333333333333333,0.8267815000000001,0.0,0.1818623582496679,0.5165517806528838,0.75,6
1.62788,104.92057,39.59276811066635,Male,64.5,0,Bike,1,0,0.3614184641562495,1.0,0.4047042434982205,0.3333333333333333,0.7940535,0.0,0.3274012929397821,0.5165517806528838,0.75,6
1.76416,133.888629,43.01973718430366,Female,49.0,0,Automobile,1,0,0.3614184641562495,1.0,0.4047042434982205,0.3333333333333333,0.6625099999999999,0.480597,0.4169704530220646,0.5165517806528838,0.5,6
1.763847,133.937873,43.05083470364158,Male,33.5,0,Public_Transport,1,0,0.3614184641562495,1.0,0.4047042434982205,0.3333333333333333,0.9183955,0.4892733333333333,0.3710435771066734,0.5165517806528838,0.25,6
1.608808,102.083964,39.44110659022042,Female,64.5,1,Public_Transport,1,0,0.3614184641562495,1.0,0.4047042434982205,0.3333333333333333,0.009842,0.0086776666666666,0.5509853432240501,0.5165517806528838,0.75,6
1.610488,102.174953,39.39394373332197,Female,64.5,1,Public_Transport,1,0,0.3614184641562495,1.0,0.4047042434982205,0.3333333333333333,0.016417,0.0150833333333333,0.424007171671855,0.5165517806528838,0.75,6
1.621231,104.986792,39.94338503153365,Female,64.5,0,Bike,1,0,0.3614184641562495,1.0,0.4047042434982205,0.3333333333333333,0.3265245,0.0463863333333333,0.0764974815290479,0.5165517806528838,0.75,6
1.642392,104.988082,38.92121237903975,Male,64.5,0,Bike,1,0,0.3614184641562495,1.0,0.4047042434982205,0.3333333333333333,0.1020275,0.031617,0.1003573989017352,0.5165517806528838,0.75,6
1.801983,138.034526,42.509534498563816,Male,18.0,1,Public_Transport,1,0,0.3614184641562495,1.0,0.4047042434982205,0.3333333333333333,0.8457954999999999,0.389456,0.1160138919610983,0.5165517806528838,0.0,6
1.787614,137.858254,43.140510428659226,Female,49.0,1,Automobile,1,0,0.3614184641562495,1.0,0.4047042434982205,0.3333333333333333,0.765728,0.660246,0.2810406417205686,0.5165517806528838,0.5,6
1.801478,151.417292,46.65707934893731,Female,33.5,0,Bike,1,0,0.3614184641562495,1.0,0.4047042434982205,0.3333333333333333,0.6130405000000001,0.6272536666666666,0.4424413692092055,0.5165517806528838,0.25,6
1.807576,152.567671,46.69489292552215,Male,18.0,0,Bike,1,0,0.3614184641562495,1.0,0.4047042434982205,0.3333333333333333,0.5823590000000001,0.6665436666666666,0.4545587926818178,0.5165517806528838,0.0,6
1.650125,111.939671,41.11027084331649,Female,64.5,0,Automobile,1,0,0.3614184641562495,1.0,0.4047042434982205,0.3333333333333333,0.8853660000000001,0.0,0.8868738461438023,0.5165517806528838,0.75,6
1.652674,111.919155,40.97604451715118,Male,64.5,1,Automobile,1,0,0.3614184641562495,1.0,0.4047042434982205,0.3333333333333333,0.9072585,0.0,0.9257261981001425,0.5165517806528838,0.75,6
1.663632,105.122109,37.982149111505414,Female,64.5,0,Public_Transport,1,0,0.3614184641562495,1.0,0.4047042434982205,0.3333333333333333,0.3132335,0.0033943333333333,0.4141907770387252,0.5165517806528838,0.75,6
1.627818,105.428628,39.78751926048898,Male,64.5,0,Public_Transport,1,0,0.3614184641562495,1.0,0.4047042434982205,0.3333333333333333,0.240375,0.032681,0.0021359180241677,0.5165517806528838,0.75,6
1.66877,104.774144,37.62366977637251,Female,64.5,0,Automobile,1,0,0.3614184641562495,1.0,0.4047042434982205,0.3333333333333333,0.263208,0.0600526666666666,0.1366210729263916,0.5165517806528838,0.75,6
1.642098,104.966758,38.92724240582724,Male,64.5,0,Automobile,1,0,0.3614184641562495,1.0,0.4047042434982205,0.3333333333333333,0.241001,0.068036,0.01244361777956,0.5165517806528838,0.75,6
1.65757,109.931233,40.01080996903557,Male,64.5,0,Automobile,1,0,0.3614184641562495,1.0,0.4047042434982205,0.3333333333333333,0.3052359999999999,0.0099093333333333,0.3163292684536837,0.5165517806528838,0.75,6
1.643111,109.910012,40.71021997767448,Male,64.5,0,Public_Transport,1,0,0.3614184641562495,1.0,0.4047042434982205,0.3333333333333333,0.2654959999999999,0.0052866666666666,0.3604595703246412,0.5165517806528838,0.75,6
1.675562,121.639178,43.32638671502868,Male,49.0,0,Automobile,1,0,0.3614184641562495,1.0,0.4047042434982205,0.3333333333333333,0.242469,0.2474166666666666,0.0987860130037676,0.5165517806528838,0.5,6
1.661415,120.748213,43.74460082294983,Female,49.0,0,Public_Transport,1,0,0.3614184641562495,1.0,0.4047042434982205,0.3333333333333333,0.455195,0.072485,0.1824986375688339,0.5165517806528838,0.5,6
1.713133,133.735889,45.56861270379063,Female,33.5,0,Automobile,1,0,0.3614184641562495,1.0,0.4047042434982205,0.3333333333333333,0.2056825,0.5215393333333334,0.4041741776918575,0.5165517806528838,0.25,6
1.7199,133.886031,45.26149286808129,Male,49.0,0,Bike,1,0,0.3614184641562495,1.0,0.4047042434982205,0.3333333333333333,0.7087600000000001,0.5187183333333333,0.3437727994569025,0.5165517806528838,0.5,6
1.622701,109.982692,41.76835178032716,Male,64.5,0,Automobile,1,0,0.3614184641562495,1.0,0.4047042434982205,0.3333333333333333,0.8441145000000001,0.0,0.3507912734084847,0.5165517806528838,0.75,6
1.622468,110.400847,41.93919840586009,Female,64.5,1,Public_Transport,1,0,0.3614184641562495,1.0,0.4047042434982205,0.3333333333333333,0.847547,0.0,0.4130927793610658,0.5165517806528838,0.75,6
1.618867,110.777391,42.26966365363402,Female,64.5,0,Automobile,1,0,0.3614184641562495,1.0,0.4047042434982205,0.3333333333333333,0.809099,0.0,0.4669719198939962,0.5165517806528838,0.75,6
1.600905,110.074946,42.94942550276982,Female,64.5,0,Bike,1,0,0.3614184641562495,1.0,0.4047042434982205,0.3333333333333333,0.7775945,0.0,0.3317308227046846,0.5165517806528838,0.75,6
1.730636,131.902591,44.03944727192056,Male,49.0,0,Automobile,1,0,0.3614184641562495,1.0,0.4047042434982205,0.3333333333333333,0.2095679999999999,0.566963,0.4373853200228578,0.5165517806528838,0.5,6
1.729719,131.877558,44.07778729294239,Male,33.5,0,Public_Transport,1,0,0.3614184641562495,1.0,0.4047042434982205,0.3333333333333333,0.2112414999999999,0.569657,0.013507261464282,0.5165517806528838,0.25,6
1.677672,114.470482,40.670489443357155,Female,49.0,0,Public_Transport,1,0,0.3614184641562495,1.0,0.4047042434982205,0.3333333333333333,0.713047,0.0982543333333333,0.1190613286293326,0.5165517806528838,0.5,6
1.637524,113.90506,42.478352982502386,Male,49.0,0,Automobile,1,0,0.3614184641562495,1.0,0.4047042434982205,0.3333333333333333,0.7479804999999999,0.063277,0.0205503910523387,0.5165517806528838,0.5,6
1.738717,128.114161,42.37789065382718,Female,33.5,0,Public_Transport,1,0,0.3614184641562495,1.0,0.4047042434982205,0.3333333333333333,0.3985205,0.4758043333333333,0.4953967452288954,0.5165517806528838,0.25,6
1.741193,128.763843,42.4717449982583,Male,33.5,0,Bike,1,0,0.3614184641562495,1.0,0.4047042434982205,0.3333333333333333,0.3840555,0.205501,0.4986348521525317,0.5165517806528838,0.25,6
1.792833,152.43563,47.42494271843313,Female,33.5,0,Automobile,1,0,0.3614184641562495,1.0,0.4047042434982205,0.3333333333333333,0.6825939999999999,0.418705,0.1566447371617909,0.5165517806528838,0.25,6
1.810427,152.217135,46.440994118070854,Male,33.5,0,Automobile,1,0,0.3614184641562495,1.0,0.4047042434982205,0.3333333333333333,0.649578,0.566352,0.1067269355557455,0.5165517806528838,0.25,6
1.743589,133.281333,43.84106410080448,Female,18.0,0,Automobile,1,0,0.3614184641562495,1.0,0.4047042434982205,0.3333333333333333,0.8424095,0.4884166666666666,0.2296254211259785,0.5165517806528838,0.0,6
1.747962,133.936535,43.83642060933492,Male,33.5,0,Public_Transport,1,0,0.3614184641562495,1.0,0.4047042434982205,0.3333333333333333,0.92087,0.4764186666666666,0.1817721181473886,0.5165517806528838,0.25,6
1.71146,113.372851,38.705756612595735,Female,64.5,0,Public_Transport,1,0,0.3614184641562495,1.0,0.4047042434982205,0.3333333333333333,0.898447,0.1273963333333333,0.8169258054659643,0.5165517806528838,0.75,6
1.685482,113.451224,39.935667521877804,Male,64.5,0,Automobile,1,0,0.3614184641562495,1.0,0.4047042434982205,0.3333333333333333,0.993859,0.1290246666666666,0.6262325381366564,0.5165517806528838,0.75,6
1.639251,111.927001,41.65277619016687,Female,64.5,1,Bike,1,0,0.3614184641562495,1.0,0.4047042434982205,0.3333333333333333,0.8377835,0.0,0.958056312354458,0.5165517806528838,0.75,6
1.654784,111.933152,40.87672632309213,Female,64.5,1,Public_Transport,1,0,0.3614184641562495,1.0,0.4047042434982205,0.3333333333333333,0.8850625000000001,0.0,0.947689439071527,0.5165517806528838,0.75,6
1.641209,111.856492,41.52727322570336,Female,64.5,0,Public_Transport,1,0,0.3614184641562495,1.0,0.4047042434982205,0.3333333333333333,0.8109385,0.0,0.8401366216429528,0.5165517806528838,0.75,6
1.643167,111.894229,41.4423409600643,Female,64.5,0,Bike,1,0,0.3614184641562495,1.0,0.4047042434982205,0.3333333333333333,0.860025,0.0,0.8832445364547724,0.5165517806528838,0.75,6
1.63073,104.790549,39.405604480112764,Female,64.5,0,Public_Transport,1,0,0.3614184641562495,1.0,0.4047042434982205,0.3333333333333333,0.7180485000000001,0.0430593333333333,0.0311393289616659,0.5165517806528838,0.75,6
1.649867,104.791035,38.49694421592063,Female,64.5,0,Bike,1,0,0.3614184641562495,1.0,0.4047042434982205,0.3333333333333333,0.7678145000000001,0.0509043333333333,0.17326099243643,0.5165517806528838,0.75,6
1.613574,107.012256,41.10131766569172,Male,64.5,0,Automobile,1,0,0.3614184641562495,1.0,0.4047042434982205,0.3333333333333333,0.8393895,0.0,0.2563256678205155,0.5165517806528838,0.75,6
1.627532,106.69053,40.27789820708425,Female,64.5,1,Public_Transport,1,0,0.3614184641562495,1.0,0.4047042434982205,0.3333333333333333,0.7848565000000001,0.0,0.440217266901089,0.5165517806528838,0.75,6
1.726606,131.76807,44.20014492901048,Male,33.5,0,Bike,1,0,0.3614184641562495,1.0,0.4047042434982205,0.3333333333333333,0.379676,0.4899759999999999,0.4695198328944764,0.5165517806528838,0.25,6
1.721476,131.042274,44.219056941909365,Male,33.5,1,Bike,1,0,0.3614184641562495,1.0,0.4047042434982205,0.3333333333333333,0.4185919999999999,0.5083883333333333,0.4300790330809475,0.5165517806528838,0.25,6
1.742901,132.8071,43.71956732964607,Male,49.0,0,Bike,1,0,0.3614184641562495,1.0,0.4047042434982205,0.3333333333333333,0.9283975,0.3488209999999999,0.1292422988860296,0.5165517806528838,0.5,6
1.737313,133.166595,44.12037107057752,Male,64.5,0,Public_Transport,1,0,0.3614184641562495,1.0,0.4047042434982205,0.3333333333333333,0.9231295,0.4319196666666667,0.0959310541981602,0.5165517806528838,0.75,6
1.62414,102.233445,38.75663569509493,Female,64.5,0,Public_Transport,1,0,0.3614184641562495,1.0,0.4047042434982205,0.3333333333333333,0.033858,0.0101803333333333,0.5509853432240501,0.5165517806528838,0.75,6
1.644078,102.277765,37.838716212487846,Female,64.5,0,Automobile,1,0,0.3614184641562495,1.0,0.4047042434982205,0.3333333333333333,0.0146205,0.0252586666666666,0.5509853432240501,0.5165517806528838,0.75,6
1.592529,102.874549,40.5632967868826,Female,64.5,0,Automobile,1,0,0.3614184641562495,1.0,0.4047042434982205,0.3333333333333333,0.0372059999999999,0.0020883333333333,0.2972509008479292,0.5165517806528838,0.75,6
1.607734,102.305767,39.57962938376288,Female,64.5,0,Bike,1,0,0.3614184641562495,1.0,0.4047042434982205,0.3333333333333333,0.0152504999999999,0.02194,0.5369694357429099,0.5165517806528838,0.75,6
1.817271,141.917802,42.97317914903132,Male,33.5,0,Bike,1,0,0.3614184641562495,1.0,0.4047042434982205,0.3333333333333333,0.8498375,0.5069393333333333,0.1630535589360334,0.5165517806528838,0.25,6
1.808765,140.292018,42.88137185843751,Male,18.0,1,Automobile,1,0,0.3614184641562495,1.0,0.4047042434982205,0.3333333333333333,0.9151235,0.5943793333333333,0.20426792086662,0.5165517806528838,0.0,6
1.817231,152.371911,46.14074906853087,Male,33.5,0,Public_Transport,1,0,0.3614184641562495,1.0,0.4047042434982205,0.3333333333333333,0.6527605000000001,0.6520926666666667,0.4256689615702287,0.5165517806528838,0.25,6
1.819728,151.278532,45.68402350504319,Male,18.0,1,Bike,1,0,0.3614184641562495,1.0,0.4047042434982205,0.3333333333333333,0.577963,0.666612,0.462274363189203,0.5165517806528838,0.0,6
1.656465,111.949972,40.799934076481414,Male,64.5,1,Automobile,1,0,0.3614184641562495,1.0,0.4047042434982205,0.3333333333333333,0.8921515,0.0,0.8826988250341393,0.5165517806528838,0.75,6
1.648143,111.950113,41.21304997997477,Male,64.5,0,Automobile,1,0,0.3614184641562495,1.0,0.4047042434982205,0.3333333333333333,0.8932085000000001,0.0,0.961764520080206,0.5165517806528838,0.75,6
1.622703,111.216192,42.23669648237708,Female,64.5,0,Automobile,1,0,0.3614184641562495,1.0,0.4047042434982205,0.3333333333333333,0.8536005,0.0,0.8177772467788798,0.5165517806528838,0.75,6
1.640606,111.036881,41.25329695754301,Female,64.5,0,Public_Transport,1,0,0.3614184641562495,1.0,0.4047042434982205,0.3333333333333333,0.854714,0.0,0.7171592380360018,0.5165517806528838,0.75,6
1.683502,104.759643,36.96295949947392,Female,64.5,1,Automobile,1,0,0.3614184641562495,1.0,0.4047042434982205,0.3333333333333333,0.2625634999999999,0.0736083333333333,0.3802121864569492,0.5165517806528838,0.75,6
1.669039,104.593929,37.546849994979546,Female,64.5,0,Automobile,1,0,0.3614184641562495,1.0,0.4047042434982205,0.3333333333333333,0.2774624999999999,0.069862,0.2601622487540571,0.5165517806528838,0.75,6
1.673665,104.704707,37.379125569638404,Female,64.5,0,Bike,1,0,0.3614184641562495,1.0,0.4047042434982205,0.3333333333333333,0.0852574999999999,0.088277,0.3814236000623908,0.5165517806528838,0.75,6
1.668931,104.768318,37.61431942298028,Male,64.5,0,Automobile,1,0,0.3614184641562495,1.0,0.4047042434982205,0.3333333333333333,0.2183079999999999,0.0556953333333333,0.1642485354504921,0.5165517806528838,0.75,6
1.700996,126.490236,43.71700669915013,Female,33.5,0,Automobile,1,0,0.3614184641562495,1.0,0.4047042434982205,0.3333333333333333,0.1214159999999999,0.176975,0.1459982694340236,0.5165517806528838,0.25,6
1.734092,125.117633,41.607751824546405,Female,33.5,0,Automobile,1,0,0.3614184641562495,1.0,0.4047042434982205,0.3333333333333333,0.2712449999999999,0.2092333333333333,0.3522673241787513,0.5165517806528838,0.25,6
1.708291,130.986338,44.885110118953776,Male,33.5,0,Bike,1,0,0.3614184641562495,1.0,0.4047042434982205,0.3333333333333333,0.102774,0.5746446666666667,0.4726658921086082,0.5165517806528838,0.25,6
1.716497,130.871127,44.4178716587018,Male,33.5,0,Bike,1,0,0.3614184641562495,1.0,0.4047042434982205,0.3333333333333333,0.1508285,0.5728476666666666,0.4653217998574372,0.5165517806528838,0.25,6
1.62495,111.00492,42.03995318808736,Female,64.5,1,Automobile,1,0,0.3614184641562495,1.0,0.4047042434982205,0.3333333333333333,0.8521574999999999,0.0,0.5623547151588126,0.5165517806528838,0.75,6
1.594776,110.640929,43.502721915932305,Male,64.5,0,Automobile,1,0,0.3614184641562495,1.0,0.4047042434982205,0.3333333333333333,0.8199080000000001,0.0,0.3493793272930513,0.5165517806528838,0.75,6
1.626503,110.818757,41.889341882637055,Female,64.5,1,Public_Transport,1,0,0.3614184641562495,1.0,0.4047042434982205,0.3333333333333333,0.8544635,0.0,0.6341913775905887,0.5165517806528838,0.75,6
1.624576,110.803117,41.9828494462592,Female,64.5,0,Automobile,1,0,0.3614184641562495,1.0,0.4047042434982205,0.3333333333333333,0.8524134999999999,0.0,0.649617587478064,0.5165517806528838,0.75,6
1.729099,134.842656,45.10114618130201,Male,49.0,1,Automobile,1,0,0.3614184641562495,1.0,0.4047042434982205,0.3333333333333333,0.1977,0.6437243333333333,0.3508769101797226,0.5165517806528838,0.5,6
1.73581,135.346677,44.92035973146683,Male,49.0,0,Automobile,1,0,0.3614184641562495,1.0,0.4047042434982205,0.3333333333333333,0.8058270000000001,0.539504,0.3353109850188925,0.5165517806528838,0.5,6
1.748524,133.878843,43.7893758423243,Male,33.5,0,Bike,1,0,0.3614184641562495,1.0,0.4047042434982205,0.3333333333333333,0.9340835,0.4945733333333333,0.2799212758246313,0.5165517806528838,0.25,6
1.748951,133.662583,43.69729617579136,Male,33.5,0,Public_Transport,1,0,0.3614184641562495,1.0,0.4047042434982205,0.3333333333333333,0.6239895,0.536646,0.3031731847290772,0.5165517806528838,0.25,6
1.777971,137.785027,43.58656855399239,Male,33.5,1,Automobile,1,0,0.3614184641562495,1.0,0.4047042434982205,0.3333333333333333,0.8513945,0.5353696666666666,0.1091777058212997,0.5165517806528838,0.25,6
1.73995,135.693381,44.82136999812598,Female,33.5,0,Public_Transport,1,0,0.3614184641562495,1.0,0.4047042434982205,0.3333333333333333,0.3316065,0.3646783333333333,0.2003246627398162,0.5165517806528838,0.25,6
1.816868,153.959945,46.6402635180873,Male,33.5,1,Automobile,1,0,0.3614184641562495,1.0,0.4047042434982205,0.3333333333333333,0.7073695,0.6390046666666667,0.4326087013832196,0.5165517806528838,0.25,6
1.8002,155.242672,47.90375906707448,Female,33.5,1,Automobile,1,0,0.3614184641562495,1.0,0.4047042434982205,0.3333333333333333,0.6755964999999999,0.3506296666666667,0.0356677475274617,0.5165517806528838,0.25,6
1.74647,133.644711,43.81567598171338,Male,33.5,0,Public_Transport,1,0,0.3614184641562495,1.0,0.4047042434982205,0.3333333333333333,0.948044,0.5375803333333333,0.1781756826403247,0.5165517806528838,0.25,6
1.759091,133.903612,43.27286788945636,Female,18.0,0,Automobile,1,0,0.3614184641562495,1.0,0.4047042434982205,0.3333333333333333,0.931204,0.4856443333333333,0.1276036848131589,0.5165517806528838,0.0,6
1.752531,133.618706,43.50466652160695,Male,33.5,0,Bike,1,0,0.3614184641562495,1.0,0.4047042434982205,0.3333333333333333,0.9438295,0.4936396666666667,0.1887792500334097,0.5165517806528838,0.25,6
1.761773,133.903469,43.141170926643774,Male,33.5,0,Automobile,1,0,0.3614184641562495,1.0,0.4047042434982205,0.3333333333333333,0.946531,0.4693923333333333,0.2345006623115142,0.5165517806528838,0.25,6
1.633195,111.883747,41.94603541448875,Female,64.5,1,Public_Transport,1,0,0.3614184641562495,1.0,0.4047042434982205,0.3333333333333333,0.8097585,0.0,0.8619995963593415,0.5165517806528838,0.75,6
1.633945,111.9307,41.92512367054178,Female,64.5,0,Automobile,1,0,0.3614184641562495,1.0,0.4047042434982205,0.3333333333333333,0.841402,0.0,0.8433566477665079,0.5165517806528838,0.75,6
1.641601,111.830924,41.497955179329885,Male,64.5,0,Public_Transport,1,0,0.3614184641562495,1.0,0.4047042434982205,0.3333333333333333,0.776194,0.0,0.7700833835828241,0.5165517806528838,0.75,6
1.641132,111.841706,41.52568024920383,Female,64.5,1,Automobile,1,0,0.3614184641562495,1.0,0.4047042434982205,0.3333333333333333,0.8087005,0.0,0.7633589696617095,0.5165517806528838,0.75,6
1.638218,104.810024,39.053452503185355,Male,64.5,0,Public_Transport,1,0,0.3614184641562495,1.0,0.4047042434982205,0.3333333333333333,0.827318,0.0230793333333333,0.0578806683836601,0.5165517806528838,0.75,6
1.627483,104.881994,39.59752246642627,Male,64.5,1,Automobile,1,0,0.3614184641562495,1.0,0.4047042434982205,0.3333333333333333,0.7846820000000001,0.053085,0.403276548626063,0.5165517806528838,0.75,6
1.610225,104.936381,40.47184024646214,Male,64.5,0,Public_Transport,1,0,0.3614184641562495,1.0,0.4047042434982205,0.3333333333333333,0.1610019999999999,0.0,0.2053246619186952,0.5165517806528838,0.75,6
1.61739,105.013901,40.14368946531301,Male,64.5,0,Automobile,1,0,0.3614184641562495,1.0,0.4047042434982205,0.3333333333333333,0.1462394999999999,0.0,0.2029692267808421,0.5165517806528838,0.75,6
1.744319,133.45249,43.86062931445097,Female,49.0,0,Public_Transport,1,0,0.3614184641562495,1.0,0.4047042434982205,0.3333333333333333,0.9195345,0.4103436666666666,0.2099091304919599,0.5165517806528838,0.5,6
1.755467,133.478611,43.31380520082288,Male,49.0,0,Automobile,1,0,0.3614184641562495,1.0,0.4047042434982205,0.3333333333333333,0.921891,0.434169,0.1791898511539711,0.5165517806528838,0.5,6
1.746416,133.747012,43.851927280111056,Male,18.0,0,Automobile,1,0,0.3614184641562495,1.0,0.4047042434982205,0.3333333333333333,0.9291945,0.4814606666666666,0.0805936046019928,0.5165517806528838,0.0,6
1.746411,133.676663,43.82911276429377,Female,18.0,0,Bike,1,0,0.3614184641562495,1.0,0.4047042434982205,0.3333333333333333,0.9324665,0.5005489999999999,0.2006221740866073,0.5165517806528838,0.0,6
1.611452,102.363149,39.41929837881382,Female,64.5,0,Automobile,1,0,0.3614184641562495,1.0,0.4047042434982205,0.3333333333333333,0.0158504999999999,0.01155,0.4069060222132196,0.5165517806528838,0.75,6
1.596813,102.320437,40.12862389560469,Male,64.5,0,Automobile,1,0,0.3614184641562495,1.0,0.4047042434982205,0.3333333333333333,0.000268,0.0019796666666666,0.1618041761232043,0.5165517806528838,0.75,6
1.610126,102.686908,39.60913435175194,Female,64.5,0,Public_Transport,1,0,0.3614184641562495,1.0,0.4047042434982205,0.3333333333333333,0.0101565,0.0361286666666666,0.5509853432240501,0.5165517806528838,0.75,6
1.623113,102.555691,38.928014453765385,Male,64.5,0,Public_Transport,1,0,0.3614184641562495,1.0,0.4047042434982205,0.3333333333333333,0.031711,0.0170323333333333,0.199995757022031,0.5165517806528838,0.75,6
1.618348,104.94582,40.07018194320742,Female,64.5,0,Automobile,1,0,0.3614184641562495,1.0,0.4047042434982205,0.3333333333333333,0.72563,0.014563,0.0092221118450336,0.5165517806528838,0.75,6
1.609401,104.854928,40.48184639897011,Female,64.5,0,Public_Transport,1,0,0.3614184641562495,1.0,0.4047042434982205,0.3333333333333333,0.8067519999999999,0.0226616666666666,0.1871207475532325,0.5165517806528838,0.75,6
1.621671,105.313967,40.04612249373148,Female,64.5,0,Bike,1,0,0.3614184641562495,1.0,0.4047042434982205,0.3333333333333333,0.0214944999999999,0.0323713333333333,0.3866849489878983,0.5165517806528838,0.75,6
1.614484,104.999403,40.28277114262707,Male,64.5,0,Automobile,1,0,0.3614184641562495,1.0,0.4047042434982205,0.3333333333333333,0.1187785,0.0278916666666666,0.1989388520718288,0.5165517806528838,0.75,6
1.789143,138.202869,43.17446369827797,Male,18.0,0,Public_Transport,1,0,0.3614184641562495,1.0,0.4047042434982205,0.3333333333333333,0.916885,0.2688073333333333,0.012691981751529,0.5165517806528838,0.0,6
1.774207,138.143162,43.88547624713168,Male,33.5,0,Bike,1,0,0.3614184641562495,1.0,0.4047042434982205,0.3333333333333333,0.908026,0.523955,0.0382434396844861,0.5165517806528838,0.25,6
1.792933,137.832414,42.87688643977227,Male,49.0,0,Public_Transport,1,0,0.3614184641562495,1.0,0.4047042434982205,0.3333333333333333,0.8414545,0.439581,0.3874313568166499,0.5165517806528838,0.5,6
1.758959,137.79299,44.536459703223315,Male,49.0,0,Automobile,1,0,0.3614184641562495,1.0,0.4047042434982205,0.3333333333333333,0.8202695,0.626606,0.3635910000550153,0.5165517806528838,0.5,6
1.807406,141.799429,43.40732696605061,Female,18.0,1,Bike,1,0,0.3614184641562495,1.0,0.4047042434982205,0.3333333333333333,0.7364515,0.6660156666666666,0.289489306485792,0.5165517806528838,0.0,6
1.75091,142.545183,46.49699642847757,Male,18.0,0,Automobile,1,0,0.3614184641562495,1.0,0.4047042434982205,0.3333333333333333,0.686029,0.4416016666666666,0.3386099091791656,0.5165517806528838,0.0,6
1.805803,153.149491,46.965053064889005,Male,33.5,0,Automobile,1,0,0.3614184641562495,1.0,0.4047042434982205,0.3333333333333333,0.6939955,0.2835716666666666,0.0136435254213135,0.5165517806528838,0.25,6
1.796538,152.473675,47.24132310180553,Female,33.5,0,Automobile,1,0,0.3614184641562495,1.0,0.4047042434982205,0.3333333333333333,0.6610015,0.2955339999999999,0.2933881844669419,0.5165517806528838,0.25,6
1.634894,111.946321,41.882309860058186,Male,64.5,0,Public_Transport,1,0,0.3614184641562495,1.0,0.4047042434982205,0.3333333333333333,0.8686765000000001,0.0,0.9676473549429948,0.5165517806528838,0.75,6
1.639524,111.945588,41.64582069861573,Female,64.5,1,Public_Transport,1,0,0.3614184641562495,1.0,0.4047042434982205,0.3333333333333333,0.8696755,0.0,0.9862623604811576,0.5165517806528838,0.75,6
1.643017,111.720238,41.3854553702373,Male,64.5,0,Public_Transport,1,0,0.3614184641562495,1.0,0.4047042434982205,0.3333333333333333,0.816249,0.0,0.8613026637016655,0.5165517806528838,0.75,6
1.641849,111.682693,41.430431065477926,Male,64.5,0,Bike,1,0,0.3614184641562495,1.0,0.4047042434982205,0.3333333333333333,0.8161265,0.0,0.6913217747199416,0.5165517806528838,0.75,6
1.621167,104.947703,39.93166582627691,Male,64.5,0,Automobile,1,0,0.3614184641562495,1.0,0.4047042434982205,0.3333333333333333,0.788605,0.0,0.4318294193725022,0.5165517806528838,0.75,6
1.638075,105.036522,39.14468191034727,Male,64.5,0,Automobile,1,0,0.3614184641562495,1.0,0.4047042434982205,0.3333333333333333,0.7095765,0.006468,0.1104004614923025,0.5165517806528838,0.75,6
1.60937,105.407313,40.69667610224539,Female,64.5,0,Automobile,1,0,0.3614184641562495,1.0,0.4047042434982205,0.3333333333333333,0.8045260000000001,0.0,0.1910013808361743,0.5165517806528838,0.75,6
1.608283,105.359688,40.73329412723146,Male,64.5,0,Automobile,1,0,0.3614184641562495,1.0,0.4047042434982205,0.3333333333333333,0.7380009999999999,0.0,0.1946915077618411,0.5165517806528838,0.75,6
1.629442,104.835346,39.48479796459664,Female,64.5,0,Public_Transport,1,0,0.3614184641562495,1.0,0.4047042434982205,0.3333333333333333,0.6125695,0.011976,0.163510346167232,0.5165517806528838,0.75,6
1.629225,104.838425,39.49647676840831,Male,64.5,0,Bike,1,0,0.3614184641562495,1.0,0.4047042434982205,0.3333333333333333,0.7780339999999999,0.0056066666666666,0.1347043442196556,0.5165517806528838,0.75,6
1.680218,104.807284,37.124464749063755,Male,64.5,0,Automobile,1,0,0.3614184641562495,1.0,0.4047042434982205,0.3333333333333333,0.2115365,0.0659976666666666,0.1620163784950109,0.5165517806528838,0.75,6
1.686033,104.772164,36.85647299826425,Female,64.5,0,Automobile,1,0,0.3614184641562495,1.0,0.4047042434982205,0.3333333333333333,0.1495969999999999,0.078101,0.4636846655955379,0.5165517806528838,0.75,6
1.662978,110.930509,40.11234002143127,Male,64.5,0,Automobile,1,0,0.3614184641562495,1.0,0.4047042434982205,0.3333333333333333,0.3397445,0.0059346666666666,0.7389482458429673,0.5165517806528838,0.75,6
1.675185,110.621723,39.4198409282925,Female,64.5,0,Automobile,1,0,0.3614184641562495,1.0,0.4047042434982205,0.3333333333333333,0.247915,0.0364423333333333,0.4613274228504597,0.5165517806528838,0.75,6
1.62456,110.10589,41.71949474105014,Female,64.5,1,Public_Transport,1,0,0.3614184641562495,1.0,0.4047042434982205,0.3333333333333333,0.40893,0.0037203333333333,0.3576175972936934,0.5165517806528838,0.75,6
1.626179,110.074019,41.62441346048056,Female,64.5,0,Bike,1,0,0.3614184641562495,1.0,0.4047042434982205,0.3333333333333333,0.4838535,0.00479,0.3792340156453384,0.5165517806528838,0.75,6
1.682594,127.427458,45.009516508637454,Female,18.0,1,Public_Transport,1,0,0.3614184641562495,1.0,0.4047042434982205,0.3333333333333333,0.2206445,0.4752373333333333,0.0041330245785931,0.5165517806528838,0.0,6
1.669354,126.088301,45.245762194614755,Male,18.0,0,Bike,1,0,0.3614184641562495,1.0,0.4047042434982205,0.3333333333333333,0.0722694999999999,0.307338,0.3860769405196568,0.5165517806528838,0.0,6
1.68838,121.889803,42.758944595936875,Male,33.5,0,Automobile,1,0,0.3614184641562495,1.0,0.4047042434982205,0.3333333333333333,0.1765835,0.3645596666666666,0.2140741254489064,0.5165517806528838,0.25,6
1.694439,122.813033,42.77525224622103,Male,33.5,0,Automobile,1,0,0.3614184641562495,1.0,0.4047042434982205,0.3333333333333333,0.2047219999999999,0.3111983333333333,0.2886378651728765,0.5165517806528838,0.25,6
1.755476,133.870501,43.4405280673842,Female,49.0,0,Public_Transport,1,0,0.3614184641562495,1.0,0.4047042434982205,0.3333333333333333,0.4796435,0.477717,0.4052458760239442,0.5165517806528838,0.5,6
1.748106,133.259033,43.60749408912462,Female,49.0,0,Public_Transport,1,0,0.3614184641562495,1.0,0.4047042434982205,0.3333333333333333,0.4655815,0.5207376666666667,0.4302795655909391,0.5165517806528838,0.5,6
1.719913,131.567481,44.477011811603724,Male,33.5,0,Automobile,1,0,0.3614184641562495,1.0,0.4047042434982205,0.3333333333333333,0.325731,0.5519976666666666,0.4523332105627298,0.5165517806528838,0.25,6
1.723587,131.929712,44.40953182592802,Female,33.5,0,Bike,1,0,0.3614184641562495,1.0,0.4047042434982205,0.3333333333333333,0.341724,0.5485106666666666,0.3176756301033122,0.5165517806528838,0.25,6
1.623812,109.996742,41.7165446447255,Male,64.5,1,Bike,1,0,0.3614184641562495,1.0,0.4047042434982205,0.3333333333333333,0.6976935,9.066666666666666e-05,0.3340994075153242,0.5165517806528838,0.75,6
1.624099,109.978402,41.694849171755536,Female,64.5,0,Bike,1,0,0.3614184641562495,1.0,0.4047042434982205,0.3333333333333333,0.7618965,0.0,0.4616167156517592,0.5165517806528838,0.75,6
1.632983,111.157811,41.684697917811526,Male,64.5,0,Public_Transport,1,0,0.3614184641562495,1.0,0.4047042434982205,0.3333333333333333,0.819448,0.0,0.7236140836649965,0.5165517806528838,0.75,6
1.640745,110.919646,41.202758800577676,Female,64.5,0,Bike,1,0,0.3614184641562495,1.0,0.4047042434982205,0.3333333333333333,0.833089,0.0,0.6375691997875798,0.5165517806528838,0.75,6
1.629727,111.275646,41.89579182293466,Female,64.5,0,Bike,1,0,0.3614184641562495,1.0,0.4047042434982205,0.3333333333333333,0.7479255,0.0,0.7333349792722984,0.5165517806528838,0.75,6
1.624134,111.531208,42.281724290113786,Male,64.5,0,Automobile,1,0,0.3614184641562495,1.0,0.4047042434982205,0.3333333333333333,0.804594,0.0,0.8066690606926189,0.5165517806528838,0.75,6
1.623938,109.984263,41.70533943363345,Male,64.5,0,Automobile,1,0,0.3614184641562495,1.0,0.4047042434982205,0.3333333333333333,0.7358605,3.2e-05,0.3802366781952968,0.5165517806528838,0.75,6
1.593321,110.168166,43.39598588823372,Male,64.5,1,Automobile,1,0,0.3614184641562495,1.0,0.4047042434982205,0.3333333333333333,0.7236530000000001,0.0001513333333333,0.2929639436214556,0.5165517806528838,0.75,6
1.730333,132.116491,44.12631382625977,Male,33.5,0,Automobile,1,0,0.3614184641562495,1.0,0.4047042434982205,0.3333333333333333,0.3370305,0.5611656666666667,0.1896964397102568,0.5165517806528838,0.25,6
1.721057,132.054793,44.58242223380794,Male,33.5,0,Public_Transport,1,0,0.3614184641562495,1.0,0.4047042434982205,0.3333333333333333,0.3393954999999999,0.5608299999999999,0.2532619579594251,0.5165517806528838,0.25,6
1.71978,132.262558,44.71890180519583,Female,49.0,0,Public_Transport,1,0,0.3614184641562495,1.0,0.4047042434982205,0.3333333333333333,0.3889025,0.5282386666666666,0.4315550838512141,0.5165517806528838,0.5,6
1.699315,133.10761,46.095136312623445,Female,49.0,1,Automobile,1,0,0.3614184641562495,1.0,0.4047042434982205,0.3333333333333333,0.366653,0.5911013333333333,0.421355868896309,0.5165517806528838,0.5,6
1.681394,114.479459,40.49380449607795,Female,49.0,0,Public_Transport,1,0,0.3614184641562495,1.0,0.4047042434982205,0.3333333333333333,0.717989,0.0775806666666666,0.0457223160817171,0.5165517806528838,0.5,6
1.697421,114.482386,39.73374777231282,Male,64.5,0,Automobile,1,0,0.3614184641562495,1.0,0.4047042434982205,0.3333333333333333,0.9548375,0.1203026666666666,0.1494204717766685,0.5165517806528838,0.75,6
1.650726,113.774198,41.75358778588377,Female,64.5,0,Automobile,1,0,0.3614184641562495,1.0,0.4047042434982205,0.3333333333333333,0.875685,0.1083043333333333,0.2433140665984319,0.5165517806528838,0.75,6
1.667383,112.982549,40.63877704013467,Female,64.5,0,Automobile,1,0,0.3614184641562495,1.0,0.4047042434982205,0.3333333333333333,0.9439545,0.1043076666666666,0.7459060664560395,0.5165517806528838,0.75,6
1.746277,128.705761,42.205759394349336,Male,18.0,0,Automobile,1,0,0.3614184641562495,1.0,0.4047042434982205,0.3333333333333333,0.7057910000000001,0.3284289999999999,0.0169048081704527,0.5165517806528838,0.0,6
1.735461,126.798173,42.10011469653097,Female,18.0,0,Automobile,1,0,0.3614184641562495,1.0,0.4047042434982205,0.3333333333333333,0.693195,0.5148773333333333,0.386724561904384,0.5165517806528838,0.0,6
1.747714,128.148108,41.95381591479212,Female,33.5,0,Bike,1,0,0.3614184641562495,1.0,0.4047042434982205,0.3333333333333333,0.6163004999999999,0.1847743333333333,0.2816652511779197,0.5165517806528838,0.25,6
1.71582,129.466541,43.97583489784527,Male,33.5,0,Automobile,1,0,0.3614184641562495,1.0,0.4047042434982205,0.3333333333333333,0.3779535,0.4960299999999999,0.3171151253007943,0.5165517806528838,0.25,6
1.747987,147.296186,48.20755493326455,Male,49.0,0,Public_Transport,1,0,0.3614184641562495,1.0,0.4047042434982205,0.3333333333333333,0.6681744999999999,0.4721333333333333,0.0771434592046769,0.5165517806528838,0.5,6
1.817917,142.559161,43.13671101131875,Male,33.5,0,Automobile,1,0,0.3614184641562495,1.0,0.4047042434982205,0.3333333333333333,0.7810010000000001,0.658809,0.1241650453795308,0.5165517806528838,0.25,6
1.80835,150.51648,46.02767864662287,Male,33.5,0,Automobile,1,0,0.3614184641562495,1.0,0.4047042434982205,0.3333333333333333,0.652787,0.5781413333333333,0.325867876249202,0.5165517806528838,0.25,6
1.739457,150.37757,49.69991752483176,Female,33.5,0,Automobile,1,0,0.3614184641562495,1.0,0.4047042434982205,0.3333333333333333,0.659956,0.5275583333333334,0.0262246387577712,0.5165517806528838,0.25,6
1.742062,133.779919,44.082245987481755,Female,18.0,0,Bike,1,0,0.3614184641562495,1.0,0.4047042434982205,0.3333333333333333,0.8509800000000001,0.4886363333333333,0.2439980134814484,0.5165517806528838,0.0,6
1.741925,133.017105,43.83778347276047,Female,18.0,0,Automobile,1,0,0.3614184641562495,1.0,0.4047042434982205,0.3333333333333333,0.7372590000000001,0.520087,0.0037845582497551,0.5165517806528838,0.0,6
1.751067,133.845064,43.651264866896234,Male,49.0,0,Public_Transport,1,0,0.3614184641562495,1.0,0.4047042434982205,0.3333333333333333,0.8742844999999999,0.475679,0.3912579115974748,0.5165517806528838,0.5,6
1.749118,133.955091,43.78456159365823,Male,49.0,1,Bike,1,0,0.3614184641562495,1.0,0.4047042434982205,0.3333333333333333,0.9138865,0.4707856666666666,0.3883748458390697,0.5165517806528838,0.5,6
1.663341,113.077187,40.87073150351485,Female,64.5,1,Bike,1,0,0.3614184641562495,1.0,0.4047042434982205,0.3333333333333333,0.816112,0.1003213333333333,0.6496455305327349,0.5165517806528838,0.75,6
1.668537,112.555456,40.42917400806977,Female,64.5,0,Bike,1,0,0.3614184641562495,1.0,0.4047042434982205,0.3333333333333333,0.9343395,0.0384563333333333,1.0457416179119703,0.5165517806528838,0.75,6
1.668951,112.249699,40.29934736489165,Male,64.5,0,Automobile,1,0,0.3614184641562495,1.0,0.4047042434982205,0.3333333333333333,0.9650685,0.014367,0.8648580064812723,0.5165517806528838,0.75,6
1.661712,112.098616,40.596513618061074,Female,64.5,0,Automobile,1,0,0.3614184641562495,1.0,0.4047042434982205,0.3333333333333333,0.9809495,0.0864746666666666,0.9610166324404829,0.5165517806528838,0.75,6
1.633442,111.821817,41.91013969311396,Female,64.5,0,Automobile,1,0,0.3614184641562495,1.0,0.4047042434982205,0.3333333333333333,0.775336,0.0,0.7234562875915603,0.5165517806528838,0.75,6
1.63302,111.863186,41.9473159354331,Male,64.5,0,Bike,1,0,0.3614184641562495,1.0,0.4047042434982205,0.3333333333333333,0.7921525,0.0,0.7112057236819863,0.5165517806528838,0.75,6
1.633887,111.878132,41.90840881636733,Male,64.5,0,Automobile,1,0,0.3614184641562495,1.0,0.4047042434982205,0.3333333333333333,0.810988,0.0,0.8891323024448562,0.5165517806528838,0.75,6
1.643421,111.939983,41.44647235619173,Female,64.5,0,Automobile,1,0,0.3614184641562495,1.0,0.4047042434982205,0.3333333333333333,0.861138,0.0,0.9419775499549604,0.5165517806528838,0.75,6
1.640535,111.555967,41.44973941601766,Male,64.5,0,Public_Transport,1,0,0.3614184641562495,1.0,0.4047042434982205,0.3333333333333333,0.8171710000000001,0.0,0.7996487791338116,0.5165517806528838,0.75,6
1.626483,111.357062,42.093855645046574,Male,64.5,0,Automobile,1,0,0.3614184641562495,1.0,0.4047042434982205,0.3333333333333333,0.809695,0.0,0.8115936131511033,0.5165517806528838,0.75,6
1.64599,111.922491,41.31074077200856,Male,64.5,0,Public_Transport,1,0,0.3614184641562495,1.0,0.4047042434982205,0.3333333333333333,0.8933899999999999,0.0,0.9320347536193891,0.5165517806528838,0.75,6
1.643892,111.884535,41.40220746923333,Male,64.5,0,Public_Transport,1,0,0.3614184641562495,1.0,0.4047042434982205,0.3333333333333333,0.8840705,0.0,0.9378649897910328,0.5165517806528838,0.75,6
1.617817,104.950776,40.09838346669101,Female,64.5,0,Automobile,1,0,0.3614184641562495,1.0,0.4047042434982205,0.3333333333333333,0.358295,0.0004239999999999,0.1952700933644401,0.5165517806528838,0.75,6
1.626449,104.879602,39.64698175935894,Female,64.5,1,Automobile,1,0,0.3614184641562495,1.0,0.4047042434982205,0.3333333333333333,0.5474505000000001,0.0236299999999999,0.1074171294789016,0.5165517806528838,0.75,6
1.62658,105.037203,39.70016323948979,Male,64.5,1,Automobile,1,0,0.3614184641562495,1.0,0.4047042434982205,0.3333333333333333,0.6736610000000001,0.0026709999999999,0.26446531527526,0.5165517806528838,0.75,6
1.606474,104.954291,40.667998323319594,Female,64.5,0,Bike,1,0,0.3614184641562495,1.0,0.4047042434982205,0.3333333333333333,0.6655614999999999,0.0211276666666666,0.1695164592123929,0.5165517806528838,0.75,6
1.628855,108.090006,40.739968636309754,Female,64.5,0,Bike,1,0,0.3614184641562495,1.0,0.4047042434982205,0.3333333333333333,0.3785524999999999,0.028373,0.3276692175228038,0.5165517806528838,0.75,6
1.628205,107.378702,40.504192811001666,Female,64.5,0,Public_Transport,1,0,0.3614184641562495,1.0,0.4047042434982205,0.3333333333333333,0.7533155,0.0085956666666666,0.2968973394936696,0.5165517806528838,0.75,6
1.62847,107.218949,40.43077080591454,Male,64.5,0,Public_Transport,1,0,0.3614184641562495,1.0,0.4047042434982205,0.3333333333333333,0.7435350000000001,0.0224429999999999,0.3434833427574761,0.5165517806528838,0.75,6
1.627839,108.10736,40.79738844872061,Male,64.5,0,Bike,1,0,0.3614184641562495,1.0,0.4047042434982205,0.3333333333333333,0.660034,0.015082,0.4136976643092375,0.5165517806528838,0.75,6
1.724268,133.033523,44.74572564745773,Female,33.5,0,Automobile,1,0,0.3614184641562495,1.0,0.4047042434982205,0.3333333333333333,0.325306,0.5125463333333333,0.4070901176322283,0.5165517806528838,0.25,6
1.732383,133.043941,44.33097410442003,Female,49.0,0,Automobile,1,0,0.3614184641562495,1.0,0.4047042434982205,0.3333333333333333,0.305384,0.503466,0.4383173030815896,0.5165517806528838,0.5,6
1.72692,131.335786,44.039120695215416,Male,33.5,0,Public_Transport,1,0,0.3614184641562495,1.0,0.4047042434982205,0.3333333333333333,0.3981335,0.5761106666666667,0.3832020933067434,0.5165517806528838,0.25,6
1.71073,131.408528,44.90147500068986,Male,33.5,0,Automobile,1,0,0.3614184641562495,1.0,0.4047042434982205,0.3333333333333333,0.3640695,0.5587563333333333,0.3968826841318319,0.5165517806528838,0.25,6
1.748584,133.742943,43.74192335253201,Male,49.0,0,Automobile,1,0,0.3614184641562495,1.0,0.4047042434982205,0.3333333333333333,0.5025649999999999,0.44713,0.1076982037347097,0.5165517806528838,0.5,6
1.752206,133.689352,43.54381658414929,Female,49.0,0,Public_Transport,1,0,0.3614184641562495,1.0,0.4047042434982205,0.3333333333333333,0.5270965000000001,0.471403,0.0304142893511922,0.5165517806528838,0.5,6
1.73945,133.346641,44.07153540333021,Female,64.5,0,Automobile,1,0,0.3614184641562495,1.0,0.4047042434982205,0.3333333333333333,0.9261695,0.3797023333333333,0.1294526936506111,0.5165517806528838,0.75,6
1.738836,133.472641,44.14433793816422,Male,49.0,1,Public_Transport,1,0,0.3614184641562495,1.0,0.4047042434982205,0.3333333333333333,0.9317565,0.3421506666666666,0.0811097292588567,0.5165517806528838,0.5,6
